datetime,P_media_kW,P_picco_kW,T_mandata_media,MWh
2024-01-01 00:00:00,0.0,0.0,,0.0
2024-01-01 01:00:00,0.0,0.0,,0.0
2024-01-01 02:00:00,0.0,0.0,,0.0
2024-01-01 03:00:00,0.0,0.0,,0.0
2024-01-01 04:00:00,0.0,0.0,,0.0
2024-01-01 05:00:00,0.0,0.0,,0.0
2024-01-01 06:00:00,0.0,0.0,,0.0
2024-01-01 07:00:00,0.0,0.0,,0.0
2024-01-01 08:00:00,0.0,0.0,,0.0
2024-01-01 09:00:00,0.0,0.0,,0.0
2024-01-01 10:00:00,0.0,0.0,,0.0
2024-01-01 11:00:00,0.0,0.0,,0.0
2024-01-01 12:00:00,0.0,0.0,,0.0
2024-01-01 13:00:00,0.0,0.0,,0.0
2024-01-01 14:00:00,0.0,0.0,,0.0
2024-01-01 15:00:00,0.0,0.0,,0.0
2024-01-01 16:00:00,0.0,0.0,,0.0
2024-01-01 17:00:00,0.0,0.0,,0.0
2024-01-01 18:00:00,0.0,0.0,,0.0
2024-01-01 19:00:00,0.0,0.0,,0.0
2024-01-01 20:00:00,0.0,0.0,,0.0
2024-01-01 21:00:00,0.0,0.0,,0.0
2024-01-01 22:00:00,0.0,0.0,,0.0
2024-01-01 23:00:00,0.0,0.0,,0.0
2024-01-02 00:00:00,0.0,0.0,,0.0
2024-01-02 01:00:00,0.0,0.0,,0.0
2024-01-02 02:00:00,0.0,0.0,,0.0
2024-01-02 03:00:00,0.0,0.0,,0.0
2024-01-02 04:00:00,0.0,0.0,,0.0
2024-01-02 05:00:00,0.0,0.0,,0.0
2024-01-02 06:00:00,0.0,0.0,,0.0
2024-01-02 07:00:00,0.0,0.0,,0.0
2024-01-02 08:00:00,0.0,0.0,,0.0
2024-01-02 09:00:00,0.0,0.0,,0.0
2024-01-02 10:00:00,0.0,0.0,,0.0
2024-01-02 11:00:00,0.0,0.0,,0.0
2024-01-02 12:00:00,0.0,0.0,,0.0
2024-01-02 13:00:00,0.0,0.0,,0.0
2024-01-02 14:00:00,0.0,0.0,,0.0
2024-01-02 15:00:00,0.0,0.0,,0.0
2024-01-02 16:00:00,0.0,0.0,,0.0
2024-01-02 17:00:00,0.0,0.0,,0.0
2024-01-02 18:00:00,0.0,0.0,,0.0
2024-01-02 19:00:00,0.0,0.0,,0.0
2024-01-02 20:00:00,0.0,0.0,,0.0
2024-01-02 21:00:00,0.0,0.0,,0.0
2024-01-02 22:00:00,0.0,0.0,,0.0
2024-01-02 23:00:00,0.0,0.0,,0.0
2024-01-03 00:00:00,0.0,0.0,,0.0
2024-01-03 01:00:00,0.0,0.0,,0.0
2024-01-03 02:00:00,0.0,0.0,,0.0
2024-01-03 03:00:00,0.0,0.0,,0.0
2024-01-03 04:00:00,0.0,0.0,,0.0
2024-01-03 05:00:00,0.0,0.0,,0.0
2024-01-03 06:00:00,0.0,0.0,,0.0
2024-01-03 07:00:00,0.0,0.0,,0.0
2024-01-03 08:00:00,0.0,0.0,,0.0
2024-01-03 09:00:00,0.0,0.0,,0.0
2024-01-03 10:00:00,0.0,0.0,,0.0
2024-01-03 11:00:00,0.0,0.0,,0.0
2024-01-03 12:00:00,0.0,0.0,,0.0
2024-01-03 13:00:00,0.0,0.0,,0.0
2024-01-03 14:00:00,0.0,0.0,,0.0
2024-01-03 15:00:00,0.0,0.0,,0.0
2024-01-03 16:00:00,0.0,0.0,,0.0
2024-01-03 17:00:00,0.0,0.0,,0.0
2024-01-03 18:00:00,0.0,0.0,,0.0
2024-01-03 19:00:00,0.0,0.0,,0.0
2024-01-03 20:00:00,0.0,0.0,,0.0
2024-01-03 21:00:00,0.0,0.0,,0.0
2024-01-03 22:00:00,0.0,0.0,,0.0
2024-01-03 23:00:00,0.0,0.0,,0.0
2024-01-04 00:00:00,0.0,0.0,,0.0
2024-01-04 01:00:00,0.0,0.0,,0.0
2024-01-04 02:00:00,0.0,0.0,,0.0
2024-01-04 03:00:00,0.0,0.0,,0.0
2024-01-04 04:00:00,0.0,0.0,,0.0
2024-01-04 05:00:00,0.0,0.0,,0.0
2024-01-04 06:00:00,0.0,0.0,,0.0
2024-01-04 07:00:00,0.0,0.0,,0.0
2024-01-04 08:00:00,0.0,0.0,,0.0
2024-01-04 09:00:00,0.0,0.0,,0.0
2024-01-04 10:00:00,0.0,0.0,,0.0
2024-01-04 11:00:00,0.0,0.0,,0.0
2024-01-04 12:00:00,0.0,0.0,,0.0
2024-01-04 13:00:00,0.0,0.0,,0.0
2024-01-04 14:00:00,0.0,0.0,,0.0
2024-01-04 15:00:00,0.0,0.0,,0.0
2024-01-04 16:00:00,0.0,0.0,,0.0
2024-01-04 17:00:00,0.0,0.0,,0.0
2024-01-04 18:00:00,0.0,0.0,,0.0
2024-01-04 19:00:00,0.0,0.0,,0.0
2024-01-04 20:00:00,0.0,0.0,,0.0
2024-01-04 21:00:00,0.0,0.0,,0.0
2024-01-04 22:00:00,0.0,0.0,,0.0
2024-01-04 23:00:00,0.0,0.0,,0.0
2024-01-05 00:00:00,0.0,0.0,,0.0
2024-01-05 01:00:00,0.0,0.0,,0.0
2024-01-05 02:00:00,0.0,0.0,,0.0
2024-01-05 03:00:00,0.0,0.0,,0.0
2024-01-05 04:00:00,0.0,0.0,,0.0
2024-01-05 05:00:00,0.0,0.0,,0.0
2024-01-05 06:00:00,0.0,0.0,,0.0
2024-01-05 07:00:00,0.0,0.0,,0.0
2024-01-05 08:00:00,0.0,0.0,,0.0
2024-01-05 09:00:00,0.0,0.0,,0.0
2024-01-05 10:00:00,0.0,0.0,,0.0
2024-01-05 11:00:00,0.0,0.0,,0.0
2024-01-05 12:00:00,0.0,0.0,,0.0
2024-01-05 13:00:00,0.0,0.0,,0.0
2024-01-05 14:00:00,0.0,0.0,,0.0
2024-01-05 15:00:00,0.0,0.0,,0.0
2024-01-05 16:00:00,0.0,0.0,,0.0
2024-01-05 17:00:00,0.0,0.0,,0.0
2024-01-05 18:00:00,0.0,0.0,,0.0
2024-01-05 19:00:00,0.0,0.0,,0.0
2024-01-05 20:00:00,0.0,0.0,,0.0
2024-01-05 21:00:00,0.0,0.0,,0.0
2024-01-05 22:00:00,0.0,0.0,,0.0
2024-01-05 23:00:00,0.0,0.0,,0.0
2024-01-06 00:00:00,0.0,0.0,,0.0
2024-01-06 01:00:00,0.0,0.0,,0.0
2024-01-06 02:00:00,0.0,0.0,,0.0
2024-01-06 03:00:00,0.0,0.0,,0.0
2024-01-06 04:00:00,0.0,0.0,,0.0
2024-01-06 05:00:00,0.0,0.0,,0.0
2024-01-06 06:00:00,0.0,0.0,,0.0
2024-01-06 07:00:00,0.0,0.0,,0.0
2024-01-06 08:00:00,0.0,0.0,,0.0
2024-01-06 09:00:00,0.0,0.0,,0.0
2024-01-06 10:00:00,0.0,0.0,,0.0
2024-01-06 11:00:00,0.0,0.0,,0.0
2024-01-06 12:00:00,0.0,0.0,,0.0
2024-01-06 13:00:00,0.0,0.0,,0.0
2024-01-06 14:00:00,0.0,0.0,,0.0
2024-01-06 15:00:00,0.0,0.0,,0.0
2024-01-06 16:00:00,0.0,0.0,,0.0
2024-01-06 17:00:00,0.0,0.0,,0.0
2024-01-06 18:00:00,0.0,0.0,,0.0
2024-01-06 19:00:00,0.0,0.0,,0.0
2024-01-06 20:00:00,0.0,0.0,,0.0
2024-01-06 21:00:00,0.0,0.0,,0.0
2024-01-06 22:00:00,0.0,0.0,,0.0
2024-01-06 23:00:00,0.0,0.0,,0.0
2024-01-07 00:00:00,0.0,0.0,,0.0
2024-01-07 01:00:00,0.0,0.0,,0.0
2024-01-07 02:00:00,0.0,0.0,,0.0
2024-01-07 03:00:00,0.0,0.0,,0.0
2024-01-07 04:00:00,0.0,0.0,,0.0
2024-01-07 05:00:00,0.0,0.0,,0.0
2024-01-07 06:00:00,0.0,0.0,,0.0
2024-01-07 07:00:00,0.0,0.0,,0.0
2024-01-07 08:00:00,0.0,0.0,,0.0
2024-01-07 09:00:00,0.0,0.0,,0.0
2024-01-07 10:00:00,0.0,0.0,,0.0
2024-01-07 11:00:00,0.0,0.0,,0.0
2024-01-07 12:00:00,0.0,0.0,,0.0
2024-01-07 13:00:00,0.0,0.0,,0.0
2024-01-07 14:00:00,0.0,0.0,,0.0
2024-01-07 15:00:00,0.0,0.0,,0.0
2024-01-07 16:00:00,0.0,0.0,,0.0
2024-01-07 17:00:00,0.0,0.0,,0.0
2024-01-07 18:00:00,0.0,0.0,,0.0
2024-01-07 19:00:00,0.0,0.0,,0.0
2024-01-07 20:00:00,0.0,0.0,,0.0
2024-01-07 21:00:00,0.0,0.0,,0.0
2024-01-07 22:00:00,0.0,0.0,,0.0
2024-01-07 23:00:00,0.0,0.0,,0.0
2024-01-08 00:00:00,0.0,0.0,,0.0
2024-01-08 01:00:00,2129.2259514844072,4708.012959816619,46.85651453785818,2.129225951484407
2024-01-08 02:00:00,2689.447692860029,4920.05214435005,46.32359127728509,2.689447692860029
2024-01-08 03:00:00,3558.6543240066535,4920.05214435005,51.59923721009552,3.5586543240066537
2024-01-08 04:00:00,2131.1548529755487,3678.273376483284,42.935035271714426,2.131154852975549
2024-01-08 05:00:00,3300.2234700422487,4920.05214435005,50.03069224647564,3.3002234700422486
2024-01-08 06:00:00,3077.0939738066368,4920.052144350052,48.6764087227149,3.0770939738066367
2024-01-08 07:00:00,2207.8873426600135,4061.9358249056054,43.40076278990448,2.2078873426600136
2024-01-08 08:00:00,3635.386813691118,4920.05214435005,52.064964728285574,3.6353868136911176
2024-01-08 09:00:00,2466.3181966244174,4708.012959816616,44.96930775352436,2.4663181966244174
2024-01-08 10:00:00,2689.44769286003,4920.0521443500475,46.3235912772851,2.68944769286003
2024-01-08 11:00:00,3558.654324006653,4920.0521443500575,51.59923721009552,3.558654324006653
2024-01-08 12:00:00,2131.1548529755482,3678.273376483282,42.93503527171442,2.1311548529755484
2024-01-08 13:00:00,3300.2234700422496,4920.052144350052,50.030692246475645,3.3002234700422495
2024-01-08 14:00:00,3077.0939738066354,4920.052144350046,48.676408722714896,3.0770939738066354
2024-01-08 15:00:00,2207.887342660013,4061.935824905612,43.40076278990448,2.207887342660013
2024-01-08 16:00:00,3635.386813691119,4920.0521443500575,52.06496472828558,3.6353868136911194
2024-01-08 17:00:00,337.0922451400136,2002.4566582389468,38.768485462141875,0.33709224514001357
2024-01-08 18:00:00,0.0,0.0,,0.0
2024-01-08 19:00:00,0.0,0.0,,0.0
2024-01-08 20:00:00,0.0,0.0,,0.0
2024-01-08 21:00:00,0.0,0.0,,0.0
2024-01-08 22:00:00,0.0,0.0,,0.0
2024-01-08 23:00:00,0.0,0.0,,0.0
2024-01-09 00:00:00,0.0,0.0,,0.0
2024-01-09 01:00:00,30.563241082483795,959.8030484467364,35.56510383374345,0.030563241082483796
2024-01-09 02:00:00,3293.3359892641847,4907.138117891181,49.98888871132984,3.2933359892641847
2024-01-09 03:00:00,2132.876723170065,3691.1874029421533,42.94548615550088,2.1328767231700647
2024-01-09 04:00:00,3562.098064395685,4907.138117891176,51.62013897766841,3.562098064395685
2024-01-09 05:00:00,2681.6992769847075,4907.138117891181,46.27656230024606,2.6816992769847077
2024-01-09 06:00:00,2473.205677402482,4720.92698627549,45.011111288670165,2.4732056774024818
2024-01-09 07:00:00,3633.664943496602,4907.138117891181,52.054513844499134,3.633664943496602
2024-01-09 08:00:00,2204.4436022709797,4049.021798446728,43.37986102233158,2.2044436022709797
2024-01-09 09:00:00,3084.842389681961,4907.138117891176,48.72343769975395,3.084842389681961
2024-01-09 10:00:00,3293.3359892641824,4907.138117891176,49.98888871132983,3.2933359892641825
2024-01-09 11:00:00,2132.876723170065,3691.187402942158,42.94548615550088,2.1328767231700647
2024-01-09 12:00:00,3562.098064395687,4907.138117891174,51.620138977668425,3.5620980643956868
2024-01-09 13:00:00,2681.6992769847047,4907.1381178911715,46.27656230024604,2.6816992769847046
2024-01-09 14:00:00,2473.2056774024845,4720.926986275492,45.011111288670186,2.4732056774024844
2024-01-09 15:00:00,3633.664943496601,4907.138117891176,52.05451384449912,3.6336649434966013
2024-01-09 16:00:00,2204.443602270979,4049.021798446734,43.379861022331575,2.2044436022709792
2024-01-09 17:00:00,3054.279148599479,4907.138117891167,49.17717335030604,3.054279148599479
2024-01-09 18:00:00,0.0,0.0,,0.0
2024-01-09 19:00:00,0.0,0.0,,0.0
2024-01-09 20:00:00,0.0,0.0,,0.0
2024-01-09 21:00:00,0.0,0.0,,0.0
2024-01-09 22:00:00,0.0,0.0,,0.0
2024-01-09 23:00:00,0.0,0.0,,0.0
2024-01-10 00:00:00,0.0,0.0,,0.0
2024-01-10 01:00:00,0.0,0.0,,0.0
2024-01-10 02:00:00,0.0,0.0,,0.0
2024-01-10 03:00:00,2235.44080691198,4590.805707443241,46.61387562051433,2.23544080691198
2024-01-10 04:00:00,2926.5520826268485,4908.541948806759,47.76269535760568,2.9265520826268485
2024-01-10 05:00:00,3231.584437918602,4925.471072026574,49.61408793436003,3.231584437918602
2024-01-10 06:00:00,2236.591581318154,4187.724240473425,43.57498304375998,2.2365915813181543
2024-01-10 07:00:00,3714.1862622923118,4934.285438390092,52.54323764478668,3.7141862622923116
2024-01-10 08:00:00,1982.8246621824476,3157.9846571400944,42.03474581264952,1.9828246621824477
2024-01-10 09:00:00,3738.836124136352,4908.541948806759,52.69284987589713,3.738836124136352
2024-01-10 10:00:00,2186.7158933642927,4075.9359157765693,43.27226276888954,2.1867158933642927
2024-01-10 11:00:00,3306.1099877165034,4925.471072026569,50.06642044034093,3.3061099877165034
2024-01-10 12:00:00,2839.9895840398176,4934.285438390094,47.23730464239432,2.8399895840398175
2024-01-10 13:00:00,2534.957228748064,4702.594032140092,45.385912065639964,2.534957228748064
2024-01-10 14:00:00,3529.950085348513,4908.541948806764,51.42501695624002,3.529950085348513
2024-01-10 15:00:00,2052.3554043743547,3672.8544488067587,42.45676235521332,2.052355404374355
2024-01-10 16:00:00,3783.7170044842187,4925.471072026574,52.96525418735048,3.7837170044842185
2024-01-10 17:00:00,2027.705542530315,3561.0661241099124,42.30715012410287,2.027705542530315
2024-01-10 18:00:00,3579.8257733023725,4934.285438390083,51.72773723111045,3.5798257733023724
2024-01-10 19:00:00,224.9908720381833,1613.375282140091,37.44862437948566,0.2249908720381833
2024-01-10 20:00:00,0.0,0.0,,0.0
2024-01-10 21:00:00,0.0,0.0,,0.0
2024-01-10 22:00:00,0.0,0.0,,0.0
2024-01-10 23:00:00,0.0,0.0,,0.0
2024-01-11 00:00:00,0.0,0.0,,0.0
2024-01-11 01:00:00,66.69109707904428,1129.0839041023312,36.07171993031611,0.06669109707904429
2024-01-11 02:00:00,3377.568235108865,4904.795709657885,50.50013596748085,3.377568235108865
2024-01-11 03:00:00,2116.3568195876223,3521.906547286558,42.84521867131226,2.1163568195876223
2024-01-11 04:00:00,3510.9056257158895,4904.795709657885,51.30942668989463,3.5109056257158895
2024-01-11 05:00:00,2783.267790378065,4904.7957096578875,46.89303195818967,2.783267790378065
2024-01-11 06:00:00,2388.973431557801,4551.646130619892,44.49986403251915,2.388973431557801
2024-01-11 07:00:00,3650.184847079044,4904.795709657885,52.15478132868774,3.650184847079044
2024-01-11 08:00:00,2255.6360409507765,4218.3026541023255,43.690573310105364,2.2556360409507765
2024-01-11 09:00:00,2983.273876288602,4904.7957096578875,48.10696804181034,2.983273876288602
2024-01-11 10:00:00,3377.568235108865,4904.795709657885,50.50013596748085,3.377568235108865
2024-01-11 11:00:00,2116.3568195876223,3521.9065472865595,42.84521867131226,2.1163568195876223
2024-01-11 12:00:00,3510.9056257158904,4904.795709657883,51.309426689894636,3.5109056257158904
2024-01-11 13:00:00,2783.2677903780636,4904.79570965788,46.89303195818965,2.783267790378064
2024-01-11 14:00:00,2388.973431557802,4551.6461306198935,44.49986403251916,2.388973431557802
2024-01-11 15:00:00,3650.184847079044,4904.7957096578875,52.15478132868774,3.650184847079044
2024-01-11 16:00:00,2255.6360409507756,4218.302654102332,43.690573310105364,2.2556360409507756
2024-01-11 17:00:00,2916.5827792095597,4904.795709657885,48.9666286212028,2.9165827792095596
2024-01-11 18:00:00,0.0,0.0,,0.0
2024-01-11 19:00:00,0.0,0.0,,0.0
2024-01-11 20:00:00,0.0,0.0,,0.0
2024-01-11 21:00:00,0.0,0.0,,0.0
2024-01-11 22:00:00,0.0,0.0,,0.0
2024-01-11 23:00:00,0.0,0.0,,0.0
2024-01-12 00:00:00,0.0,0.0,,0.0
2024-01-12 01:00:00,0.0,0.0,,0.0
2024-01-12 02:00:00,950.558418430054,3047.899152355284,41.936710878692736,0.950558418430054
2024-01-12 03:00:00,3738.4955601539427,4906.839128894716,52.69078282426145,3.7384955601539427
2024-01-12 04:00:00,2187.4537819928455,4077.638735688617,43.27674138076686,2.1874537819928457
2024-01-12 05:00:00,3305.0315351055415,4927.17389193862,50.059874776827925,3.3050315351055413
2024-01-12 06:00:00,2841.2950793057184,4932.582618478047,47.2452283403311,2.8412950793057186
2024-01-12 07:00:00,2533.7652548096335,4700.891212228048,45.378677384915086,2.5337652548096337
2024-01-12 08:00:00,3530.7447346408,4906.839128894718,51.42984007672328,3.5307447346407996
2024-01-12 09:00:00,2051.958079728211,3671.1516288947137,42.45435079497169,2.051958079728211
2024-01-12 10:00:00,3783.773765147954,4927.17389193862,52.96559869595642,3.783773765147954
2024-01-12 11:00:00,2028.0461065127238,3562.768944021949,42.30921717573855,2.0280461065127238
2024-01-12 12:00:00,3579.08788467382,4932.582618478047,51.723258619233135,3.57908788467382
2024-01-12 13:00:00,2461.510131561126,4592.508527355282,44.94012522317208,2.461510131561126
2024-01-12 14:00:00,2925.2465873609467,4906.839128894713,47.75477165966889,2.9252465873609466
2024-01-12 15:00:00,3232.7764118570344,4927.173891938622,49.621322615084935,3.2327764118570346
2024-01-12 16:00:00,2235.7969320258658,4186.021420561379,43.57015992327671,2.235796932025866
2024-01-12 17:00:00,3714.583586938456,4932.582618478042,52.54564920502831,3.714583586938456
2024-01-12 18:00:00,1032.209483088657,3156.281837228046,42.12578912130724,1.032209483088657
2024-01-12 19:00:00,0.0,0.0,,0.0
2024-01-12 20:00:00,0.0,0.0,,0.0
2024-01-12 21:00:00,0.0,0.0,,0.0
2024-01-12 22:00:00,0.0,0.0,,0.0
2024-01-12 23:00:00,0.0,0.0,,0.0
2024-01-13 00:00:00,0.0,0.0,,0.0
2024-01-13 01:00:00,0.0,0.0,,0.0
2024-01-13 02:00:00,0.0,0.0,,0.0
2024-01-13 03:00:00,0.0,0.0,,0.0
2024-01-13 04:00:00,0.0,0.0,,0.0
2024-01-13 05:00:00,0.0,0.0,,0.0
2024-01-13 06:00:00,0.0,0.0,,0.0
2024-01-13 07:00:00,0.0,0.0,,0.0
2024-01-13 08:00:00,0.0,0.0,,0.0
2024-01-13 09:00:00,0.0,0.0,,0.0
2024-01-13 10:00:00,0.0,0.0,,0.0
2024-01-13 11:00:00,0.0,0.0,,0.0
2024-01-13 12:00:00,0.0,0.0,,0.0
2024-01-13 13:00:00,0.0,0.0,,0.0
2024-01-13 14:00:00,0.0,0.0,,0.0
2024-01-13 15:00:00,0.0,0.0,,0.0
2024-01-13 16:00:00,0.0,0.0,,0.0
2024-01-13 17:00:00,0.0,0.0,,0.0
2024-01-13 18:00:00,0.0,0.0,,0.0
2024-01-13 19:00:00,0.0,0.0,,0.0
2024-01-13 20:00:00,0.0,0.0,,0.0
2024-01-13 21:00:00,0.0,0.0,,0.0
2024-01-13 22:00:00,0.0,0.0,,0.0
2024-01-13 23:00:00,0.0,0.0,,0.0
2024-01-14 00:00:00,0.0,0.0,,0.0
2024-01-14 01:00:00,0.0,0.0,,0.0
2024-01-14 02:00:00,0.0,0.0,,0.0
2024-01-14 03:00:00,0.0,0.0,,0.0
2024-01-14 04:00:00,0.0,0.0,,0.0
2024-01-14 05:00:00,0.0,0.0,,0.0
2024-01-14 06:00:00,0.0,0.0,,0.0
2024-01-14 07:00:00,0.0,0.0,,0.0
2024-01-14 08:00:00,0.0,0.0,,0.0
2024-01-14 09:00:00,0.0,0.0,,0.0
2024-01-14 10:00:00,0.0,0.0,,0.0
2024-01-14 11:00:00,0.0,0.0,,0.0
2024-01-14 12:00:00,0.0,0.0,,0.0
2024-01-14 13:00:00,0.0,0.0,,0.0
2024-01-14 14:00:00,0.0,0.0,,0.0
2024-01-14 15:00:00,0.0,0.0,,0.0
2024-01-14 16:00:00,0.0,0.0,,0.0
2024-01-14 17:00:00,0.0,0.0,,0.0
2024-01-14 18:00:00,0.0,0.0,,0.0
2024-01-14 19:00:00,0.0,0.0,,0.0
2024-01-14 20:00:00,0.0,0.0,,0.0
2024-01-14 21:00:00,0.0,0.0,,0.0
2024-01-14 22:00:00,0.0,0.0,,0.0
2024-01-14 23:00:00,0.0,0.0,,0.0
2024-01-15 00:00:00,0.0,0.0,,0.0
2024-01-15 01:00:00,0.0,0.0,,0.0
2024-01-15 02:00:00,1850.8351688769392,4184.321217502645,45.318594746108815,1.850835168876939
2024-01-15 03:00:00,3233.966553998149,4928.874094997355,49.628546177723834,3.233966553998149
2024-01-15 04:00:00,2923.94309834925,4905.13892583598,47.746860138683424,2.9239430983492496
2024-01-15 05:00:00,2462.5869268316583,4594.208730414021,44.94666082746441,2.4625869268316585
2024-01-15 06:00:00,3578.351130015035,4930.8824154193135,51.718786889980485,3.578351130015035
2024-01-15 07:00:00,2028.386147124471,3564.4691470806883,42.311281050778234,2.028386147124471
2024-01-15 08:00:00,3783.830438583245,4928.874094997357,52.9659426751297,3.783830438583245
2024-01-15 09:00:00,2051.5613656811724,3669.4514258359754,42.45194294075873,2.0515613656811724
2024-01-15 10:00:00,3531.538162734876,4905.13892583598,51.43465578514921,3.531538162734876
2024-01-15 11:00:00,2532.575112668519,4699.191009169309,45.37145382227618,2.532575112668519
2024-01-15 12:00:00,2842.598568317415,4930.8824154193135,47.25313986131656,2.842598568317415
2024-01-15 13:00:00,3303.95473983501,4928.874094997355,50.053339172535594,3.30395473983501
2024-01-15 14:00:00,2188.1905366516307,4079.3389387473526,43.28121311001951,2.1881905366516308
2024-01-15 15:00:00,3738.155519542196,4905.138925835982,52.688718949221766,3.7381555195421963
2024-01-15 16:00:00,1982.7112280834217,3154.5816341693185,42.0340573248703,1.9827112280834216
2024-01-15 17:00:00,3714.9803009854936,4930.882415419316,52.54805705924127,3.7149803009854936
2024-01-15 18:00:00,384.1683350548494,2019.859772080686,38.743905253891164,0.38416833505484943
2024-01-15 19:00:00,0.0,0.0,,0.0
2024-01-15 20:00:00,0.0,0.0,,0.0
2024-01-15 21:00:00,0.0,0.0,,0.0
2024-01-15 22:00:00,0.0,0.0,,0.0
2024-01-15 23:00:00,0.0,0.0,,0.0
2024-01-16 00:00:00,0.0,0.0,,0.0
2024-01-16 01:00:00,0.0,0.0,,0.0
2024-01-16 02:00:00,972.6334382396104,3065.1086733542206,41.80678899284338,0.9726334382396105
2024-01-16 03:00:00,3735.0536559541556,4918.639923354221,52.669892201431324,3.7350536559541556
2024-01-16 04:00:00,2194.911241092385,4094.848256687555,43.322004396898805,2.194911241092385
2024-01-16 05:00:00,3294.0777247082965,4941.116587062444,49.99339067143774,3.2940777247082966
2024-01-16 06:00:00,2854.4890454049028,4915.373097479108,47.32530906117993,2.8544890454049026
2024-01-16 07:00:00,2521.7730372082965,4683.681691229113,45.305890671437744,2.5217730372082965
2024-01-16 08:00:00,3538.7758444403025,4918.639923354221,51.47858486332691,3.5387758444403024
2024-01-16 09:00:00,2047.9425248284595,3653.9421078957794,42.42997840166988,2.0479425248284593
2024-01-16 10:00:00,3784.29296875,4941.116587062445,52.96875,3.78429296875
2024-01-16 11:00:00,2031.4880107125107,3579.9784650208835,42.330107798568676,2.031488010712511
2024-01-16 12:00:00,3571.6304255742816,4915.373097479112,51.677995603101195,3.5716304255742815
2024-01-16 13:00:00,2472.4639419583696,4609.718048354218,45.006609328562256,2.4724639419583694
2024-01-16 14:00:00,2912.0526212617633,4918.639923354225,47.67469093882007,2.9120526212617635
2024-01-16 15:00:00,3244.76862945837,4941.116587062441,49.69410932856226,3.24476862945837
2024-01-16 16:00:00,2227.765822226363,4168.811899562444,43.521415136673085,2.227765822226363
2024-01-16 17:00:00,3718.5991418382077,4915.373097479108,52.57002159833012,3.7185991418382076
2024-01-16 18:00:00,1009.6152596770554,3139.07231622911,42.255711007156606,1.0096152596770553
2024-01-16 19:00:00,0.0,0.0,,0.0
2024-01-16 20:00:00,0.0,0.0,,0.0
2024-01-16 21:00:00,0.0,0.0,,0.0
2024-01-16 22:00:00,0.0,0.0,,0.0
2024-01-16 23:00:00,0.0,0.0,,0.0
2024-01-17 00:00:00,0.0,0.0,,0.0
2024-01-17 01:00:00,0.0,0.0,,0.0
2024-01-17 02:00:00,0.0,0.0,,0.0
2024-01-17 03:00:00,697.8802062255453,2764.485011107703,41.049863293017935,0.6978802062255453
2024-01-17 04:00:00,3618.1654032413085,4909.775809718815,51.96043945116367,3.6181654032413086
2024-01-17 05:00:00,2529.9200942573275,4823.964177774369,45.355339199376836,2.5299200942573274
2024-01-17 06:00:00,2619.876962085379,4909.775809718813,45.901332024189244,2.619876962085379
2024-01-17 07:00:00,3587.813400739945,4909.775809718811,51.77621810170419,3.587813400739945
2024-01-17 08:00:00,2148.376263425357,3794.22459444103,43.03956054883632,2.148376263425357
2024-01-17 09:00:00,3236.62157240934,4909.775809718809,49.64466080062318,3.23662157240934
2024-01-17 10:00:00,3146.6647045812874,4909.775809718815,49.098667975810756,3.1466647045812874
2024-01-17 11:00:00,2178.728265926721,3945.9846069478544,43.22378189829581,2.178728265926721
2024-01-17 12:00:00,3618.1654032413094,4909.775809718818,51.96043945116368,3.6181654032413095
2024-01-17 13:00:00,2529.9200942573266,4823.964177774367,45.35533919937682,2.5299200942573266
2024-01-17 14:00:00,2619.876962085379,4909.775809718806,45.901332024189244,2.619876962085379
2024-01-17 15:00:00,3587.813400739945,4909.775809718813,51.77621810170419,3.587813400739945
2024-01-17 16:00:00,2148.3762634253562,3794.224594441033,43.03956054883631,2.148376263425356
2024-01-17 17:00:00,3236.6215724093436,4909.775809718802,49.6446608006232,3.2366215724093435
2024-01-17 18:00:00,3146.6647045812833,4909.775809718809,49.098667975810734,3.1466647045812834
2024-01-17 19:00:00,1480.8480597011815,3945.9846069478626,44.575136706982114,1.4808480597011815
2024-01-17 20:00:00,0.0,0.0,,0.0
2024-01-17 21:00:00,0.0,0.0,,0.0
2024-01-17 22:00:00,0.0,0.0,,0.0
2024-01-17 23:00:00,0.0,0.0,,0.0
2024-01-18 00:00:00,0.0,0.0,,0.0
2024-01-18 01:00:00,0.0,0.0,,0.0
2024-01-18 02:00:00,2542.851543533999,4905.7998516768885,48.15744302999223,2.5428515435339993
2024-01-18 03:00:00,2435.7375994495565,4648.364955843556,44.78369894967107,2.4357375994495563
2024-01-18 04:00:00,3642.108209276755,4905.799851676891,52.10576021006579,3.642108209276755
2024-01-18 05:00:00,2225.0251486635993,4121.5838288786645,43.50478063019736,2.2250251486635992
2024-01-18 06:00:00,3041.305171422801,4905.7998516768885,48.45918873960529,3.0413051714228008
2024-01-18 07:00:00,3330.80406721711,4905.799851676891,50.21630105032893,3.33080406721711
2024-01-18 08:00:00,2124.4334573899114,3618.6253725102247,42.89423978993421,2.1244334573899115
2024-01-18 09:00:00,3541.5165180030676,4905.799851676894,51.49521936980265,3.5415165180030677
2024-01-18 10:00:00,2725.2364952438643,4905.799851676891,46.540811260394705,2.7252364952438644
2024-01-18 11:00:00,2435.737599449558,4648.3649558435545,44.783698949671084,2.435737599449558
2024-01-18 12:00:00,3642.108209276755,4905.799851676884,52.10576021006578,3.642108209276755
2024-01-18 13:00:00,2225.025148663598,4121.583828878653,43.50478063019735,2.225025148663598
2024-01-18 14:00:00,3041.305171422803,4905.799851676896,48.4591887396053,3.041305171422803
2024-01-18 15:00:00,3330.8040672171087,4905.7998516768885,50.216301050328916,3.330804067217109
2024-01-18 16:00:00,2124.433457389911,3618.6253725102224,42.89423978993421,2.124433457389911
2024-01-18 17:00:00,3541.516518003067,4905.799851676882,51.49521936980264,3.541516518003067
2024-01-18 18:00:00,182.38495170986667,1559.1462058435568,37.37989789934213,0.18238495170986668
2024-01-18 19:00:00,0.0,0.0,,0.0
2024-01-18 20:00:00,0.0,0.0,,0.0
2024-01-18 21:00:00,0.0,0.0,,0.0
2024-01-18 22:00:00,0.0,0.0,,0.0
2024-01-18 23:00:00,0.0,0.0,,0.0
2024-01-19 00:00:00,0.0,0.0,,0.0
2024-01-19 01:00:00,0.0,0.0,,0.0
2024-01-19 02:00:00,0.0,0.0,,0.0
2024-01-19 03:00:00,2940.917130062417,4920.570140156355,48.46539719133161,2.940917130062417
2024-01-19 04:00:00,2424.7193352934682,4534.417796406354,44.716823642467055,2.424719335293468
2024-01-19 05:00:00,3602.663089770792,4913.44288067698,51.86634822581028,3.602663089770792
2024-01-19 06:00:00,2017.1672889843924,3504.678213073019,42.24318823924572,2.0171672889843926
2024-01-19 07:00:00,3781.8374074496555,4939.186370260314,52.953845981182475,3.7818374074496557
2024-01-19 08:00:00,2067.1100285971947,3729.242359843644,42.54631548387352,2.067110028597195
2024-01-19 09:00:00,3502.896398203176,4920.570140156352,51.26081471773715,3.502896398203176
2024-01-19 10:00:00,2574.4287664738868,4758.981943176978,45.625484395167994,2.5744287664738867
2024-01-19 11:00:00,2795.900735925425,4913.442880676986,46.969707567196956,2.795900735925425
2024-01-19 12:00:00,3341.8223313731996,4939.186370260323,50.28317635753295,3.3418223313731996
2024-01-19 13:00:00,2163.8785768958733,4019.54800473968,43.133651774189715,2.1638785768958733
2024-01-19 14:00:00,3749.374377682275,4920.570140156352,52.75681176075429,3.7493743776822748
2024-01-19 15:00:00,1984.7042592170103,3214.3725681769747,42.046154018817525,1.9847042592170103
2024-01-19 16:00:00,3699.43163806947,4913.442880676995,52.45368451612647,3.69943163806947
2024-01-19 17:00:00,2263.6452684634937,4244.112151510326,43.73918528226287,2.2636452684634936
2024-01-19 18:00:00,3192.1129001927757,4939.186370260319,49.374515604831984,3.1921129001927757
2024-01-19 19:00:00,29.723800678822705,930.3292547396787,35.41225443547427,0.029723800678822705
2024-01-19 20:00:00,0.0,0.0,,0.0
2024-01-19 21:00:00,0.0,0.0,,0.0
2024-01-19 22:00:00,0.0,0.0,,0.0
2024-01-19 23:00:00,0.0,0.0,,0.0
2024-01-20 00:00:00,0.0,0.0,,0.0
2024-01-20 01:00:00,0.0,0.0,,0.0
2024-01-20 02:00:00,0.0,0.0,,0.0
2024-01-20 03:00:00,0.0,0.0,,0.0
2024-01-20 04:00:00,0.0,0.0,,0.0
2024-01-20 05:00:00,0.0,0.0,,0.0
2024-01-20 06:00:00,0.0,0.0,,0.0
2024-01-20 07:00:00,0.0,0.0,,0.0
2024-01-20 08:00:00,0.0,0.0,,0.0
2024-01-20 09:00:00,0.0,0.0,,0.0
2024-01-20 10:00:00,0.0,0.0,,0.0
2024-01-20 11:00:00,0.0,0.0,,0.0
2024-01-20 12:00:00,0.0,0.0,,0.0
2024-01-20 13:00:00,0.0,0.0,,0.0
2024-01-20 14:00:00,0.0,0.0,,0.0
2024-01-20 15:00:00,0.0,0.0,,0.0
2024-01-20 16:00:00,0.0,0.0,,0.0
2024-01-20 17:00:00,0.0,0.0,,0.0
2024-01-20 18:00:00,0.0,0.0,,0.0
2024-01-20 19:00:00,0.0,0.0,,0.0
2024-01-20 20:00:00,0.0,0.0,,0.0
2024-01-20 21:00:00,0.0,0.0,,0.0
2024-01-20 22:00:00,0.0,0.0,,0.0
2024-01-20 23:00:00,0.0,0.0,,0.0
2024-01-21 00:00:00,0.0,0.0,,0.0
2024-01-21 01:00:00,0.0,0.0,,0.0
2024-01-21 02:00:00,0.0,0.0,,0.0
2024-01-21 03:00:00,0.0,0.0,,0.0
2024-01-21 04:00:00,0.0,0.0,,0.0
2024-01-21 05:00:00,0.0,0.0,,0.0
2024-01-21 06:00:00,0.0,0.0,,0.0
2024-01-21 07:00:00,0.0,0.0,,0.0
2024-01-21 08:00:00,0.0,0.0,,0.0
2024-01-21 09:00:00,0.0,0.0,,0.0
2024-01-21 10:00:00,0.0,0.0,,0.0
2024-01-21 11:00:00,0.0,0.0,,0.0
2024-01-21 12:00:00,0.0,0.0,,0.0
2024-01-21 13:00:00,0.0,0.0,,0.0
2024-01-21 14:00:00,0.0,0.0,,0.0
2024-01-21 15:00:00,0.0,0.0,,0.0
2024-01-21 16:00:00,0.0,0.0,,0.0
2024-01-21 17:00:00,0.0,0.0,,0.0
2024-01-21 18:00:00,0.0,0.0,,0.0
2024-01-21 19:00:00,0.0,0.0,,0.0
2024-01-21 20:00:00,0.0,0.0,,0.0
2024-01-21 21:00:00,0.0,0.0,,0.0
2024-01-21 22:00:00,0.0,0.0,,0.0
2024-01-21 23:00:00,0.0,0.0,,0.0
2024-01-22 00:00:00,0.0,0.0,,0.0
2024-01-22 01:00:00,0.0,0.0,,0.0
2024-01-22 02:00:00,0.0,0.0,,0.0
2024-01-22 03:00:00,379.7644917590211,2003.3453597213293,38.643671098657606,0.3797644917590211
2024-01-22 04:00:00,3710.972043842354,4938.103172221331,52.52372895964202,3.710972043842354
2024-01-22 05:00:00,1983.2617084954002,3171.0960465286703,42.03739846337808,1.9832617084954
2024-01-22 06:00:00,3741.458402014067,4921.653338195335,52.70876578026847,3.741458402014067
2024-01-22 07:00:00,2181.189185555199,4062.824526387996,43.23871843946304,2.181189185555199
2024-01-22 08:00:00,3314.413867662602,4912.3596826379935,50.11682080418351,3.3144138676626023
2024-01-22 09:00:00,2829.7826245826195,4938.1031722213265,47.175353545592756,2.8297826245826196
2024-01-22 10:00:00,2544.135201320068,4715.705421528669,45.44161773093967,2.544135201320068
2024-01-22 11:00:00,3523.8314369671766,4921.6533381953395,51.387879846040214,3.5238314369671766
2024-01-22 12:00:00,2055.5696228243114,3685.965838195336,42.476271040357965,2.0555696228243114
2024-01-22 13:00:00,3783.279958171266,4912.359682637998,52.96260153662192,3.783279958171266
2024-01-22 14:00:00,2025.0832646525994,3547.954734721328,42.29123421973153,2.0250832646525994
2024-01-22 15:00:00,3585.3524811114676,4938.103172221331,51.76128156053696,3.5853524811114674
2024-01-22 16:00:00,2452.1277990040658,4577.69431805467,44.883179195816496,2.452127799004066
2024-01-22 17:00:00,2936.7590420840447,4921.653338195335,47.82464645440723,2.9367590420840446
2024-01-22 18:00:00,3222.4064653465994,4912.3596826379935,49.55838226906034,3.2224064653465994
2024-01-22 19:00:00,1862.945737940467,4200.835629862,45.41882890134237,1.862945737940467
2024-01-22 20:00:00,0.0,0.0,,0.0
2024-01-22 21:00:00,0.0,0.0,,0.0
2024-01-22 22:00:00,0.0,0.0,,0.0
2024-01-22 23:00:00,0.0,0.0,,0.0
2024-01-23 00:00:00,0.0,0.0,,0.0
2024-01-23 01:00:00,0.0,0.0,,0.0
2024-01-23 02:00:00,2870.6376907836516,4912.511325698589,48.34034020556627,2.8706376907836515
2024-01-23 03:00:00,2468.528049678551,4603.589450698589,44.98272044719165,2.4685280496785507
2024-01-23 04:00:00,3574.2861512250556,4921.501695134744,51.69411451858817,3.5742861512250554
2024-01-23 05:00:00,2030.2622911813846,3573.8498673652557,42.322668299113154,2.030262291181385
2024-01-23 06:00:00,3784.1431292593975,4938.25481528192,52.96784054985219,3.7841431292593977
2024-01-23 07:00:00,2049.3725309481074,3660.0707055514117,42.438657817701326,2.0493725309481072
2024-01-23 08:00:00,3535.915832201007,4912.511325698584,51.46122603126402,3.535915832201007
2024-01-23 09:00:00,2526.0086084693216,4689.810288884742,45.33159845310397,2.5260086084693216
2024-01-23 10:00:00,2849.790453868917,4921.501695134744,47.29679097993374,2.849790453868917
2024-01-23 11:00:00,3298.013616988117,4938.25481528192,50.017279552808354,3.298013616988117
2024-01-23 12:00:00,2192.2555154416095,4088.71965903192,43.30588548141182,2.1922555154416097
2024-01-23 13:00:00,3736.279375485283,4912.511325698589,52.67733170088685,3.736279375485283
2024-01-23 14:00:00,1982.3985374072693,3145.200913884743,42.03215945014781,1.9823985374072692
2024-01-23 15:00:00,3717.1691357185587,4921.501695134749,52.561342182298674,3.717169135718559
2024-01-23 16:00:00,2230.62583446566,4174.940497218085,43.53877396873599,2.23062583446566
2024-01-23 17:00:00,3240.533058197344,4938.2548152819245,49.66840154689602,3.240533058197344
2024-01-23 18:00:00,46.11352201409589,999.5009090319189,35.597716495565734,0.046113522014095895
2024-01-23 19:00:00,0.0,0.0,,0.0
2024-01-23 20:00:00,0.0,0.0,,0.0
2024-01-23 21:00:00,0.0,0.0,,0.0
2024-01-23 22:00:00,0.0,0.0,,0.0
2024-01-23 23:00:00,0.0,0.0,,0.0
2024-01-24 00:00:00,0.0,0.0,,0.0
2024-01-24 01:00:00,0.0,0.0,,0.0
2024-01-24 02:00:00,0.0,0.0,,0.0
2024-01-24 03:00:00,265.72286566936026,1800.5783040412455,38.064018987487536,0.26572286566936026
2024-01-24 04:00:00,3602.07911566936,4909.89131401431,51.862803797497506,3.60207911566936
2024-01-24 05:00:00,2160.4436990026934,3860.0574707079118,43.112803797497506,2.1604436990026934
2024-01-24 06:00:00,3198.220986325253,4909.89131401431,49.41158860750748,3.1982209863252526
2024-01-24 07:00:00,3186.164430341413,4909.89131401431,49.33841139249252,3.1861644303414134
2024-01-24 08:00:00,2164.462550997306,3880.1517306809774,43.137196202502494,2.1644625509973063
2024-01-24 09:00:00,3606.097967663974,4909.89131401431,51.8871962025025,3.606097967663974
2024-01-24 10:00:00,2568.3206803414128,4889.797054041238,45.58841139249252,2.568320680341413
2024-01-24 11:00:00,2580.3772363252533,4909.89131401431,45.66158860750748,2.5803772363252535
2024-01-24 12:00:00,3602.07911566936,4909.891314014318,51.862803797497506,3.60207911566936
2024-01-24 13:00:00,2160.4436990026925,3860.0574707079004,43.1128037974975,2.1604436990026925
2024-01-24 14:00:00,3198.2209863252547,4909.89131401431,49.41158860750749,3.198220986325255
2024-01-24 15:00:00,3186.1644303414123,4909.891314014306,49.33841139249251,3.1861644303414125
2024-01-24 16:00:00,2164.462550997306,3880.151730680975,43.137196202502494,2.1644625509973063
2024-01-24 17:00:00,3606.097967663973,4909.891314014315,51.887196202502494,3.606097967663973
2024-01-24 18:00:00,2568.3206803414137,4889.79705404125,45.588411392492524,2.568320680341414
2024-01-24 19:00:00,2314.6543706558923,4909.89131401431,47.56098101251246,2.314654370655892
2024-01-24 20:00:00,0.0,0.0,,0.0
2024-01-24 21:00:00,0.0,0.0,,0.0
2024-01-24 22:00:00,0.0,0.0,,0.0
2024-01-24 23:00:00,0.0,0.0,,0.0
2024-01-25 00:00:00,0.0,0.0,,0.0
2024-01-25 01:00:00,0.0,0.0,,0.0
2024-01-25 02:00:00,0.0,0.0,,0.0
2024-01-25 03:00:00,2011.3662942077176,4587.722306179716,46.64724426305697,2.0113662942077175
2024-01-25 04:00:00,2761.62208504217,4930.968833957493,46.761653442165816,2.76162208504217
2024-01-25 05:00:00,3522.9310175691644,4930.968833957495,51.382414754352325,3.5229310175691646
2024-01-25 06:00:00,2118.761897958277,3557.982722846383,42.8598162842038,2.118761897958277
2024-01-25 07:00:00,3360.732686514281,4930.968833957493,50.39795267724009,3.360732686514281
2024-01-25 08:00:00,3004.9195816244955,4930.9688339574905,48.23834655783417,3.0049195816244954
2024-01-25 09:00:00,2243.610649097502,4182.226478542508,43.61758524564768,2.2436106490975023
2024-01-25 10:00:00,3647.7797687083894,4930.968833957489,52.140183715796205,3.6477797687083893
2024-01-25 11:00:00,2405.8089801523847,4587.722306179709,44.60204732275991,2.4058089801523845
2024-01-25 12:00:00,2761.622085042172,4930.968833957495,46.76165344216584,2.761622085042172
2024-01-25 13:00:00,3522.931017569164,4930.968833957493,51.38241475435232,3.522931017569164
2024-01-25 14:00:00,2118.761897958277,3557.9827228463755,42.859816284203795,2.118761897958277
2024-01-25 15:00:00,3360.7326865142822,4930.9688339574905,50.3979526772401,3.3607326865142824
2024-01-25 16:00:00,3004.919581624494,4930.968833957498,48.23834655783416,3.004919581624494
2024-01-25 17:00:00,2243.6106490975026,4182.226478542509,43.61758524564768,2.2436106490975027
2024-01-25 18:00:00,3647.77976870839,4930.968833957486,52.140183715796205,3.6477797687083897
2024-01-25 19:00:00,394.4426859446695,2122.747311875845,38.97775573694306,0.3944426859446695
2024-01-25 20:00:00,0.0,0.0,,0.0
2024-01-25 21:00:00,0.0,0.0,,0.0
2024-01-25 22:00:00,0.0,0.0,,0.0
2024-01-25 23:00:00,0.0,0.0,,0.0
2024-01-26 00:00:00,0.0,0.0,,0.0
2024-01-26 01:00:00,0.0,0.0,,0.0
2024-01-26 02:00:00,0.0,0.0,,0.0
2024-01-26 03:00:00,155.9371370753088,1439.8351686898156,37.09844840259865,0.15593713707530882
2024-01-26 04:00:00,3500.2144593449075,4915.206262439816,51.244536701299324,3.5002144593449076
2024-01-26 05:00:00,2068.540395988271,3734.6062375601828,42.55499709264036,2.068540395988271
2024-01-26 06:00:00,3781.598603259876,4940.949752023149,52.95239656017324,3.781598603259876
2024-01-26 07:00:00,2016.2733093649695,3499.3143353564856,42.237762233766446,2.0162733093649696
2024-01-26 08:00:00,3604.808640857407,4918.806758393515,51.87937063896054,3.6048086408574074
2024-01-26 09:00:00,2421.3822210055555,4529.05391868981,44.69656904155919,2.4213822210055556
2024-01-26 10:00:00,2974.7532369905853,4915.206262439813,48.0552520580077,2.974753236990585
2024-01-26 11:00:00,3188.2981775253093,4940.949752023146,49.351362161905676,3.188298177525309
2024-01-26 12:00:00,2266.327207321759,4249.476029226851,43.755463298700676,2.266327207321759
2024-01-26 13:00:00,3698.0012706783955,4918.80675839352,52.44500290735964,3.6980012706783953
2024-01-26 14:00:00,1984.9430634067899,3219.7364458935162,42.04760343982675,1.98494306340679
2024-01-26 15:00:00,3750.2683573016975,4915.206262439818,52.762237766233554,3.7502683573016977
2024-01-26 16:00:00,2161.73302580926,4014.184127023155,43.12062936103946,2.1617330258092604
2024-01-26 17:00:00,3345.1594456611097,4940.949752023152,50.303430958440806,3.3451594456611096
2024-01-26 18:00:00,2791.788429676082,4918.806758393524,46.944747941992304,2.791788429676082
2024-01-26 19:00:00,2422.3063520660467,4764.345820893516,46.96405159740134,2.422306352066047
2024-01-26 20:00:00,0.0,0.0,,0.0
2024-01-26 21:00:00,0.0,0.0,,0.0
2024-01-26 22:00:00,0.0,0.0,,0.0
2024-01-26 23:00:00,0.0,0.0,,0.0
2024-01-27 00:00:00,0.0,0.0,,0.0
2024-01-27 01:00:00,0.0,0.0,,0.0
2024-01-27 02:00:00,0.0,0.0,,0.0
2024-01-27 03:00:00,0.0,0.0,,0.0
2024-01-27 04:00:00,0.0,0.0,,0.0
2024-01-27 05:00:00,0.0,0.0,,0.0
2024-01-27 06:00:00,0.0,0.0,,0.0
2024-01-27 07:00:00,0.0,0.0,,0.0
2024-01-27 08:00:00,0.0,0.0,,0.0
2024-01-27 09:00:00,0.0,0.0,,0.0
2024-01-27 10:00:00,0.0,0.0,,0.0
2024-01-27 11:00:00,0.0,0.0,,0.0
2024-01-27 12:00:00,0.0,0.0,,0.0
2024-01-27 13:00:00,0.0,0.0,,0.0
2024-01-27 14:00:00,0.0,0.0,,0.0
2024-01-27 15:00:00,0.0,0.0,,0.0
2024-01-27 16:00:00,0.0,0.0,,0.0
2024-01-27 17:00:00,0.0,0.0,,0.0
2024-01-27 18:00:00,0.0,0.0,,0.0
2024-01-27 19:00:00,0.0,0.0,,0.0
2024-01-27 20:00:00,0.0,0.0,,0.0
2024-01-27 21:00:00,0.0,0.0,,0.0
2024-01-27 22:00:00,0.0,0.0,,0.0
2024-01-27 23:00:00,0.0,0.0,,0.0
2024-01-28 00:00:00,0.0,0.0,,0.0
2024-01-28 01:00:00,0.0,0.0,,0.0
2024-01-28 02:00:00,0.0,0.0,,0.0
2024-01-28 03:00:00,0.0,0.0,,0.0
2024-01-28 04:00:00,0.0,0.0,,0.0
2024-01-28 05:00:00,0.0,0.0,,0.0
2024-01-28 06:00:00,0.0,0.0,,0.0
2024-01-28 07:00:00,0.0,0.0,,0.0
2024-01-28 08:00:00,0.0,0.0,,0.0
2024-01-28 09:00:00,0.0,0.0,,0.0
2024-01-28 10:00:00,0.0,0.0,,0.0
2024-01-28 11:00:00,0.0,0.0,,0.0
2024-01-28 12:00:00,0.0,0.0,,0.0
2024-01-28 13:00:00,0.0,0.0,,0.0
2024-01-28 14:00:00,0.0,0.0,,0.0
2024-01-28 15:00:00,0.0,0.0,,0.0
2024-01-28 16:00:00,0.0,0.0,,0.0
2024-01-28 17:00:00,0.0,0.0,,0.0
2024-01-28 18:00:00,0.0,0.0,,0.0
2024-01-28 19:00:00,0.0,0.0,,0.0
2024-01-28 20:00:00,0.0,0.0,,0.0
2024-01-28 21:00:00,0.0,0.0,,0.0
2024-01-28 22:00:00,0.0,0.0,,0.0
2024-01-28 23:00:00,0.0,0.0,,0.0
2024-01-29 00:00:00,0.0,0.0,,0.0
2024-01-29 01:00:00,895.1535666953636,2960.797542472208,41.64242302977416,0.8951535666953636
2024-01-29 02:00:00,3754.209524171298,4916.710270027794,52.786158661704306,3.7542095241712983
2024-01-29 03:00:00,2152.2742253222164,3990.5371258055416,43.06321921190966,2.1522742253222162
2024-01-29 04:00:00,3359.3476463916745,4917.302750805541,50.389546182135504,3.3593476463916745
2024-01-29 05:00:00,2773.6590620759157,4942.453759611122,46.83471182282686,2.773659062075916
2024-01-29 06:00:00,2595.584623367603,4787.992822111122,45.75388977816561,2.595584623367603
2024-01-29 07:00:00,3488.390958736104,4916.710270027789,51.17277401488708,3.488390958736104
2024-01-29 08:00:00,2074.8462629796322,3758.253238777789,42.59327052539355,2.0748462629796323
2024-01-29 09:00:00,3780.0221365120365,4917.302750805548,52.94282820198495,3.7800221365120366
2024-01-29 10:00:00,2012.3321424953685,3475.667334138875,42.213841338295694,2.0123321424953686
2024-01-29 11:00:00,3614.2674413444483,4942.453759611118,51.936780788090324,3.6142674413444484
2024-01-29 12:00:00,2407.1940202749934,4505.406917472208,44.61045381786451,2.4071940202749933
2024-01-29 13:00:00,2992.8826045907485,4916.710270027785,48.165288177173124,2.9928826045907484
2024-01-29 14:00:00,3170.957043299067,4917.302750805544,49.24611022183441,3.170957043299067
2024-01-29 15:00:00,2278.1507079305597,4273.123030444453,43.827225985112904,2.2781507079305596
2024-01-29 16:00:00,3691.6954036870347,4942.453759611122,52.40672947460645,3.6916954036870346
2024-01-29 17:00:00,1091.365963459264,3243.38344711112,42.42007697022581,1.091365963459264
2024-01-29 18:00:00,0.0,0.0,,0.0
2024-01-29 19:00:00,0.0,0.0,,0.0
2024-01-29 20:00:00,0.0,0.0,,0.0
2024-01-29 21:00:00,0.0,0.0,,0.0
2024-01-29 22:00:00,0.0,0.0,,0.0
2024-01-29 23:00:00,0.0,0.0,,0.0
2024-01-30 00:00:00,0.0,0.0,,0.0
2024-01-30 01:00:00,0.0,0.0,,0.0
2024-01-30 02:00:00,0.0,0.0,,0.0
2024-01-30 03:00:00,399.46784956087805,2141.5916754366267,39.09213152103562,0.39946784956087805
2024-01-30 04:00:00,3649.036059612442,4912.124470396708,52.14780876806904,3.649036059612442
2024-01-30 05:00:00,2249.892103617764,4201.070842103292,43.655710507011875,2.249892103617764
2024-01-30 06:00:00,2993.6129634880244,4912.124470396705,48.16972108737863,2.9936129634880246
2024-01-30 07:00:00,3369.526722842647,4912.1244703967095,50.45132804314995,3.369526722842647
2024-01-30 08:00:00,2117.5056070542246,3539.138359285595,42.85219123193096,2.1175056070542246
2024-01-30 09:00:00,3516.649563048902,4912.124470396703,51.344289492988125,3.5166495630489023
2024-01-30 10:00:00,2772.9287031786425,4912.124470396705,46.83027891262137,2.7729287031786427
2024-01-30 11:00:00,2397.0149438240182,4568.8779426189285,44.54867195685004,2.397014943824018
2024-01-30 12:00:00,3649.036059612442,4912.124470396708,52.14780876806904,3.649036059612442
2024-01-30 13:00:00,2249.892103617764,4201.070842103288,43.655710507011875,2.249892103617764
2024-01-30 14:00:00,2993.612963488025,4912.1244703967095,48.16972108737863,2.993612963488025
2024-01-30 15:00:00,3369.5267228426474,4912.124470396712,50.45132804314995,3.3695267228426475
2024-01-30 16:00:00,2117.505607054225,3539.1383592855973,42.85219123193096,2.117505607054225
2024-01-30 17:00:00,3516.6495630489026,4912.124470396715,51.34428949298813,3.5166495630489027
2024-01-30 18:00:00,2772.928703178641,4912.124470396708,46.83027891262136,2.7729287031786414
2024-01-30 19:00:00,1997.5470942631425,4568.877942618932,46.5328684789644,1.9975470942631426
2024-01-30 20:00:00,0.0,0.0,,0.0
2024-01-30 21:00:00,0.0,0.0,,0.0
2024-01-30 22:00:00,0.0,0.0,,0.0
2024-01-30 23:00:00,0.0,0.0,,0.0
2024-01-31 00:00:00,0.0,0.0,,0.0
2024-01-31 01:00:00,0.0,0.0,,0.0
2024-01-31 02:00:00,1607.0272063858934,4102.770555230434,45.00591501665666,1.6070272063858932
2024-01-31 03:00:00,3052.5931356117394,4924.613125325122,48.527700990006004,3.0525931356117395
2024-01-31 04:00:00,3321.3974303929945,4924.613125325122,50.15920750832833,3.3213974303929943
2024-01-31 05:00:00,2126.3147847547343,3637.438646158455,42.90565849833433,2.1263147847547343
2024-01-31 06:00:00,3547.1605000975364,4924.613125325122,51.529475495003005,3.5471605000975366
2024-01-31 07:00:00,2713.9485310549267,4924.613125325125,46.47229900999399,2.7139485310549265
2024-01-31 08:00:00,2445.1442362736716,4667.178229491787,44.84079249167167,2.4451442362736717
2024-01-31 09:00:00,3640.2268819119327,4924.613125325118,52.09434150166567,3.6402268819119326
2024-01-31 10:00:00,2219.3811665691296,4102.77055523043,43.470524504996995,2.2193811665691294
2024-01-31 11:00:00,3052.5931356117394,4924.613125325121,48.52770099000601,3.0525931356117395
2024-01-31 12:00:00,3321.3974303929945,4924.613125325122,50.15920750832833,3.3213974303929943
2024-01-31 13:00:00,2126.314784754734,3637.438646158455,42.90565849833433,2.126314784754734
2024-01-31 14:00:00,3547.1605000975374,4924.613125325125,51.529475495003005,3.5471605000975375
2024-01-31 15:00:00,2713.948531054926,4924.613125325127,46.47229900999399,2.713948531054926
2024-01-31 16:00:00,2445.144236273672,4667.178229491789,44.84079249167167,2.445144236273672
2024-01-31 17:00:00,3640.2268819119327,4924.613125325121,52.09434150166567,3.6402268819119326
2024-01-31 18:00:00,612.3539601832377,2607.6990628251237,40.619084983343356,0.6123539601832377
2024-01-31 19:00:00,0.0,0.0,,0.0
2024-01-31 20:00:00,0.0,0.0,,0.0
2024-01-31 21:00:00,0.0,0.0,,0.0
2024-01-31 22:00:00,0.0,0.0,,0.0
2024-01-31 23:00:00,0.0,0.0,,0.0
2024-02-01 00:00:00,0.0,0.0,,0.0
2024-02-01 01:00:00,0.0,0.0,,0.0
2024-02-01 02:00:00,0.0,0.0,,0.0
2024-02-01 03:00:00,1874.2383466684366,4216.234641763777,45.51229313826581,1.8742383466684367
2024-02-01 04:00:00,3211.6271570153554,4911.308860513779,49.492957303213934,3.2116271570153554
2024-02-01 05:00:00,2949.0782516054664,4937.052350097112,47.89941784394598,2.9490782516054663
2024-02-01 06:00:00,2442.3750914662737,4562.295306152889,44.82398517909832,2.442375091466274
2024-02-01 07:00:00,3591.5120858721775,4922.704160319554,51.79866725530633,3.5915120858721776
2024-02-01 08:00:00,2022.003462272244,3532.555722819554,42.272541372346836,2.022003462272244
2024-02-01 09:00:00,3782.766657774541,4911.308860513779,52.95948606205781,3.7827666577745407
2024-02-01 10:00:00,2059.676025998119,3701.3648500971085,42.50119483687089,2.059676025998119
2024-02-01 11:00:00,3516.645231413014,4937.052350097112,51.34426320214262,3.5166452314130137
2024-02-01 12:00:00,2554.9145096513125,4731.104433430445,45.50704269678608,2.5549145096513124
2024-02-01 13:00:00,2817.463415061198,4922.704160319549,47.100582156054,2.817463415061198
2024-02-01 14:00:00,3324.1665752003946,4911.308860513779,50.17601482090169,3.324166575200395
2024-02-01 15:00:00,2175.0295807944876,4047.425514486224,43.20133274469367,2.1750295807944875
2024-02-01 16:00:00,3744.5382043944214,4937.052350097103,52.72745862765316,3.7445382043944213
2024-02-01 17:00:00,1983.775008892126,3186.495058430448,42.0405139379422,1.983775008892126
2024-02-01 18:00:00,3706.8656406685486,4922.704160319554,52.49880516312912,3.7068656406685485
2024-02-01 19:00:00,375.65808858521507,1987.9463478195564,38.550206861734196,0.37565808858521504
2024-02-01 20:00:00,0.0,0.0,,0.0
2024-02-01 21:00:00,0.0,0.0,,0.0
2024-02-01 22:00:00,0.0,0.0,,0.0
2024-02-01 23:00:00,0.0,0.0,,0.0
2024-02-02 00:00:00,0.0,0.0,,0.0
2024-02-02 01:00:00,735.7056335452924,2692.4591455087016,40.71686927626545,0.7357056335452924
2024-02-02 02:00:00,3782.07219514971,4932.142739258703,52.955271024124485,3.78207219514971
2024-02-02 03:00:00,2065.2317269967652,3722.198728842036,42.53491514033745,2.0652317269967653
2024-02-02 04:00:00,3506.418213703982,4927.613771157964,51.28219036186727,3.506418213703982
2024-02-02 05:00:00,2569.4982247727585,4751.938312175369,45.59555849338582,2.5694982247727585
2024-02-02 06:00:00,2801.300853026661,4906.399249675369,47.00248355486315,2.801300853026661
2024-02-02 07:00:00,3337.3613650721786,4932.142739258703,50.25610054163479,3.3373613650721787
2024-02-02 08:00:00,2166.696029296518,4026.5916357412957,43.15075228949381,2.166696029296518
2024-02-02 09:00:00,3748.2004391820064,4927.613771157961,52.749686546044245,3.7482004391820065
2024-02-02 10:00:00,1984.469471516957,3207.3289371753667,42.044728975875515,1.9844694715169569
2024-02-02 11:00:00,3701.3099396699013,4906.399249675369,52.46508485966254,3.701309939669901
2024-02-02 12:00:00,2260.123452962686,4237.0685205087,43.717809638132735,2.2601234529626857
2024-02-02 13:00:00,3197.0434418939067,4932.142739258703,49.40444150661418,3.1970434418939067
2024-02-02 14:00:00,2965.2408136400068,4927.613771157964,47.99751644513686,2.9652408136400066
2024-02-02 15:00:00,2429.1803015944865,4541.461427407961,44.7438994583652,2.4291803015944864
2024-02-02 16:00:00,3599.845637370149,4906.399249675372,51.84924771050619,3.599845637370149
2024-02-02 17:00:00,1282.6355939393661,3511.7218440746283,43.34563072373453,1.282635593939366
2024-02-02 18:00:00,0.0,0.0,,0.0
2024-02-02 19:00:00,0.0,0.0,,0.0
2024-02-02 20:00:00,0.0,0.0,,0.0
2024-02-02 21:00:00,0.0,0.0,,0.0
2024-02-02 22:00:00,0.0,0.0,,0.0
2024-02-02 23:00:00,0.0,0.0,,0.0
2024-02-03 00:00:00,0.0,0.0,,0.0
2024-02-03 01:00:00,0.0,0.0,,0.0
2024-02-03 02:00:00,0.0,0.0,,0.0
2024-02-03 03:00:00,0.0,0.0,,0.0
2024-02-03 04:00:00,0.0,0.0,,0.0
2024-02-03 05:00:00,0.0,0.0,,0.0
2024-02-03 06:00:00,0.0,0.0,,0.0
2024-02-03 07:00:00,0.0,0.0,,0.0
2024-02-03 08:00:00,0.0,0.0,,0.0
2024-02-03 09:00:00,0.0,0.0,,0.0
2024-02-03 10:00:00,0.0,0.0,,0.0
2024-02-03 11:00:00,0.0,0.0,,0.0
2024-02-03 12:00:00,0.0,0.0,,0.0
2024-02-03 13:00:00,0.0,0.0,,0.0
2024-02-03 14:00:00,0.0,0.0,,0.0
2024-02-03 15:00:00,0.0,0.0,,0.0
2024-02-03 16:00:00,0.0,0.0,,0.0
2024-02-03 17:00:00,0.0,0.0,,0.0
2024-02-03 18:00:00,0.0,0.0,,0.0
2024-02-03 19:00:00,0.0,0.0,,0.0
2024-02-03 20:00:00,0.0,0.0,,0.0
2024-02-03 21:00:00,0.0,0.0,,0.0
2024-02-03 22:00:00,0.0,0.0,,0.0
2024-02-03 23:00:00,0.0,0.0,,0.0
2024-02-04 00:00:00,0.0,0.0,,0.0
2024-02-04 01:00:00,0.0,0.0,,0.0
2024-02-04 02:00:00,0.0,0.0,,0.0
2024-02-04 03:00:00,0.0,0.0,,0.0
2024-02-04 04:00:00,0.0,0.0,,0.0
2024-02-04 05:00:00,0.0,0.0,,0.0
2024-02-04 06:00:00,0.0,0.0,,0.0
2024-02-04 07:00:00,0.0,0.0,,0.0
2024-02-04 08:00:00,0.0,0.0,,0.0
2024-02-04 09:00:00,0.0,0.0,,0.0
2024-02-04 10:00:00,0.0,0.0,,0.0
2024-02-04 11:00:00,0.0,0.0,,0.0
2024-02-04 12:00:00,0.0,0.0,,0.0
2024-02-04 13:00:00,0.0,0.0,,0.0
2024-02-04 14:00:00,0.0,0.0,,0.0
2024-02-04 15:00:00,0.0,0.0,,0.0
2024-02-04 16:00:00,0.0,0.0,,0.0
2024-02-04 17:00:00,0.0,0.0,,0.0
2024-02-04 18:00:00,0.0,0.0,,0.0
2024-02-04 19:00:00,0.0,0.0,,0.0
2024-02-04 20:00:00,0.0,0.0,,0.0
2024-02-04 21:00:00,0.0,0.0,,0.0
2024-02-04 22:00:00,0.0,0.0,,0.0
2024-02-04 23:00:00,0.0,0.0,,0.0
2024-02-05 00:00:00,0.0,0.0,,0.0
2024-02-05 01:00:00,681.808836218916,2722.559698046931,40.795397784581716,0.681808836218916
2024-02-05 02:00:00,3625.1529554181043,4931.837871397514,52.002850369236384,3.625152955418104
2024-02-05 03:00:00,2506.1624168562234,4782.038864713598,45.21114207792963,2.5061624168562235
2024-02-05 04:00:00,2645.032149921841,4931.837871397514,46.054011329250976,2.645032149921841
2024-02-05 05:00:00,3578.0308276924316,4931.83787139751,51.7168428164024,3.5780308276924315
2024-02-05 06:00:00,2141.3887112485622,3752.2992813802643,42.997149630763616,2.1413887112485623
2024-02-05 07:00:00,3260.3792498104435,4931.837871397514,49.78885792207037,3.2603792498104434
2024-02-05 08:00:00,3121.509516744825,4931.837871397514,48.945988670749024,3.121509516744825
2024-02-05 09:00:00,2188.5108389742322,3987.9099200086252,43.28315718359759,2.1885108389742323
2024-02-05 10:00:00,3625.152955418105,4931.837871397522,52.00285036923639,3.625152955418105
2024-02-05 11:00:00,2506.16241685622,4782.038864713586,45.211142077929615,2.50616241685622
2024-02-05 12:00:00,2645.032149921845,4931.837871397514,46.054011329251,2.6450321499218448
2024-02-05 13:00:00,3578.030827692431,4931.837871397519,51.71684281640239,3.578030827692431
2024-02-05 14:00:00,2141.388711248561,3752.2992813802525,42.99714963076361,2.141388711248561
2024-02-05 15:00:00,3260.3792498104467,4931.837871397519,49.78885792207039,3.260379249810447
2024-02-05 16:00:00,3121.5095167448208,4931.837871397522,48.945988670749,3.121509516744821
2024-02-05 17:00:00,1506.7020027553233,3987.909920008632,44.82960221541833,1.5067020027553233
2024-02-05 18:00:00,0.0,0.0,,0.0
2024-02-05 19:00:00,0.0,0.0,,0.0
2024-02-05 20:00:00,0.0,0.0,,0.0
2024-02-05 21:00:00,0.0,0.0,,0.0
2024-02-05 22:00:00,0.0,0.0,,0.0
2024-02-05 23:00:00,0.0,0.0,,0.0
2024-02-06 00:00:00,0.0,0.0,,0.0
2024-02-06 01:00:00,0.0,0.0,,0.0
2024-02-06 02:00:00,176.0859566449224,1482.8282526328155,37.12501974184098,0.17608595664492238
2024-02-06 03:00:00,3521.1960231036473,4927.300653617184,51.371884212859115,3.521196023103647
2024-02-06 04:00:00,2057.075573603471,3691.613153617183,42.485411402175735,2.057075573603471
2024-02-06 05:00:00,3783.091714323871,4906.712367216149,52.9614589913947,3.7830917143238714
2024-02-06 06:00:00,2023.95380156823,3542.3074192994854,42.28437894836819,2.0239538015682297
2024-02-06 07:00:00,3587.6114072802065,4932.45585679948,51.77499210326361,3.5876114072802063
2024-02-06 08:00:00,2448.5511659035606,4572.04700263281,44.86147083649928,2.4485511659035604
2024-02-06 09:00:00,2941.2768944215254,4927.300653617187,47.852067539860556,2.9412768944215255
2024-02-06 10:00:00,3218.453344551304,4906.712367216151,49.53438881928868,3.2184533445513037
2024-02-06 11:00:00,2245.3456435630196,4206.482945283851,43.628115787140885,2.2453456435630197
2024-02-06 12:00:00,3709.4660930631953,4932.4558567994845,52.514588597824265,3.7094660930631953
2024-02-06 13:00:00,1983.4499523427949,3176.7433619505164,42.0385410086053,1.9834499523427949
2024-02-06 14:00:00,3742.587865098437,4927.3006536171815,52.71562105163181,3.7425878650984368
2024-02-06 15:00:00,2178.93025938646,4057.1772109661465,43.22500789673639,2.17893025938646
2024-02-06 16:00:00,3317.9905007631046,4906.712367216156,50.13852916350071,3.3179905007631048
2024-02-06 17:00:00,2825.2647722451425,4932.45585679948,47.14793246013946,2.8252647722451423
2024-02-06 18:00:00,2372.0023654704387,4721.3527369505155,46.93748025815901,2.3720023654704385
2024-02-06 19:00:00,0.0,0.0,,0.0
2024-02-06 20:00:00,0.0,0.0,,0.0
2024-02-06 21:00:00,0.0,0.0,,0.0
2024-02-06 22:00:00,0.0,0.0,,0.0
2024-02-06 23:00:00,0.0,0.0,,0.0
2024-02-07 00:00:00,0.0,0.0,,0.0
2024-02-07 01:00:00,0.0,0.0,,0.0
2024-02-07 02:00:00,1191.8870106337013,3377.6327531403545,42.76615255939723,1.1918870106337012
2024-02-07 03:00:00,3649.539733328215,4922.242128140355,52.15086581353425,3.649539733328215
2024-02-07 04:00:00,2349.9149837239793,4407.372336473689,44.2627989503251,2.3499149837239792
2024-02-07 05:00:00,3069.5841620710485,4937.514382276312,48.630827952482214,3.0695841620710484
2024-02-07 06:00:00,3097.523305185384,4911.770892692981,48.80040446220455,3.097523305185384
2024-02-07 07:00:00,2329.5678267973653,4371.157611442979,44.139301968321476,2.329567826797365
2024-02-07 08:00:00,3661.611308338451,4922.242128140355,52.22413418646575,3.6616113083384514
2024-02-07 09:00:00,1994.5968809359645,3341.418028109645,42.106197244060276,1.9945968809359644
2024-02-07 10:00:00,3768.148792636842,4937.514382276312,52.87076299208037,3.768148792636842
2024-02-07 11:00:00,2117.0019333384516,3892.502544807018,42.84913418646575,2.1170019333384515
2024-02-07 12:00:00,3416.6266829426872,4911.770892692976,50.7372010496749,3.4166266829426872
2024-02-07 13:00:00,2696.957504595617,4922.242128140352,46.36917204751778,2.696957504595617
2024-02-07 14:00:00,2669.0183614812827,4886.027403109645,46.19959553779545,2.6690183614812826
2024-02-07 15:00:00,3436.9738398693007,4937.514382276307,50.860698031678524,3.436973839869301
2024-02-07 16:00:00,2104.9303583282144,3856.2878197763093,42.77586581353425,2.1049303583282146
2024-02-07 17:00:00,3771.9447857307023,4911.770892692974,52.893802755939724,3.7719447857307022
2024-02-07 18:00:00,806.5058633961231,2826.548236442976,41.29634744060276,0.8065058633961231
2024-02-07 19:00:00,0.0,0.0,,0.0
2024-02-07 20:00:00,0.0,0.0,,0.0
2024-02-07 21:00:00,0.0,0.0,,0.0
2024-02-07 22:00:00,0.0,0.0,,0.0
2024-02-07 23:00:00,0.0,0.0,,0.0
2024-02-08 00:00:00,0.0,0.0,,0.0
2024-02-08 01:00:00,198.14788729435324,1536.42443314112,37.21594653036944,0.19814788729435323
2024-02-08 02:00:00,3546.2075740075225,4934.56505814112,51.52369171417241,3.5462075740075223
2024-02-08 03:00:00,2044.2266600448497,3638.01697310888,42.40742497624713,2.0442266600448495
2024-02-08 04:00:00,3784.2929687499995,4925.191452275546,52.96875,3.7842929687499995
2024-02-08 05:00:00,2034.6730376698908,3595.903599807785,42.34943930607389,2.034673037669891
2024-02-08 06:00:00,3564.729533833292,4908.821568557784,51.63611067017324,3.564729533833292
2024-02-08 07:00:00,2483.0806984829696,4625.643183141118,45.07104768691297,2.4830806984829694
2024-02-08 08:00:00,2899.843351258472,4934.565058141125,47.600586826716736,2.899843351258472
2024-02-08 09:00:00,3255.385385982971,4925.19145227554,49.758547686912976,3.255385385982971
2024-02-08 10:00:00,2220.3340926591422,4152.886764775543,43.47630828582758,2.2203340926591424
2024-02-08 11:00:00,3722.3150066218172,4908.821568557789,52.59257502375287,3.7223150066218174
2024-02-08 12:00:00,1982.2486979166667,3123.1471814422084,42.03125,1.9822486979166667
2024-02-08 13:00:00,3731.868628996775,4934.565058141122,52.6505606939261,3.731868628996775
2024-02-08 14:00:00,2201.812132833376,4110.773391474453,43.36388932982677,2.2018121328333757
2024-02-08 15:00:00,3283.4609681836946,4925.191452275544,49.92895231308702,3.283460968183695
2024-02-08 16:00:00,2866.698315408196,4908.821568557793,47.39941317328327,2.866698315408196
2024-02-08 17:00:00,2313.00839338934,4667.756556442208,46.846553469630514,2.31300839338934
2024-02-08 18:00:00,0.0,0.0,,0.0
2024-02-08 19:00:00,0.0,0.0,,0.0
2024-02-08 20:00:00,0.0,0.0,,0.0
2024-02-08 21:00:00,0.0,0.0,,0.0
2024-02-08 22:00:00,0.0,0.0,,0.0
2024-02-08 23:00:00,0.0,0.0,,0.0
2024-02-09 00:00:00,0.0,0.0,,0.0
2024-02-09 01:00:00,0.0,0.0,,0.0
2024-02-09 02:00:00,0.0,0.0,,0.0
2024-02-09 03:00:00,1773.4137946099925,4311.472338318147,45.75179626379601,1.7734137946099924
2024-02-09 04:00:00,2927.372065759112,4912.153761929255,47.767672241722394,2.927372065759112
2024-02-09 05:00:00,3419.2069079471225,4912.153761929258,50.75286171431161,3.4192069079471223
2024-02-09 06:00:00,2111.9860204356914,3428.7368630707433,42.81869012454013,2.1119860204356913
2024-02-09 07:00:00,3478.0085511814946,4912.153761929255,51.109758036608135,3.4780085511814947
2024-02-09 08:00:00,2839.1696009075536,4912.153761929258,47.232327758277606,2.8391696009075535
2024-02-09 09:00:00,2347.3347587195444,4458.476446404078,44.2471382856884,2.3473347587195446
2024-02-09 10:00:00,3654.555646230975,4912.153761929255,52.18130987545987,3.654555646230975
2024-02-09 11:00:00,2288.533115485171,4311.47233831814,43.890241963391865,2.288533115485171
2024-02-09 12:00:00,2927.3720657591134,4912.153761929253,47.7676722417224,2.9273720657591134
2024-02-09 13:00:00,3419.206907947121,4912.15376192925,50.7528617143116,3.419206907947121
2024-02-09 14:00:00,2111.986020435691,3428.7368630707447,42.81869012454013,2.111986020435691
2024-02-09 15:00:00,3478.0085511814964,4912.153761929258,51.10975803660814,3.4780085511814964
2024-02-09 16:00:00,2839.169600907552,4912.153761929246,47.23232775827759,2.839169600907552
2024-02-09 17:00:00,2347.3347587195453,4458.476446404079,44.2471382856884,2.3473347587195454
2024-02-09 18:00:00,3654.555646230975,4912.153761929253,52.18130987545987,3.654555646230975
2024-02-09 19:00:00,515.1193208751808,2398.9972797374135,39.87320373620402,0.5151193208751809
2024-02-09 20:00:00,0.0,0.0,,0.0
2024-02-09 21:00:00,0.0,0.0,,0.0
2024-02-09 22:00:00,0.0,0.0,,0.0
2024-02-09 23:00:00,0.0,0.0,,0.0
2024-02-10 00:00:00,0.0,0.0,,0.0
2024-02-10 01:00:00,0.0,0.0,,0.0
2024-02-10 02:00:00,0.0,0.0,,0.0
2024-02-10 03:00:00,0.0,0.0,,0.0
2024-02-10 04:00:00,0.0,0.0,,0.0
2024-02-10 05:00:00,0.0,0.0,,0.0
2024-02-10 06:00:00,0.0,0.0,,0.0
2024-02-10 07:00:00,0.0,0.0,,0.0
2024-02-10 08:00:00,0.0,0.0,,0.0
2024-02-10 09:00:00,0.0,0.0,,0.0
2024-02-10 10:00:00,0.0,0.0,,0.0
2024-02-10 11:00:00,0.0,0.0,,0.0
2024-02-10 12:00:00,0.0,0.0,,0.0
2024-02-10 13:00:00,0.0,0.0,,0.0
2024-02-10 14:00:00,0.0,0.0,,0.0
2024-02-10 15:00:00,0.0,0.0,,0.0
2024-02-10 16:00:00,0.0,0.0,,0.0
2024-02-10 17:00:00,0.0,0.0,,0.0
2024-02-10 18:00:00,0.0,0.0,,0.0
2024-02-10 19:00:00,0.0,0.0,,0.0
2024-02-10 20:00:00,0.0,0.0,,0.0
2024-02-10 21:00:00,0.0,0.0,,0.0
2024-02-10 22:00:00,0.0,0.0,,0.0
2024-02-10 23:00:00,0.0,0.0,,0.0
2024-02-11 00:00:00,0.0,0.0,,0.0
2024-02-11 01:00:00,0.0,0.0,,0.0
2024-02-11 02:00:00,0.0,0.0,,0.0
2024-02-11 03:00:00,0.0,0.0,,0.0
2024-02-11 04:00:00,0.0,0.0,,0.0
2024-02-11 05:00:00,0.0,0.0,,0.0
2024-02-11 06:00:00,0.0,0.0,,0.0
2024-02-11 07:00:00,0.0,0.0,,0.0
2024-02-11 08:00:00,0.0,0.0,,0.0
2024-02-11 09:00:00,0.0,0.0,,0.0
2024-02-11 10:00:00,0.0,0.0,,0.0
2024-02-11 11:00:00,0.0,0.0,,0.0
2024-02-11 12:00:00,0.0,0.0,,0.0
2024-02-11 13:00:00,0.0,0.0,,0.0
2024-02-11 14:00:00,0.0,0.0,,0.0
2024-02-11 15:00:00,0.0,0.0,,0.0
2024-02-11 16:00:00,0.0,0.0,,0.0
2024-02-11 17:00:00,0.0,0.0,,0.0
2024-02-11 18:00:00,0.0,0.0,,0.0
2024-02-11 19:00:00,0.0,0.0,,0.0
2024-02-11 20:00:00,0.0,0.0,,0.0
2024-02-11 21:00:00,0.0,0.0,,0.0
2024-02-11 22:00:00,0.0,0.0,,0.0
2024-02-11 23:00:00,0.0,0.0,,0.0
2024-02-12 00:00:00,0.0,0.0,,0.0
2024-02-12 01:00:00,846.0035359897479,2884.0039515049957,41.410699657609605,0.8460035359897479
2024-02-12 02:00:00,3765.316660632667,4916.2733922450025,52.85357337898539,3.765316660632667
2024-02-12 03:00:00,2124.1067006212766,3913.743534838329,42.89225654112352,2.1241067006212764
2024-02-12 04:00:00,3404.5901219249467,4917.739628588331,50.66414519402122,3.404590121924947
2024-02-12 05:00:00,2713.925859348275,4942.016881828336,46.47216140416737,2.713925859348275
2024-02-12 06:00:00,2652.7336024572805,4864.786413078336,46.100755262499305,2.6527336024572805
2024-02-12 07:00:00,3448.302367885998,4916.2733922450025,50.92945648405846,3.448302367885998
2024-02-12 08:00:00,2097.8744655901673,3835.046829745003,42.73304010271712,2.0978744655901673
2024-02-12 09:00:00,3774.068884733833,4917.739628588331,52.90669496576096,3.774068884733833
2024-02-12 10:00:00,2001.2250060339998,3398.87374317166,42.14642662101461,2.0012250060339998
2024-02-12 11:00:00,3642.4349660453895,4942.016881828336,52.10774345887648,3.6424349660453896
2024-02-12 12:00:00,2361.951544741721,4428.613326504995,44.335854805978784,2.361951544741721
2024-02-12 13:00:00,3052.6158073183906,4916.2733922450025,48.52783859583263,3.0526158073183907
2024-02-12 14:00:00,3113.808064209388,4917.739628588332,48.89924473750071,3.1138080642093877
2024-02-12 15:00:00,2318.239298780667,4349.916621411667,44.07054351594153,2.318239298780667
2024-02-12 16:00:00,3668.6672010765,4942.016881828341,52.26695989728289,3.6686672010765
2024-02-12 17:00:00,1146.4692459430837,3320.1770380783337,42.65180034239038,1.1464692459430836
2024-02-12 18:00:00,0.0,0.0,,0.0
2024-02-12 19:00:00,0.0,0.0,,0.0
2024-02-12 20:00:00,0.0,0.0,,0.0
2024-02-12 21:00:00,0.0,0.0,,0.0
2024-02-12 22:00:00,0.0,0.0,,0.0
2024-02-12 23:00:00,0.0,0.0,,0.0
2024-02-13 00:00:00,0.0,0.0,,0.0
2024-02-13 01:00:00,206.1076879207818,1622.798471274691,37.505818385664,0.20610768792078182
2024-02-13 02:00:00,3559.7221270621394,4916.047882891975,51.60571823617706,3.5597221270621393
2024-02-13 03:00:00,2131.688754503292,3682.2776379413576,42.9382757847552,2.131688754503292
2024-02-13 04:00:00,3298.0878639312764,4916.047882891975,50.01773019431254,3.2980878639312765
2024-02-13 05:00:00,3079.49653068148,4916.047882891978,48.6909910313984,3.0794965306814803
2024-02-13 06:00:00,2206.819539604527,4057.9315634475315,43.39428176382294,2.206819539604527
2024-02-13 07:00:00,3634.8529121633746,4916.047882891975,52.0617242152448,3.6348529121633746
2024-02-13 08:00:00,2468.4538027353897,4712.017221274684,44.98226980568746,2.4684538027353895
2024-02-13 09:00:00,2687.0451359851863,4916.047882891978,46.3090089686016,2.687045135985186
2024-02-13 10:00:00,3559.7221270621394,4916.0478828919795,51.60571823617706,3.5597221270621393
2024-02-13 11:00:00,2131.6887545032914,3682.277637941351,42.9382757847552,2.1316887545032914
2024-02-13 12:00:00,3298.0878639312778,4916.047882891982,50.01773019431254,3.298087863931278
2024-02-13 13:00:00,3079.4965306814793,4916.047882891975,48.69099103139839,3.0794965306814794
2024-02-13 14:00:00,2206.8195396045276,4057.931563447535,43.39428176382294,2.2068195396045276
2024-02-13 15:00:00,3634.852912163375,4916.047882891978,52.0617242152448,3.634852912163375
2024-02-13 16:00:00,2468.4538027353888,4712.017221274691,44.98226980568745,2.4684538027353886
2024-02-13 17:00:00,2480.9374480644065,4916.04788289197,48.069647085189146,2.4809374480644064
2024-02-13 18:00:00,0.0,0.0,,0.0
2024-02-13 19:00:00,0.0,0.0,,0.0
2024-02-13 20:00:00,0.0,0.0,,0.0
2024-02-13 21:00:00,0.0,0.0,,0.0
2024-02-13 22:00:00,0.0,0.0,,0.0
2024-02-13 23:00:00,0.0,0.0,,0.0
2024-02-14 00:00:00,0.0,0.0,,0.0
2024-02-14 01:00:00,0.0,0.0,,0.0
2024-02-14 02:00:00,603.615068797551,2582.7308017231617,40.46754022929776,0.603615068797551
2024-02-14 03:00:00,3642.7237080221284,4900.043503832394,52.109495977070225,3.6427237080221286
2024-02-14 04:00:00,2432.6601057226917,4642.209968389829,44.765020114648884,2.4326601057226918
2024-02-14 05:00:00,2728.9294877161033,4900.043503832394,46.56322586242134,2.7289294877161034
2024-02-14 06:00:00,3539.670021766948,4900.043503832394,51.484012068789326,3.5396700217669483
2024-02-14 07:00:00,2123.8179586445376,3612.470385056496,42.890504022929775,2.123817958644538
2024-02-14 08:00:00,3333.881560943977,4900.043503832399,50.23497988535113,3.333881560943977
2024-02-14 09:00:00,3037.6121789505614,4900.043503832399,48.43677413757864,3.0376121789505612
2024-02-14 10:00:00,2226.8716448997193,4127.738816332398,43.51598793121068,2.2268716448997194
2024-02-14 11:00:00,3642.7237080221294,4900.043503832401,52.109495977070225,3.6427237080221295
2024-02-14 12:00:00,2432.660105722689,4642.209968389819,44.76502011464887,2.432660105722689
2024-02-14 13:00:00,2728.929487716106,4900.043503832394,46.56322586242136,2.728929487716106
2024-02-14 14:00:00,3539.6700217669472,4900.043503832399,51.48401206878932,3.5396700217669474
2024-02-14 15:00:00,2123.8179586445376,3612.4703850564842,42.890504022929775,2.123817958644538
2024-02-14 16:00:00,3333.8815609439775,4900.043503832399,50.23497988535114,3.3338815609439774
2024-02-14 17:00:00,3037.612178950559,4900.043503832394,48.43677413757863,3.037612178950559
2024-02-14 18:00:00,1623.2565761021715,4127.7388163324,45.157459770702275,1.6232565761021716
2024-02-14 19:00:00,0.0,0.0,,0.0
2024-02-14 20:00:00,0.0,0.0,,0.0
2024-02-14 21:00:00,0.0,0.0,,0.0
2024-02-14 22:00:00,0.0,0.0,,0.0
2024-02-14 23:00:00,0.0,0.0,,0.0
2024-02-15 00:00:00,0.0,0.0,,0.0
2024-02-15 01:00:00,0.0,0.0,,0.0
2024-02-15 02:00:00,14.685368912662913,881.1221347597748,35.347967031064336,0.014685368912662913
2024-02-15 03:00:00,3250.4234631694276,4914.2688361486635,49.728431317603125,3.2504234631694278
2024-02-15 04:00:00,2144.316883790038,3769.868316629115,43.01492216148928,2.144316883790038
2024-02-15 05:00:00,3582.130269250497,4914.268836148661,51.74172435941832,3.582130269250497
2024-02-15 06:00:00,2634.490728772531,4914.2688361486635,45.990030218638594,2.6344907287725308
2024-02-15 07:00:00,2516.118203497239,4799.607899962447,45.271568682396875,2.516118203497239
2024-02-15 08:00:00,3622.2247828766294,4914.2688361486635,51.985077838510726,3.6222247828766294
2024-02-15 09:00:00,2184.411397416169,3970.340884759771,43.25827564058168,2.184411397416169
2024-02-15 10:00:00,3132.0509378941347,4914.268836148661,49.0099697813614,3.132050937894135
2024-02-15 11:00:00,3250.423463169428,4914.268836148668,49.728431317603125,3.250423463169428
2024-02-15 12:00:00,2144.316883790037,3769.868316629115,43.014922161489274,2.144316883790037
2024-02-15 13:00:00,3582.1302692504973,4914.268836148665,51.74172435941832,3.5821302692504973
2024-02-15 14:00:00,2634.4907287725305,4914.2688361486635,45.990030218638594,2.6344907287725303
2024-02-15 15:00:00,2516.1182034972394,4799.607899962449,45.271568682396875,2.5161182034972396
2024-02-15 16:00:00,3622.224782876629,4914.268836148661,51.985077838510726,3.622224782876629
2024-02-15 17:00:00,2184.4113974161687,3970.340884759778,43.25827564058167,2.1844113974161687
2024-02-15 18:00:00,3117.365568981474,4914.268836148668,49.241529150010514,3.117365568981474
2024-02-15 19:00:00,0.0,0.0,,0.0
2024-02-15 20:00:00,0.0,0.0,,0.0
2024-02-15 21:00:00,0.0,0.0,,0.0
2024-02-15 22:00:00,0.0,0.0,,0.0
2024-02-15 23:00:00,0.0,0.0,,0.0
2024-02-16 00:00:00,0.0,0.0,,0.0
2024-02-16 01:00:00,0.0,0.0,,0.0
2024-02-16 02:00:00,0.0,0.0,,0.0
2024-02-16 03:00:00,326.79397638339293,1958.3212207105735,38.50060561269547,0.3267939763833929
2024-02-16 04:00:00,3629.502088687336,4923.771661233873,52.029247415026056,3.6295020886873357
2024-02-16 05:00:00,2196.117892652449,4017.80038737724,43.329328163385455,2.196117892652449
2024-02-16 06:00:00,3103.5752363236566,4923.77166123387,48.83713663238272,3.1035752363236564
2024-02-16 07:00:00,3276.68457002712,4923.771661233873,49.88782299343758,3.27668457002712
2024-02-16 08:00:00,2137.0395779793307,3722.408814011649,42.97075258497394,2.1370395779793308
2024-02-16 09:00:00,3570.4237740142185,4923.77166123387,51.67067183661455,3.5704237740142184
2024-02-16 10:00:00,2662.966430343009,4923.771661233873,46.16286336761728,2.662966430343009
2024-02-16 11:00:00,2489.857096639547,4752.148397344984,45.11217700656242,2.489857096639547
2024-02-16 12:00:00,3629.502088687336,4923.77166123387,52.02924741502606,3.6295020886873357
2024-02-16 13:00:00,2196.1178926524476,4017.800387377228,43.32932816338545,2.1961178926524476
2024-02-16 14:00:00,3103.575236323658,4923.771661233882,48.83713663238273,3.1035752363236577
2024-02-16 15:00:00,3276.6845700271183,4923.7716612338745,49.887822993437574,3.2766845700271183
2024-02-16 16:00:00,2137.0395779793307,3722.4088140116482,42.97075258497394,2.1370395779793308
2024-02-16 17:00:00,3570.4237740142175,4923.771661233867,51.670671836614545,3.5704237740142175
2024-02-16 18:00:00,2662.966430343011,4923.771661233879,46.162863367617284,2.662966430343011
2024-02-16 19:00:00,2163.063120256153,4752.148397344982,47.12439438730453,2.163063120256153
2024-02-16 20:00:00,0.0,0.0,,0.0
2024-02-16 21:00:00,0.0,0.0,,0.0
2024-02-16 22:00:00,0.0,0.0,,0.0
2024-02-16 23:00:00,0.0,0.0,,0.0
2024-02-17 00:00:00,0.0,0.0,,0.0
2024-02-17 01:00:00,0.0,0.0,,0.0
2024-02-17 02:00:00,0.0,0.0,,0.0
2024-02-17 03:00:00,0.0,0.0,,0.0
2024-02-17 04:00:00,0.0,0.0,,0.0
2024-02-17 05:00:00,0.0,0.0,,0.0
2024-02-17 06:00:00,0.0,0.0,,0.0
2024-02-17 07:00:00,0.0,0.0,,0.0
2024-02-17 08:00:00,0.0,0.0,,0.0
2024-02-17 09:00:00,0.0,0.0,,0.0
2024-02-17 10:00:00,0.0,0.0,,0.0
2024-02-17 11:00:00,0.0,0.0,,0.0
2024-02-17 12:00:00,0.0,0.0,,0.0
2024-02-17 13:00:00,0.0,0.0,,0.0
2024-02-17 14:00:00,0.0,0.0,,0.0
2024-02-17 15:00:00,0.0,0.0,,0.0
2024-02-17 16:00:00,0.0,0.0,,0.0
2024-02-17 17:00:00,0.0,0.0,,0.0
2024-02-17 18:00:00,0.0,0.0,,0.0
2024-02-17 19:00:00,0.0,0.0,,0.0
2024-02-17 20:00:00,0.0,0.0,,0.0
2024-02-17 21:00:00,0.0,0.0,,0.0
2024-02-17 22:00:00,0.0,0.0,,0.0
2024-02-17 23:00:00,0.0,0.0,,0.0
2024-02-18 00:00:00,0.0,0.0,,0.0
2024-02-18 01:00:00,0.0,0.0,,0.0
2024-02-18 02:00:00,0.0,0.0,,0.0
2024-02-18 03:00:00,0.0,0.0,,0.0
2024-02-18 04:00:00,0.0,0.0,,0.0
2024-02-18 05:00:00,0.0,0.0,,0.0
2024-02-18 06:00:00,0.0,0.0,,0.0
2024-02-18 07:00:00,0.0,0.0,,0.0
2024-02-18 08:00:00,0.0,0.0,,0.0
2024-02-18 09:00:00,0.0,0.0,,0.0
2024-02-18 10:00:00,0.0,0.0,,0.0
2024-02-18 11:00:00,0.0,0.0,,0.0
2024-02-18 12:00:00,0.0,0.0,,0.0
2024-02-18 13:00:00,0.0,0.0,,0.0
2024-02-18 14:00:00,0.0,0.0,,0.0
2024-02-18 15:00:00,0.0,0.0,,0.0
2024-02-18 16:00:00,0.0,0.0,,0.0
2024-02-18 17:00:00,0.0,0.0,,0.0
2024-02-18 18:00:00,0.0,0.0,,0.0
2024-02-18 19:00:00,0.0,0.0,,0.0
2024-02-18 20:00:00,0.0,0.0,,0.0
2024-02-18 21:00:00,0.0,0.0,,0.0
2024-02-18 22:00:00,0.0,0.0,,0.0
2024-02-18 23:00:00,0.0,0.0,,0.0
2024-02-19 00:00:00,0.0,0.0,,0.0
2024-02-19 01:00:00,0.0,0.0,,0.0
2024-02-19 02:00:00,0.0,0.0,,0.0
2024-02-19 03:00:00,2296.8550324346998,4648.37252329664,46.728902163299615,2.2968550324346997
2024-02-19 04:00:00,2881.9327105293546,4928.205601703359,47.491878269360306,2.8819327105293544
2024-02-19 05:00:00,3270.538279419982,4905.807419129971,49.85051810886641,3.270538279419982
2024-02-19 06:00:00,2210.211880529789,4130.157424620026,43.41487156257016,2.2102118805297892
2024-02-19 07:00:00,3727.618519324771,4931.550908713307,52.62476467143657,3.7276185193247713
2024-02-19 08:00:00,1982.248697916667,3103.763148296639,42.03125,1.982248697916667
2024-02-19 09:00:00,3726.8379476891164,4928.205601703359,52.620026995230084,3.7268379476891162
2024-02-19 10:00:00,2211.661513567434,4133.502731629972,43.42367010409651,2.2116615135674342
2024-02-19 11:00:00,3268.3080747466825,4905.807419129978,49.83698189113357,3.2683080747466824
2024-02-19 12:00:00,2884.608956137315,4931.550908713311,47.508121730639715,2.884608956137315
2024-02-19 13:00:00,2496.0033872466815,4645.0272162866895,45.14948189113357,2.4960033872466814
2024-02-19 14:00:00,3556.3297861368787,4928.205601703355,51.585128437429844,3.5563297861368786
2024-02-19 15:00:00,2038.923147341894,3615.287632953356,42.37523532856342,2.038923147341894
2024-02-19 16:00:00,3784.2929687499995,4905.807419129983,52.96875,3.7842929687499995
2024-02-19 17:00:00,2039.7037189775501,3618.632939963316,42.379973004769916,2.03970371897755
2024-02-19 18:00:00,3554.880153099231,4931.550908713307,51.57632989590348,3.554880153099231
2024-02-19 19:00:00,201.3785594852814,1555.8084662866884,37.33359783670035,0.20137855948528138
2024-02-19 20:00:00,0.0,0.0,,0.0
2024-02-19 21:00:00,0.0,0.0,,0.0
2024-02-19 22:00:00,0.0,0.0,,0.0
2024-02-19 23:00:00,0.0,0.0,,0.0
2024-02-20 00:00:00,0.0,0.0,,0.0
2024-02-20 01:00:00,0.0,0.0,,0.0
2024-02-20 02:00:00,0.0,0.0,,0.0
2024-02-20 03:00:00,30.26242676832596,950.7786190220006,35.510330097919855,0.03026242676832596
2024-02-20 04:00:00,3288.5229602376594,4901.574679589109,49.95967605222392,3.2885229602376596
2024-02-20 05:00:00,2134.079980426696,3700.211832366888,42.952789320277354,2.1340799804266957
2024-02-20 06:00:00,3564.504578908948,4901.574679589115,51.63474530722137,3.5645045789089482
2024-02-20 07:00:00,2676.2846193298665,4901.574679589109,46.24369805875191,2.6762846193298664
2024-02-20 08:00:00,2478.018706429007,4729.951415700222,45.04032394777608,2.4780187064290073
2024-02-20 09:00:00,3632.4616862399707,4901.574679589115,52.047210679722646,3.632461686239971
2024-02-20 10:00:00,2202.0370877577175,4039.9973690219945,43.36525469277863,2.2020370877577173
2024-02-20 11:00:00,3090.257047336801,4901.574679589115,48.7563019412481,3.090257047336801
2024-02-20 12:00:00,3288.522960237658,4901.574679589109,49.95967605222391,3.288522960237658
2024-02-20 13:00:00,2134.0799804266962,3700.211832366891,42.952789320277354,2.134079980426696
2024-02-20 14:00:00,3564.5045789089486,4901.574679589109,51.63474530722138,3.5645045789089487
2024-02-20 15:00:00,2676.284619329865,4901.574679589115,46.243698058751896,2.676284619329865
2024-02-20 16:00:00,2478.018706429009,4729.951415700224,45.04032394777609,2.478018706429009
2024-02-20 17:00:00,3632.4616862399703,4901.574679589115,52.047210679722646,3.6324616862399703
2024-02-20 18:00:00,2202.037087757717,4039.9973690220004,43.36525469277862,2.202037087757717
2024-02-20 19:00:00,3059.9946205684764,4901.574679589109,49.21305959101805,3.0599946205684763
2024-02-20 20:00:00,0.0,0.0,,0.0
2024-02-20 21:00:00,0.0,0.0,,0.0
2024-02-20 22:00:00,0.0,0.0,,0.0
2024-02-20 23:00:00,0.0,0.0,,0.0
2024-02-21 00:00:00,0.0,0.0,,0.0
2024-02-21 01:00:00,892.7343488552361,3099.4053238449696,42.040994033081944,0.8927343488552362
2024-02-21 02:00:00,3539.248194513176,4901.449594678303,51.48145179007542,3.539248194513176
2024-02-21 03:00:00,2729.7731422236475,4901.449594678303,46.568346419849156,2.7297731422236473
2024-02-21 04:00:00,2431.957060299738,4640.80387754392,44.760752983459035,2.431957060299738
2024-02-21 05:00:00,3642.8643171067188,4901.4495946783,52.11034940330819,3.642864317106719
2024-02-21 06:00:00,2227.2934721534903,4129.144907178303,43.518548209924575,2.22729347215349
2024-02-21 07:00:00,3036.7685244430195,4901.449594678305,48.431653580150844,3.0367685244430196
2024-02-21 08:00:00,3334.5846063669264,4901.449594678294,50.23924701654096,3.3345846063669264
2024-02-21 09:00:00,2123.6773495599473,3611.06429421059,42.88965059669181,2.1236773495599475
2024-02-21 10:00:00,3539.248194513178,4901.4495946783,51.48145179007543,3.539248194513178
2024-02-21 11:00:00,2729.773142223645,4901.449594678298,46.56834641984914,2.729773142223645
2024-02-21 12:00:00,2431.95706029974,4640.8038775439245,44.76075298345905,2.43195706029974
2024-02-21 13:00:00,3642.8643171067188,4901.449594678295,52.11034940330819,3.642864317106719
2024-02-21 14:00:00,2227.293472153489,4129.144907178292,43.51854820992457,2.2272934721534887
2024-02-21 15:00:00,3036.768524443022,4901.449594678294,48.43165358015086,3.0367685244430223
2024-02-21 16:00:00,3334.5846063669255,4901.4495946783,50.23924701654095,3.3345846063669256
2024-02-21 17:00:00,1230.9430007047151,3611.0642942105937,43.584005966918106,1.230943000704715
2024-02-21 18:00:00,0.0,0.0,,0.0
2024-02-21 19:00:00,0.0,0.0,,0.0
2024-02-21 20:00:00,0.0,0.0,,0.0
2024-02-21 21:00:00,0.0,0.0,,0.0
2024-02-21 22:00:00,0.0,0.0,,0.0
2024-02-21 23:00:00,0.0,0.0,,0.0
2024-02-22 00:00:00,0.0,0.0,,0.0
2024-02-22 01:00:00,89.66576345255348,1247.612425319531,36.53071161659385,0.08966576345255348
2024-02-22 02:00:00,3430.195737314389,4937.512598930643,50.819558367190666,3.430195737314389
2024-02-22 03:00:00,2111.1407258689783,3403.3780260693584,42.8135596127802,2.1111407258689785
2024-02-22 04:00:00,3468.710310947654,4937.512598930639,51.05332240724893,3.468710310947654
2024-02-22 05:00:00,2854.3849031083837,4937.512598930642,47.3246769699563,2.8543849031083837
2024-02-22 06:00:00,2336.345929352278,4433.117609402693,44.180441632809334,2.336345929352278
2024-02-22 07:00:00,3655.400940797688,4937.512598930639,52.1864403872198,3.655400940797688
2024-02-22 08:00:00,2297.8313557190118,4336.831175319524,43.946677592751065,2.2978313557190115
2024-02-22 09:00:00,2912.1567635582833,4937.512598930636,47.67532303004371,2.9121567635582832
2024-02-22 10:00:00,3430.1957373143896,4937.512598930639,50.81955836719067,3.4301957373143894
2024-02-22 11:00:00,2111.1407258689783,3403.378026069357,42.8135596127802,2.1111407258689785
2024-02-22 12:00:00,3468.7103109476534,4937.512598930646,51.05332240724893,3.4687103109476536
2024-02-22 13:00:00,2854.3849031083855,4937.512598930643,47.32467696995631,2.8543849031083854
2024-02-22 14:00:00,2336.3459293522774,4433.117609402691,44.180441632809334,2.3363459293522775
2024-02-22 15:00:00,3655.400940797688,4937.512598930642,52.1864403872198,3.655400940797688
2024-02-22 16:00:00,2297.831355719012,4336.831175319536,43.94667759275107,2.2978313557190124
2024-02-22 17:00:00,2822.4910001057287,4937.512598930648,48.688469522175495,2.8224910001057286
2024-02-22 18:00:00,0.0,0.0,,0.0
2024-02-22 19:00:00,0.0,0.0,,0.0
2024-02-22 20:00:00,0.0,0.0,,0.0
2024-02-22 21:00:00,0.0,0.0,,0.0
2024-02-22 22:00:00,0.0,0.0,,0.0
2024-02-22 23:00:00,0.0,0.0,,0.0
2024-02-23 00:00:00,0.0,0.0,,0.0
2024-02-23 01:00:00,0.0,0.0,,0.0
2024-02-23 02:00:00,1896.5076423475182,4448.334004341497,46.06164422745333,1.8965076423475182
2024-02-23 03:00:00,2845.2550661451014,4922.296203991835,47.269263463528,2.8452550661451013
2024-02-23 04:00:00,3474.289655758549,4922.296203991835,51.08718621673289,3.474289655758549
2024-02-23 05:00:00,2111.6479390336053,3418.5944210081643,42.81663814091511,2.111647939033605
2024-02-23 06:00:00,3423.60196617424,4922.2962039918375,50.7795375014369,3.42360196617424
2024-02-23 07:00:00,2921.2866005215647,4922.29620399184,47.730736536471994,2.9212866005215647
2024-02-23 08:00:00,2292.2520109081174,4321.614780380726,43.91281378326711,2.2922520109081175
2024-02-23 09:00:00,3654.893727633061,4922.29620399184,52.18336185908489,3.6548937276330613
2024-02-23 10:00:00,2342.939700492426,4448.334004341491,44.2204624985631,2.3429397004924257
2024-02-23 11:00:00,2845.2550661451023,4922.296203991835,47.269263463528006,2.845255066145102
2024-02-23 12:00:00,3474.289655758548,4922.2962039918375,51.08718621673288,3.474289655758548
2024-02-23 13:00:00,2111.647939033605,3418.5944210081575,42.8166381409151,2.1116479390336047
2024-02-23 14:00:00,3423.601966174241,4922.29620399184,50.779537501436906,3.423601966174241
2024-02-23 15:00:00,2921.2866005215633,4922.29620399184,47.73073653647199,2.9212866005215634
2024-02-23 16:00:00,2292.252010908118,4321.614780380727,43.91281378326712,2.292252010908118
2024-02-23 17:00:00,3654.893727633061,4922.296203991835,52.18336185908489,3.6548937276330613
2024-02-23 18:00:00,446.4320581449102,2262.135613714062,39.56335577254669,0.44643205814491016
2024-02-23 19:00:00,0.0,0.0,,0.0
2024-02-23 20:00:00,0.0,0.0,,0.0
2024-02-23 21:00:00,0.0,0.0,,0.0
2024-02-23 22:00:00,0.0,0.0,,0.0
2024-02-23 23:00:00,0.0,0.0,,0.0
2024-02-24 00:00:00,0.0,0.0,,0.0
2024-02-24 01:00:00,0.0,0.0,,0.0
2024-02-24 02:00:00,0.0,0.0,,0.0
2024-02-24 03:00:00,0.0,0.0,,0.0
2024-02-24 04:00:00,0.0,0.0,,0.0
2024-02-24 05:00:00,0.0,0.0,,0.0
2024-02-24 06:00:00,0.0,0.0,,0.0
2024-02-24 07:00:00,0.0,0.0,,0.0
2024-02-24 08:00:00,0.0,0.0,,0.0
2024-02-24 09:00:00,0.0,0.0,,0.0
2024-02-24 10:00:00,0.0,0.0,,0.0
2024-02-24 11:00:00,0.0,0.0,,0.0
2024-02-24 12:00:00,0.0,0.0,,0.0
2024-02-24 13:00:00,0.0,0.0,,0.0
2024-02-24 14:00:00,0.0,0.0,,0.0
2024-02-24 15:00:00,0.0,0.0,,0.0
2024-02-24 16:00:00,0.0,0.0,,0.0
2024-02-24 17:00:00,0.0,0.0,,0.0
2024-02-24 18:00:00,0.0,0.0,,0.0
2024-02-24 19:00:00,0.0,0.0,,0.0
2024-02-24 20:00:00,0.0,0.0,,0.0
2024-02-24 21:00:00,0.0,0.0,,0.0
2024-02-24 22:00:00,0.0,0.0,,0.0
2024-02-24 23:00:00,0.0,0.0,,0.0
2024-02-25 00:00:00,0.0,0.0,,0.0
2024-02-25 01:00:00,0.0,0.0,,0.0
2024-02-25 02:00:00,0.0,0.0,,0.0
2024-02-25 03:00:00,0.0,0.0,,0.0
2024-02-25 04:00:00,0.0,0.0,,0.0
2024-02-25 05:00:00,0.0,0.0,,0.0
2024-02-25 06:00:00,0.0,0.0,,0.0
2024-02-25 07:00:00,0.0,0.0,,0.0
2024-02-25 08:00:00,0.0,0.0,,0.0
2024-02-25 09:00:00,0.0,0.0,,0.0
2024-02-25 10:00:00,0.0,0.0,,0.0
2024-02-25 11:00:00,0.0,0.0,,0.0
2024-02-25 12:00:00,0.0,0.0,,0.0
2024-02-25 13:00:00,0.0,0.0,,0.0
2024-02-25 14:00:00,0.0,0.0,,0.0
2024-02-25 15:00:00,0.0,0.0,,0.0
2024-02-25 16:00:00,0.0,0.0,,0.0
2024-02-25 17:00:00,0.0,0.0,,0.0
2024-02-25 18:00:00,0.0,0.0,,0.0
2024-02-25 19:00:00,0.0,0.0,,0.0
2024-02-25 20:00:00,0.0,0.0,,0.0
2024-02-25 21:00:00,0.0,0.0,,0.0
2024-02-25 22:00:00,0.0,0.0,,0.0
2024-02-25 23:00:00,0.0,0.0,,0.0
2024-02-26 00:00:00,0.0,0.0,,0.0
2024-02-26 01:00:00,0.0,0.0,,0.0
2024-02-26 02:00:00,14.795331571102759,887.7198942661655,35.38801210418997,0.014795331571102759
2024-02-26 03:00:00,3254.1621935563826,4920.866595655055,49.75112352570765,3.2541621935563825
2024-02-26 04:00:00,2143.2172572056393,3763.270557122724,43.008247982635005,2.1432172572056394
2024-02-26 05:00:00,3580.590792032339,4920.86659565505,51.73238050902234,3.5805907920323388
2024-02-26 06:00:00,2638.449384476365,4920.866595655055,46.01405726251398,2.638449384476365
2024-02-26 07:00:00,2512.3794731102844,4793.010140456059,45.24887647429236,2.5123794731102844
2024-02-26 08:00:00,3623.3244094610272,4920.86659565505,51.991752017364995,3.623324409461027
2024-02-26 09:00:00,2185.9508746343263,3976.938644266156,43.26761949097765,2.1859508746343264
2024-02-26 10:00:00,3128.0922821903027,4920.866595655046,48.985942737486035,3.1280922821903028
2024-02-26 11:00:00,3254.1621935563803,4920.866595655055,49.751123525707634,3.2541621935563803
2024-02-26 12:00:00,2143.2172572056397,3763.2705571227284,43.008247982635005,2.14321725720564
2024-02-26 13:00:00,3580.5907920323402,4920.86659565505,51.732380509022356,3.58059079203234
2024-02-26 14:00:00,2638.4493844763624,4920.86659565505,46.01405726251396,2.6384493844763623
2024-02-26 15:00:00,2512.3794731102876,4793.010140456062,45.24887647429237,2.5123794731102875
2024-02-26 16:00:00,3623.324409461027,4920.866595655046,51.99175201736499,3.6233244094610266
2024-02-26 17:00:00,2185.9508746343254,3976.938644266163,43.267619490977644,2.1859508746343255
2024-02-26 18:00:00,3113.2969506192026,4920.866595655055,49.21641613805039,3.1132969506192025
2024-02-26 19:00:00,0.0,0.0,,0.0
2024-02-26 20:00:00,0.0,0.0,,0.0
2024-02-26 21:00:00,0.0,0.0,,0.0
2024-02-26 22:00:00,0.0,0.0,,0.0
2024-02-26 23:00:00,0.0,0.0,,0.0
2024-02-27 00:00:00,0.0,0.0,,0.0
2024-02-27 01:00:00,0.0,0.0,,0.0
2024-02-27 02:00:00,1910.7121415506201,4246.686501234161,45.46274556917198,1.91071214155062
2024-02-27 03:00:00,3190.3108553860875,4941.7607199841605,49.36357810157961,3.1903108553860875
2024-02-27 04:00:00,2972.6145988628564,4917.995790432506,48.04227160303185,2.9726145988628563
2024-02-27 05:00:00,2423.0889138016983,4531.843446682506,44.706927806191075,2.423088913801698
2024-02-27 06:00:00,3603.6928296603305,4916.01723040083,51.872598227668796,3.6036928296603303
2024-02-27 07:00:00,2016.7382306970842,3502.103863349172,42.24058407180467,2.0167382306970842
2024-02-27 08:00:00,3781.751595792194,4941.760719984163,52.953325147694265,3.781751595792194
2024-02-27 09:00:00,2067.7965218568875,3731.816709567492,42.5504821517792,2.0677965218568874
2024-02-27 10:00:00,3501.609223341252,4917.995790432506,51.253002215414,3.501609223341252
2024-02-27 11:00:00,2576.23081128058,4761.556292900826,45.636421898420394,2.57623081128058
2024-02-27 12:00:00,2793.9270678038083,4916.017230400832,46.957728396968136,2.7939270678038084
2024-02-27 13:00:00,3343.45275286497,4941.760719984166,50.29307219380893,3.34345275286497
2024-02-27 14:00:00,2162.8488370063346,4016.9736550158364,43.1274017723312,2.162848837006335
2024-02-27 15:00:00,3749.8034359695826,4917.995790432501,52.75941592819534,3.7498034359695827
2024-02-27 16:00:00,1984.7900708744721,3216.9469179008347,42.046674852305735,1.9847900708744721
2024-02-27 17:00:00,3698.7451448097786,4916.0172304008365,52.4495178482208,3.6987451448097786
2024-02-27 18:00:00,354.22030177479235,1957.4944883491698,38.59975443082799,0.35422030177479236
2024-02-27 19:00:00,0.0,0.0,,0.0
2024-02-27 20:00:00,0.0,0.0,,0.0
2024-02-27 21:00:00,0.0,0.0,,0.0
2024-02-27 22:00:00,0.0,0.0,,0.0
2024-02-27 23:00:00,0.0,0.0,,0.0
2024-02-28 00:00:00,0.0,0.0,,0.0
2024-02-28 01:00:00,0.0,0.0,,0.0
2024-02-28 02:00:00,0.0,0.0,,0.0
2024-02-28 03:00:00,3147.0605005119487,4933.573474929286,49.42481721103759,3.1470605005119485
2024-02-28 04:00:00,2173.1754773776106,3922.18694173738,43.19007927192926,2.1731754773776104
2024-02-28 05:00:00,3614.19912570623,4933.573474929289,51.93636614661614,3.61419912570623
2024-02-28 06:00:00,2543.405437876595,4847.761842984843,45.437188434838475,2.543405437876595
2024-02-28 07:00:00,2605.598362959095,4933.573474929286,45.81466812781809,2.6055983629590953
2024-02-28 08:00:00,3593.3661892890555,4933.573474929283,51.80992072807074,3.5933661892890556
2024-02-28 09:00:00,2152.342540960436,3818.0222596515023,43.06363385338386,2.152342540960436
2024-02-28 10:00:00,3223.136228790072,4933.5734749292815,49.56281156516153,3.223136228790072
2024-02-28 11:00:00,3160.943303707571,4933.573474929289,49.185331872181905,3.160943303707571
2024-02-28 12:00:00,2173.175477377611,3922.1869417373823,43.19007927192926,2.173175477377611
2024-02-28 13:00:00,3614.199125706231,4933.573474929286,51.93636614661614,3.614199125706231
2024-02-28 14:00:00,2543.4054378765936,4847.7618429848335,45.43718843483847,2.5434054378765936
2024-02-28 15:00:00,2605.598362959097,4933.573474929283,45.814668127818095,2.605598362959097
2024-02-28 16:00:00,3593.366189289055,4933.573474929291,51.80992072807074,3.593366189289055
2024-02-28 17:00:00,2152.3425409604356,3818.022259651509,43.06363385338386,2.1523425409604355
2024-02-28 18:00:00,3223.1362287900733,4933.573474929279,49.56281156516154,3.2231362287900733
2024-02-28 19:00:00,13.882803195623085,832.968191737385,35.05569687969684,0.013882803195623085
2024-02-28 20:00:00,0.0,0.0,,0.0
2024-02-28 21:00:00,0.0,0.0,,0.0
2024-02-28 22:00:00,0.0,0.0,,0.0
2024-02-28 23:00:00,0.0,0.0,,0.0
2024-02-29 00:00:00,0.0,0.0,,0.0
2024-02-29 01:00:00,0.0,0.0,,0.0
2024-02-29 02:00:00,0.0,0.0,,0.0
2024-02-29 03:00:00,2441.429067746955,4786.410492833024,47.09797302943518,2.441429067746955
2024-02-29 04:00:00,2774.872181189125,4940.871430333024,46.84207484409969,2.7748721811891253
2024-02-29 05:00:00,3358.398248824815,4918.885080083642,50.38378381766111,3.3583982488248147
2024-02-29 06:00:00,2152.9071570334568,3992.119455083641,43.06706078822593,2.152907157033457
2024-02-29 07:00:00,3753.9458026249486,4915.127940749691,52.78455800490586,3.7539458026249486
2024-02-29 08:00:00,1986.4140415360905,3241.801117833022,42.05653153529568,1.9864140415360905
2024-02-29 09:00:00,3692.117358161193,4940.871430333024,52.40929052548395,3.692117358161193
2024-02-29 10:00:00,2277.359543291513,4271.540701166356,43.8224240147176,2.2773595432915132
2024-02-29 11:00:00,3172.117418103003,4918.885080083642,49.25315311174753,3.172117418103003
2024-02-29 12:00:00,2991.669485477543,4915.127940749696,48.157925155900315,2.991669485477543
2024-02-29 13:00:00,2408.14341784185,4506.989246750306,44.61621618233888,2.40814341784185
2024-02-29 14:00:00,3613.634509633211,4940.871430333029,51.93293921177408,3.613634509633211
2024-02-29 15:00:00,2012.5958640417177,3477.249663416973,42.21544199509413,2.012595864041718
2024-02-29 16:00:00,3780.127625130576,4918.885080083646,52.94346846470432,3.780127625130576
2024-02-29 17:00:00,2074.424308505474,3756.6709094996995,42.59070947451605,2.074424308505474
2024-02-29 18:00:00,3489.1821233751525,4915.127940749699,51.177575985282395,3.4891821233751523
2024-02-29 19:00:00,152.99518081670715,1417.770496750305,36.96452697056479,0.15299518081670715
2024-02-29 20:00:00,0.0,0.0,,0.0
2024-02-29 21:00:00,0.0,0.0,,0.0
2024-02-29 22:00:00,0.0,0.0,,0.0
2024-02-29 23:00:00,0.0,0.0,,0.0
2024-03-01 00:00:00,0.0,0.0,,0.0
2024-03-01 01:00:00,0.0,0.0,,0.0
2024-03-01 02:00:00,0.0,0.0,,0.0
2024-03-01 03:00:00,2795.3220855418335,4909.273653599797,48.17806655482163,2.7953220855418337
2024-03-01 04:00:00,2517.706741288755,4677.582247349798,45.281210305733175,2.517706741288755
2024-03-01 05:00:00,3541.6222515839827,4924.739367233536,51.49586111932011,3.541622251583983
2024-03-01 06:00:00,2046.5193212566196,3647.8426640164653,42.42134027367328,2.0465193212566195
2024-03-01 07:00:00,3784.29296875,4935.017143183133,52.96875,3.78429296875
2024-03-01 08:00:00,2032.7078994883732,3586.0779089001953,42.33751190828004,2.0327078994883734
2024-03-01 09:00:00,3568.9873332265797,4909.273653599799,51.66195336539324,3.5689873332265796
2024-03-01 10:00:00,2476.5302378779106,4615.81749223353,45.03128969426682,2.4765302378779106
2024-03-01 11:00:00,2907.376380954291,4924.739367233536,47.64630851825982,2.907376380954291
2024-03-01 12:00:00,3248.8349253779115,4935.017143183129,49.718789694266825,3.2488349253779116
2024-03-01 13:00:00,2224.9194150826834,4162.712455683132,43.50413888067989,2.224919415082683
2024-03-01 14:00:00,3720.022345410047,4909.273653599797,52.57865972632672,3.720022345410047
2024-03-01 15:00:00,1982.2486979166667,3132.9728723497988,42.03125,1.9822486979166667
2024-03-01 16:00:00,3733.833767178293,4924.739367233533,52.66248809171995,3.733833767178293
2024-03-01 17:00:00,2197.5543334400877,4100.947700566873,43.338046634606776,2.1975543334400878
2024-03-01 18:00:00,3290.011428788754,4935.017143183126,49.968710305733175,3.290011428788754
2024-03-01 19:00:00,63.843200170541984,1073.4937056831309,35.812440458599745,0.06384320017054199
2024-03-01 20:00:00,0.0,0.0,,0.0
2024-03-01 21:00:00,0.0,0.0,,0.0
2024-03-01 22:00:00,0.0,0.0,,0.0
2024-03-01 23:00:00,0.0,0.0,,0.0
2024-03-02 00:00:00,0.0,0.0,,0.0
2024-03-02 01:00:00,0.0,0.0,,0.0
2024-03-02 02:00:00,0.0,0.0,,0.0
2024-03-02 03:00:00,0.0,0.0,,0.0
2024-03-02 04:00:00,0.0,0.0,,0.0
2024-03-02 05:00:00,0.0,0.0,,0.0
2024-03-02 06:00:00,0.0,0.0,,0.0
2024-03-02 07:00:00,0.0,0.0,,0.0
2024-03-02 08:00:00,0.0,0.0,,0.0
2024-03-02 09:00:00,0.0,0.0,,0.0
2024-03-02 10:00:00,0.0,0.0,,0.0
2024-03-02 11:00:00,0.0,0.0,,0.0
2024-03-02 12:00:00,0.0,0.0,,0.0
2024-03-02 13:00:00,0.0,0.0,,0.0
2024-03-02 14:00:00,0.0,0.0,,0.0
2024-03-02 15:00:00,0.0,0.0,,0.0
2024-03-02 16:00:00,0.0,0.0,,0.0
2024-03-02 17:00:00,0.0,0.0,,0.0
2024-03-02 18:00:00,0.0,0.0,,0.0
2024-03-02 19:00:00,0.0,0.0,,0.0
2024-03-02 20:00:00,0.0,0.0,,0.0
2024-03-02 21:00:00,0.0,0.0,,0.0
2024-03-02 22:00:00,0.0,0.0,,0.0
2024-03-02 23:00:00,0.0,0.0,,0.0
2024-03-03 00:00:00,0.0,0.0,,0.0
2024-03-03 01:00:00,0.0,0.0,,0.0
2024-03-03 02:00:00,0.0,0.0,,0.0
2024-03-03 03:00:00,0.0,0.0,,0.0
2024-03-03 04:00:00,0.0,0.0,,0.0
2024-03-03 05:00:00,0.0,0.0,,0.0
2024-03-03 06:00:00,0.0,0.0,,0.0
2024-03-03 07:00:00,0.0,0.0,,0.0
2024-03-03 08:00:00,0.0,0.0,,0.0
2024-03-03 09:00:00,0.0,0.0,,0.0
2024-03-03 10:00:00,0.0,0.0,,0.0
2024-03-03 11:00:00,0.0,0.0,,0.0
2024-03-03 12:00:00,0.0,0.0,,0.0
2024-03-03 13:00:00,0.0,0.0,,0.0
2024-03-03 14:00:00,0.0,0.0,,0.0
2024-03-03 15:00:00,0.0,0.0,,0.0
2024-03-03 16:00:00,0.0,0.0,,0.0
2024-03-03 17:00:00,0.0,0.0,,0.0
2024-03-03 18:00:00,0.0,0.0,,0.0
2024-03-03 19:00:00,0.0,0.0,,0.0
2024-03-03 20:00:00,0.0,0.0,,0.0
2024-03-03 21:00:00,0.0,0.0,,0.0
2024-03-03 22:00:00,0.0,0.0,,0.0
2024-03-03 23:00:00,0.0,0.0,,0.0
2024-03-04 00:00:00,0.0,0.0,,0.0
2024-03-04 01:00:00,0.0,0.0,,0.0
2024-03-04 02:00:00,0.0,0.0,,0.0
2024-03-04 03:00:00,150.0639707544255,1425.8204924637469,36.8310947184757,0.15006397075442549
2024-03-04 04:00:00,3498.703329663841,4941.402597814031,51.235364906158566,3.498703329663841
2024-03-04 05:00:00,2113.9163603772126,3485.2996591304122,42.830406314565046,2.1139163603772126
2024-03-04 06:00:00,3394.6514495817332,4941.402597814031,50.60382246471134,3.3946514495817333
2024-03-04 07:00:00,2961.3097433949138,4941.402597814031,47.973656831085414,2.9613097433949136
2024-03-04 08:00:00,2267.8383370028255,4254.909542258479,43.76463509384144,2.2678383370028254
2024-03-04 09:00:00,3652.6253062894543,4941.4025978140335,52.169593685434954,3.6526253062894543
2024-03-04 10:00:00,2371.8902170849315,4515.039242463738,44.39617753528864,2.3718902170849314
2024-03-04 11:00:00,2805.2319232717546,4941.402597814036,47.0263431689146,2.8052319232717546
2024-03-04 12:00:00,3498.70332966384,4941.402597814038,51.23536490615856,3.49870332966384
2024-03-04 13:00:00,2113.916360377212,3485.299659130404,42.830406314565046,2.113916360377212
2024-03-04 14:00:00,3394.651449581735,4941.402597814031,50.60382246471136,3.394651449581735
2024-03-04 15:00:00,2961.309743394911,4941.4025978140335,47.97365683108539,2.961309743394911
2024-03-04 16:00:00,2267.838337002827,4254.909542258481,43.76463509384145,2.2678383370028268
2024-03-04 17:00:00,3652.6253062894543,4941.402597814045,52.169593685434954,3.6526253062894543
2024-03-04 18:00:00,2371.8902170849306,4515.039242463746,44.396177535288636,2.3718902170849305
2024-03-04 19:00:00,2655.1679525173317,4941.402597814038,48.5948429305206,2.6551679525173317
2024-03-04 20:00:00,0.0,0.0,,0.0
2024-03-04 21:00:00,0.0,0.0,,0.0
2024-03-04 22:00:00,0.0,0.0,,0.0
2024-03-04 23:00:00,0.0,0.0,,0.0
2024-03-05 00:00:00,0.0,0.0,,0.0
2024-03-05 01:00:00,0.0,0.0,,0.0
2024-03-05 02:00:00,0.0,0.0,,0.0
2024-03-05 03:00:00,153.10565042574856,1448.6330899986701,36.96955568171431,0.15310565042574856
2024-03-05 04:00:00,3506.3075288421487,4918.590000279107,51.281518560571435,3.506307528842149
2024-03-05 05:00:00,2115.437200212874,3508.1122566653366,42.83963704544762,2.115437200212874
2024-03-05 06:00:00,3384.0055707321026,4918.590000279109,50.539207348533324,3.3840055707321026
2024-03-05 07:00:00,2974.9973019158674,4918.590000279107,48.05673340902858,2.9749973019158675
2024-03-05 08:00:00,2260.2341378245173,4232.096944723553,43.718481439428565,2.260234137824517
2024-03-05 09:00:00,3651.1044664537926,4918.590000279109,52.16036295455238,3.6511044664537926
2024-03-05 10:00:00,2382.5360959345635,4537.851839998663,44.460792651466676,2.3825360959345634
2024-03-05 11:00:00,2791.544364750799,4918.590000279111,46.94326659097142,2.791544364750799
2024-03-05 12:00:00,3506.3075288421487,4918.590000279109,51.281518560571435,3.506307528842149
2024-03-05 13:00:00,2115.4372002128744,3508.1122566653344,42.83963704544762,2.1154372002128743
2024-03-05 14:00:00,3384.005570732103,4918.590000279102,50.539207348533324,3.384005570732103
2024-03-05 15:00:00,2974.9973019158665,4918.590000279114,48.056733409028574,2.9749973019158666
2024-03-05 16:00:00,2260.23413782452,4232.096944723561,43.71848143942858,2.26023413782452
2024-03-05 17:00:00,3651.1044664537926,4918.590000279125,52.16036295455238,3.6511044664537926
2024-03-05 18:00:00,2382.5360959345603,4537.851839998665,44.460792651466654,2.3825360959345603
2024-03-05 19:00:00,2638.4387143250565,4918.590000279119,48.477683653934086,2.6384387143250563
2024-03-05 20:00:00,0.0,0.0,,0.0
2024-03-05 21:00:00,0.0,0.0,,0.0
2024-03-05 22:00:00,0.0,0.0,,0.0
2024-03-05 23:00:00,0.0,0.0,,0.0
2024-03-06 00:00:00,0.0,0.0,,0.0
2024-03-06 01:00:00,64.7355231320528,1086.8785501057926,35.89367971461712,0.0647355231320528
2024-03-06 02:00:00,3298.7462588170015,4937.09801239421,50.0217263192575,3.2987462588170016
2024-03-06 03:00:00,2191.7542341902677,4087.562856144207,43.30284295699925,2.1917542341902676
2024-03-06 04:00:00,3736.510736062825,4911.354522810876,52.67873594292342,3.736510736062825
2024-03-06 05:00:00,1982.4370975035263,3146.3577167724566,42.03239349048724,1.9824370975035264
2024-03-06 06:00:00,3716.899215044759,4922.658498022454,52.55970389992267,3.716899215044759
2024-03-06 07:00:00,2231.165675813259,4176.097300105791,43.542050533487995,2.231165675813259
2024-03-06 08:00:00,3239.723296175943,4937.098012394203,49.663486699768,3.2397232961759426
2024-03-06 09:00:00,2917.6380950116654,4911.354522810869,47.708591947873146,2.9176380950116654
2024-03-06 10:00:00,2467.7954078496623,4602.432647810871,44.97827368074248,2.4677954078496622
2024-03-06 11:00:00,3574.7874324764,4922.658498022459,51.69715704300076,3.5747874324764
2024-03-06 12:00:00,2030.0309306038403,3572.6930644775357,42.32126405707657,2.03003093060384
2024-03-06 13:00:00,3784.10456916314,4937.098012394207,52.96760650951276,3.78410456916314
2024-03-06 14:00:00,2049.642451621908,3661.227508439126,42.44029610007733,2.0496424516219083
2024-03-06 15:00:00,3535.3759908534053,4911.354522810864,51.457949466512,3.5353759908534053
2024-03-06 16:00:00,2526.818370490725,4690.967091772469,45.336513300232006,2.526818370490725
2024-03-06 17:00:00,2784.1680485229463,4922.658498022473,48.10553150480611,2.7841680485229463
2024-03-06 18:00:00,0.0,0.0,,0.0
2024-03-06 19:00:00,0.0,0.0,,0.0
2024-03-06 20:00:00,0.0,0.0,,0.0
2024-03-06 21:00:00,0.0,0.0,,0.0
2024-03-06 22:00:00,0.0,0.0,,0.0
2024-03-06 23:00:00,0.0,0.0,,0.0
2024-03-07 00:00:00,0.0,0.0,,0.0
2024-03-07 01:00:00,0.0,0.0,,0.0
2024-03-07 02:00:00,497.2514650563185,2265.342003138374,39.53073360612032,0.4972514650563185
2024-03-07 03:00:00,3761.9706004184495,4917.091590611626,52.83326448081604,3.7619706004184494
2024-03-07 04:00:00,1989.9660727786693,3295.0815864717083,42.078090573741356,1.9899660727786692
2024-03-07 05:00:00,3676.195836558487,4916.921430221707,52.312654918163894,3.676195836558487
2024-03-07 06:00:00,2304.8550579238,4324.821169805041,43.98930792326418,2.3048550579238
2024-03-07 07:00:00,3133.045074434636,4942.664919805038,49.01600368884509,3.133045074434636
2024-03-07 08:00:00,3033.375961086645,4917.0915906116215,48.41106243135893,3.033375961086645
2024-03-07 09:00:00,2376.1751366586395,4453.7087781116215,44.422184836327794,2.3761751366586394
2024-03-07 10:00:00,3633.2333004562943,4916.921430221707,52.0518939889108,3.6332333004562942
2024-03-07 11:00:00,2004.571066248216,3423.969194778288,42.16673551918395,2.004571066248216
2024-03-07 12:00:00,3776.5755938879965,4942.664919805041,52.92190942625864,3.7765755938879964
2024-03-07 13:00:00,2090.34583010818,3809.951378138375,42.687345081836106,2.09034583010818
2024-03-07 14:00:00,3461.6866087428643,4917.091590611626,51.010692076735815,3.4616866087428644
2024-03-07 15:00:00,2633.4965922320334,4839.69096147171,45.983996311154925,2.6334965922320333
2024-03-07 16:00:00,2733.165705580019,4916.9214302217115,46.58893756864106,2.7331657055800194
2024-03-07 17:00:00,3390.366530008028,4942.6649198050545,50.57781516367221,3.390366530008028
2024-03-07 18:00:00,1636.0569011540513,3938.838986444953,44.53176639387964,1.6360569011540513
2024-03-07 19:00:00,0.0,0.0,,0.0
2024-03-07 20:00:00,0.0,0.0,,0.0
2024-03-07 21:00:00,0.0,0.0,,0.0
2024-03-07 22:00:00,0.0,0.0,,0.0
2024-03-07 23:00:00,0.0,0.0,,0.0
2024-03-08 00:00:00,0.0,0.0,,0.0
2024-03-08 01:00:00,0.0,0.0,,0.0
2024-03-08 02:00:00,0.0,0.0,,0.0
2024-03-08 03:00:00,106.45121799948896,1279.041259856001,36.46105212682144,0.10645121799948896
2024-03-08 04:00:00,3442.941851164622,4916.558566532887,50.89692085072857,3.442941851164622
2024-03-08 05:00:00,2110.966145833333,3371.9491915328886,42.8125,2.110966145833333
2024-03-08 06:00:00,3456.3133571687117,4916.55856653289,50.97807914927143,3.4563133571687117
2024-03-08 07:00:00,2873.242203830266,4916.558566532887,47.439131276092866,2.8732422038302663
2024-03-08 08:00:00,2323.5998155020443,4401.688774866223,44.10307914927143,2.3235998155020443
2024-03-08 09:00:00,3655.5755208333335,4916.55856653289,52.1875,3.6555755208333336
2024-03-08 10:00:00,2310.228309497955,4368.260009855994,44.02192085072857,2.3102283094979548
2024-03-08 11:00:00,2893.299462836401,4916.558566532892,47.56086872390714,2.893299462836401
2024-03-08 12:00:00,3442.9418511646218,4916.55856653289,50.89692085072857,3.4429418511646217
2024-03-08 13:00:00,2110.9661458333335,3371.949191532887,42.8125,2.1109661458333333
2024-03-08 14:00:00,3456.313357168712,4916.558566532883,50.97807914927144,3.456313357168712
2024-03-08 15:00:00,2873.2422038302643,4916.5585665328945,47.43913127609285,2.8732422038302645
2024-03-08 16:00:00,2323.5998155020434,4401.68877486622,44.103079149271416,2.3235998155020434
2024-03-08 17:00:00,3655.5755208333335,4916.558566532887,52.1875,3.6555755208333336
2024-03-08 18:00:00,2310.2283094979557,4368.260009856005,44.02192085072857,2.3102283094979557
2024-03-08 19:00:00,2786.848244836911,4916.55856653288,48.79418167913888,2.7868482448369107
2024-03-08 20:00:00,0.0,0.0,,0.0
2024-03-08 21:00:00,0.0,0.0,,0.0
2024-03-08 22:00:00,0.0,0.0,,0.0
2024-03-08 23:00:00,0.0,0.0,,0.0
2024-03-09 00:00:00,0.0,0.0,,0.0
2024-03-09 01:00:00,0.0,0.0,,0.0
2024-03-09 02:00:00,0.0,0.0,,0.0
2024-03-09 03:00:00,0.0,0.0,,0.0
2024-03-09 04:00:00,0.0,0.0,,0.0
2024-03-09 05:00:00,0.0,0.0,,0.0
2024-03-09 06:00:00,0.0,0.0,,0.0
2024-03-09 07:00:00,0.0,0.0,,0.0
2024-03-09 08:00:00,0.0,0.0,,0.0
2024-03-09 09:00:00,0.0,0.0,,0.0
2024-03-09 10:00:00,0.0,0.0,,0.0
2024-03-09 11:00:00,0.0,0.0,,0.0
2024-03-09 12:00:00,0.0,0.0,,0.0
2024-03-09 13:00:00,0.0,0.0,,0.0
2024-03-09 14:00:00,0.0,0.0,,0.0
2024-03-09 15:00:00,0.0,0.0,,0.0
2024-03-09 16:00:00,0.0,0.0,,0.0
2024-03-09 17:00:00,0.0,0.0,,0.0
2024-03-09 18:00:00,0.0,0.0,,0.0
2024-03-09 19:00:00,0.0,0.0,,0.0
2024-03-09 20:00:00,0.0,0.0,,0.0
2024-03-09 21:00:00,0.0,0.0,,0.0
2024-03-09 22:00:00,0.0,0.0,,0.0
2024-03-09 23:00:00,0.0,0.0,,0.0
2024-03-10 00:00:00,0.0,0.0,,0.0
2024-03-10 01:00:00,0.0,0.0,,0.0
2024-03-10 02:00:00,0.0,0.0,,0.0
2024-03-10 03:00:00,0.0,0.0,,0.0
2024-03-10 04:00:00,0.0,0.0,,0.0
2024-03-10 05:00:00,0.0,0.0,,0.0
2024-03-10 06:00:00,0.0,0.0,,0.0
2024-03-10 07:00:00,0.0,0.0,,0.0
2024-03-10 08:00:00,0.0,0.0,,0.0
2024-03-10 09:00:00,0.0,0.0,,0.0
2024-03-10 10:00:00,0.0,0.0,,0.0
2024-03-10 11:00:00,0.0,0.0,,0.0
2024-03-10 12:00:00,0.0,0.0,,0.0
2024-03-10 13:00:00,0.0,0.0,,0.0
2024-03-10 14:00:00,0.0,0.0,,0.0
2024-03-10 15:00:00,0.0,0.0,,0.0
2024-03-10 16:00:00,0.0,0.0,,0.0
2024-03-10 17:00:00,0.0,0.0,,0.0
2024-03-10 18:00:00,0.0,0.0,,0.0
2024-03-10 19:00:00,0.0,0.0,,0.0
2024-03-10 20:00:00,0.0,0.0,,0.0
2024-03-10 21:00:00,0.0,0.0,,0.0
2024-03-10 22:00:00,0.0,0.0,,0.0
2024-03-10 23:00:00,0.0,0.0,,0.0
2024-03-11 00:00:00,0.0,0.0,,0.0
2024-03-11 01:00:00,0.0,0.0,,0.0
2024-03-11 02:00:00,1616.2785096569144,4117.003329493543,45.09230077921663,1.6162785096569143
2024-03-11 03:00:00,3044.0534710538736,4910.380351062013,48.47586953247003,3.0440534710538736
2024-03-11 04:00:00,3328.5138175245493,4910.380351062013,50.202400389608314,3.3285138175245494
2024-03-11 05:00:00,2124.8915073284234,3623.2058718953463,42.89701992207834,2.1248915073284236
2024-03-11 06:00:00,3542.8906678186036,4910.380351062015,51.50355976623501,3.5428906678186034
2024-03-11 07:00:00,2722.488195612792,4910.380351062013,46.52413046752997,2.722488195612792
2024-03-11 08:00:00,2438.027849142118,4652.945455228681,44.79759961039169,2.4380278491421183
2024-03-11 09:00:00,3641.650159338243,4910.38035106201,52.102980077921664,3.6416501593382433
2024-03-11 10:00:00,2223.650998848062,4117.003329493541,43.49644023376498,2.223650998848062
2024-03-11 11:00:00,3044.0534710538755,4910.380351062008,48.475869532470035,3.0440534710538754
2024-03-11 12:00:00,3328.513817524548,4910.38035106202,50.20240038960831,3.328513817524548
2024-03-11 13:00:00,2124.8915073284234,3623.205871895353,42.897019922078336,2.1248915073284236
2024-03-11 14:00:00,3542.890667818605,4910.380351062013,51.50355976623502,3.5428906678186047
2024-03-11 15:00:00,2722.488195612791,4910.380351062025,46.524130467529965,2.722488195612791
2024-03-11 16:00:00,2438.027849142121,4652.945455228686,44.79759961039171,2.438027849142121
2024-03-11 17:00:00,3641.6501593382427,4910.380351062017,52.10298007792166,3.641650159338243
2024-03-11 18:00:00,607.3724891911518,2593.466288562021,40.53269922078343,0.6073724891911517
2024-03-11 19:00:00,0.0,0.0,,0.0
2024-03-11 20:00:00,0.0,0.0,,0.0
2024-03-11 21:00:00,0.0,0.0,,0.0
2024-03-11 22:00:00,0.0,0.0,,0.0
2024-03-11 23:00:00,0.0,0.0,,0.0
2024-03-12 00:00:00,0.0,0.0,,0.0
2024-03-12 01:00:00,0.0,0.0,,0.0
2024-03-12 02:00:00,1316.8898212252484,3739.8151410102423,44.10504201462896,1.3168898212252484
2024-03-12 03:00:00,3267.401195627871,4941.1779882324645,49.83147759219789,3.267401195627871
2024-03-12 04:00:00,3114.0190325228114,4941.177988232462,48.90052520877737,3.1140190325228114
2024-03-12 05:00:00,2191.4762054528246,4000.394060378648,43.301155462765614,2.1914762054528247
2024-03-12 06:00:00,3627.181245087523,4941.1779882324645,52.01516106471614,3.6271812450875234
2024-03-12 07:00:00,2499.1404710387947,4769.554724343575,45.16852240780211,2.4991404710387948
2024-03-12 08:00:00,2652.5226341438556,4941.177988232466,46.09947479122263,2.6525226341438555
2024-03-12 09:00:00,3575.065461213842,4941.1779882324645,51.69884453723439,3.5750654612138417
2024-03-12 10:00:00,2139.3604215791424,3739.8151410102355,42.984838935283854,2.1393604215791426
2024-03-12 11:00:00,3267.4011956278723,4941.177988232462,49.8314775921979,3.267401195627872
2024-03-12 12:00:00,3114.01903252281,4941.177988232459,48.90052520877736,3.11401903252281
2024-03-12 13:00:00,2191.4762054528246,4000.394060378649,43.301155462765614,2.1914762054528247
2024-03-12 14:00:00,3627.181245087524,4941.177988232457,52.015161064716146,3.6271812450875243
2024-03-12 15:00:00,2499.1404710387937,4769.554724343568,45.1685224078021,2.499140471038794
2024-03-12 16:00:00,2652.522634143856,4941.1779882324545,46.09947479122264,2.652522634143856
2024-03-12 17:00:00,3575.0654612138414,4941.177988232462,51.698844537234386,3.5750654612138413
2024-03-12 18:00:00,822.470600353897,2970.6544770453183,41.51995798537108,0.822470600353897
2024-03-12 19:00:00,0.0,0.0,,0.0
2024-03-12 20:00:00,0.0,0.0,,0.0
2024-03-12 21:00:00,0.0,0.0,,0.0
2024-03-12 22:00:00,0.0,0.0,,0.0
2024-03-12 23:00:00,0.0,0.0,,0.0
2024-03-13 00:00:00,0.0,0.0,,0.0
2024-03-13 01:00:00,0.0,0.0,,0.0
2024-03-13 02:00:00,0.0,0.0,,0.0
2024-03-13 03:00:00,922.9240707915607,2990.7246399997807,41.58969042031125,0.9229240707915607
2024-03-13 04:00:00,3749.22167458337,4921.486358749782,52.755884929948124,3.74922167458337
2024-03-13 05:00:00,2164.245064333246,4020.464223333115,43.1358761681245,2.164245064333246
2024-03-13 06:00:00,3341.2420595973604,4938.270151666884,50.27965440046954,3.34124205959736
2024-03-13 07:00:00,2796.603170180388,4912.526662083551,46.97397098890529,2.796603170180388
2024-03-13 08:00:00,2573.7874134584854,4758.065724583551,45.621591705782116,2.5737874134584855
2024-03-13 09:00:00,3503.354507499891,4921.4863587497775,51.26359521015563,3.503354507499891
2024-03-13 10:00:00,2066.865703638947,3728.3261412502175,42.544832554583664,2.0668657036389466
2024-03-13 11:00:00,3781.8679480694364,4938.270151666875,52.95403134734371,3.7818679480694364
2024-03-13 12:00:00,2017.3199920832972,3505.59443166645,42.244115070051876,2.0173199920832974
2024-03-13 13:00:00,3602.29660233342,4912.526662083551,51.864123831875496,3.6022966023334204
2024-03-13 14:00:00,2425.299607069307,4535.334014999784,44.72034559953047,2.425299607069307
2024-03-13 15:00:00,2969.938496486277,4921.4863587497775,48.0260290110947,2.969938496486277
2024-03-13 16:00:00,3192.754253208179,4938.270151666879,49.37840829421786,3.1927542532081787
2024-03-13 17:00:00,2263.1871591667764,4243.195932916887,43.73640478984438,2.2631871591667765
2024-03-13 18:00:00,3699.6759630277197,4912.5266620835555,52.455167445416336,3.69967596302772
2024-03-13 19:00:00,1061.749647805669,3213.456349583553,42.47280957968876,1.061749647805669
2024-03-13 20:00:00,0.0,0.0,,0.0
2024-03-13 21:00:00,0.0,0.0,,0.0
2024-03-13 22:00:00,0.0,0.0,,0.0
2024-03-13 23:00:00,0.0,0.0,,0.0
2024-03-14 00:00:00,0.0,0.0,,0.0
2024-03-14 01:00:00,64.84583378861355,1088.5332099542031,35.90372266549514,0.06484583378861354
2024-03-14 02:00:00,3299.7942100543282,4935.443352545796,50.02808685481359,3.299794210054328
2024-03-14 03:00:00,2191.037214922623,4085.9081962957966,43.29849101161878,2.1910372149226234
2024-03-14 04:00:00,3736.841668032507,4909.699862962463,52.68074453309903,3.736841668032507
2024-03-14 05:00:00,1982.4922528318066,3148.0123766208685,42.03272825551651,1.9824922528318065
2024-03-14 06:00:00,3716.5131277467963,4924.313157870865,52.557360544717795,3.716513127746796
2024-03-14 07:00:00,2231.9378504091846,4177.751959954203,43.54673724389774,2.2319378504091847
2024-03-14 08:00:00,3238.565034282055,4935.443352545792,49.65645663415339,3.238565034282055
2024-03-14 09:00:00,2918.906667562114,4909.699862962459,47.71629154354629,2.918906667562114
2024-03-14 10:00:00,2466.7474566123356,4600.7779879624595,44.9719131451864,2.4667474566123357
2024-03-14 11:00:00,3575.504451744045,4924.31315787087,51.701508988381235,3.5755044517440453
2024-03-14 12:00:00,2029.6999986341582,3571.038404629125,42.31925546690096,2.0296999986341584
2024-03-14 13:00:00,3784.0494138348595,4935.443352545796,52.96727174448349,3.7840494138348593
2024-03-14 14:00:00,2050.0285389198707,3662.8821682875373,42.442639455282205,2.0500285389198707
2024-03-14 15:00:00,3534.60381625748,4909.699862962454,51.453262756102255,3.53460381625748
2024-03-14 16:00:00,2527.9766323846125,4692.621751620879,45.343543365846614,2.5279766323846125
2024-03-14 17:00:00,2782.789165315937,4924.3131578708835,48.096564584379315,2.782789165315937
2024-03-14 18:00:00,0.0,0.0,,0.0
2024-03-14 19:00:00,0.0,0.0,,0.0
2024-03-14 20:00:00,0.0,0.0,,0.0
2024-03-14 21:00:00,0.0,0.0,,0.0
2024-03-14 22:00:00,0.0,0.0,,0.0
2024-03-14 23:00:00,0.0,0.0,,0.0
2024-03-15 00:00:00,0.0,0.0,,0.0
2024-03-15 01:00:00,1855.642861488395,4410.056828415962,46.08973773843417,1.855642861488395
2024-03-15 02:00:00,2868.221371700424,4924.926620082629,47.40865735693949,2.868221371700424
2024-03-15 03:00:00,3459.6605785886063,4924.926620082629,50.99839509537367,3.4596605785886063
2024-03-15 04:00:00,2110.9661458333335,3380.317245082626,42.8125,2.1109661458333333
2024-03-15 05:00:00,3439.594629744727,4924.926620082623,50.87660490462633,3.439594629744727
2024-03-15 06:00:00,2898.320294966242,4924.926620082623,47.59134264306049,2.8983202949662417
2024-03-15 07:00:00,2306.881088078061,4359.891956306264,44.00160490462634,2.306881088078061
2024-03-15 08:00:00,3655.5755208333335,4924.926620082619,52.1875,3.6555755208333336
2024-03-15 09:00:00,2326.9470369219384,4410.0568284159535,44.12339509537366,2.3269470369219385
2024-03-15 10:00:00,2868.2213717004256,4924.926620082629,47.408657356939514,2.8682213717004257
2024-03-15 11:00:00,3459.6605785886054,4924.926620082623,50.99839509537366,3.4596605785886054
2024-03-15 12:00:00,2110.966145833333,3380.317245082619,42.8125,2.110966145833333
2024-03-15 13:00:00,3439.5946297447285,4924.926620082623,50.87660490462634,3.4395946297447284
2024-03-15 14:00:00,2898.32029496624,4924.926620082619,47.591342643060486,2.89832029496624
2024-03-15 15:00:00,2306.881088078061,4359.8919563062655,44.00160490462634,2.306881088078061
2024-03-15 16:00:00,3655.5755208333335,4924.926620082629,52.1875,3.6555755208333336
2024-03-15 17:00:00,471.30417543354656,2300.4127896396003,39.53526226156586,0.4713041754335466
2024-03-15 18:00:00,0.0,0.0,,0.0
2024-03-15 19:00:00,0.0,0.0,,0.0
2024-03-15 20:00:00,0.0,0.0,,0.0
2024-03-15 21:00:00,0.0,0.0,,0.0
2024-03-15 22:00:00,0.0,0.0,,0.0
2024-03-15 23:00:00,0.0,0.0,,0.0
2024-03-16 00:00:00,0.0,0.0,,0.0
2024-03-16 01:00:00,0.0,0.0,,0.0
2024-03-16 02:00:00,0.0,0.0,,0.0
2024-03-16 03:00:00,0.0,0.0,,0.0
2024-03-16 04:00:00,0.0,0.0,,0.0
2024-03-16 05:00:00,0.0,0.0,,0.0
2024-03-16 06:00:00,0.0,0.0,,0.0
2024-03-16 07:00:00,0.0,0.0,,0.0
2024-03-16 08:00:00,0.0,0.0,,0.0
2024-03-16 09:00:00,0.0,0.0,,0.0
2024-03-16 10:00:00,0.0,0.0,,0.0
2024-03-16 11:00:00,0.0,0.0,,0.0
2024-03-16 12:00:00,0.0,0.0,,0.0
2024-03-16 13:00:00,0.0,0.0,,0.0
2024-03-16 14:00:00,0.0,0.0,,0.0
2024-03-16 15:00:00,0.0,0.0,,0.0
2024-03-16 16:00:00,0.0,0.0,,0.0
2024-03-16 17:00:00,0.0,0.0,,0.0
2024-03-16 18:00:00,0.0,0.0,,0.0
2024-03-16 19:00:00,0.0,0.0,,0.0
2024-03-16 20:00:00,0.0,0.0,,0.0
2024-03-16 21:00:00,0.0,0.0,,0.0
2024-03-16 22:00:00,0.0,0.0,,0.0
2024-03-16 23:00:00,0.0,0.0,,0.0
2024-03-17 00:00:00,0.0,0.0,,0.0
2024-03-17 01:00:00,0.0,0.0,,0.0
2024-03-17 02:00:00,0.0,0.0,,0.0
2024-03-17 03:00:00,0.0,0.0,,0.0
2024-03-17 04:00:00,0.0,0.0,,0.0
2024-03-17 05:00:00,0.0,0.0,,0.0
2024-03-17 06:00:00,0.0,0.0,,0.0
2024-03-17 07:00:00,0.0,0.0,,0.0
2024-03-17 08:00:00,0.0,0.0,,0.0
2024-03-17 09:00:00,0.0,0.0,,0.0
2024-03-17 10:00:00,0.0,0.0,,0.0
2024-03-17 11:00:00,0.0,0.0,,0.0
2024-03-17 12:00:00,0.0,0.0,,0.0
2024-03-17 13:00:00,0.0,0.0,,0.0
2024-03-17 14:00:00,0.0,0.0,,0.0
2024-03-17 15:00:00,0.0,0.0,,0.0
2024-03-17 16:00:00,0.0,0.0,,0.0
2024-03-17 17:00:00,0.0,0.0,,0.0
2024-03-17 18:00:00,0.0,0.0,,0.0
2024-03-17 19:00:00,0.0,0.0,,0.0
2024-03-17 20:00:00,0.0,0.0,,0.0
2024-03-17 21:00:00,0.0,0.0,,0.0
2024-03-17 22:00:00,0.0,0.0,,0.0
2024-03-17 23:00:00,0.0,0.0,,0.0
2024-03-18 00:00:00,0.0,0.0,,0.0
2024-03-18 01:00:00,0.0,0.0,,0.0
2024-03-18 02:00:00,1100.5084567542067,3260.525622039138,42.524121327686835,1.1005084567542067
2024-03-18 03:00:00,3686.562625888258,4925.904065460862,52.375576101693945,3.686562625888258
2024-03-18 04:00:00,2286.7217953945687,4290.265205372471,43.87924816384342,2.286721795394569
2024-03-18 05:00:00,3158.3861150185203,4908.108955372469,49.16981102636298,3.15838611501852
2024-03-18 06:00:00,3006.5864698535324,4933.852444955807,48.24846372881614,3.0065864698535325
2024-03-18 07:00:00,2396.9087153181836,4488.2647425441955,44.54802720338789,2.3969087153181836
2024-03-18 08:00:00,3620.5627801643504,4925.90406546086,51.974990320151846,3.6205627801643505
2024-03-18 09:00:00,2009.4751133406987,3458.5251592108607,42.19650061205219,2.0094751133406987
2024-03-18 10:00:00,3778.8793248501684,4908.108955372469,52.93589191148754,3.7788793248501684
2024-03-18 11:00:00,2079.9790407784085,3775.395413705802,42.624423898306055,2.0799790407784085
2024-03-18 12:00:00,3479.8198712720964,4933.852444955802,51.12075183615657,3.4798198712720962
2024-03-18 13:00:00,2608.1555516481467,4805.134997039136,45.83018897363703,2.6081555516481467
2024-03-18 14:00:00,2759.9551968131323,4925.904065460854,46.751536271183845,2.759955196813132
2024-03-18 15:00:00,3369.632951348484,4908.108955372473,50.45197279661212,3.3696329513484837
2024-03-18 16:00:00,2145.9788865023147,3973.3949508775263,43.025009679848154,2.1459788865023146
2024-03-18 17:00:00,3757.066553325968,4933.852444955807,52.80349938794781,3.757066553325968
2024-03-18 18:00:00,887.1538850622896,2943.655367544193,41.53837867231314,0.8871538850622896
2024-03-18 19:00:00,0.0,0.0,,0.0
2024-03-18 20:00:00,0.0,0.0,,0.0
2024-03-18 21:00:00,0.0,0.0,,0.0
2024-03-18 22:00:00,0.0,0.0,,0.0
2024-03-18 23:00:00,0.0,0.0,,0.0
2024-03-19 00:00:00,0.0,0.0,,0.0
2024-03-19 01:00:00,0.0,0.0,,0.0
2024-03-19 02:00:00,0.0,0.0,,0.0
2024-03-19 03:00:00,2971.0665780858913,4929.136087132817,48.98197462899179,2.971066578085891
2024-03-19 04:00:00,2235.599419889845,4156.831399632817,43.56896112421129,2.2355994198898452
2024-03-19 05:00:00,3645.6329663521706,4929.136087132817,52.12715370807043,3.6456329663521707
2024-03-19 06:00:00,2418.1138140724797,4613.117385089405,44.67673145964785,2.4181138140724796
2024-03-19 07:00:00,2746.3850376963574,4929.13608713282,46.66917224842258,2.7463850376963572
2024-03-19 08:00:00,3530.942246776822,4929.136087132817,51.43103887578871,3.5309422467768217
2024-03-19 09:00:00,2120.9087003144955,3583.3778017560653,42.87284629192957,2.1209087003144953
2024-03-19 10:00:00,3348.427852594187,4929.13608713282,50.32326854035215,3.348427852594187
2024-03-19 11:00:00,3020.1566289703087,4929.136087132822,48.33082775157742,3.020156628970309
2024-03-19 12:00:00,2235.5994198898456,4156.83139963282,43.5689611242113,2.2355994198898457
2024-03-19 13:00:00,3645.6329663521706,4929.136087132824,52.12715370807043,3.6456329663521707
2024-03-19 14:00:00,2418.113814072479,4613.117385089398,44.67673145964784,2.4181138140724787
2024-03-19 15:00:00,2746.3850376963587,4929.136087132817,46.66917224842259,2.7463850376963586
2024-03-19 16:00:00,3530.942246776821,4929.136087132826,51.4310388757887,3.530942246776821
2024-03-19 17:00:00,2120.908700314495,3583.377801756072,42.87284629192957,2.120908700314495
2024-03-19 18:00:00,3348.4278525941886,4929.136087132822,50.32326854035217,3.3484278525941886
2024-03-19 19:00:00,49.090050884418794,1067.6126496328218,35.95903708070432,0.04909005088441879
2024-03-19 20:00:00,0.0,0.0,,0.0
2024-03-19 21:00:00,0.0,0.0,,0.0
2024-03-19 22:00:00,0.0,0.0,,0.0
2024-03-19 23:00:00,0.0,0.0,,0.0
2024-03-20 00:00:00,0.0,0.0,,0.0
2024-03-20 01:00:00,14.592681994582154,875.5609196749292,35.314213259875146,0.014592681994582154
2024-03-20 02:00:00,3247.272107954682,4908.707621063816,49.709304180595915,3.247272107954682
2024-03-20 03:00:00,2145.2437529708454,3775.4295317139604,43.020547790020814,2.1452437529708455
2024-03-20 04:00:00,3583.4278861036273,4908.707621063814,51.749600239362465,3.5834278861036273
2024-03-20 05:00:00,2631.153999721623,4908.707621063816,45.96977795592508,2.631153999721623
2024-03-20 06:00:00,2519.2695587119856,4805.169115047292,45.290695819404085,2.5192695587119855
2024-03-20 07:00:00,3621.297913695821,4908.707621063816,51.979452209979186,3.621297913695821
2024-03-20 08:00:00,2183.1137805630383,3964.779669674924,43.25039976063753,2.1831137805630383
2024-03-20 09:00:00,3135.3876669450424,4908.707621063814,49.03022204407491,3.1353876669450425
2024-03-20 10:00:00,3247.272107954682,4908.707621063821,49.709304180595915,3.247272107954682
2024-03-20 11:00:00,2145.243752970845,3775.4295317139604,43.020547790020814,2.145243752970845
2024-03-20 12:00:00,3583.427886103628,4908.707621063819,51.74960023936247,3.583427886103628
2024-03-20 13:00:00,2631.153999721623,4908.707621063816,45.96977795592508,2.631153999721623
2024-03-20 14:00:00,2519.2695587119856,4805.169115047296,45.290695819404085,2.5192695587119855
2024-03-20 15:00:00,3621.2979136958215,4908.707621063814,51.979452209979186,3.6212979136958214
2024-03-20 16:00:00,2183.113780563038,3964.7796696749315,43.25039976063753,2.183113780563038
2024-03-20 17:00:00,3120.7949849504625,4908.707621063821,49.26269676923086,3.1207949849504626
2024-03-20 18:00:00,0.0,0.0,,0.0
2024-03-20 19:00:00,0.0,0.0,,0.0
2024-03-20 20:00:00,0.0,0.0,,0.0
2024-03-20 21:00:00,0.0,0.0,,0.0
2024-03-20 22:00:00,0.0,0.0,,0.0
2024-03-20 23:00:00,0.0,0.0,,0.0
2024-03-21 00:00:00,0.0,0.0,,0.0
2024-03-21 01:00:00,0.0,0.0,,0.0
2024-03-21 02:00:00,0.0,0.0,,0.0
2024-03-21 03:00:00,1557.2148456474158,4046.2754735734047,44.92343502666238,1.5572148456474157
2024-03-21 04:00:00,3086.490184605957,4904.39179301785,48.73343898400257,3.086490184605957
2024-03-21 05:00:00,3291.871282665075,4904.391793017849,49.9799986808866,3.291871282665075
2024-03-21 06:00:00,2133.2428998198425,3693.933727815485,42.94770866311168,2.1332428998198423
2024-03-21 07:00:00,3562.8304176952397,4904.391793017846,51.62458399289003,3.5628304176952397
2024-03-21 08:00:00,2680.051482060708,4904.391793017843,46.266561015997425,2.680051482060708
2024-03-21 09:00:00,2474.670384001592,4723.673311148819,45.0200013191134,2.474670384001592
2024-03-21 10:00:00,3633.2987668468245,4904.39179301785,52.05229133688832,3.6332987668468246
2024-03-21 11:00:00,2203.7112489714254,4046.2754735734025,43.37541600710996,2.2037112489714255
2024-03-21 12:00:00,3086.490184605959,4904.391793017853,48.73343898400258,3.086490184605959
2024-03-21 13:00:00,3291.8712826650735,4904.391793017841,49.979998680886595,3.2918712826650736
2024-03-21 14:00:00,2133.242899819842,3693.9337278154917,42.94770866311168,2.133242899819842
2024-03-21 15:00:00,3562.8304176952415,4904.391793017849,51.62458399289004,3.5628304176952414
2024-03-21 16:00:00,2680.0514820607045,4904.391793017837,46.2665610159974,2.6800514820607044
2024-03-21 17:00:00,2474.6703840015957,4723.673311148825,45.020001319113426,2.4746703840015956
2024-03-21 18:00:00,3633.2987668468236,4904.391793017843,52.05229133688831,3.6332987668468237
2024-03-21 19:00:00,646.496403324014,2664.1941444821596,40.701564973337675,0.6464964033240139
2024-03-21 20:00:00,0.0,0.0,,0.0
2024-03-21 21:00:00,0.0,0.0,,0.0
2024-03-21 22:00:00,0.0,0.0,,0.0
2024-03-21 23:00:00,0.0,0.0,,0.0
2024-03-22 00:00:00,0.0,0.0,,0.0
2024-03-22 01:00:00,0.0,0.0,,0.0
2024-03-22 02:00:00,1910.5474701223502,4246.4669393298,45.46141293913186,1.9105474701223502
2024-03-22 03:00:00,3190.464548719139,4941.5411580798,49.364510942607694,3.190464548719139
2024-03-22 04:00:00,2972.4462680695137,4918.215352336864,48.04124992000109,2.972446268069514
2024-03-22 05:00:00,2423.227969674459,4532.063008586865,44.70777180521648,2.423227969674459
2024-03-22 06:00:00,3603.6050048985867,4915.797668496469,51.87206517565275,3.603605004898587
2024-03-22 07:00:00,2016.774824347811,3502.3234252535317,42.240806176811354,2.016774824347811
2024-03-22 08:00:00,3781.7589145223396,4941.541158079803,52.95336956869561,3.7817589145223396
2024-03-22 09:00:00,2067.7379720157246,3731.597147663131,42.5501267837685,2.0677379720157245
2024-03-22 10:00:00,3501.719004293432,4918.215352336864,51.25366853043406,3.5017190042934323
2024-03-22 11:00:00,2576.077117947528,4761.336730996465,45.63548905739231,2.5760771179475284
2024-03-22 12:00:00,2794.0953985971505,4915.797668496473,46.95875007999889,2.7940953985971504
2024-03-22 13:00:00,3343.3136969922084,4941.541158079807,50.292228194783526,3.3433136969922086
2024-03-22 14:00:00,2162.9366617680785,4017.1932169201973,43.12793482434725,2.1629366617680783
2024-03-22 15:00:00,3749.766842318856,4918.215352336859,52.759193823188646,3.749766842318856
2024-03-22 16:00:00,1984.782752144327,3216.727355996475,42.04663043130439,1.984782752144327
2024-03-22 17:00:00,3698.803694650941,4915.797668496476,52.449873216231495,3.698803694650941
2024-03-22 18:00:00,354.2751922508823,1957.7140502535294,38.60108706086812,0.3542751922508823
2024-03-22 19:00:00,0.0,0.0,,0.0
2024-03-22 20:00:00,0.0,0.0,,0.0
2024-03-22 21:00:00,0.0,0.0,,0.0
2024-03-22 22:00:00,0.0,0.0,,0.0
2024-03-22 23:00:00,0.0,0.0,,0.0
2024-03-23 00:00:00,0.0,0.0,,0.0
2024-03-23 01:00:00,0.0,0.0,,0.0
2024-03-23 02:00:00,0.0,0.0,,0.0
2024-03-23 03:00:00,0.0,0.0,,0.0
2024-03-23 04:00:00,0.0,0.0,,0.0
2024-03-23 05:00:00,0.0,0.0,,0.0
2024-03-23 06:00:00,0.0,0.0,,0.0
2024-03-23 07:00:00,0.0,0.0,,0.0
2024-03-23 08:00:00,0.0,0.0,,0.0
2024-03-23 09:00:00,0.0,0.0,,0.0
2024-03-23 10:00:00,0.0,0.0,,0.0
2024-03-23 11:00:00,0.0,0.0,,0.0
2024-03-23 12:00:00,0.0,0.0,,0.0
2024-03-23 13:00:00,0.0,0.0,,0.0
2024-03-23 14:00:00,0.0,0.0,,0.0
2024-03-23 15:00:00,0.0,0.0,,0.0
2024-03-23 16:00:00,0.0,0.0,,0.0
2024-03-23 17:00:00,0.0,0.0,,0.0
2024-03-23 18:00:00,0.0,0.0,,0.0
2024-03-23 19:00:00,0.0,0.0,,0.0
2024-03-23 20:00:00,0.0,0.0,,0.0
2024-03-23 21:00:00,0.0,0.0,,0.0
2024-03-23 22:00:00,0.0,0.0,,0.0
2024-03-23 23:00:00,0.0,0.0,,0.0
2024-03-24 00:00:00,0.0,0.0,,0.0
2024-03-24 01:00:00,0.0,0.0,,0.0
2024-03-24 02:00:00,0.0,0.0,,0.0
2024-03-24 03:00:00,0.0,0.0,,0.0
2024-03-24 04:00:00,0.0,0.0,,0.0
2024-03-24 05:00:00,0.0,0.0,,0.0
2024-03-24 06:00:00,0.0,0.0,,0.0
2024-03-24 07:00:00,0.0,0.0,,0.0
2024-03-24 08:00:00,0.0,0.0,,0.0
2024-03-24 09:00:00,0.0,0.0,,0.0
2024-03-24 10:00:00,0.0,0.0,,0.0
2024-03-24 11:00:00,0.0,0.0,,0.0
2024-03-24 12:00:00,0.0,0.0,,0.0
2024-03-24 13:00:00,0.0,0.0,,0.0
2024-03-24 14:00:00,0.0,0.0,,0.0
2024-03-24 15:00:00,0.0,0.0,,0.0
2024-03-24 16:00:00,0.0,0.0,,0.0
2024-03-24 17:00:00,0.0,0.0,,0.0
2024-03-24 18:00:00,0.0,0.0,,0.0
2024-03-24 19:00:00,0.0,0.0,,0.0
2024-03-24 20:00:00,0.0,0.0,,0.0
2024-03-24 21:00:00,0.0,0.0,,0.0
2024-03-24 22:00:00,0.0,0.0,,0.0
2024-03-24 23:00:00,0.0,0.0,,0.0
2024-03-25 00:00:00,0.0,0.0,,0.0
2024-03-25 01:00:00,0.0,0.0,,0.0
2024-03-25 02:00:00,789.4074276677437,2787.0903078390243,41.056857711581756,0.7894074276677437
2024-03-25 03:00:00,3775.890578591097,4935.956567160975,52.91775172884182,3.775890578591097
2024-03-25 04:00:00,2092.409384018374,3816.8298911723573,42.69986981347453,2.092409384018374
2024-03-25 05:00:00,3458.0180684580755,4910.213077577642,50.988425887156396,3.4580180684580757
2024-03-25 06:00:00,2638.767282884919,4846.569474505691,46.015986745546016,2.638767282884919
2024-03-25 07:00:00,2727.8921789206365,4923.799943255691,46.55692992112065,2.7278921789206367
2024-03-25 08:00:00,3394.267190067114,4935.956567160975,50.601490203229666,3.3942671900671137
2024-03-25 09:00:00,2130.7862447645794,3931.9604734109744,42.932798005753355,2.1307862447645793
2024-03-25 10:00:00,3762.8877354896476,4910.213077577642,52.8388310282109,3.7628877354896475
2024-03-25 11:00:00,1990.6510880755693,3301.9600995056885,42.08224827115818,1.9906510880755692
2024-03-25 12:00:00,3674.132282648292,4923.799943255695,52.30013018652547,3.674132282648292
2024-03-25 13:00:00,2308.523598208592,4331.699682839023,44.01157411284361,2.308523598208592
2024-03-25 14:00:00,3127.7743837817466,4935.956567160971,48.98401325445398,3.1277743837817464
2024-03-25 15:00:00,3038.6494877460323,4910.213077577638,48.44307007887936,3.0386494877460324
2024-03-25 16:00:00,2372.2744765995512,4446.830265077639,44.39850979677033,2.3722744765995514
2024-03-25 17:00:00,3635.755421902088,4923.7999432557,52.06720199424665,3.635755421902088
2024-03-25 18:00:00,1214.246503509273,3417.0906817443056,43.00564228841822,1.214246503509273
2024-03-25 19:00:00,0.0,0.0,,0.0
2024-03-25 20:00:00,0.0,0.0,,0.0
2024-03-25 21:00:00,0.0,0.0,,0.0
2024-03-25 22:00:00,0.0,0.0,,0.0
2024-03-25 23:00:00,0.0,0.0,,0.0
2024-03-26 00:00:00,0.0,0.0,,0.0
2024-03-26 01:00:00,0.0,0.0,,0.0
2024-03-26 02:00:00,0.0,0.0,,0.0
2024-03-26 03:00:00,1335.2996918806614,3577.032689592769,43.50765962147247,1.3352996918806614
2024-03-26 04:00:00,3572.9069282597998,4918.318872907232,51.68574333069526,3.5729069282598
2024-03-26 05:00:00,2470.54383708931,4606.772272926104,44.994955260265904,2.47054383708931
2024-03-26 06:00:00,2914.311049089987,4915.694147926101,47.6883984568711,2.9143110490899873
2024-03-26 07:00:00,3242.7610337566057,4941.437637509435,49.681924235030735,3.2427610337566057
2024-03-26 08:00:00,2229.1405174261517,4171.757674990562,43.52975884331284,2.229140517426152
2024-03-26 09:00:00,3717.911794238313,4918.318872907226,52.56584974501025,3.7179117942383133
2024-03-26 10:00:00,1982.2924433330186,3142.018091657229,42.03151551261759,1.9822924433330187
2024-03-26 11:00:00,3735.6428110397787,4915.694147926101,52.6734680757055,3.735642811039779
2024-03-26 12:00:00,2193.634738406867,4091.902481259435,43.31425666930475,2.193634738406867
2024-03-26 13:00:00,3295.9978295773553,4941.437637509435,50.00504473973409,3.2959978295773555
2024-03-26 14:00:00,2852.2306175766803,4918.318872907232,47.31160154312891,2.8522306175766805
2024-03-26 15:00:00,2523.780632910059,4686.627466657228,45.31807576496926,2.523780632910059
2024-03-26 16:00:00,3537.4011492405157,4915.694147926097,51.470241156687166,3.5374011492405155
2024-03-26 17:00:00,2048.629872428353,3656.887883323893,42.434150254989746,2.0486298724283527
2024-03-26 18:00:00,3784.2492233336475,4941.43763750944,52.96848448738242,3.7842492233336475
2024-03-26 19:00:00,695.599163746224,2627.14829999056,40.5548403785275,0.695599163746224
2024-03-26 20:00:00,0.0,0.0,,0.0
2024-03-26 21:00:00,0.0,0.0,,0.0
2024-03-26 22:00:00,0.0,0.0,,0.0
2024-03-26 23:00:00,0.0,0.0,,0.0
2024-03-27 00:00:00,0.0,0.0,,0.0
2024-03-27 01:00:00,1563.4366730759602,3851.1491502389413,44.23390830780804,1.5634366730759603
2024-03-27 02:00:00,3439.7144636225644,4932.375712738941,50.87733223583571,3.4397144636225643
2024-03-27 03:00:00,2665.078714835966,4880.888733572275,46.175683869319506,2.665078714835966
2024-03-27 04:00:00,2701.0684402255138,4927.380797677725,46.394123353753564,2.7010684402255136
2024-03-27 05:00:00,3413.714770204844,4906.632223155605,50.71952720775789,3.413714770204844
2024-03-27 06:00:00,2118.714823184242,3897.6412143443895,42.85953056406399,2.118714823184242
2024-03-27 07:00:00,3767.4636366985246,4932.375712738939,52.86660444104107,3.767463636698525
2024-03-27 08:00:00,1994.0830139822274,3336.2793585722734,42.103078330780804,1.9940830139822274
2024-03-27 09:00:00,3663.324198184241,4927.380797677721,52.23453056406398,3.6633241981842413
2024-03-27 10:00:00,2326.8272030441035,4366.018941905608,44.1226677641643,2.3268272030441035
2024-03-27 11:00:00,3101.462951830698,4906.6322231556105,48.82431613068048,3.101462951830698
2024-03-27 12:00:00,3065.4732264411564,4932.375712738944,48.60587664624646,3.0654732264411564
2024-03-27 13:00:00,2352.8268964618196,4412.511006011055,44.280472792242094,2.3528268964618198
2024-03-27 14:00:00,3647.8268434824263,4927.3807976777225,52.140469435936026,3.6478268434824264
2024-03-27 15:00:00,1999.0780299681403,3382.7714226777202,42.133395558958924,1.9990780299681403
2024-03-27 16:00:00,3772.4586526844387,4906.632223155615,52.89692166921919,3.772458652684439
2024-03-27 17:00:00,539.7807954064623,2353.031839344387,39.82859169219192,0.5397807954064623
2024-03-27 18:00:00,0.0,0.0,,0.0
2024-03-27 19:00:00,0.0,0.0,,0.0
2024-03-27 20:00:00,0.0,0.0,,0.0
2024-03-27 21:00:00,0.0,0.0,,0.0
2024-03-27 22:00:00,0.0,0.0,,0.0
2024-03-27 23:00:00,0.0,0.0,,0.0
2024-03-28 00:00:00,0.0,0.0,,0.0
2024-03-28 01:00:00,0.0,0.0,,0.0
2024-03-28 02:00:00,0.0,0.0,,0.0
2024-03-28 03:00:00,1535.5225888546124,3829.7213506417115,44.338227369733715,1.5355225888546125
2024-03-28 04:00:00,3451.1426234077535,4910.94791314171,50.946695402808686,3.4511426234077534
2024-03-28 05:00:00,2648.650735144757,4859.460933975046,46.07597431679586,2.648650735144757
2024-03-28 06:00:00,2718.0087266607984,4936.691402725044,46.49694234987081,2.7180087266607984
2024-03-28 07:00:00,3401.5723504330813,4923.06510769162,50.64582884284911,3.4015723504330815
2024-03-28 08:00:00,2126.0593762924823,3919.069013941619,42.904108297764296,2.126059376292482
2024-03-28 09:00:00,3764.6065967522286,4910.947913141717,52.84926364929783,3.7646065967522286
2024-03-28 10:00:00,1991.9402340225047,3314.851558975044,42.090072736973376,1.9919402340225048
2024-03-28 11:00:00,3670.2648448074856,4936.6914027250505,52.27665678907988,3.6702648448074857
2024-03-28 12:00:00,2315.399043258915,4344.591142308378,44.05330459719133,2.315399043258915
2024-03-28 13:00:00,3117.8909315219066,4923.065107691616,48.92402568320413,3.1178909315219068
2024-03-28 14:00:00,3048.5329400058713,4910.947913141713,48.50305765012921,3.048532940005871
2024-03-28 15:00:00,2364.969316233583,4433.9388056082835,44.35417115715087,2.3649693162335828
2024-03-28 16:00:00,3640.482290374185,4936.691402725056,52.09589170223571,3.640482290374185
2024-03-28 17:00:00,2001.9350699144375,3404.1992222749486,42.15073635070216,2.0019350699144374
2024-03-28 18:00:00,3774.6014326441614,4923.06510769162,52.909927263026624,3.7746014326441615
2024-03-28 19:00:00,560.7542330045657,2374.4596389416156,39.72427263026624,0.5607542330045656
2024-03-28 20:00:00,0.0,0.0,,0.0
2024-03-28 21:00:00,0.0,0.0,,0.0
2024-03-28 22:00:00,0.0,0.0,,0.0
2024-03-28 23:00:00,0.0,0.0,,0.0
2024-03-29 00:00:00,0.0,0.0,,0.0
2024-03-29 01:00:00,741.7013522679587,2841.0871480310084,41.2543829690146,0.7417013522679586
2024-03-29 02:00:00,3603.944115532687,4900.566314697674,51.87412340619708,3.6039441155326872
2024-03-29 03:00:00,2574.782236735271,4900.566314697674,45.627629781408764,2.574782236735271
2024-03-29 04:00:00,2573.915679931395,4899.122053357882,45.622370218591236,2.573915679931395
2024-03-29 05:00:00,3604.232967800645,4900.566314697671,51.875876593802914,3.604232967800645
2024-03-29 06:00:00,2162.5975511339793,3870.8267313643382,43.12587659380292,2.1625975511339792
2024-03-29 07:00:00,3191.759429931396,4900.566314697676,49.37237021859125,3.191759429931396
2024-03-29 08:00:00,3192.6259867352715,4900.566314697674,49.377629781408764,3.1926259867352713
2024-03-29 09:00:00,2162.3086988660198,3869.3824700245464,43.12412340619708,2.1623086988660196
2024-03-29 10:00:00,3603.9441155326876,4900.566314697671,51.874123406197086,3.6039441155326877
2024-03-29 11:00:00,2574.782236735271,4900.566314697669,45.62762978140875,2.574782236735271
2024-03-29 12:00:00,2573.915679931395,4899.122053357882,45.622370218591236,2.573915679931395
2024-03-29 13:00:00,3604.232967800646,4900.566314697676,51.87587659380292,3.604232967800646
2024-03-29 14:00:00,2162.597551133979,3870.826731364336,43.125876593802914,2.162597551133979
2024-03-29 15:00:00,3191.759429931396,4900.566314697674,49.37237021859125,3.191759429931396
2024-03-29 16:00:00,3192.6259867352705,4900.566314697681,49.37762978140875,3.1926259867352704
2024-03-29 17:00:00,1420.607346598063,3869.38247002455,44.370617030985414,1.420607346598063
2024-03-29 18:00:00,0.0,0.0,,0.0
2024-03-29 19:00:00,0.0,0.0,,0.0
2024-03-29 20:00:00,0.0,0.0,,0.0
2024-03-29 21:00:00,0.0,0.0,,0.0
2024-03-29 22:00:00,0.0,0.0,,0.0
2024-03-29 23:00:00,0.0,0.0,,0.0
2024-03-30 00:00:00,0.0,0.0,,0.0
2024-03-30 01:00:00,0.0,0.0,,0.0
2024-03-30 02:00:00,0.0,0.0,,0.0
2024-03-30 03:00:00,0.0,0.0,,0.0
2024-03-30 04:00:00,0.0,0.0,,0.0
2024-03-30 05:00:00,0.0,0.0,,0.0
2024-03-30 06:00:00,0.0,0.0,,0.0
2024-03-30 07:00:00,0.0,0.0,,0.0
2024-03-30 08:00:00,0.0,0.0,,0.0
2024-03-30 09:00:00,0.0,0.0,,0.0
2024-03-30 10:00:00,0.0,0.0,,0.0
2024-03-30 11:00:00,0.0,0.0,,0.0
2024-03-30 12:00:00,0.0,0.0,,0.0
2024-03-30 13:00:00,0.0,0.0,,0.0
2024-03-30 14:00:00,0.0,0.0,,0.0
2024-03-30 15:00:00,0.0,0.0,,0.0
2024-03-30 16:00:00,0.0,0.0,,0.0
2024-03-30 17:00:00,0.0,0.0,,0.0
2024-03-30 18:00:00,0.0,0.0,,0.0
2024-03-30 19:00:00,0.0,0.0,,0.0
2024-03-30 20:00:00,0.0,0.0,,0.0
2024-03-30 21:00:00,0.0,0.0,,0.0
2024-03-30 22:00:00,0.0,0.0,,0.0
2024-03-30 23:00:00,0.0,0.0,,0.0
2024-03-31 00:00:00,0.0,0.0,,0.0
2024-03-31 01:00:00,0.0,0.0,,0.0
2024-03-31 02:00:00,0.0,0.0,,0.0
2024-03-31 03:00:00,0.0,0.0,,0.0
2024-03-31 04:00:00,0.0,0.0,,0.0
2024-03-31 05:00:00,0.0,0.0,,0.0
2024-03-31 06:00:00,0.0,0.0,,0.0
2024-03-31 07:00:00,0.0,0.0,,0.0
2024-03-31 08:00:00,0.0,0.0,,0.0
2024-03-31 09:00:00,0.0,0.0,,0.0
2024-03-31 10:00:00,0.0,0.0,,0.0
2024-03-31 11:00:00,0.0,0.0,,0.0
2024-03-31 12:00:00,0.0,0.0,,0.0
2024-03-31 13:00:00,0.0,0.0,,0.0
2024-03-31 14:00:00,0.0,0.0,,0.0
2024-03-31 15:00:00,0.0,0.0,,0.0
2024-03-31 16:00:00,0.0,0.0,,0.0
2024-03-31 17:00:00,0.0,0.0,,0.0
2024-03-31 18:00:00,0.0,0.0,,0.0
2024-03-31 19:00:00,0.0,0.0,,0.0
2024-03-31 20:00:00,0.0,0.0,,0.0
2024-03-31 21:00:00,0.0,0.0,,0.0
2024-03-31 22:00:00,0.0,0.0,,0.0
2024-03-31 23:00:00,0.0,0.0,,0.0
2024-04-01 00:00:00,0.0,0.0,,0.0
2024-04-01 01:00:00,0.0,0.0,,0.0
2024-04-01 02:00:00,0.0,0.0,,0.0
2024-04-01 03:00:00,1377.2509367899072,3819.7993489811106,44.330089156394045,1.3772509367899073
2024-04-01 04:00:00,3222.1292115032966,4935.35056425889,49.55669947804337,3.2221292115032965
2024-04-01 05:00:00,3162.0095573053327,4935.350564258888,49.191803493836424,3.162009557305333
2024-04-01 06:00:00,2172.7608232007037,3920.4098524077785,43.18756253017473,2.172760823200704
2024-04-01 07:00:00,3613.902944151296,4935.35056425889,51.93456847393433,3.613902944151296
2024-04-01 08:00:00,2544.4124551633695,4849.538932314439,45.44330052195662,2.5444124551633696
2024-04-01 09:00:00,2604.532109361334,4935.350564258888,45.808196506163576,2.6045321093613336
2024-04-01 10:00:00,3593.7808434659623,4935.350564258885,51.81243746982528,3.593780843465962
2024-04-01 11:00:00,2152.6387225153694,3819.7993489811083,43.06543152606567,2.1526387225153694
2024-04-01 12:00:00,3222.1292115032975,4935.350564258878,49.556699478043384,3.2221292115032973
2024-04-01 13:00:00,3162.0095573053322,4935.350564258885,49.191803493836424,3.1620095573053324
2024-04-01 14:00:00,2172.7608232007037,3920.4098524077845,43.18756253017472,2.172760823200704
2024-04-01 15:00:00,3613.902944151297,4935.3505642588925,51.93456847393433,3.613902944151297
2024-04-01 16:00:00,2544.4124551633654,4849.538932314442,45.4433005219566,2.5444124551633656
2024-04-01 17:00:00,2604.532109361338,4935.350564258881,45.808196506163604,2.604532109361338
2024-04-01 18:00:00,3593.780843465961,4935.350564258888,51.81243746982526,3.593780843465961
2024-04-01 19:00:00,775.3877857254668,2890.6702690744537,41.29491084360601,0.7753877857254667
2024-04-01 20:00:00,0.0,0.0,,0.0
2024-04-01 21:00:00,0.0,0.0,,0.0
2024-04-01 22:00:00,0.0,0.0,,0.0
2024-04-01 23:00:00,0.0,0.0,,0.0
2024-04-02 00:00:00,0.0,0.0,,0.0
2024-04-02 01:00:00,436.4508180167258,2226.907707379294,39.34954014560966,0.4364508180167258
2024-04-02 02:00:00,3653.719464088569,4912.620070398483,52.17623467152032,3.653719464088569
2024-04-02 03:00:00,2279.335111918704,4286.386874045959,43.83441472005688,2.279335111918704
2024-04-02 04:00:00,2942.423344322424,4912.620070398486,47.85902591263421,2.9424233443224237
2024-04-02 05:00:00,3408.3365400958414,4912.620070398483,50.686884063097516,3.4083365400958416
2024-04-02 06:00:00,2112.8222025780974,3453.82232734293,42.82376532847968,2.1128222025780974
2024-04-02 07:00:00,3487.2065547479633,4912.620070398486,51.16558527994313,3.487206554747963
2024-04-02 08:00:00,2824.1183223442417,4912.620070398489,47.140974087365784,2.824118322344242
2024-04-02 09:00:00,2358.2051265708246,4483.561910676263,44.313115936902484,2.358205126570825
2024-04-02 10:00:00,3653.7194640885696,4912.620070398486,52.17623467152033,3.6537194640885695
2024-04-02 11:00:00,2279.3351119187023,4286.386874045948,43.83441472005687,2.2793351119187024
2024-04-02 12:00:00,2942.423344322425,4912.620070398479,47.859025912634216,2.9424233443224246
2024-04-02 13:00:00,3408.336540095841,4912.6200703984905,50.686884063097516,3.408336540095841
2024-04-02 14:00:00,2112.8222025780974,3453.822327342927,42.82376532847968,2.1128222025780974
2024-04-02 15:00:00,3487.206554747964,4912.620070398483,51.16558527994314,3.487206554747964
2024-04-02 16:00:00,2824.1183223442426,4912.620070398479,47.14097408736579,2.8241183223442428
2024-04-02 17:00:00,1921.7543085540988,4483.5619106762615,46.27545985439034,1.9217543085540987
2024-04-02 18:00:00,0.0,0.0,,0.0
2024-04-02 19:00:00,0.0,0.0,,0.0
2024-04-02 20:00:00,0.0,0.0,,0.0
2024-04-02 21:00:00,0.0,0.0,,0.0
2024-04-02 22:00:00,0.0,0.0,,0.0
2024-04-02 23:00:00,0.0,0.0,,0.0
2024-04-03 00:00:00,0.0,0.0,,0.0
2024-04-03 01:00:00,0.0,0.0,,0.0
2024-04-03 02:00:00,0.0,0.0,,0.0
2024-04-03 03:00:00,644.3595006706154,2658.3662281547086,40.666192460096354,0.6443595006706154
2024-04-03 04:00:00,3634.0758223571493,4910.219709345289,52.05700767198716,3.634075822357149
2024-04-03 05:00:00,2471.562161960289,4717.845394821375,45.001135978718054,2.4715621619602888
2024-04-03 06:00:00,2683.548231857175,4910.219709345291,46.287784523942186,2.683548231857175
2024-04-03 07:00:00,3561.2763066745883,4910.219709345293,51.615151322692356,3.5612763066745883
2024-04-03 08:00:00,2132.465844309516,3688.105811488037,42.94299232801284,2.132465844309516
2024-04-03 09:00:00,3294.9795047063785,4910.219709345296,49.99886402128195,3.2949795047063786
2024-04-03 10:00:00,3082.9934348094907,4910.219709345289,48.71221547605781,3.0829934348094907
2024-04-03 11:00:00,2205.2653599920773,4052.1033899008476,43.38484867730764,2.2052653599920773
2024-04-03 12:00:00,3634.0758223571506,4910.219709345291,52.05700767198716,3.6340758223571505
2024-04-03 13:00:00,2471.5621619602875,4717.845394821368,45.00113597871805,2.4715621619602874
2024-04-03 14:00:00,2683.548231857176,4910.219709345293,46.28778452394219,2.6835482318571757
2024-04-03 15:00:00,3561.276306674589,4910.219709345296,51.615151322692356,3.5612763066745887
2024-04-03 16:00:00,2132.465844309516,3688.105811488044,42.94299232801284,2.132465844309516
2024-04-03 17:00:00,3294.9795047063794,4910.219709345289,49.99886402128195,3.2949795047063795
2024-04-03 18:00:00,3082.99343480949,4910.2197093453005,48.71221547605781,3.08299343480949
2024-04-03 19:00:00,1560.9058593214647,4052.103389900851,44.958807539903674,1.5609058593214646
2024-04-03 20:00:00,0.0,0.0,,0.0
2024-04-03 21:00:00,0.0,0.0,,0.0
2024-04-03 22:00:00,0.0,0.0,,0.0
2024-04-03 23:00:00,0.0,0.0,,0.0
2024-04-04 00:00:00,0.0,0.0,,0.0
2024-04-04 01:00:00,445.08735456947613,2140.083499606588,39.004852654281045,0.4450873545694761
2024-04-04 02:00:00,3741.203809296317,4920.380374606589,52.70722053085621,3.741203809296317
2024-04-04 03:00:00,1983.219276375775,3169.823082939921,42.03714092180937,1.983219276375775
2024-04-04 04:00:00,3711.311500799354,4939.37613581008,52.52578929219172,3.711311500799354
2024-04-04 05:00:00,2242.116180024741,4199.5626662732575,43.60851457199782,2.242116180024741
2024-04-04 06:00:00,3223.2975398587214,4913.632646226746,49.56379064200327,3.2232975398587214
2024-04-04 07:00:00,2935.7406712130482,4920.380374606591,47.818465456758176,2.9357406712130483
2024-04-04 08:00:00,2452.934009276939,4578.967281643413,44.88807248562201,2.4529340092769387
2024-04-04 09:00:00,3584.8432956759684,4939.376135810082,51.75819106171242,3.5848432956759684
2024-04-04 10:00:00,2025.337857370349,3549.2276983100796,42.29277946914379,2.025337857370349
2024-04-04 11:00:00,3783.3223902908912,4913.632646226749,52.96285907819063,3.7833223902908912
2024-04-04 12:00:00,2055.230165867312,3684.692874606584,42.47421070780828,2.0552301658673118
2024-04-04 13:00:00,3524.4254866419255,4920.380374606589,51.39148542800218,3.5244254866419253
2024-04-04 14:00:00,2543.2441268079447,4714.432457939917,45.43620935799673,2.5432441268079446
2024-04-04 15:00:00,2830.800995453618,4939.376135810077,47.181534543241824,2.8308009954536177
2024-04-04 16:00:00,3313.6076573897285,4913.632646226746,50.111927514377996,3.3136076573897286
2024-04-04 17:00:00,1736.611016421221,4064.0974899767443,45.05764734571895,1.736611016421221
2024-04-04 18:00:00,0.0,0.0,,0.0
2024-04-04 19:00:00,0.0,0.0,,0.0
2024-04-04 20:00:00,0.0,0.0,,0.0
2024-04-04 21:00:00,0.0,0.0,,0.0
2024-04-04 22:00:00,0.0,0.0,,0.0
2024-04-04 23:00:00,0.0,0.0,,0.0
2024-04-05 00:00:00,0.0,0.0,,0.0
2024-04-05 01:00:00,0.0,0.0,,0.0
2024-04-05 02:00:00,0.0,0.0,,0.0
2024-04-05 03:00:00,1425.3154731507423,3877.2293476123473,44.4182436209675,1.4253154731507423
2024-04-05 04:00:00,3187.917860182591,4906.9689309456835,49.3490538274195,3.187917860182591
2024-04-05 05:00:00,3196.467556484075,4906.968930945681,49.4009461725805,3.196467556484075
2024-04-05 06:00:00,2161.0281756164195,3862.979853776542,43.11635127580651,2.1610281756164196
2024-04-05 07:00:00,3602.6635922830856,4906.9689309456835,51.8663512758065,3.6026635922830854
2024-04-05 08:00:00,2578.623806484074,4906.968930945676,45.65094617258049,2.578623806484074
2024-04-05 09:00:00,2570.074110182592,4892.719437109875,45.59905382741951,2.570074110182592
2024-04-05 10:00:00,3605.513491050247,4906.9689309456835,51.8836487241935,3.605513491050247
2024-04-05 11:00:00,2163.8780743835796,3877.229347612342,43.13364872419349,2.1638780743835797
2024-04-05 12:00:00,3187.917860182593,4906.968930945681,49.34905382741951,3.187917860182593
2024-04-05 13:00:00,3196.4675564840736,4906.968930945678,49.40094617258049,3.1964675564840737
2024-04-05 14:00:00,2161.0281756164195,3862.979853776543,43.1163512758065,2.1610281756164196
2024-04-05 15:00:00,3602.663592283087,4906.968930945676,51.86635127580651,3.6026635922830867
2024-04-05 16:00:00,2578.623806484073,4906.9689309456835,45.65094617258048,2.578623806484073
2024-04-05 17:00:00,2570.074110182593,4892.719437109878,45.59905382741951,2.570074110182593
2024-04-05 18:00:00,3605.5134910502466,4906.968930945672,51.88364872419349,3.6055134910502464
2024-04-05 19:00:00,738.5626012328402,2833.240270443212,41.20675637903253,0.7385626012328401
2024-04-05 20:00:00,0.0,0.0,,0.0
2024-04-05 21:00:00,0.0,0.0,,0.0
2024-04-05 22:00:00,0.0,0.0,,0.0
2024-04-05 23:00:00,0.0,0.0,,0.0
2024-04-06 00:00:00,0.0,0.0,,0.0
2024-04-06 01:00:00,0.0,0.0,,0.0
2024-04-06 02:00:00,0.0,0.0,,0.0
2024-04-06 03:00:00,0.0,0.0,,0.0
2024-04-06 04:00:00,0.0,0.0,,0.0
2024-04-06 05:00:00,0.0,0.0,,0.0
2024-04-06 06:00:00,0.0,0.0,,0.0
2024-04-06 07:00:00,0.0,0.0,,0.0
2024-04-06 08:00:00,0.0,0.0,,0.0
2024-04-06 09:00:00,0.0,0.0,,0.0
2024-04-06 10:00:00,0.0,0.0,,0.0
2024-04-06 11:00:00,0.0,0.0,,0.0
2024-04-06 12:00:00,0.0,0.0,,0.0
2024-04-06 13:00:00,0.0,0.0,,0.0
2024-04-06 14:00:00,0.0,0.0,,0.0
2024-04-06 15:00:00,0.0,0.0,,0.0
2024-04-06 16:00:00,0.0,0.0,,0.0
2024-04-06 17:00:00,0.0,0.0,,0.0
2024-04-06 18:00:00,0.0,0.0,,0.0
2024-04-06 19:00:00,0.0,0.0,,0.0
2024-04-06 20:00:00,0.0,0.0,,0.0
2024-04-06 21:00:00,0.0,0.0,,0.0
2024-04-06 22:00:00,0.0,0.0,,0.0
2024-04-06 23:00:00,0.0,0.0,,0.0
2024-04-07 00:00:00,0.0,0.0,,0.0
2024-04-07 01:00:00,0.0,0.0,,0.0
2024-04-07 02:00:00,0.0,0.0,,0.0
2024-04-07 03:00:00,0.0,0.0,,0.0
2024-04-07 04:00:00,0.0,0.0,,0.0
2024-04-07 05:00:00,0.0,0.0,,0.0
2024-04-07 06:00:00,0.0,0.0,,0.0
2024-04-07 07:00:00,0.0,0.0,,0.0
2024-04-07 08:00:00,0.0,0.0,,0.0
2024-04-07 09:00:00,0.0,0.0,,0.0
2024-04-07 10:00:00,0.0,0.0,,0.0
2024-04-07 11:00:00,0.0,0.0,,0.0
2024-04-07 12:00:00,0.0,0.0,,0.0
2024-04-07 13:00:00,0.0,0.0,,0.0
2024-04-07 14:00:00,0.0,0.0,,0.0
2024-04-07 15:00:00,0.0,0.0,,0.0
2024-04-07 16:00:00,0.0,0.0,,0.0
2024-04-07 17:00:00,0.0,0.0,,0.0
2024-04-07 18:00:00,0.0,0.0,,0.0
2024-04-07 19:00:00,0.0,0.0,,0.0
2024-04-07 20:00:00,0.0,0.0,,0.0
2024-04-07 21:00:00,0.0,0.0,,0.0
2024-04-07 22:00:00,0.0,0.0,,0.0
2024-04-07 23:00:00,0.0,0.0,,0.0
2024-04-08 00:00:00,0.0,0.0,,0.0
2024-04-08 01:00:00,0.0,0.0,,0.0
2024-04-08 02:00:00,0.0,0.0,,0.0
2024-04-08 03:00:00,889.2487098745078,2948.1442778560877,41.56562409426588,0.8892487098745078
2024-04-08 04:00:00,3756.3184016073183,4929.36353464391,52.798958484289024,3.7563184016073183
2024-04-08 05:00:00,2147.6248202833435,3977.883861189422,43.03499966789749,2.1476248202833434
2024-04-08 06:00:00,3366.939605161346,4904.649486189423,50.43562554344047,3.3669396051613463
2024-04-08 07:00:00,2763.546325062649,4930.3929757727565,46.77333260874604,2.763546325062649
2024-04-08 08:00:00,2604.86368408609,4800.646086727245,45.81020899753835,2.60486368408609
2024-04-08 09:00:00,3482.0643264280443,4929.36353464391,51.134374547132936,3.4820643264280444
2024-04-08 10:00:00,2078.632367684839,3770.9065033939096,42.61625027172023,2.0786323676848393
2024-04-08 11:00:00,3779.1785855376284,4904.649486189425,52.93770827295106,3.7791785855376285
2024-04-08 12:00:00,2010.2232650593483,3463.0140695227533,42.201041515710976,2.010223265059348
2024-04-08 13:00:00,3618.916846383322,4930.392975772759,51.965000332102505,3.618916846383322
2024-04-08 14:00:00,2399.6020615053208,4492.753652856088,44.564374456559534,2.3996020615053206
2024-04-08 15:00:00,3002.995341604016,4929.363534643907,48.226667391253955,3.002995341604016
2024-04-08 16:00:00,3161.677982580578,4904.649486189431,49.189791002461654,3.161677982580578
2024-04-08 17:00:00,2284.477340238621,4285.776295060575,43.86562545286706,2.2844773402386207
2024-04-08 18:00:00,3687.9092989818278,4930.3929757727565,52.38374972827977,3.6879092989818276
2024-04-08 19:00:00,1098.1143712545288,3256.0367117272417,42.49687590573411,1.0981143712545287
2024-04-08 20:00:00,0.0,0.0,,0.0
2024-04-08 21:00:00,0.0,0.0,,0.0
2024-04-08 22:00:00,0.0,0.0,,0.0
2024-04-08 23:00:00,0.0,0.0,,0.0
2024-04-09 00:00:00,0.0,0.0,,0.0
2024-04-09 01:00:00,0.0,0.0,,0.0
2024-04-09 02:00:00,14.338141710009129,860.2885026005478,35.22151738971553,0.014338141710009128
2024-04-09 03:00:00,3238.617738279199,4906.253164066121,49.6567765208388,3.2386177382791987
2024-04-09 04:00:00,2147.789155816575,3790.7019487883417,43.03599710171408,2.147789155816575
2024-04-09 05:00:00,3586.99145008765,4906.253164066119,51.77122927573304,3.5869914500876496
2024-04-09 06:00:00,2621.990549476994,4906.253164066119,45.914160433829316,2.621990549476994
2024-04-09 07:00:00,2527.923928387468,4820.4415321216775,45.3432234791612,2.527923928387468
2024-04-09 08:00:00,3618.752510850091,4906.253164066121,51.96400289828592,3.618752510850091
2024-04-09 09:00:00,2179.5502165790153,3949.5072526005383,43.22877072426695,2.1795502165790155
2024-04-09 10:00:00,3144.5511171896737,4906.253164066121,49.0858395661707,3.144551117189674
2024-04-09 11:00:00,3238.617738279196,4906.2531640661255,49.65677652083878,3.238617738279196
2024-04-09 12:00:00,2147.789155816576,3790.7019487883463,43.03599710171408,2.147789155816576
2024-04-09 13:00:00,3586.9914500876516,4906.2531640661255,51.77122927573305,3.5869914500876514
2024-04-09 14:00:00,2621.9905494769914,4906.25316406613,45.9141604338293,2.6219905494769913
2024-04-09 15:00:00,2527.923928387471,4820.441532121679,45.343223479161225,2.527923928387471
2024-04-09 16:00:00,3618.7525108500904,4906.25316406613,51.96400289828592,3.6187525108500904
2024-04-09 17:00:00,2179.5502165790144,3949.507252600545,43.228770724266944,2.1795502165790146
2024-04-09 18:00:00,3130.212975479667,4906.2531640661255,49.32082807763606,3.130212975479667
2024-04-09 19:00:00,0.0,0.0,,0.0
2024-04-09 20:00:00,0.0,0.0,,0.0
2024-04-09 21:00:00,0.0,0.0,,0.0
2024-04-09 22:00:00,0.0,0.0,,0.0
2024-04-09 23:00:00,0.0,0.0,,0.0
2024-04-10 00:00:00,0.0,0.0,,0.0
2024-04-10 01:00:00,0.0,0.0,,0.0
2024-04-10 02:00:00,999.5011459949533,3118.8440888649075,42.13293586762373,0.9995011459949533
2024-04-10 03:00:00,3723.3190615565213,4913.124661135093,52.59866913088779,3.7233190615565213
2024-04-10 04:00:00,2218.3259827897346,4148.5836721982405,43.464120071557744,2.2183259827897346
2024-04-10 05:00:00,3258.254114367839,4920.888359698241,49.775959421584176,3.258254114367839
2024-04-10 06:00:00,2896.5443136158733,4938.868150718422,47.580563331844864,2.8965443136158733
2024-04-10 07:00:00,2485.9494268678395,4629.946275718424,45.088459421584176,2.4859494268678395
2024-04-10 08:00:00,3562.864860383127,4913.124661135089,51.62479304263696,3.562864860383127
2024-04-10 09:00:00,2035.5336561853508,3600.206692385089,42.35466282647524,2.035533656185351
2024-04-10 10:00:00,3784.29296875,4920.88835969824,52.96875,3.78429296875
2024-04-10 11:00:00,2043.2226051101457,3633.713880531574,42.401330869112215,2.0432226051101456
2024-04-10 12:00:00,3548.2156838769297,4938.868150718417,51.53587992844224,3.5482156838769296
2024-04-10 13:00:00,2508.2875522988297,4663.4534638649075,45.22404057841584,2.50828755229883
2024-04-10 14:00:00,2869.99735305079,4913.124661135084,47.419436668155114,2.86999735305079
2024-04-10 15:00:00,3280.59223979883,4920.888359698244,49.911540578415845,3.28059223979883
2024-04-10 16:00:00,2203.676806283538,4115.076484051754,43.375206957363034,2.203676806283538
2024-04-10 17:00:00,3731.0080104813155,4938.868150718416,52.64533717352476,3.7310080104813155
2024-04-10 18:00:00,982.7475519217104,3085.336900718421,41.92956413237623,0.9827475519217104
2024-04-10 19:00:00,0.0,0.0,,0.0
2024-04-10 20:00:00,0.0,0.0,,0.0
2024-04-10 21:00:00,0.0,0.0,,0.0
2024-04-10 22:00:00,0.0,0.0,,0.0
2024-04-10 23:00:00,0.0,0.0,,0.0
2024-04-11 00:00:00,0.0,0.0,,0.0
2024-04-11 01:00:00,0.0,0.0,,0.0
2024-04-11 02:00:00,0.0,0.0,,0.0
2024-04-11 03:00:00,1240.8254314566973,3629.0323501232883,43.693063005485875,1.2408254314566973
2024-04-11 04:00:00,3325.6005784105787,4916.206829289955,50.184718497257066,3.3256005784105787
2024-04-11 05:00:00,3047.549357990639,4916.206829289953,48.49708780329152,3.047549357990639
2024-04-11 06:00:00,2221.9030553796806,4111.176851265601,43.48583109835424,2.2219030553796806
2024-04-11 07:00:00,3641.067511515449,4916.206829289955,52.09944369945141,3.641067511515449
2024-04-11 08:00:00,2440.9410882560887,4658.771933456617,44.815281502742934,2.4409410882560887
2024-04-11 09:00:00,2718.992308676027,4916.206829289955,46.50291219670848,2.718992308676027
2024-04-11 10:00:00,3544.638611286987,4916.206829289953,51.51416890164577,3.5446386112869868
2024-04-11 11:00:00,2125.474155151217,3629.032350123284,42.90055630054859,2.125474155151217
2024-04-11 12:00:00,3325.6005784105787,4916.20682928995,50.184718497257066,3.3256005784105787
2024-04-11 13:00:00,3047.5493579906392,4916.206829289958,48.49708780329152,3.0475493579906394
2024-04-11 14:00:00,2221.9030553796797,4111.176851265601,43.48583109835423,2.2219030553796797
2024-04-11 15:00:00,3641.0675115154495,4916.206829289955,52.09944369945141,3.6410675115154496
2024-04-11 16:00:00,2440.9410882560874,4658.771933456624,44.81528150274293,2.4409410882560874
2024-04-11 17:00:00,2718.9923086760277,4916.206829289962,46.502912196708486,2.718992308676028
2024-04-11 18:00:00,3544.638611286986,4916.20682928995,51.51416890164576,3.544638611286986
2024-04-11 19:00:00,884.6487236945214,3081.43726793227,41.93193699451414,0.8846487236945214
2024-04-11 20:00:00,0.0,0.0,,0.0
2024-04-11 21:00:00,0.0,0.0,,0.0
2024-04-11 22:00:00,0.0,0.0,,0.0
2024-04-11 23:00:00,0.0,0.0,,0.0
2024-04-12 00:00:00,0.0,0.0,,0.0
2024-04-12 01:00:00,0.0,0.0,,0.0
2024-04-12 02:00:00,0.0,0.0,,0.0
2024-04-12 03:00:00,197.23078276375793,1530.921805957547,37.182548358196634,0.19723078276375794
2024-04-12 04:00:00,3543.639681321855,4929.062430957548,51.50810590049176,3.5436396813218547
2024-04-12 05:00:00,2045.5106063876835,3643.5196002924517,42.41521788308746,2.0455106063876833
2024-04-12 06:00:00,3784.2929687499995,4930.694079459118,52.96875,3.7842929687499995
2024-04-12 07:00:00,2033.5725122331764,3590.400972624215,42.34275967163933,2.0335725122331763
2024-04-12 08:00:00,3567.11400561284,4904.950589875785,51.650583211448115,3.56711400561284
2024-04-12 09:00:00,2479.4122803605874,4620.140555957544,45.04878223879776,2.4794122803605876
2024-04-12 10:00:00,2904.0620320992125,4929.062430957552,47.62619209204924,2.9040620320992123
2024-04-12 11:00:00,3251.7169678605883,4930.694079459111,49.73628223879777,3.251716967860588
2024-04-12 12:00:00,2222.9019853448103,4158.389391959122,43.49189409950824,2.2229019853448104
2024-04-12 13:00:00,3721.0310602789837,4904.950589875785,52.58478211691256,3.7210310602789836
2024-04-12 14:00:00,1982.2486979166667,3128.6498086257875,42.03125,1.9822486979166667
2024-04-12 15:00:00,3732.96915443349,4929.062430957543,52.65724032836067,3.73296915443349
2024-04-12 16:00:00,2199.427661053826,4105.270764290884,43.34941678855187,2.199427661053826
2024-04-12 17:00:00,3287.1293863060796,4930.694079459114,49.951217761202244,3.2871293863060798
2024-04-12 18:00:00,2862.4796345674526,4904.95058987579,47.373807907950756,2.862479634567453
2024-04-12 19:00:00,2317.593916042322,4673.259183625786,46.879951641803366,2.3175939160423216
2024-04-12 20:00:00,0.0,0.0,,0.0
2024-04-12 21:00:00,0.0,0.0,,0.0
2024-04-12 22:00:00,0.0,0.0,,0.0
2024-04-12 23:00:00,0.0,0.0,,0.0
2024-04-13 00:00:00,0.0,0.0,,0.0
2024-04-13 01:00:00,0.0,0.0,,0.0
2024-04-13 02:00:00,0.0,0.0,,0.0
2024-04-13 03:00:00,0.0,0.0,,0.0
2024-04-13 04:00:00,0.0,0.0,,0.0
2024-04-13 05:00:00,0.0,0.0,,0.0
2024-04-13 06:00:00,0.0,0.0,,0.0
2024-04-13 07:00:00,0.0,0.0,,0.0
2024-04-13 08:00:00,0.0,0.0,,0.0
2024-04-13 09:00:00,0.0,0.0,,0.0
2024-04-13 10:00:00,0.0,0.0,,0.0
2024-04-13 11:00:00,0.0,0.0,,0.0
2024-04-13 12:00:00,0.0,0.0,,0.0
2024-04-13 13:00:00,0.0,0.0,,0.0
2024-04-13 14:00:00,0.0,0.0,,0.0
2024-04-13 15:00:00,0.0,0.0,,0.0
2024-04-13 16:00:00,0.0,0.0,,0.0
2024-04-13 17:00:00,0.0,0.0,,0.0
2024-04-13 18:00:00,0.0,0.0,,0.0
2024-04-13 19:00:00,0.0,0.0,,0.0
2024-04-13 20:00:00,0.0,0.0,,0.0
2024-04-13 21:00:00,0.0,0.0,,0.0
2024-04-13 22:00:00,0.0,0.0,,0.0
2024-04-13 23:00:00,0.0,0.0,,0.0
2024-04-14 00:00:00,0.0,0.0,,0.0
2024-04-14 01:00:00,0.0,0.0,,0.0
2024-04-14 02:00:00,0.0,0.0,,0.0
2024-04-14 03:00:00,0.0,0.0,,0.0
2024-04-14 04:00:00,0.0,0.0,,0.0
2024-04-14 05:00:00,0.0,0.0,,0.0
2024-04-14 06:00:00,0.0,0.0,,0.0
2024-04-14 07:00:00,0.0,0.0,,0.0
2024-04-14 08:00:00,0.0,0.0,,0.0
2024-04-14 09:00:00,0.0,0.0,,0.0
2024-04-14 10:00:00,0.0,0.0,,0.0
2024-04-14 11:00:00,0.0,0.0,,0.0
2024-04-14 12:00:00,0.0,0.0,,0.0
2024-04-14 13:00:00,0.0,0.0,,0.0
2024-04-14 14:00:00,0.0,0.0,,0.0
2024-04-14 15:00:00,0.0,0.0,,0.0
2024-04-14 16:00:00,0.0,0.0,,0.0
2024-04-14 17:00:00,0.0,0.0,,0.0
2024-04-14 18:00:00,0.0,0.0,,0.0
2024-04-14 19:00:00,0.0,0.0,,0.0
2024-04-14 20:00:00,0.0,0.0,,0.0
2024-04-14 21:00:00,0.0,0.0,,0.0
2024-04-14 22:00:00,0.0,0.0,,0.0
2024-04-14 23:00:00,0.0,0.0,,0.0
2024-04-15 00:00:00,0.0,0.0,,0.0
2024-04-15 01:00:00,0.0,0.0,,0.0
2024-04-15 02:00:00,0.0,0.0,,0.0
2024-04-15 03:00:00,2336.2023915334835,4936.826340111298,47.72446303828954,2.3362023915334835
2024-04-15 04:00:00,2552.159664683221,4862.8620279442575,45.49032217702628,2.552159664683221
2024-04-15 05:00:00,3611.4849728833706,4936.826340111295,51.9198926076579,3.6114849728833707
2024-04-15 06:00:00,2169.849556216704,3907.0867567779646,43.16989260765791,2.169849556216704
2024-04-15 07:00:00,3170.003414683221,4936.826340111298,49.24032217702628,3.170003414683221
2024-04-15 08:00:00,3214.3820019834466,4936.826340111298,49.50967782297373,3.2143820019834464
2024-04-15 09:00:00,2155.056693783295,3833.1224446109236,43.08010739234209,2.155056693783295
2024-04-15 10:00:00,3596.6921104499625,4936.826340111295,51.83010739234209,3.5966921104499625
2024-04-15 11:00:00,2596.538251983445,4936.826340111294,45.75967782297372,2.596538251983445
2024-04-15 12:00:00,2552.159664683221,4862.8620279442575,45.49032217702628,2.552159664683221
2024-04-15 13:00:00,3611.484972883371,4936.8263401113,51.91989260765791,3.611484972883371
2024-04-15 14:00:00,2169.8495562167036,3907.08675677796,43.1698926076579,2.1698495562167035
2024-04-15 15:00:00,3170.0034146832218,4936.826340111298,49.240322177026286,3.170003414683222
2024-04-15 16:00:00,3214.3820019834448,4936.826340111305,49.509677822973714,3.2143820019834446
2024-04-15 17:00:00,2155.056693783296,3833.1224446109245,43.08010739234209,2.155056693783296
2024-04-15 18:00:00,3596.6921104499634,4936.826340111294,51.8301073923421,3.5966921104499634
2024-04-15 19:00:00,260.3358604499628,1773.6432779442594,37.900536961710465,0.2603358604499628
2024-04-15 20:00:00,0.0,0.0,,0.0
2024-04-15 21:00:00,0.0,0.0,,0.0
2024-04-15 22:00:00,0.0,0.0,,0.0
2024-04-15 23:00:00,0.0,0.0,,0.0
2024-04-16 00:00:00,0.0,0.0,,0.0
2024-04-16 01:00:00,0.0,0.0,,0.0
2024-04-16 02:00:00,0.0,0.0,,0.0
2024-04-16 03:00:00,1785.8859937999728,4113.773788587171,45.124782427821586,1.7858859937999727
2024-04-16 04:00:00,3281.460703441885,4922.191055162826,49.9168117147856,3.2814607034418852
2024-04-16 05:00:00,2868.998619861276,4911.821965670507,47.413374861329885,2.868998619861276
2024-04-16 06:00:00,2509.156015941885,4664.756159329494,45.2293117147856,2.509156015941885
2024-04-16 07:00:00,3547.6077593267914,4937.565455253838,51.53219013298341,3.5476077593267914
2024-04-16 08:00:00,2043.5265673852157,3635.016575996163,42.403175766841635,2.0435265673852157
2024-04-16 09:00:00,3784.2929687499995,4922.191055162828,52.96875,3.7842929687499995
2024-04-16 10:00:00,2035.273117092434,3598.9039969205,42.35308148556432,2.035273117092434
2024-04-16 11:00:00,3563.4293617511144,4911.821965670507,51.62821928127732,3.5634293617511146
2024-04-16 12:00:00,2485.080963224781,4628.643580253834,45.08318828521439,2.4850809632247812
2024-04-16 13:00:00,2897.54304680539,4937.56545525384,47.586625138670115,2.89754304680539
2024-04-16 14:00:00,3257.3856507247815,4922.191055162826,49.7706882852144,3.2573856507247814
2024-04-16 15:00:00,2218.933907339875,4149.886367662827,43.46780986701659,2.218933907339875
2024-04-16 16:00:00,3723.0150992814515,4911.821965670511,52.59682423315837,3.7230150992814517
2024-04-16 17:00:00,1982.2486979166667,3120.1467843294927,42.03125,1.9822486979166667
2024-04-16 18:00:00,3731.268549574232,4937.565455253838,52.64691851443568,3.731268549574232
2024-04-16 19:00:00,417.22631111557877,2090.4072009961596,38.93771757217841,0.4172263111155788
2024-04-16 20:00:00,0.0,0.0,,0.0
2024-04-16 21:00:00,0.0,0.0,,0.0
2024-04-16 22:00:00,0.0,0.0,,0.0
2024-04-16 23:00:00,0.0,0.0,,0.0
2024-04-17 00:00:00,0.0,0.0,,0.0
2024-04-17 01:00:00,2946.705496778976,4913.334681760654,48.50174112275959,2.946705496778976
2024-04-17 02:00:00,2420.2592725980594,4527.182338010654,44.6897533109993,2.4202592725980594
2024-04-17 03:00:00,3605.5572731290713,4920.678339072679,51.8839144593338,3.6055572731290715
2024-04-17 04:00:00,2015.961379251776,3497.4427546773213,42.23586897527759,2.015961379251776
2024-04-17 05:00:00,3781.473831214599,4939.078171343986,52.9516392567777,3.781473831214599
2024-04-17 06:00:00,2069.0394841693815,3736.477818239346,42.55802630622254,2.0690394841693815
2024-04-17 07:00:00,3499.2786690053267,4913.334681760654,51.23885692583274,3.4992786690053266
2024-04-17 08:00:00,2579.6159816394093,4766.217401572676,45.65696817544531,2.5796159816394093
2024-04-17 09:00:00,2790.3535511553896,4920.678339072683,46.93603895294354,2.7903535511553894
2024-04-17 10:00:00,3346.2823940686085,4939.078171343986,50.31024668900071,3.3462823940686084
2024-04-17 11:00:00,2160.9843935375943,4012.31254634399,43.11608554066619,2.1609843935375945
2024-04-17 12:00:00,3750.5802874148912,4913.334681760645,52.764131024722424,3.7505802874148912
2024-04-17 13:00:00,1985.0678354520678,3221.608026572681,42.0483607432223,1.9850678354520679
2024-04-17 14:00:00,3697.5021824972846,4920.678339072683,52.441973693777456,3.6975021824972845
2024-04-17 15:00:00,2267.2629976613407,4251.347609906015,43.761143074167265,2.2672629976613408
2024-04-17 16:00:00,3186.9256850272586,4939.07817134399,49.34303182455471,3.1869256850272585
2024-04-17 17:00:00,29.482618732299702,923.0937963439892,35.36833885166551,0.029482618732299702
2024-04-17 18:00:00,0.0,0.0,,0.0
2024-04-17 19:00:00,0.0,0.0,,0.0
2024-04-17 20:00:00,0.0,0.0,,0.0
2024-04-17 21:00:00,0.0,0.0,,0.0
2024-04-17 22:00:00,0.0,0.0,,0.0
2024-04-17 23:00:00,0.0,0.0,,0.0
2024-04-18 00:00:00,0.0,0.0,,0.0
2024-04-18 01:00:00,0.0,0.0,,0.0
2024-04-18 02:00:00,2214.2141779671006,4564.813916898491,46.45611855889023,2.2142141779671007
2024-04-18 03:00:00,2947.063363008985,4934.533739351509,47.88718848622114,2.947063363008985
2024-04-18 04:00:00,3213.3901845372766,4908.790249768175,49.503657991223164,3.2133901845372765
2024-04-18 05:00:00,2248.7210835723704,4213.716031018174,43.64860300585122,2.2487210835723705
2024-04-18 06:00:00,3707.5372702007085,4925.222771065162,52.50288161570406,3.7075372702007083
2024-04-18 07:00:00,1983.6910552006061,3183.97644768484,42.04000438137032,1.9836910552006062
2024-04-18 08:00:00,3744.034482245301,4934.533739351504,52.72440128822195,3.744034482245301
2024-04-18 09:00:00,2176.037025092731,4049.9441252318243,43.207447423556104,2.176037025092731
2024-04-18 10:00:00,3322.571455061509,4908.790249768171,50.16633324603617,3.322571455061509
2024-04-18 11:00:00,2819.4783036576846,4925.222771065158,47.11281151377887,2.8194783036576845
2024-04-18 12:00:00,2553.1514821293863,4728.585822684838,45.49634200877681,2.5531514821293864
2024-04-18 13:00:00,3517.820583094298,4934.533739351509,51.35139699414879,3.517820583094298
2024-04-18 14:00:00,2059.0043964659567,3698.846239351504,42.49711838429593,2.059004396465957
2024-04-18 15:00:00,3782.850611466061,4908.790249768166,52.95999561862968,3.7828506114660607
2024-04-18 16:00:00,2022.5071844213658,3535.074333565167,42.27559871177805,2.022507184421366
2024-04-18 17:00:00,3590.504641573935,4925.222771065171,51.79255257644389,3.590504641573935
2024-04-18 18:00:00,229.75603363805337,1639.3670726848377,37.606381441109725,0.22975603363805336
2024-04-18 19:00:00,0.0,0.0,,0.0
2024-04-18 20:00:00,0.0,0.0,,0.0
2024-04-18 21:00:00,0.0,0.0,,0.0
2024-04-18 22:00:00,0.0,0.0,,0.0
2024-04-18 23:00:00,0.0,0.0,,0.0
2024-04-19 00:00:00,0.0,0.0,,0.0
2024-04-19 01:00:00,2436.2839266764486,4941.884208713084,47.74441785652767,2.4362839266764484
2024-04-19 02:00:00,2499.5171219617937,4770.260944824197,45.17080848896946,2.4995171219617935
2024-04-19 03:00:00,3627.0870823567734,4941.884208713089,52.014589544424304,3.6270870823567734
2024-04-19 04:00:00,2191.287879991325,3999.6878398980234,43.30001242218193,2.191287879991325
2024-04-19 05:00:00,3114.4427648111855,4941.884208713084,48.90309705009065,3.1144427648111854
2024-04-19 06:00:00,3267.024544704872,4941.884208713089,49.82919151103053,3.267024544704872
2024-04-19 07:00:00,2139.454584309893,3740.521361490866,42.9854104555757,2.139454584309893
2024-04-19 08:00:00,3575.253786675342,4941.884208713084,51.69998757781807,3.5752537866753418
2024-04-19 09:00:00,2652.09890185548,4941.884208713084,46.09690294990934,2.65209890185548
2024-04-19 10:00:00,2499.5171219617955,4770.260944824204,45.17080848896947,2.4995171219617953
2024-04-19 11:00:00,3627.0870823567734,4941.884208713093,52.014589544424304,3.6270870823567734
2024-04-19 12:00:00,2191.2878799913237,3999.687839898022,43.30001242218192,2.191287879991324
2024-04-19 13:00:00,3114.4427648111873,4941.884208713089,48.903097050090665,3.114442764811187
2024-04-19 14:00:00,3267.0245447048706,4941.8842087130815,49.82919151103052,3.2670245447048707
2024-04-19 15:00:00,2139.4545843098927,3740.5213614908716,42.985410455575696,2.1394545843098927
2024-04-19 16:00:00,3575.2537866753437,4941.884208713093,51.699987577818085,3.5752537866753435
2024-04-19 17:00:00,215.8149751790344,1681.0421948242065,37.8593284168178,0.21581497517903442
2024-04-19 18:00:00,0.0,0.0,,0.0
2024-04-19 19:00:00,0.0,0.0,,0.0
2024-04-19 20:00:00,0.0,0.0,,0.0
2024-04-19 21:00:00,0.0,0.0,,0.0
2024-04-19 22:00:00,0.0,0.0,,0.0
2024-04-19 23:00:00,0.0,0.0,,0.0
2024-04-20 00:00:00,0.0,0.0,,0.0
2024-04-20 01:00:00,0.0,0.0,,0.0
2024-04-20 02:00:00,0.0,0.0,,0.0
2024-04-20 03:00:00,0.0,0.0,,0.0
2024-04-20 04:00:00,0.0,0.0,,0.0
2024-04-20 05:00:00,0.0,0.0,,0.0
2024-04-20 06:00:00,0.0,0.0,,0.0
2024-04-20 07:00:00,0.0,0.0,,0.0
2024-04-20 08:00:00,0.0,0.0,,0.0
2024-04-20 09:00:00,0.0,0.0,,0.0
2024-04-20 10:00:00,0.0,0.0,,0.0
2024-04-20 11:00:00,0.0,0.0,,0.0
2024-04-20 12:00:00,0.0,0.0,,0.0
2024-04-20 13:00:00,0.0,0.0,,0.0
2024-04-20 14:00:00,0.0,0.0,,0.0
2024-04-20 15:00:00,0.0,0.0,,0.0
2024-04-20 16:00:00,0.0,0.0,,0.0
2024-04-20 17:00:00,0.0,0.0,,0.0
2024-04-20 18:00:00,0.0,0.0,,0.0
2024-04-20 19:00:00,0.0,0.0,,0.0
2024-04-20 20:00:00,0.0,0.0,,0.0
2024-04-20 21:00:00,0.0,0.0,,0.0
2024-04-20 22:00:00,0.0,0.0,,0.0
2024-04-20 23:00:00,0.0,0.0,,0.0
2024-04-21 00:00:00,0.0,0.0,,0.0
2024-04-21 01:00:00,0.0,0.0,,0.0
2024-04-21 02:00:00,0.0,0.0,,0.0
2024-04-21 03:00:00,0.0,0.0,,0.0
2024-04-21 04:00:00,0.0,0.0,,0.0
2024-04-21 05:00:00,0.0,0.0,,0.0
2024-04-21 06:00:00,0.0,0.0,,0.0
2024-04-21 07:00:00,0.0,0.0,,0.0
2024-04-21 08:00:00,0.0,0.0,,0.0
2024-04-21 09:00:00,0.0,0.0,,0.0
2024-04-21 10:00:00,0.0,0.0,,0.0
2024-04-21 11:00:00,0.0,0.0,,0.0
2024-04-21 12:00:00,0.0,0.0,,0.0
2024-04-21 13:00:00,0.0,0.0,,0.0
2024-04-21 14:00:00,0.0,0.0,,0.0
2024-04-21 15:00:00,0.0,0.0,,0.0
2024-04-21 16:00:00,0.0,0.0,,0.0
2024-04-21 17:00:00,0.0,0.0,,0.0
2024-04-21 18:00:00,0.0,0.0,,0.0
2024-04-21 19:00:00,0.0,0.0,,0.0
2024-04-21 20:00:00,0.0,0.0,,0.0
2024-04-21 21:00:00,0.0,0.0,,0.0
2024-04-21 22:00:00,0.0,0.0,,0.0
2024-04-21 23:00:00,0.0,0.0,,0.0
2024-04-22 00:00:00,0.0,0.0,,0.0
2024-04-22 01:00:00,0.0,0.0,,0.0
2024-04-22 02:00:00,0.0,0.0,,0.0
2024-04-22 03:00:00,1158.4829725209227,3342.0201773107688,42.784377182605446,1.1584829725209227
2024-04-22 04:00:00,3661.410591938077,4921.639978939232,52.22291593913152,3.661410591938077
2024-04-22 05:00:00,2329.8889730379656,4371.759760644103,44.14125116405624,2.3298889730379657
2024-04-22 06:00:00,3097.0616574645205,4912.373041894101,48.79760249333582,3.0970616574645207
2024-04-22 07:00:00,3070.065881431948,4938.116531477432,48.63375174608436,3.070065881431948
2024-04-22 08:00:00,2349.5737658433427,4406.770187272566,44.26072792985692,2.349573765843343
2024-04-22 09:00:00,3649.7404497285893,4921.639978939234,52.152084060868475,3.6497404497285895
2024-04-22 10:00:00,1998.312587469675,3377.030603939232,42.12874970898594,1.998312587469675
2024-04-22 11:00:00,3771.8845708105896,4912.373041894103,52.89343728173946,3.7718845708105895
2024-04-22 12:00:00,2105.1310747285893,3856.889968977432,42.77708406086848,2.105131074728589
2024-04-22 13:00:00,3436.6526936287005,4938.116531477436,50.85874883594376,3.4366526936287003
2024-04-22 14:00:00,2669.480009202145,4886.629552310766,46.20239750666418,2.669480009202145
2024-04-22 15:00:00,2696.4757852347175,4921.63997893923,46.366248253915636,2.6964757852347176
2024-04-22 16:00:00,3416.9679008233243,4912.373041894099,50.73927207014309,3.4169679008233245
2024-04-22 17:00:00,2116.801216938077,3891.9003956058964,42.84791593913152,2.116801216938077
2024-04-22 18:00:00,3768.2290791969917,4938.116531477442,52.87125029101406,3.768229079196992
2024-04-22 19:00:00,836.1741233351534,2862.160812272563,41.27812281739454,0.8361741233351534
2024-04-22 20:00:00,0.0,0.0,,0.0
2024-04-22 21:00:00,0.0,0.0,,0.0
2024-04-22 22:00:00,0.0,0.0,,0.0
2024-04-22 23:00:00,0.0,0.0,,0.0
2024-04-23 00:00:00,0.0,0.0,,0.0
2024-04-23 01:00:00,0.0,0.0,,0.0
2024-04-23 02:00:00,0.0,0.0,,0.0
2024-04-23 03:00:00,1005.7373151921014,3131.3164272592035,42.208636672201926,1.0057373151921014
2024-04-23 04:00:00,3720.4088492645187,4907.617208509201,52.58100560981954,3.7204088492645186
2024-04-23 05:00:00,2224.1464073737393,4161.056010592537,43.49944711369424,2.2241464073737394
2024-04-23 06:00:00,3249.939222104975,4933.360698092539,49.72549221853205,3.249939222104975
2024-04-23 07:00:00,2906.106439718167,4926.395812324127,47.63860061535482,2.906106439718167
2024-04-23 08:00:00,2477.6345346049743,4617.473937324128,45.03799221853204,2.477634534604974
2024-04-23 09:00:00,3568.2695403539888,4907.617208509201,51.65759672462084,3.5682695403539886
2024-04-23 10:00:00,2033.0391885064923,3587.734353990796,42.339522665559606,2.0330391885064922
2024-04-23 11:00:00,3784.2929687499995,4933.360698092534,52.96875,3.7842929687499995
2024-04-23 12:00:00,2046.1328174021478,3646.1862189258723,42.41899439018046,2.046132817402148
2024-04-23 13:00:00,3542.395259292926,4926.39581232412,51.500552886305755,3.5423952592929258
2024-04-23 14:00:00,2516.6024445616927,4675.925802259206,45.27450778146796,2.5166024445616926
2024-04-23 15:00:00,2860.4352269484975,4907.61720850921,47.361399384645175,2.8604352269484976
2024-04-23 16:00:00,3288.9071320616904,4933.360698092534,49.96200778146795,3.2889071320616905
2024-04-23 17:00:00,2198.2721263126787,4102.604145657464,43.34240327537916,2.1982721263126788
2024-04-23 18:00:00,3733.5024781601737,4926.395812324125,52.66047733444039,3.7335024781601738
2024-04-23 19:00:00,976.5113827245655,3072.864562324131,41.853863327798074,0.9765113827245655
2024-04-23 20:00:00,0.0,0.0,,0.0
2024-04-23 21:00:00,0.0,0.0,,0.0
2024-04-23 22:00:00,0.0,0.0,,0.0
2024-04-23 23:00:00,0.0,0.0,,0.0
2024-04-24 00:00:00,0.0,0.0,,0.0
2024-04-24 01:00:00,841.1330607601889,3013.72169336753,41.78135427077219,0.8411330607601889
2024-04-24 02:00:00,3563.5808701945843,4901.577596145309,51.629138861127416,3.5635808701945844
2024-04-24 03:00:00,2678.3629639371843,4901.577596145309,46.256312562463314,2.678362963937184
2024-04-24 04:00:00,2476.171289000281,4726.48750802136,45.02911105558817,2.476171289000281
2024-04-24 05:00:00,3632.9235405971517,4901.577596145305,52.05001390276962,3.632923540597152
2024-04-24 06:00:00,2202.9607964720813,4043.461276700862,43.37086113887258,2.202960796472081
2024-04-24 07:00:00,3088.178702729483,4901.577596145309,48.74368743753669,3.088178702729483
2024-04-24 08:00:00,3290.370377666385,4901.577596145305,49.97088894441183,3.290370377666385
2024-04-24 09:00:00,2133.6181260695143,3696.7479246880275,42.94998609723037,2.133618126069514
2024-04-24 10:00:00,3563.5808701945857,4901.577596145305,51.62913886112742,3.5635808701945857
2024-04-24 11:00:00,2678.3629639371825,4901.5775961453,46.25631256246331,2.6783629639371824
2024-04-24 12:00:00,2476.1712890002814,4726.4875080213615,45.029111055588174,2.4761712890002814
2024-04-24 13:00:00,3632.9235405971517,4901.577596145309,52.05001390276962,3.632923540597152
2024-04-24 14:00:00,2202.960796472081,4043.461276700855,43.37086113887258,2.2029607964720808
2024-04-24 15:00:00,3088.178702729484,4901.577596145305,48.7436874375367,3.088178702729484
2024-04-24 16:00:00,3290.3703776663842,4901.577596145305,49.970888944411826,3.290370377666384
2024-04-24 17:00:00,1292.4850653093279,3696.74792468803,43.84364572922784,1.2924850653093278
2024-04-24 18:00:00,0.0,0.0,,0.0
2024-04-24 19:00:00,0.0,0.0,,0.0
2024-04-24 20:00:00,0.0,0.0,,0.0
2024-04-24 21:00:00,0.0,0.0,,0.0
2024-04-24 22:00:00,0.0,0.0,,0.0
2024-04-24 23:00:00,0.0,0.0,,0.0
2024-04-25 00:00:00,0.0,0.0,,0.0
2024-04-25 01:00:00,479.4075840135404,2327.424151572912,39.69920760737526,0.4794075840135404
2024-04-25 02:00:00,3655.5755208333335,4901.773109906245,52.1875,3.6555755208333336
2024-04-25 03:00:00,2317.685632851387,4386.903318239579,44.0671830429501,2.317685632851387
2024-04-25 04:00:00,2882.113477806253,4901.773109906243,47.49297543557485,2.8821134778062527
2024-04-25 05:00:00,3450.3991745180533,4901.773109906245,50.9421830429501,3.4503991745180533
2024-04-25 06:00:00,2110.9661458333326,3357.163734906246,42.8125,2.1109661458333324
2024-04-25 07:00:00,3448.8560338152806,4901.77310990624,50.9328169570499,3.4488560338152805
2024-04-25 08:00:00,2884.4281888604114,4901.7731099062385,47.50702456442514,2.8844281888604115
2024-04-25 09:00:00,2316.1424921486137,4383.0454664826475,44.05781695704991,2.3161424921486136
2024-04-25 10:00:00,3655.5755208333335,4901.773109906236,52.1875,3.6555755208333336
2024-04-25 11:00:00,2317.685632851385,4386.903318239569,44.06718304295009,2.317685632851385
2024-04-25 12:00:00,2882.1134778062556,4901.773109906243,47.49297543557486,2.8821134778062554
2024-04-25 13:00:00,3450.399174518052,4901.77310990624,50.94218304295009,3.450399174518052
2024-04-25 14:00:00,2110.9661458333335,3357.1637349062357,42.8125,2.1109661458333333
2024-04-25 15:00:00,3448.8560338152815,4901.7731099062385,50.932816957049916,3.4488560338152814
2024-04-25 16:00:00,2884.4281888604105,4901.773109906236,47.50702456442513,2.8844281888604106
2024-04-25 17:00:00,1836.734908135077,4383.04546648265,45.925792392624786,1.836734908135077
2024-04-25 18:00:00,0.0,0.0,,0.0
2024-04-25 19:00:00,0.0,0.0,,0.0
2024-04-25 20:00:00,0.0,0.0,,0.0
2024-04-25 21:00:00,0.0,0.0,,0.0
2024-04-25 22:00:00,0.0,0.0,,0.0
2024-04-25 23:00:00,0.0,0.0,,0.0
2024-04-26 00:00:00,0.0,0.0,,0.0
2024-04-26 01:00:00,0.0,0.0,,0.0
2024-04-26 02:00:00,1626.0354131029248,4132.013950179714,45.18340767731689,1.6260354131029249
2024-04-26 03:00:00,3035.047098642172,4904.318637679713,48.42120539360987,3.035047098642172
2024-04-26 04:00:00,3336.0191278676343,4904.318637679713,50.24795383865845,3.336019127867634
2024-04-26 05:00:00,2123.3904452598063,3608.1952512091766,42.887909232268306,2.1233904452598065
2024-04-26 06:00:00,3538.3874816127523,4904.31863767971,51.47622769680493,3.538387481612752
2024-04-26 07:00:00,2731.494568024494,4904.318637679713,46.57879460639013,2.731494568024494
2024-04-26 08:00:00,2430.522538799033,4637.93483454251,44.75204616134156,2.4305225387990332
2024-04-26 09:00:00,3643.15122140686,4904.31863767971,52.112090767731694,3.64315122140686
2024-04-26 10:00:00,2228.154185053913,4132.013950179702,43.52377230319506,2.228154185053913
2024-04-26 11:00:00,3035.0470986421738,4904.318637679713,48.421205393609874,3.0350470986421736
2024-04-26 12:00:00,3336.019127867633,4904.318637679701,50.24795383865844,3.3360191278676328
2024-04-26 13:00:00,2123.3904452598063,3608.1952512091734,42.887909232268306,2.1233904452598065
2024-04-26 14:00:00,3538.3874816127545,4904.3186376797075,51.47622769680494,3.5383874816127547
2024-04-26 15:00:00,2731.4945680244923,4904.318637679715,46.57879460639012,2.7314945680244924
2024-04-26 16:00:00,2430.5225387990313,4637.934834542508,44.75204616134155,2.4305225387990315
2024-04-26 17:00:00,3643.1512214068603,4904.318637679722,52.112090767731694,3.6431512214068604
2024-04-26 18:00:00,602.1187719509891,2578.455667875842,40.44159232268311,0.6021187719509891
2024-04-26 19:00:00,0.0,0.0,,0.0
2024-04-26 20:00:00,0.0,0.0,,0.0
2024-04-26 21:00:00,0.0,0.0,,0.0
2024-04-26 22:00:00,0.0,0.0,,0.0
2024-04-26 23:00:00,0.0,0.0,,0.0
2024-04-27 00:00:00,0.0,0.0,,0.0
2024-04-27 01:00:00,0.0,0.0,,0.0
2024-04-27 02:00:00,0.0,0.0,,0.0
2024-04-27 03:00:00,0.0,0.0,,0.0
2024-04-27 04:00:00,0.0,0.0,,0.0
2024-04-27 05:00:00,0.0,0.0,,0.0
2024-04-27 06:00:00,0.0,0.0,,0.0
2024-04-27 07:00:00,0.0,0.0,,0.0
2024-04-27 08:00:00,0.0,0.0,,0.0
2024-04-27 09:00:00,0.0,0.0,,0.0
2024-04-27 10:00:00,0.0,0.0,,0.0
2024-04-27 11:00:00,0.0,0.0,,0.0
2024-04-27 12:00:00,0.0,0.0,,0.0
2024-04-27 13:00:00,0.0,0.0,,0.0
2024-04-27 14:00:00,0.0,0.0,,0.0
2024-04-27 15:00:00,0.0,0.0,,0.0
2024-04-27 16:00:00,0.0,0.0,,0.0
2024-04-27 17:00:00,0.0,0.0,,0.0
2024-04-27 18:00:00,0.0,0.0,,0.0
2024-04-27 19:00:00,0.0,0.0,,0.0
2024-04-27 20:00:00,0.0,0.0,,0.0
2024-04-27 21:00:00,0.0,0.0,,0.0
2024-04-27 22:00:00,0.0,0.0,,0.0
2024-04-27 23:00:00,0.0,0.0,,0.0
2024-04-28 00:00:00,0.0,0.0,,0.0
2024-04-28 01:00:00,0.0,0.0,,0.0
2024-04-28 02:00:00,0.0,0.0,,0.0
2024-04-28 03:00:00,0.0,0.0,,0.0
2024-04-28 04:00:00,0.0,0.0,,0.0
2024-04-28 05:00:00,0.0,0.0,,0.0
2024-04-28 06:00:00,0.0,0.0,,0.0
2024-04-28 07:00:00,0.0,0.0,,0.0
2024-04-28 08:00:00,0.0,0.0,,0.0
2024-04-28 09:00:00,0.0,0.0,,0.0
2024-04-28 10:00:00,0.0,0.0,,0.0
2024-04-28 11:00:00,0.0,0.0,,0.0
2024-04-28 12:00:00,0.0,0.0,,0.0
2024-04-28 13:00:00,0.0,0.0,,0.0
2024-04-28 14:00:00,0.0,0.0,,0.0
2024-04-28 15:00:00,0.0,0.0,,0.0
2024-04-28 16:00:00,0.0,0.0,,0.0
2024-04-28 17:00:00,0.0,0.0,,0.0
2024-04-28 18:00:00,0.0,0.0,,0.0
2024-04-28 19:00:00,0.0,0.0,,0.0
2024-04-28 20:00:00,0.0,0.0,,0.0
2024-04-28 21:00:00,0.0,0.0,,0.0
2024-04-28 22:00:00,0.0,0.0,,0.0
2024-04-28 23:00:00,0.0,0.0,,0.0
2024-04-29 00:00:00,0.0,0.0,,0.0
2024-04-29 01:00:00,523.5239829105449,2425.538317743826,40.034294452949226,0.5235239829105449
2024-04-29 02:00:00,3653.6709449640944,4914.075644132716,52.1759401849017,3.6536709449640945
2024-04-29 03:00:00,2358.835875188991,4485.017484410492,44.31694426294466,2.358835875188991
2024-04-29 04:00:00,2823.244978103705,4914.075644132713,47.13567332823047,2.823244978103705
2024-04-29 05:00:00,3487.74026511718,4914.075644132716,51.16882463274805,3.4877402651171803
2024-04-29 06:00:00,2112.8707217025712,3455.2779010771605,42.8240598150983,2.112870721702571
2024-04-29 07:00:00,3407.7057914776765,4914.075644132716,50.68305573705535,3.4077057914776763
2024-04-29 08:00:00,2943.2966885629594,4914.075644132713,47.86432667176952,2.9432966885629592
2024-04-29 09:00:00,2278.801401549487,4284.931300311733,43.83117536725196,2.278801401549487
2024-04-29 10:00:00,3653.6709449640953,4914.075644132711,52.1759401849017,3.6536709449640954
2024-04-29 11:00:00,2358.8358751889887,4485.017484410483,44.316944262944645,2.358835875188989
2024-04-29 12:00:00,2823.244978103707,4914.0756441327085,47.13567332823048,2.8232449781037072
2024-04-29 13:00:00,3487.7402651171788,4914.075644132707,51.16882463274804,3.487740265117179
2024-04-29 14:00:00,2112.8707217025717,3455.2779010771487,42.8240598150983,2.1128707217025715
2024-04-29 15:00:00,3407.7057914776783,4914.075644132713,50.683055737055355,3.4077057914776785
2024-04-29 16:00:00,2943.2966885629585,4914.075644132711,47.86432667176951,2.9432966885629583
2024-04-29 17:00:00,1755.2774186389458,4284.931300311737,45.59070554705082,1.755277418638946
2024-04-29 18:00:00,0.0,0.0,,0.0
2024-04-29 19:00:00,0.0,0.0,,0.0
2024-04-29 20:00:00,0.0,0.0,,0.0
2024-04-29 21:00:00,0.0,0.0,,0.0
2024-04-29 22:00:00,0.0,0.0,,0.0
2024-04-29 23:00:00,0.0,0.0,,0.0
2024-04-30 00:00:00,0.0,0.0,,0.0
2024-04-30 01:00:00,0.0,0.0,,0.0
2024-04-30 02:00:00,2000.1841887803641,4572.473980596961,46.55469461610281,2.000184188780364
2024-04-30 03:00:00,2770.771080391823,4915.7205083747385,46.81718323033831,2.770771080391823
2024-04-30 04:00:00,3517.848242374913,4915.72050837474,51.35156487203427,3.517848242374913
2024-04-30 05:00:00,2117.745342919427,3542.7343972636277,42.853646307740185,2.117745342919427
2024-04-30 06:00:00,3367.848571786233,4915.7205083747385,50.44114251248536,3.367848571786233
2024-04-30 07:00:00,2995.770586274842,4915.720508374736,48.182816769661684,2.9957705862748423
2024-04-30 08:00:00,2248.693424291754,4197.474804125262,43.64843512796573,2.248693424291754
2024-04-30 09:00:00,3648.79632374724,4915.720508374733,52.146353692259815,3.64879632374724
2024-04-30 10:00:00,2398.6930948804325,4572.473980596954,44.558857487514636,2.3986930948804326
2024-04-30 11:00:00,2770.771080391825,4915.72050837474,46.81718323033832,2.770771080391825
2024-04-30 12:00:00,3517.8482423749124,4915.7205083747385,51.35156487203427,3.5178482423749124
2024-04-30 13:00:00,2117.7453429194265,3542.734397263621,42.853646307740185,2.1177453429194264
2024-04-30 14:00:00,3367.8485717862345,4915.720508374736,50.441142512485364,3.3678485717862343
2024-04-30 15:00:00,2995.770586274841,4915.720508374733,48.18281676966168,2.9957705862748414
2024-04-30 16:00:00,2248.6934242917546,4197.474804125264,43.64843512796573,2.2486934242917545
2024-04-30 17:00:00,3648.7963237472404,4915.720508374731,52.146353692259815,3.6487963237472405
2024-04-30 18:00:00,398.5089061000708,2137.9956374585995,39.070305383897214,0.39850890610007084
2024-04-30 19:00:00,0.0,0.0,,0.0
2024-04-30 20:00:00,0.0,0.0,,0.0
2024-04-30 21:00:00,0.0,0.0,,0.0
2024-04-30 22:00:00,0.0,0.0,,0.0
2024-04-30 23:00:00,0.0,0.0,,0.0
2024-05-01 00:00:00,0.0,0.0,,0.0
2024-05-01 01:00:00,0.0,0.0,,0.0
2024-05-01 02:00:00,0.0,0.0,,0.0
2024-05-01 03:00:00,1499.22918625043,3773.885346635277,43.99933098205621,1.4992291862504301
2024-05-01 04:00:00,3480.5749048073612,4932.3423778852775,51.125334508971896,3.4805749048073613
2024-05-01 05:00:00,2607.048169129759,4803.624929968611,45.823467720174555,2.607048169129759
2024-05-01 06:00:00,2761.163250469556,4927.414132531389,46.758868547688365,2.761163250469556
2024-05-01 07:00:00,3368.7269111061664,4906.598888301944,50.446473589233726,3.3687269111061666
2024-05-01 08:00:00,2146.532577761509,3974.9050179480546,43.02837030657939,2.146532577761509
2024-05-01 09:00:00,3756.81487548088,4932.3423778852775,52.8019718303427,3.75681487548088
2024-05-01 10:00:00,1987.561670678463,3259.0155549686083,42.063497065470415,1.9875616706784631
2024-05-01 11:00:00,3687.0156460094167,4927.414132531394,52.37832570538314,3.687015646009417
2024-05-01 12:00:00,2285.966761859306,4288.755138301938,43.874665491028104,2.285966761859306
2024-05-01 13:00:00,3159.493497536906,4906.598888301951,49.17653227982544,3.1594934975369062
2024-05-01 14:00:00,3005.3784161971125,4932.3423778852775,48.24113145231164,3.0053784161971127
2024-05-01 15:00:00,2397.8147555604987,4489.774809614715,44.55352641076627,2.397814755560499
2024-05-01 16:00:00,3620.0090889051594,4927.414132531379,51.971629693420624,3.6200090889051593
2024-05-01 17:00:00,2009.7267911857855,3460.035226281382,42.19802816965729,2.0097267911857855
2024-05-01 18:00:00,3778.979995988203,4906.598888301948,52.936502934529585,3.778979995988203
2024-05-01 19:00:00,580.296834406817,2430.2956429480487,40.06316901794374,0.580296834406817
2024-05-01 20:00:00,0.0,0.0,,0.0
2024-05-01 21:00:00,0.0,0.0,,0.0
2024-05-01 22:00:00,0.0,0.0,,0.0
2024-05-01 23:00:00,0.0,0.0,,0.0
2024-05-02 00:00:00,0.0,0.0,,0.0
2024-05-02 01:00:00,0.0,0.0,,0.0
2024-05-02 02:00:00,1155.247638336861,3496.1696170205037,43.14706988143208,1.155247638336861
2024-05-02 03:00:00,3389.578802566358,4930.532639923941,50.573034055331696,3.389578802566358
2024-05-02 04:00:00,2967.831718128968,4930.532639923938,48.013241928859244,2.967831718128968
2024-05-02 05:00:00,2264.2150177061285,4244.0395843683855,43.74264337285597,2.2642150177061287
2024-05-02 06:00:00,3651.900642430114,4930.532639923941,52.16519534123786,3.6519006424301144
2024-05-02 07:00:00,2376.9628641003083,4525.909200353835,44.4269659446683,2.3769628641003084
2024-05-02 08:00:00,2798.709948537699,4930.532639923943,46.986758071140756,2.7987099485376987
2024-05-02 09:00:00,3502.3266489605376,4930.532639923946,51.25735662714403,3.5023266489605374
2024-05-02 10:00:00,2114.641024236552,3496.169617020501,42.83480465876214,2.1146410242365516
2024-05-02 11:00:00,3389.5788025663587,4930.532639923934,50.5730340553317,3.389578802566359
2024-05-02 12:00:00,2967.831718128967,4930.532639923946,48.01324192885924,2.9678317181289673
2024-05-02 13:00:00,2264.215017706129,4244.039584368393,43.74264337285597,2.264215017706129
2024-05-02 14:00:00,3651.9006424301147,4930.532639923938,52.16519534123787,3.651900642430115
2024-05-02 15:00:00,2376.9628641003073,4525.9092003538335,44.4269659446683,2.3769628641003075
2024-05-02 16:00:00,2798.709948537703,4930.53263992395,46.986758071140784,2.798709948537703
2024-05-02 17:00:00,3502.3266489605353,4930.532639923943,51.257356627144006,3.502326648960535
2024-05-02 18:00:00,959.3933858996952,3214.3000010350606,42.477930118567976,0.9593933858996953
2024-05-02 19:00:00,0.0,0.0,,0.0
2024-05-02 20:00:00,0.0,0.0,,0.0
2024-05-02 21:00:00,0.0,0.0,,0.0
2024-05-02 22:00:00,0.0,0.0,,0.0
2024-05-02 23:00:00,0.0,0.0,,0.0
2024-05-03 00:00:00,0.0,0.0,,0.0
2024-05-03 01:00:00,0.0,0.0,,0.0
2024-05-03 02:00:00,728.5042032335999,2808.094275445111,41.05413286986394,0.7285042032335999
2024-05-03 03:00:00,3610.5426900498665,4932.114925943778,51.91417342602721,3.6105426900498663
2024-05-03 04:00:00,2554.9865131837328,4867.573442111778,45.50747972191836,2.554986513183733
2024-05-03 05:00:00,2593.711403482934,4932.114925943778,45.74252027808164,2.593711403482934
2024-05-03 06:00:00,3597.634393283466,4932.114925943781,51.83582657397279,3.597634393283466
2024-05-03 07:00:00,2155.9989766167996,3837.8338587784424,43.08582657397279,2.1559989766167997
2024-05-03 08:00:00,3211.555153482935,4932.1149259437825,49.49252027808165,3.211555153482935
2024-05-03 09:00:00,3172.830263183732,4932.114925943775,49.25747972191836,3.172830263183732
2024-05-03 10:00:00,2168.9072733831995,3902.375342610447,43.16417342602721,2.1689072733831996
2024-05-03 11:00:00,3610.5426900498683,4932.1149259437825,51.91417342602722,3.610542690049868
2024-05-03 12:00:00,2554.9865131837305,4867.573442111766,45.50747972191835,2.5549865131837306
2024-05-03 13:00:00,2593.711403482935,4932.114925943775,45.74252027808165,2.593711403482935
2024-05-03 14:00:00,3597.634393283466,4932.114925943787,51.83582657397279,3.597634393283466
2024-05-03 15:00:00,2155.9989766167982,3837.8338587784306,43.08582657397278,2.1559989766167984
2024-05-03 16:00:00,3211.5551534829333,4932.114925943781,49.492520278081635,3.211555153482933
2024-05-03 17:00:00,3172.8302631837337,4932.114925943773,49.257479721918365,3.1728302631837337
2024-05-03 18:00:00,1440.4030701496004,3902.375342610445,44.570867130136065,1.4404030701496005
2024-05-03 19:00:00,0.0,0.0,,0.0
2024-05-03 20:00:00,0.0,0.0,,0.0
2024-05-03 21:00:00,0.0,0.0,,0.0
2024-05-03 22:00:00,0.0,0.0,,0.0
2024-05-03 23:00:00,0.0,0.0,,0.0
2024-05-04 00:00:00,0.0,0.0,,0.0
2024-05-04 01:00:00,0.0,0.0,,0.0
2024-05-04 02:00:00,0.0,0.0,,0.0
2024-05-04 03:00:00,0.0,0.0,,0.0
2024-05-04 04:00:00,0.0,0.0,,0.0
2024-05-04 05:00:00,0.0,0.0,,0.0
2024-05-04 06:00:00,0.0,0.0,,0.0
2024-05-04 07:00:00,0.0,0.0,,0.0
2024-05-04 08:00:00,0.0,0.0,,0.0
2024-05-04 09:00:00,0.0,0.0,,0.0
2024-05-04 10:00:00,0.0,0.0,,0.0
2024-05-04 11:00:00,0.0,0.0,,0.0
2024-05-04 12:00:00,0.0,0.0,,0.0
2024-05-04 13:00:00,0.0,0.0,,0.0
2024-05-04 14:00:00,0.0,0.0,,0.0
2024-05-04 15:00:00,0.0,0.0,,0.0
2024-05-04 16:00:00,0.0,0.0,,0.0
2024-05-04 17:00:00,0.0,0.0,,0.0
2024-05-04 18:00:00,0.0,0.0,,0.0
2024-05-04 19:00:00,0.0,0.0,,0.0
2024-05-04 20:00:00,0.0,0.0,,0.0
2024-05-04 21:00:00,0.0,0.0,,0.0
2024-05-04 22:00:00,0.0,0.0,,0.0
2024-05-04 23:00:00,0.0,0.0,,0.0
2024-05-05 00:00:00,0.0,0.0,,0.0
2024-05-05 01:00:00,0.0,0.0,,0.0
2024-05-05 02:00:00,0.0,0.0,,0.0
2024-05-05 03:00:00,0.0,0.0,,0.0
2024-05-05 04:00:00,0.0,0.0,,0.0
2024-05-05 05:00:00,0.0,0.0,,0.0
2024-05-05 06:00:00,0.0,0.0,,0.0
2024-05-05 07:00:00,0.0,0.0,,0.0
2024-05-05 08:00:00,0.0,0.0,,0.0
2024-05-05 09:00:00,0.0,0.0,,0.0
2024-05-05 10:00:00,0.0,0.0,,0.0
2024-05-05 11:00:00,0.0,0.0,,0.0
2024-05-05 12:00:00,0.0,0.0,,0.0
2024-05-05 13:00:00,0.0,0.0,,0.0
2024-05-05 14:00:00,0.0,0.0,,0.0
2024-05-05 15:00:00,0.0,0.0,,0.0
2024-05-05 16:00:00,0.0,0.0,,0.0
2024-05-05 17:00:00,0.0,0.0,,0.0
2024-05-05 18:00:00,0.0,0.0,,0.0
2024-05-05 19:00:00,0.0,0.0,,0.0
2024-05-05 20:00:00,0.0,0.0,,0.0
2024-05-05 21:00:00,0.0,0.0,,0.0
2024-05-05 22:00:00,0.0,0.0,,0.0
2024-05-05 23:00:00,0.0,0.0,,0.0
2024-05-06 00:00:00,0.0,0.0,,0.0
2024-05-06 01:00:00,0.0,0.0,,0.0
2024-05-06 02:00:00,805.685442592534,2963.3846455554153,41.736250440880575,0.8056854425925339
2024-05-06 03:00:00,3576.814155620403,4937.052180277637,51.7094582304612,3.5768141556204034
2024-05-06 04:00:00,2648.160735249915,4937.052180277637,46.07300026452834,2.648160735249915
2024-05-06 05:00:00,2503.207641824154,4776.824555833474,45.193208083501005,2.503207641824154
2024-05-06 06:00:00,3626.0220068981243,4937.052180277635,52.008125073480095,3.626022006898124
2024-05-06 07:00:00,2189.727511046263,3993.1242288887497,43.2905417695388,2.189727511046263
2024-05-06 08:00:00,3118.3809314167534,4937.05218027763,48.926999735471675,3.118380931416753
2024-05-06 09:00:00,3263.33402484251,4937.052180277637,49.80679191649897,3.2633340248425102
2024-05-06 10:00:00,2140.519659768542,3747.0849725001444,42.991874926519905,2.1405196597685423
2024-05-06 11:00:00,3576.814155620405,4937.052180277635,51.70945823046121,3.576814155620405
2024-05-06 12:00:00,2648.1607352499122,4937.052180277632,46.073000264528325,2.6481607352499124
2024-05-06 13:00:00,2503.2076418241563,4776.824555833478,45.19320808350103,2.5032076418241562
2024-05-06 14:00:00,3626.022006898124,4937.05218027763,52.008125073480095,3.6260220068981237
2024-05-06 15:00:00,2189.727511046262,3993.124228888738,43.29054176953879,2.1897275110462617
2024-05-06 16:00:00,3118.3809314167547,4937.052180277637,48.92699973547168,3.1183809314167545
2024-05-06 17:00:00,3263.334024842509,4937.052180277626,49.806791916498966,3.263334024842509
2024-05-06 18:00:00,1334.8342171760119,3747.0849725001476,43.88874955911947,1.334834217176012
2024-05-06 19:00:00,0.0,0.0,,0.0
2024-05-06 20:00:00,0.0,0.0,,0.0
2024-05-06 21:00:00,0.0,0.0,,0.0
2024-05-06 22:00:00,0.0,0.0,,0.0
2024-05-06 23:00:00,0.0,0.0,,0.0
2024-05-07 00:00:00,0.0,0.0,,0.0
2024-05-07 01:00:00,210.71694423579103,1650.4540091647468,37.67367355468967,0.21071694423579104
2024-05-07 02:00:00,3567.0969371661545,4911.2960230536355,51.650479614583915,3.5670969371661543
2024-05-07 03:00:00,2135.376159555299,3709.9331758314124,42.96065647395862,2.135376159555299
2024-05-07 04:00:00,3283.338243723247,4911.2960230536355,49.92820743749884,3.283338243723247
2024-05-07 05:00:00,3096.0898534155135,4911.296023053633,48.791704132813805,3.0960898534155135
2024-05-07 06:00:00,2199.4447295005125,4030.276025557477,43.34952038541609,2.1994447295005126
2024-05-07 07:00:00,3631.165507111368,4911.2960230536355,52.03934352604138,3.6311655071113678
2024-05-07 08:00:00,2483.203422943419,4739.67275916474,45.07179256250115,2.483203422943419
2024-05-07 09:00:00,2670.451813251153,4911.296023053637,46.2082958671862,2.670451813251153
2024-05-07 10:00:00,3567.0969371661545,4911.2960230536355,51.650479614583915,3.5670969371661543
2024-05-07 11:00:00,2135.3761595552987,3709.933175831405,42.960656473958615,2.1353761595552987
2024-05-07 12:00:00,3283.338243723248,4911.296023053633,49.92820743749885,3.283338243723248
2024-05-07 13:00:00,3096.0898534155126,4911.29602305363,48.7917041328138,3.0960898534155126
2024-05-07 14:00:00,2199.444729500513,4030.2760255574794,43.34952038541609,2.199444729500513
2024-05-07 15:00:00,3631.165507111368,4911.296023053628,52.039343526041385,3.6311655071113678
2024-05-07 16:00:00,2483.203422943418,4739.672759164747,45.07179256250115,2.483203422943418
2024-05-07 17:00:00,2459.7348690153644,4911.2960230536255,47.915220329685525,2.4597348690153646
2024-05-07 18:00:00,0.0,0.0,,0.0
2024-05-07 19:00:00,0.0,0.0,,0.0
2024-05-07 20:00:00,0.0,0.0,,0.0
2024-05-07 21:00:00,0.0,0.0,,0.0
2024-05-07 22:00:00,0.0,0.0,,0.0
2024-05-07 23:00:00,0.0,0.0,,0.0
2024-05-08 00:00:00,0.0,0.0,,0.0
2024-05-08 01:00:00,0.0,0.0,,0.0
2024-05-08 02:00:00,732.2485991515427,2684.162262963703,40.66651138311893,0.7322485991515427
2024-05-08 03:00:00,3782.3487579012094,4923.845856713703,52.9569496205627,3.7823487579012096
2024-05-08 04:00:00,2063.0192249847655,3713.901846297036,42.52148636883172,2.0630192249847656
2024-05-08 05:00:00,3510.5666549764815,4935.910653702963,51.307369308440535,3.5105666549764813
2024-05-08 06:00:00,2563.690406991259,4743.641429630369,45.56030796818325,2.5636904069912587
2024-05-08 07:00:00,2807.6617963111607,4910.16716411963,47.04109127294215,2.8076617963111605
2024-05-08 08:00:00,3332.106672793679,4923.845856713708,50.224207209308666,3.332106672793679
2024-05-08 09:00:00,2170.014782314518,4034.8885182862955,43.170895446752425,2.170014782314518
2024-05-08 10:00:00,3746.8176254245063,4935.910653702963,52.741293563853155,3.7468176254245065
2024-05-08 11:00:00,1984.1929087654567,3199.0320546303637,42.0430503794373,1.9841929087654566
2024-05-08 12:00:00,3703.522441681901,4910.167164119621,52.47851363116828,3.703522441681901
2024-05-08 13:00:00,2255.975011690186,4228.771637963697,43.69263069155947,2.255975011690186
2024-05-08 14:00:00,3202.8512596754067,4923.845856713708,49.43969203181675,3.202851259675407
2024-05-08 15:00:00,2958.8798703555076,4935.910653702968,47.95890872705786,2.9588798703555077
2024-05-08 16:00:00,2434.4349938729833,4549.758309952957,44.77579279069131,2.4344349938729835
2024-05-08 17:00:00,3596.526884352151,4910.167164119625,51.82910455324759,3.596526884352151
2024-05-08 18:00:00,1287.4754420906131,3520.018726619623,43.39598861688103,1.2874754420906132
2024-05-08 19:00:00,0.0,0.0,,0.0
2024-05-08 20:00:00,0.0,0.0,,0.0
2024-05-08 21:00:00,0.0,0.0,,0.0
2024-05-08 22:00:00,0.0,0.0,,0.0
2024-05-08 23:00:00,0.0,0.0,,0.0
2024-05-09 00:00:00,0.0,0.0,,0.0
2024-05-09 01:00:00,0.0,0.0,,0.0
2024-05-09 02:00:00,0.0,0.0,,0.0
2024-05-09 03:00:00,381.2883315456602,2009.0597589212255,38.678354620178396,0.38128833154566016
2024-05-09 04:00:00,3712.460297914952,4941.682428578772,52.532761911374955,3.7124602979149524
2024-05-09 05:00:00,1983.07122852207,3165.3816473287743,42.036242345994054,1.98307122852207
2024-05-09 06:00:00,3740.3155221740876,4915.938938995439,52.70182907596431,3.740315522174088
2024-05-09 07:00:00,2183.5105309491983,4068.538925587892,43.25280783541064,2.1835105309491984
2024-05-09 08:00:00,3310.7947481693327,4918.074081837892,50.094854573887005,3.3107947481693327
2024-05-09 09:00:00,2834.318558228498,4941.682428578774,47.20288437547012,2.834318558228498
2024-05-09 10:00:00,2540.1351218801387,4709.99102232877,45.4173392658751,2.5401351218801387
2024-05-09 11:00:00,3526.4981565937965,4915.938938995441,51.404065489416595,3.5264981565937963
2024-05-09 12:00:00,2054.081368751713,3680.2514389954363,42.46723808862503,2.0540813687517128
2024-05-09 13:00:00,3783.4704381445963,4918.074081837896,52.963757654005946,3.7834704381445965
2024-05-09 14:00:00,2026.2261444925791,3553.6691339212266,42.29817092403569,2.026226144492579
2024-05-09 15:00:00,3583.0311357174664,4941.68242857877,51.74719216458935,3.5830311357174662
2024-05-09 16:00:00,2455.746918497335,4583.408717254568,44.905145426113,2.455746918497335
2024-05-09 17:00:00,2932.2231084381665,4915.938938995436,47.797115624529866,2.9322231084381665
2024-05-09 18:00:00,3226.4065447865287,4918.074081837892,49.58266073412491,3.2264065447865287
2024-05-09 19:00:00,1858.755178527208,4195.121230662102,45.38414537982157,1.858755178527208
2024-05-09 20:00:00,0.0,0.0,,0.0
2024-05-09 21:00:00,0.0,0.0,,0.0
2024-05-09 22:00:00,0.0,0.0,,0.0
2024-05-09 23:00:00,0.0,0.0,,0.0
2024-05-10 00:00:00,0.0,0.0,,0.0
2024-05-10 01:00:00,0.0,0.0,,0.0
2024-05-10 02:00:00,109.66513516171068,1311.1804314782182,36.65612069162171,0.10966513516171068
2024-05-10 03:00:00,3455.797519813509,4915.268973144885,50.97494827664868,3.455797519813509
2024-05-10 04:00:00,2110.966145833333,3370.6595981448836,42.8125,2.110966145833333
2024-05-10 05:00:00,3443.4576885198244,4915.268973144884,50.90005172335132,3.4434576885198243
2024-05-10 06:00:00,2892.525706803596,4915.268973144881,47.55617241497302,2.892525706803596
2024-05-10 07:00:00,2310.7441468531574,4369.549603244007,44.02505172335132,2.3107441468531573
2024-05-10 08:00:00,3655.5755208333335,4915.268973144876,52.1875,3.6555755208333336
2024-05-10 09:00:00,2323.0839781468408,4400.39918147821,44.099948276648675,2.323083978146841
2024-05-10 10:00:00,2874.0159598630717,4915.268973144884,47.44382758502699,2.8740159598630717
2024-05-10 11:00:00,3455.7975198135077,4915.268973144881,50.974948276648675,3.455797519813508
2024-05-10 12:00:00,2110.9661458333335,3370.6595981448754,42.8125,2.1109661458333333
2024-05-10 13:00:00,3443.457688519826,4915.268973144879,50.90005172335133,3.443457688519826
2024-05-10 14:00:00,2892.525706803594,4915.268973144876,47.556172414973005,2.892525706803594
2024-05-10 15:00:00,2310.7441468531597,4369.5496032440105,44.02505172335133,2.3107441468531595
2024-05-10 16:00:00,3655.5755208333335,4915.268973144884,52.1875,3.6555755208333336
2024-05-10 17:00:00,2323.0839781468394,4400.399181478217,44.09994827664867,2.3230839781468395
2024-05-10 18:00:00,2764.350824701363,4915.268973144872,48.64246168429426,2.764350824701363
2024-05-10 19:00:00,0.0,0.0,,0.0
2024-05-10 20:00:00,0.0,0.0,,0.0
2024-05-10 21:00:00,0.0,0.0,,0.0
2024-05-10 22:00:00,0.0,0.0,,0.0
2024-05-10 23:00:00,0.0,0.0,,0.0
2024-05-11 00:00:00,0.0,0.0,,0.0
2024-05-11 01:00:00,0.0,0.0,,0.0
2024-05-11 02:00:00,0.0,0.0,,0.0
2024-05-11 03:00:00,0.0,0.0,,0.0
2024-05-11 04:00:00,0.0,0.0,,0.0
2024-05-11 05:00:00,0.0,0.0,,0.0
2024-05-11 06:00:00,0.0,0.0,,0.0
2024-05-11 07:00:00,0.0,0.0,,0.0
2024-05-11 08:00:00,0.0,0.0,,0.0
2024-05-11 09:00:00,0.0,0.0,,0.0
2024-05-11 10:00:00,0.0,0.0,,0.0
2024-05-11 11:00:00,0.0,0.0,,0.0
2024-05-11 12:00:00,0.0,0.0,,0.0
2024-05-11 13:00:00,0.0,0.0,,0.0
2024-05-11 14:00:00,0.0,0.0,,0.0
2024-05-11 15:00:00,0.0,0.0,,0.0
2024-05-11 16:00:00,0.0,0.0,,0.0
2024-05-11 17:00:00,0.0,0.0,,0.0
2024-05-11 18:00:00,0.0,0.0,,0.0
2024-05-11 19:00:00,0.0,0.0,,0.0
2024-05-11 20:00:00,0.0,0.0,,0.0
2024-05-11 21:00:00,0.0,0.0,,0.0
2024-05-11 22:00:00,0.0,0.0,,0.0
2024-05-11 23:00:00,0.0,0.0,,0.0
2024-05-12 00:00:00,0.0,0.0,,0.0
2024-05-12 01:00:00,0.0,0.0,,0.0
2024-05-12 02:00:00,0.0,0.0,,0.0
2024-05-12 03:00:00,0.0,0.0,,0.0
2024-05-12 04:00:00,0.0,0.0,,0.0
2024-05-12 05:00:00,0.0,0.0,,0.0
2024-05-12 06:00:00,0.0,0.0,,0.0
2024-05-12 07:00:00,0.0,0.0,,0.0
2024-05-12 08:00:00,0.0,0.0,,0.0
2024-05-12 09:00:00,0.0,0.0,,0.0
2024-05-12 10:00:00,0.0,0.0,,0.0
2024-05-12 11:00:00,0.0,0.0,,0.0
2024-05-12 12:00:00,0.0,0.0,,0.0
2024-05-12 13:00:00,0.0,0.0,,0.0
2024-05-12 14:00:00,0.0,0.0,,0.0
2024-05-12 15:00:00,0.0,0.0,,0.0
2024-05-12 16:00:00,0.0,0.0,,0.0
2024-05-12 17:00:00,0.0,0.0,,0.0
2024-05-12 18:00:00,0.0,0.0,,0.0
2024-05-12 19:00:00,0.0,0.0,,0.0
2024-05-12 20:00:00,0.0,0.0,,0.0
2024-05-12 21:00:00,0.0,0.0,,0.0
2024-05-12 22:00:00,0.0,0.0,,0.0
2024-05-12 23:00:00,0.0,0.0,,0.0
2024-05-13 00:00:00,0.0,0.0,,0.0
2024-05-13 01:00:00,0.0,0.0,,0.0
2024-05-13 02:00:00,0.0,0.0,,0.0
2024-05-13 03:00:00,2297.9205906732195,4649.651193182864,46.736663044709104,2.2979205906732196
2024-05-13 04:00:00,2880.909774620375,4926.9269318171355,47.485669564232715,2.8809097746203753
2024-05-13 05:00:00,3271.390726010798,4907.086089016198,49.85569202980607,3.271390726010798
2024-05-13 06:00:00,2209.6577902457584,4128.8787547338015,43.41150851395938,2.2096577902457586
2024-05-13 07:00:00,3727.916875631557,4932.829578599531,52.62657554376546,3.727916875631557
2024-05-13 08:00:00,1982.248697916667,3105.041818182862,42.03125,1.982248697916667
2024-05-13 09:00:00,3726.5395913823313,4926.9269318171355,52.61821612290121,3.7265395913823314
2024-05-13 10:00:00,2212.215603851464,4134.781401516195,43.42703315270728,2.212215603851464
2024-05-13 11:00:00,3267.4556281558675,4907.086089016202,49.83180797019393,3.2674556281558678
2024-05-13 12:00:00,2885.631892046293,4932.829578599535,47.5143304357673,2.8856318920462933
2024-05-13 13:00:00,2495.150940655866,4643.748546400467,45.14430797019392,2.4951509406558663
2024-05-13 14:00:00,3556.8838764209086,4926.926931817134,51.588491486040624,3.5568838764209088
2024-05-13 15:00:00,2038.6247910351087,3614.008963067133,42.37342445623454,2.0386247910351085
2024-05-13 16:00:00,3784.2929687499995,4907.086089016204,52.96875,3.7842929687499995
2024-05-13 17:00:00,2040.0020752843352,3619.9116098495388,42.38178387709879,2.040002075284335
2024-05-13 18:00:00,3554.326062815201,4932.829578599531,51.57296684729271,3.554326062815201
2024-05-13 19:00:00,201.16544783757757,1554.5297964004656,37.325836955290875,0.20116544783757756
2024-05-13 20:00:00,0.0,0.0,,0.0
2024-05-13 21:00:00,0.0,0.0,,0.0
2024-05-13 22:00:00,0.0,0.0,,0.0
2024-05-13 23:00:00,0.0,0.0,,0.0
2024-05-14 00:00:00,0.0,0.0,,0.0
2024-05-14 01:00:00,0.0,0.0,,0.0
2024-05-14 02:00:00,321.64151514617845,1880.4616832157649,38.36657914930412,0.32164151514617845
2024-05-14 03:00:00,3676.5263955897294,4915.819566784236,52.31466124479123,3.6765263955897294
2024-05-14 04:00:00,1989.892615216171,3293.9797230342347,42.07764472337973,1.989892615216171
2024-05-14 05:00:00,3761.823685293453,4918.193454049099,52.83237278009278,3.761823685293453
2024-05-14 06:00:00,2133.712382804114,3939.9408498824305,42.950558188078176,2.133712382804114
2024-05-14 07:00:00,3389.7054119455406,4941.5630563675695,50.57380251041752,3.3897054119455405
2024-05-14 08:00:00,2734.010467548755,4915.819566784236,46.59406484779984,2.734010467548755
2024-05-14 09:00:00,2632.688559044547,4838.589098034231,45.979091957176955,2.632688559044547
2024-05-14 10:00:00,3462.274269242854,4918.193454049102,51.014258879628876,3.462274269242854
2024-05-14 11:00:00,2090.0152710769357,3808.849514700898,42.685338755208754,2.0900152710769357
2024-05-14 12:00:00,3776.649051450496,4941.563056367565,52.92235527662027,3.776649051450496
2024-05-14 13:00:00,2004.7179813732134,3425.0710582157662,42.16762721990722,2.004717981373213
2024-05-14 14:00:00,3632.829283862551,4915.819566784231,52.04944181192182,3.6328292838625513
2024-05-14 15:00:00,2376.8362547211286,4454.810641549099,44.42619748958249,2.3768362547211286
2024-05-14 16:00:00,3032.531199117909,4918.193454049097,48.40593515220015,3.0325311991179094
2024-05-14 17:00:00,3133.8531076221207,4941.5630563675595,49.02090804282305,3.1338531076221208
2024-05-14 18:00:00,1982.6258822776315,4323.719306367562,45.69592085069585,1.9826258822776315
2024-05-14 19:00:00,0.0,0.0,,0.0
2024-05-14 20:00:00,0.0,0.0,,0.0
2024-05-14 21:00:00,0.0,0.0,,0.0
2024-05-14 22:00:00,0.0,0.0,,0.0
2024-05-14 23:00:00,0.0,0.0,,0.0
2024-05-15 00:00:00,0.0,0.0,,0.0
2024-05-15 01:00:00,0.0,0.0,,0.0
2024-05-15 02:00:00,0.0,0.0,,0.0
2024-05-15 03:00:00,3072.058346438942,4940.607112736178,48.645845003928635,3.072058346438942
2024-05-15 04:00:00,2348.162436463388,4404.279606013823,44.252161872217215,2.348162436463388
2024-05-15 05:00:00,3650.5706434815033,4919.149397680488,52.15712291830359,3.6505706434815033
2024-05-15 06:00:00,1997.9805099685098,3374.540022680488,42.1267341660119,1.9979805099685097
2024-05-15 07:00:00,3771.6355126847147,4914.863623152844,52.891925624508914,3.7716355126847145
2024-05-15 08:00:00,2105.9612684815042,3859.3805502361747,42.7821229183036,2.1059612684815043
2024-05-15 09:00:00,3435.3243836240376,4940.607112736178,50.85068666404757,3.4353243836240375
2024-05-15 10:00:00,2671.3894548338485,4889.12013356951,46.21398687876495,2.6713894548338484
2024-05-15 11:00:00,2694.4833202277227,4919.149397680488,46.35415499607135,2.6944833202277225
2024-05-15 12:00:00,3418.3792302032793,4914.86362315285,50.747838127782785,3.4183792302032794
2024-05-15 13:00:00,2115.971023185162,3889.4098143471524,42.8428770816964,2.115971023185162
2024-05-15 14:00:00,3768.5611566981574,4940.607112736183,52.87326583398811,3.7685611566981576
2024-05-15 15:00:00,1994.9061539819513,3344.5107585695105,42.108074375491086,1.9949061539819513
2024-05-15 16:00:00,3660.580398185162,4919.14939768049,52.21787708169639,3.6605803981851617
2024-05-15 17:00:00,2331.21728304263,4374.250341902852,44.149313335952435,2.33121728304263
2024-05-15 18:00:00,3095.1522118328166,4914.863623152854,48.78601312123504,3.0951522118328167
2024-05-15 19:00:00,0.0,0.0,,0.0
2024-05-15 20:00:00,0.0,0.0,,0.0
2024-05-15 21:00:00,0.0,0.0,,0.0
2024-05-15 22:00:00,0.0,0.0,,0.0
2024-05-15 23:00:00,0.0,0.0,,0.0
2024-05-16 00:00:00,0.0,0.0,,0.0
2024-05-16 01:00:00,0.0,0.0,,0.0
2024-05-16 02:00:00,0.0,0.0,,0.0
2024-05-16 03:00:00,181.26121653773745,1517.3299852515827,37.33442786051236,0.18126121653773744
2024-05-16 04:00:00,3537.296831659072,4915.470610251583,51.46960800157243,3.537296831659072
2024-05-16 05:00:00,2048.6820312190753,3657.111420998417,42.43446683254712,2.048682031219075
2024-05-16 06:00:00,3784.2417720778303,4941.214099834916,52.96843926201708,3.7842417720778303
2024-05-16 07:00:00,2030.8541480919837,3576.8091519182503,42.32626057210248,2.0308541480919837
2024-05-16 08:00:00,3573.0037945854247,4918.54241058175,51.68633126044464,3.5730037945854245
2024-05-16 09:00:00,2470.402263228781,4606.54873525158,44.9940959783245,2.470402263228781
2024-05-16 10:00:00,2914.4824279737854,4915.4706102515875,47.68943864027384,2.9144824279737853
2024-05-16 11:00:00,3242.604557384443,4941.2140998349205,49.680974502358666,3.242604557384443
2024-05-16 12:00:00,2229.244835007594,4171.981212665078,43.53039199842756,2.2292448350075937
2024-05-16 13:00:00,3717.8596354475917,4918.542410581741,52.56553316745289,3.7178596354475917
2024-05-16 14:00:00,1982.2998945888357,3142.2416293317433,42.031560737982915,1.9822998945888357
2024-05-16 15:00:00,3735.687518574683,4915.4706102515875,52.67373942789753,3.735687518574683
2024-05-16 16:00:00,2193.5378720812446,4091.6789435849278,43.31366873955538,2.1935378720812446
2024-05-16 17:00:00,3296.1394034378814,4941.21409983493,50.00590402167548,3.2961394034378815
2024-05-16 18:00:00,2852.059238692886,4918.542410581746,47.31056135972618,2.852059238692886
2024-05-16 19:00:00,2342.675892744481,4686.851004331742,46.72807213948759,2.3426758927444813
2024-05-16 20:00:00,0.0,0.0,,0.0
2024-05-16 21:00:00,0.0,0.0,,0.0
2024-05-16 22:00:00,0.0,0.0,,0.0
2024-05-16 23:00:00,0.0,0.0,,0.0
2024-05-17 00:00:00,0.0,0.0,,0.0
2024-05-17 01:00:00,985.3707338615066,3090.583264598014,41.96140691552079,0.9853707338615065
2024-05-17 02:00:00,3729.9132538854633,4941.3854854019855,52.63869255304515,3.729913253885463
2024-05-17 03:00:00,2205.950230631361,4120.3228479313475,43.38900549672567,2.205950230631361
2024-05-17 04:00:00,3277.094663879101,4915.64199581865,49.890312056319466,3.277094663879101
2024-05-17 05:00:00,2874.0650491784113,4918.371025014685,47.444125532416635,2.8740650491784114
2024-05-17 06:00:00,2504.7899763791015,4658.207099985317,45.202812056319466,2.5047899763791017
2024-05-17 07:00:00,3550.618503200806,4941.385485401981,51.550463830059016,3.550618503200806
2024-05-17 08:00:00,2041.99845353824,3628.4675166519824,42.393900886378475,2.04199845353824
2024-05-17 09:00:00,3784.29296875,4915.64199581865,52.96875,3.78429296875
2024-05-17 10:00:00,2036.628412781204,3605.4530562646805,42.361307446954854,2.0366284127812038
2024-05-17 11:00:00,3560.591436035303,4918.371025014688,51.61099450327431,3.560591436035303
2024-05-17 12:00:00,2489.447002787567,4635.192639598014,45.10968794368055,2.489447002787567
2024-05-17 13:00:00,2892.476617488252,4941.385485401979,47.55587446758334,2.892476617488252
2024-05-17 14:00:00,3261.7516902875677,4915.641995818645,49.79718794368055,3.261751690287568
2024-05-17 15:00:00,2215.923163465858,4143.337308318648,43.44953616994098,2.2159231634658583
2024-05-17 16:00:00,3724.5432131284265,4918.371025014692,52.60609911362153,3.7245432131284266
2024-05-17 17:00:00,996.8779640551571,3113.5977249853145,42.101093084479174,0.9968779640551572
2024-05-17 18:00:00,0.0,0.0,,0.0
2024-05-17 19:00:00,0.0,0.0,,0.0
2024-05-17 20:00:00,0.0,0.0,,0.0
2024-05-17 21:00:00,0.0,0.0,,0.0
2024-05-17 22:00:00,0.0,0.0,,0.0
2024-05-17 23:00:00,0.0,0.0,,0.0
2024-05-18 00:00:00,0.0,0.0,,0.0
2024-05-18 01:00:00,0.0,0.0,,0.0
2024-05-18 02:00:00,0.0,0.0,,0.0
2024-05-18 03:00:00,0.0,0.0,,0.0
2024-05-18 04:00:00,0.0,0.0,,0.0
2024-05-18 05:00:00,0.0,0.0,,0.0
2024-05-18 06:00:00,0.0,0.0,,0.0
2024-05-18 07:00:00,0.0,0.0,,0.0
2024-05-18 08:00:00,0.0,0.0,,0.0
2024-05-18 09:00:00,0.0,0.0,,0.0
2024-05-18 10:00:00,0.0,0.0,,0.0
2024-05-18 11:00:00,0.0,0.0,,0.0
2024-05-18 12:00:00,0.0,0.0,,0.0
2024-05-18 13:00:00,0.0,0.0,,0.0
2024-05-18 14:00:00,0.0,0.0,,0.0
2024-05-18 15:00:00,0.0,0.0,,0.0
2024-05-18 16:00:00,0.0,0.0,,0.0
2024-05-18 17:00:00,0.0,0.0,,0.0
2024-05-18 18:00:00,0.0,0.0,,0.0
2024-05-18 19:00:00,0.0,0.0,,0.0
2024-05-18 20:00:00,0.0,0.0,,0.0
2024-05-18 21:00:00,0.0,0.0,,0.0
2024-05-18 22:00:00,0.0,0.0,,0.0
2024-05-18 23:00:00,0.0,0.0,,0.0
2024-05-19 00:00:00,0.0,0.0,,0.0
2024-05-19 01:00:00,0.0,0.0,,0.0
2024-05-19 02:00:00,0.0,0.0,,0.0
2024-05-19 03:00:00,0.0,0.0,,0.0
2024-05-19 04:00:00,0.0,0.0,,0.0
2024-05-19 05:00:00,0.0,0.0,,0.0
2024-05-19 06:00:00,0.0,0.0,,0.0
2024-05-19 07:00:00,0.0,0.0,,0.0
2024-05-19 08:00:00,0.0,0.0,,0.0
2024-05-19 09:00:00,0.0,0.0,,0.0
2024-05-19 10:00:00,0.0,0.0,,0.0
2024-05-19 11:00:00,0.0,0.0,,0.0
2024-05-19 12:00:00,0.0,0.0,,0.0
2024-05-19 13:00:00,0.0,0.0,,0.0
2024-05-19 14:00:00,0.0,0.0,,0.0
2024-05-19 15:00:00,0.0,0.0,,0.0
2024-05-19 16:00:00,0.0,0.0,,0.0
2024-05-19 17:00:00,0.0,0.0,,0.0
2024-05-19 18:00:00,0.0,0.0,,0.0
2024-05-19 19:00:00,0.0,0.0,,0.0
2024-05-19 20:00:00,0.0,0.0,,0.0
2024-05-19 21:00:00,0.0,0.0,,0.0
2024-05-19 22:00:00,0.0,0.0,,0.0
2024-05-19 23:00:00,0.0,0.0,,0.0
2024-05-20 00:00:00,0.0,0.0,,0.0
2024-05-20 01:00:00,0.0,0.0,,0.0
2024-05-20 02:00:00,1336.7223971779542,3579.4038650882576,43.52205146100809,1.3367223971779543
2024-05-20 03:00:00,3571.879418878422,4915.947697411744,51.679506866896496,3.5718794188784218
2024-05-20 04:00:00,2472.080875336616,4609.143448421591,45.00428430733872,2.472080875336616
2024-05-20 05:00:00,2912.4931478767803,4918.065323421591,47.67736471322713,2.91249314787678
2024-05-20 06:00:00,3244.3855628366164,4941.691186995075,49.69178430733873,3.2443855628366163
2024-05-20 07:00:00,2228.033968861591,4169.386499495075,43.52304265152956,2.228033968861591
2024-05-20 08:00:00,3718.4650685205934,4915.94769741174,52.56920784090189,3.7184650685205933
2024-05-20 09:00:00,1982.2486979166667,3139.646916161741,42.03125,1.9822486979166667
2024-05-20 10:00:00,3735.168575940682,4918.065323421591,52.670589707798385,3.735168575940682
2024-05-20 11:00:00,2194.6622477882456,4094.273656754922,43.320493133103504,2.1946622477882456
2024-05-20 12:00:00,3294.4607913300492,4941.691186995075,49.99571569266127,3.2944607913300494
2024-05-20 13:00:00,2854.048518789888,4915.947697411744,47.32263528677288,2.854048518789888
2024-05-20 14:00:00,2522.156103830049,4684.25629116174,45.308215692661264,2.522156103830049
2024-05-20 15:00:00,3538.507697805077,4918.065323421593,51.47695734847045,3.538507697805077
2024-05-20 16:00:00,2048.0765981460722,3654.516707828406,42.43079215909811,2.0480765981460722
2024-05-20 17:00:00,3784.29296875,4941.691186995073,52.96875,3.78429296875
2024-05-20 18:00:00,694.6506935480288,2624.777124495073,40.54044853899189,0.6946506935480288
2024-05-20 19:00:00,0.0,0.0,,0.0
2024-05-20 20:00:00,0.0,0.0,,0.0
2024-05-20 21:00:00,0.0,0.0,,0.0
2024-05-20 22:00:00,0.0,0.0,,0.0
2024-05-20 23:00:00,0.0,0.0,,0.0
2024-05-21 00:00:00,0.0,0.0,,0.0
2024-05-21 01:00:00,0.0,0.0,,0.0
2024-05-21 02:00:00,0.0,0.0,,0.0
2024-05-21 03:00:00,1214.4453707447708,3417.441623924595,43.00777233048159,1.2144453707447709
2024-05-21 04:00:00,3635.626743102648,4923.449001075404,52.066420978823416,3.635626743102648
2024-05-21 05:00:00,2372.473343835049,4447.18120725793,44.39971682060624,2.372473343835049
2024-05-21 06:00:00,3038.3804320744757,4910.564019757929,48.441437046630774,3.038380432074476
2024-05-21 07:00:00,3128.0434394533013,4936.307509341266,48.985646286702554,3.128043439453301
2024-05-21 08:00:00,2308.33642904577,4331.348740658735,44.010438090409814,2.3083364290457697
2024-05-21 09:00:00,3674.2375653023796,4923.4490010754,52.30076919914448,3.6742375653023798
2024-05-21 10:00:00,1990.61599385754,3301.6091573254,42.08203526695184,1.9906159938575398
2024-05-21 11:00:00,3762.8409431989426,4910.5640197579305,52.838547022602455,3.7628409431989427
2024-05-21 12:00:00,2130.91492356402,3932.3114155912617,42.93357902117659,2.1309149235640197
2024-05-21 13:00:00,3394.068322831615,4936.307509341264,50.60028317939375,3.394068322831615
2024-05-21 14:00:00,2728.1612345921935,4923.449001075404,46.55856295336924,2.7281612345921937
2024-05-21 15:00:00,2638.4982272133616,4846.2185323254,46.014353713297425,2.6384982272133617
2024-05-21 16:00:00,3458.2052376208976,4910.564019757933,50.98956190959019,3.4582052376208976
2024-05-21 17:00:00,2092.304101364286,3816.4789489920654,42.69923080085551,2.092304101364286
2024-05-21 18:00:00,3775.925672809127,4936.307509341276,52.917964733048166,3.7759256728091266
2024-05-21 19:00:00,789.2553527229504,2786.739365658732,41.05472766951838,0.7892553527229504
2024-05-21 20:00:00,0.0,0.0,,0.0
2024-05-21 21:00:00,0.0,0.0,,0.0
2024-05-21 22:00:00,0.0,0.0,,0.0
2024-05-21 23:00:00,0.0,0.0,,0.0
2024-05-22 00:00:00,0.0,0.0,,0.0
2024-05-22 01:00:00,0.0,0.0,,0.0
2024-05-22 02:00:00,0.0,0.0,,0.0
2024-05-22 03:00:00,1153.116785032814,3492.1742670754156,43.12282012201624,1.1531167850328141
2024-05-22 04:00:00,3391.4432992073985,4934.527989869029,50.58435060972575,3.3914432992073986
2024-05-22 05:00:00,2965.4345081619153,4934.527989869026,47.998692073209746,2.9654345081619153
2024-05-22 06:00:00,2265.546801021158,4248.034934313475,43.75072662599459,2.265546801021158
2024-05-22 07:00:00,3652.16699909312,4934.527989869029,52.16681199186558,3.65216699909312
2024-05-22 08:00:00,2375.0983674592667,4521.913850408743,44.41564939027424,2.3750983674592665
2024-05-22 09:00:00,2801.107158504752,4934.527989869031,47.001307926790254,2.801107158504752
2024-05-22 10:00:00,3500.9948656455085,4934.527989869033,51.24927337400541,3.5009948656455085
2024-05-22 11:00:00,2114.374667573546,3492.1742670754134,42.83318800813442,2.114374667573546
2024-05-22 12:00:00,3391.4432992074,4934.527989869021,50.58435060972576,3.3914432992074
2024-05-22 13:00:00,2965.4345081619144,4934.527989869033,47.99869207320974,2.9654345081619145
2024-05-22 14:00:00,2265.546801021158,4248.03493431348,43.75072662599459,2.265546801021158
2024-05-22 15:00:00,3652.1669990931205,4934.527989869026,52.16681199186558,3.6521669990931205
2024-05-22 16:00:00,2375.098367459264,4521.913850408746,44.415649390274226,2.375098367459264
2024-05-22 17:00:00,2801.1071585047553,4934.527989869038,47.00130792679029,2.801107158504755
2024-05-22 18:00:00,3500.994865645506,4934.527989869031,51.2492733740054,3.500994865645506
2024-05-22 19:00:00,961.2578825407363,3218.2953509801496,42.50217987798381,0.9612578825407363
2024-05-22 20:00:00,0.0,0.0,,0.0
2024-05-22 21:00:00,0.0,0.0,,0.0
2024-05-22 22:00:00,0.0,0.0,,0.0
2024-05-22 23:00:00,0.0,0.0,,0.0
2024-05-23 00:00:00,0.0,0.0,,0.0
2024-05-23 01:00:00,0.0,0.0,,0.0
2024-05-23 02:00:00,2645.0596876524387,4909.978801257623,47.83797607709904,2.645059687652439
2024-05-23 03:00:00,2619.834078730521,4821.060261242377,45.90107174385022,2.619834078730521
2024-05-23 04:00:00,3471.62298219851,4935.722290840956,51.071000852957425,3.4716229821985096
2024-05-23 05:00:00,2084.75662003938,3791.3206779090438,42.65342139521145,2.08475662003938
2024-05-23 06:00:00,3777.817640569953,4924.03421957571,52.92944802328634,3.777817640569953
2024-05-23 07:00:00,2007.0551596121275,3442.599895007624,42.18181271323935,2.0070551596121273
2024-05-23 08:00:00,3626.402043705538,4909.978801257627,52.01043170525843,3.626402043705538
2024-05-23 09:00:00,2387.353556796241,4472.339478340954,44.4900322095771,2.3873535567962407
2024-05-23 10:00:00,3019.092424244155,4935.72229084096,48.32436856554037,3.019092424244155
2024-05-23 11:00:00,3146.7075879361464,4924.034219575706,49.09892825614979,3.1467075879361466
2024-05-23 12:00:00,2294.9186844681553,4306.1904695757075,43.92899914704257,2.2949186844681555
2024-05-23 13:00:00,3681.7850466272876,4909.978801257623,52.346578604788554,3.6817850466272874
2024-05-23 14:00:00,1988.724026096714,3276.4508862423745,42.07055197671365,1.9887240260967138
2024-05-23 15:00:00,3759.486507054539,4935.722290840956,52.81818728676065,3.7594865070545387
2024-05-23 16:00:00,2140.139622961129,3957.4696866742966,42.98956829474157,2.140139622961129
2024-05-23 17:00:00,3379.188109870425,4924.03421957571,50.50996779042289,3.379188109870425
2024-05-23 18:00:00,102.38955477007075,1216.971719575708,36.21452965070481,0.10238955477007075
2024-05-23 19:00:00,0.0,0.0,,0.0
2024-05-23 20:00:00,0.0,0.0,,0.0
2024-05-23 21:00:00,0.0,0.0,,0.0
2024-05-23 22:00:00,0.0,0.0,,0.0
2024-05-23 23:00:00,0.0,0.0,,0.0
2024-05-24 00:00:00,0.0,0.0,,0.0
2024-05-24 01:00:00,0.0,0.0,,0.0
2024-05-24 02:00:00,84.14188979526458,1164.163615043175,36.1283860859431,0.08414188979526457
2024-05-24 03:00:00,3347.5032471509044,4937.043416206826,50.317656651565855,3.3475032471509043
2024-05-24 04:00:00,2160.17049148273,4010.277791206825,43.11114556562276,2.16017049148273
2024-05-24 05:00:00,3750.919413271084,4911.299926623493,52.76618934765718,3.750919413271084
2024-05-24 06:00:00,1985.2034857945448,3223.642781709844,42.04918407239621,1.9852034857945449
2024-05-24 07:00:00,3696.9595811273753,4922.713094209838,52.43868037708184,3.696959581127375
2024-05-24 08:00:00,2268.28037522992,4253.382365043169,43.767318042971546,2.26828037522992
2024-05-24 09:00:00,3185.433531260006,4937.043416206829,49.333975203641735,3.185433531260006
2024-05-24 10:00:00,2977.7480944497665,4911.299926623495,48.073429332556366,2.9777480944497667
2024-05-24 11:00:00,2419.038419515762,4525.147582873493,44.682343348434145,2.419038419515762
2024-05-24 12:00:00,3606.3711751839364,4922.713094209843,51.88885443437724,3.6063711751839365
2024-05-24 13:00:00,2015.6222533955815,3495.407999540158,42.23381065234282,2.0156222533955814
2024-05-24 14:00:00,3781.338180872122,4937.043416206823,52.95081592760379,3.781338180872122
2024-05-24 15:00:00,2069.582085539291,3738.512573376505,42.56131962291816,2.069582085539291
2024-05-24 16:00:00,3498.261291436745,4911.29992662349,51.23268195702845,3.4982612914367452
2024-05-24 17:00:00,2581.108135406662,4768.252156709847,45.66602479635828,2.581108135406662
2024-05-24 18:00:00,2704.6516824216333,4922.713094209838,47.908223811216395,2.704651682421633
2024-05-24 19:00:00,0.0,0.0,,0.0
2024-05-24 20:00:00,0.0,0.0,,0.0
2024-05-24 21:00:00,0.0,0.0,,0.0
2024-05-24 22:00:00,0.0,0.0,,0.0
2024-05-24 23:00:00,0.0,0.0,,0.0
2024-05-25 00:00:00,0.0,0.0,,0.0
2024-05-25 01:00:00,0.0,0.0,,0.0
2024-05-25 02:00:00,0.0,0.0,,0.0
2024-05-25 03:00:00,0.0,0.0,,0.0
2024-05-25 04:00:00,0.0,0.0,,0.0
2024-05-25 05:00:00,0.0,0.0,,0.0
2024-05-25 06:00:00,0.0,0.0,,0.0
2024-05-25 07:00:00,0.0,0.0,,0.0
2024-05-25 08:00:00,0.0,0.0,,0.0
2024-05-25 09:00:00,0.0,0.0,,0.0
2024-05-25 10:00:00,0.0,0.0,,0.0
2024-05-25 11:00:00,0.0,0.0,,0.0
2024-05-25 12:00:00,0.0,0.0,,0.0
2024-05-25 13:00:00,0.0,0.0,,0.0
2024-05-25 14:00:00,0.0,0.0,,0.0
2024-05-25 15:00:00,0.0,0.0,,0.0
2024-05-25 16:00:00,0.0,0.0,,0.0
2024-05-25 17:00:00,0.0,0.0,,0.0
2024-05-25 18:00:00,0.0,0.0,,0.0
2024-05-25 19:00:00,0.0,0.0,,0.0
2024-05-25 20:00:00,0.0,0.0,,0.0
2024-05-25 21:00:00,0.0,0.0,,0.0
2024-05-25 22:00:00,0.0,0.0,,0.0
2024-05-25 23:00:00,0.0,0.0,,0.0
2024-05-26 00:00:00,0.0,0.0,,0.0
2024-05-26 01:00:00,0.0,0.0,,0.0
2024-05-26 02:00:00,0.0,0.0,,0.0
2024-05-26 03:00:00,0.0,0.0,,0.0
2024-05-26 04:00:00,0.0,0.0,,0.0
2024-05-26 05:00:00,0.0,0.0,,0.0
2024-05-26 06:00:00,0.0,0.0,,0.0
2024-05-26 07:00:00,0.0,0.0,,0.0
2024-05-26 08:00:00,0.0,0.0,,0.0
2024-05-26 09:00:00,0.0,0.0,,0.0
2024-05-26 10:00:00,0.0,0.0,,0.0
2024-05-26 11:00:00,0.0,0.0,,0.0
2024-05-26 12:00:00,0.0,0.0,,0.0
2024-05-26 13:00:00,0.0,0.0,,0.0
2024-05-26 14:00:00,0.0,0.0,,0.0
2024-05-26 15:00:00,0.0,0.0,,0.0
2024-05-26 16:00:00,0.0,0.0,,0.0
2024-05-26 17:00:00,0.0,0.0,,0.0
2024-05-26 18:00:00,0.0,0.0,,0.0
2024-05-26 19:00:00,0.0,0.0,,0.0
2024-05-26 20:00:00,0.0,0.0,,0.0
2024-05-26 21:00:00,0.0,0.0,,0.0
2024-05-26 22:00:00,0.0,0.0,,0.0
2024-05-26 23:00:00,0.0,0.0,,0.0
2024-05-27 00:00:00,0.0,0.0,,0.0
2024-05-27 01:00:00,2867.3314420160177,4927.795928018021,48.985370108207455,2.8673314420160176
2024-05-27 02:00:00,2273.7706307915405,4271.211016426424,43.800641125637796,2.2737706307915406
2024-05-27 03:00:00,3653.213602167918,4927.795928018021,52.17316434475495,3.653213602167918
2024-05-27 04:00:00,2364.78133153929,4498.737768295798,44.3530301848523,2.36478133153929
2024-05-27 05:00:00,2815.0128077725217,4927.795928018019,47.08570820558912,2.8150128077725216
2024-05-27 06:00:00,3492.7710358751256,4927.795928018021,51.199358874362204,3.4927710358751254
2024-05-27 07:00:00,2113.3280644987485,3468.998184962463,42.82683565524505,2.1133280644987487
2024-05-27 08:00:00,3401.760335127377,4927.795928018021,50.646969815147706,3.401760335127377
2024-05-27 09:00:00,2951.5288588941444,4927.795928018021,47.914291794410865,2.9515288588941444
2024-05-27 10:00:00,2273.7706307915414,4271.211016426427,43.800641125637796,2.2737706307915415
2024-05-27 11:00:00,3653.213602167918,4927.795928018019,52.17316434475495,3.653213602167918
2024-05-27 12:00:00,2364.781331539289,4498.737768295791,44.353030184852294,2.364781331539289
2024-05-27 13:00:00,2815.012807772523,4927.795928018017,47.085708205589135,2.815012807772523
2024-05-27 14:00:00,3492.771035875125,4927.795928018015,51.1993588743622,3.492771035875125
2024-05-27 15:00:00,2113.328064498748,3468.998184962456,42.82683565524505,2.113328064498748
2024-05-27 16:00:00,3401.760335127378,4927.795928018012,50.64696981514771,3.4017603351273777
2024-05-27 17:00:00,84.19741687812818,1181.9922664264288,36.13243034264856,0.08419741687812818
2024-05-27 18:00:00,0.0,0.0,,0.0
2024-05-27 19:00:00,0.0,0.0,,0.0
2024-05-27 20:00:00,0.0,0.0,,0.0
2024-05-27 21:00:00,0.0,0.0,,0.0
2024-05-27 22:00:00,0.0,0.0,,0.0
2024-05-27 23:00:00,0.0,0.0,,0.0
2024-05-28 00:00:00,0.0,0.0,,0.0
2024-05-28 01:00:00,13.767194277621416,826.0316566572849,35.01359560967448,0.013767194277621415
2024-05-28 02:00:00,3114.9633326039184,4919.246500407285,48.90625663408377,3.1149633326039186
2024-05-28 03:00:00,2317.435633810559,4348.409749592715,44.065665674840275,2.317435633810559
2024-05-28 04:00:00,3669.119262622185,4940.510010009377,52.269703682902346,3.669119262622185
2024-05-28 05:00:00,1992.3220947509378,3318.670166259379,42.09239043903255,1.992322094750938
2024-05-28 06:00:00,3765.1157443901393,4914.766520426046,52.852353918710065,3.7651157443901395
2024-05-28 07:00:00,2124.659220288228,3915.250406657287,42.89561005688065,2.124659220288228
2024-05-28 08:00:00,3403.7362278942032,4919.246500407285,50.65896248785111,3.4037362278942034
2024-05-28 09:00:00,2715.0811277428093,4940.510010009381,46.479173300750446,2.7150811277428093
2024-05-28 10:00:00,2651.5783340627454,4863.27954125938,46.09374336591622,2.6515783340627452
2024-05-28 11:00:00,3449.106032856109,4914.766520426041,50.93433432515973,3.449106032856109
2024-05-28 12:00:00,2097.4224040444797,3833.5399579260447,42.73029631709765,2.0974224040444795
2024-05-28 13:00:00,3774.219571915729,4919.246500407287,52.90760956096745,3.774219571915729
2024-05-28 14:00:00,2001.4259222765274,3400.380614990618,42.147646081289935,2.0014259222765274
2024-05-28 15:00:00,3641.882446378438,4940.510010009377,52.10438994311935,3.641882446378438
2024-05-28 16:00:00,2362.8054387724637,4430.120198323961,44.34103751214889,2.3628054387724635
2024-05-28 17:00:00,3037.693344646234,4914.766520426037,48.74976281941183,3.037693344646234
2024-05-28 18:00:00,0.0,0.0,,0.0
2024-05-28 19:00:00,0.0,0.0,,0.0
2024-05-28 20:00:00,0.0,0.0,,0.0
2024-05-28 21:00:00,0.0,0.0,,0.0
2024-05-28 22:00:00,0.0,0.0,,0.0
2024-05-28 23:00:00,0.0,0.0,,0.0
2024-05-29 00:00:00,0.0,0.0,,0.0
2024-05-29 01:00:00,0.0,0.0,,0.0
2024-05-29 02:00:00,1889.8667039715037,4439.067578700548,46.0054016966297,1.8898667039715038
2024-05-29 03:00:00,2850.8149215296717,4931.562629632784,47.303008982022185,2.850814921529672
2024-05-29 04:00:00,3470.891966356867,4931.562629632784,51.06656395543089,3.4708919663568674
2024-05-29 05:00:00,2111.3390581789067,3409.327995367213,42.81476338988765,2.1113390581789067
2024-05-29 06:00:00,3427.617417285319,4931.562629632789,50.8039092647938,3.427617417285319
2024-05-29 07:00:00,2915.7267451369944,4931.562629632791,47.69699101797781,2.9157267451369946
2024-05-29 08:00:00,2295.6497003098,4330.881206021679,43.93343604456912,2.2956497003098004
2024-05-29 09:00:00,3655.2026084877593,4931.562629632794,52.18523661011235,3.6552026084877594
2024-05-29 10:00:00,2338.9242493813463,4439.067578700539,44.19609073520619,2.3389242493813462
2024-05-29 11:00:00,2850.814921529674,4931.562629632786,47.3030089820222,2.850814921529674
2024-05-29 12:00:00,3470.891966356866,4931.562629632789,51.06656395543088,3.470891966356866
2024-05-29 13:00:00,2111.3390581789067,3409.327995367205,42.81476338988765,2.1113390581789067
2024-05-29 14:00:00,3427.6174172853207,4931.562629632791,50.803909264793816,3.4276174172853207
2024-05-29 15:00:00,2915.7267451369917,4931.562629632794,47.696991017977794,2.9157267451369915
2024-05-29 16:00:00,2295.6497003098007,4330.88120602168,43.93343604456912,2.295649700309801
2024-05-29 17:00:00,3655.2026084877593,4931.562629632786,52.18523661011235,3.6552026084877594
2024-05-29 18:00:00,449.0575454098468,2271.402039355014,39.619598303370346,0.44905754540984677
2024-05-29 19:00:00,0.0,0.0,,0.0
2024-05-29 20:00:00,0.0,0.0,,0.0
2024-05-29 21:00:00,0.0,0.0,,0.0
2024-05-29 22:00:00,0.0,0.0,,0.0
2024-05-29 23:00:00,0.0,0.0,,0.0
2024-05-30 00:00:00,0.0,0.0,,0.0
2024-05-30 01:00:00,565.7312023800179,2388.679551442908,39.81058032841783,0.5657312023800178
2024-05-30 02:00:00,3776.0234238942908,4937.285020192907,52.91855803284179,3.7760234238942907
2024-05-30 03:00:00,2003.8310582479435,3418.419134776243,42.16224404378905,2.0038310582479433
2024-05-30 04:00:00,3635.2683224570437,4922.4714902237565,52.06424554624679,3.6352683224570437
2024-05-30 05:00:00,2373.0272666509823,4448.1587181095765,44.403078852770115,2.373027266650982
2024-05-30 06:00:00,3037.6310070882128,4911.5415306095765,48.43688841487965,3.037631007088213
2024-05-30 07:00:00,3128.7928644395643,4937.285020192911,48.99019491845368,3.128792864439564
2024-05-30 08:00:00,2307.815089924892,4330.371229807089,44.007273824843814,2.307815089924892
2024-05-30 09:00:00,3674.5308185578747,4922.4714902237565,52.30254909852536,3.6745308185578747
2024-05-30 10:00:00,1990.5182427723762,3300.6316464737592,42.08144196715821,1.9905182427723762
2024-05-30 11:00:00,3762.7106084187235,4911.541530609571,52.837755956210955,3.7627106084187236
2024-05-30 12:00:00,2131.2733442096214,3933.2889264429036,42.935754453753205,2.1312733442096214
2024-05-30 13:00:00,3393.5144000156856,4937.285020192905,50.59692114722989,3.3935144000156856
2024-05-30 14:00:00,2728.910659578452,4922.471490223761,46.56311158512033,2.728910659578452
2024-05-30 15:00:00,2637.748802227103,4845.2410214737565,46.009805081546325,2.637748802227103
2024-05-30 16:00:00,3458.726576741773,4911.5415306095765,50.992726175156186,3.458726576741773
2024-05-30 17:00:00,1526.279645728776,3815.501438140425,44.25191967158216,1.526279645728776
2024-05-30 18:00:00,0.0,0.0,,0.0
2024-05-30 19:00:00,0.0,0.0,,0.0
2024-05-30 20:00:00,0.0,0.0,,0.0
2024-05-30 21:00:00,0.0,0.0,,0.0
2024-05-30 22:00:00,0.0,0.0,,0.0
2024-05-30 23:00:00,0.0,0.0,,0.0
2024-05-31 00:00:00,0.0,0.0,,0.0
2024-05-31 01:00:00,0.0,0.0,,0.0
2024-05-31 02:00:00,291.2327092850765,1807.5337784311228,38.158318542902975,0.2912327092850765
2024-05-31 03:00:00,3653.1147751020403,4911.517002818877,52.172564514300994,3.6531147751020403
2024-05-31 04:00:00,1997.1458409068878,3366.9076278188772,42.121668145709705,1.9971458409068878
2024-05-31 05:00:00,3770.872273198554,4922.496018014456,52.8872931457097,3.7708722731985542
2024-05-31 06:00:00,2108.505400102041,3867.01294509779,42.797564514300994,2.1085054001020413
2024-05-31 07:00:00,3431.0707894445854,4937.260492402211,50.82486949235498,3.4310707894445853
2024-05-31 08:00:00,2677.240957561083,4896.7525284311205,46.249502549558954,2.677240957561083
2024-05-31 09:00:00,2688.5603879250266,4911.517002818875,46.318205783774374,2.6885603879250266
2024-05-31 10:00:00,3422.704253958193,4922.496018014461,50.77408884097836,3.422704253958193
2024-05-31 11:00:00,2113.4268915646253,3881.7774194855424,42.827435485699,2.1134268915646253
2024-05-31 12:00:00,3769.3958257597787,4937.260492402205,52.8783318542903,3.7693958257597786
2024-05-31 13:00:00,1995.6693934681123,3352.1431534311214,42.112706854290295,1.9956693934681122
2024-05-31 14:00:00,3658.036266564625,4911.517002818872,52.202435485699,3.6580362665646247
2024-05-31 15:00:00,2335.4708772220824,4381.882736764454,44.17513050764503,2.3354708772220825
2024-05-31 16:00:00,3089.3007091055815,4922.496018014465,48.75049745044104,3.0893007091055815
2024-05-31 17:00:00,3077.981278741641,4937.260492402211,48.68179421622563,3.0779812787416407
2024-05-31 18:00:00,2052.6047034233957,4396.647211152207,45.90418145709701,2.0526047034233956
2024-05-31 19:00:00,0.0,0.0,,0.0
2024-05-31 20:00:00,0.0,0.0,,0.0
2024-05-31 21:00:00,0.0,0.0,,0.0
2024-05-31 22:00:00,0.0,0.0,,0.0
2024-05-31 23:00:00,0.0,0.0,,0.0
2024-06-01 00:00:00,0.0,0.0,,0.0
2024-06-01 01:00:00,0.0,0.0,,0.0
2024-06-01 02:00:00,0.0,0.0,,0.0
2024-06-01 03:00:00,0.0,0.0,,0.0
2024-06-01 04:00:00,0.0,0.0,,0.0
2024-06-01 05:00:00,0.0,0.0,,0.0
2024-06-01 06:00:00,0.0,0.0,,0.0
2024-06-01 07:00:00,0.0,0.0,,0.0
2024-06-01 08:00:00,0.0,0.0,,0.0
2024-06-01 09:00:00,0.0,0.0,,0.0
2024-06-01 10:00:00,0.0,0.0,,0.0
2024-06-01 11:00:00,0.0,0.0,,0.0
2024-06-01 12:00:00,0.0,0.0,,0.0
2024-06-01 13:00:00,0.0,0.0,,0.0
2024-06-01 14:00:00,0.0,0.0,,0.0
2024-06-01 15:00:00,0.0,0.0,,0.0
2024-06-01 16:00:00,0.0,0.0,,0.0
2024-06-01 17:00:00,0.0,0.0,,0.0
2024-06-01 18:00:00,0.0,0.0,,0.0
2024-06-01 19:00:00,0.0,0.0,,0.0
2024-06-01 20:00:00,0.0,0.0,,0.0
2024-06-01 21:00:00,0.0,0.0,,0.0
2024-06-01 22:00:00,0.0,0.0,,0.0
2024-06-01 23:00:00,0.0,0.0,,0.0
2024-06-02 00:00:00,0.0,0.0,,0.0
2024-06-02 01:00:00,0.0,0.0,,0.0
2024-06-02 02:00:00,0.0,0.0,,0.0
2024-06-02 03:00:00,0.0,0.0,,0.0
2024-06-02 04:00:00,0.0,0.0,,0.0
2024-06-02 05:00:00,0.0,0.0,,0.0
2024-06-02 06:00:00,0.0,0.0,,0.0
2024-06-02 07:00:00,0.0,0.0,,0.0
2024-06-02 08:00:00,0.0,0.0,,0.0
2024-06-02 09:00:00,0.0,0.0,,0.0
2024-06-02 10:00:00,0.0,0.0,,0.0
2024-06-02 11:00:00,0.0,0.0,,0.0
2024-06-02 12:00:00,0.0,0.0,,0.0
2024-06-02 13:00:00,0.0,0.0,,0.0
2024-06-02 14:00:00,0.0,0.0,,0.0
2024-06-02 15:00:00,0.0,0.0,,0.0
2024-06-02 16:00:00,0.0,0.0,,0.0
2024-06-02 17:00:00,0.0,0.0,,0.0
2024-06-02 18:00:00,0.0,0.0,,0.0
2024-06-02 19:00:00,0.0,0.0,,0.0
2024-06-02 20:00:00,0.0,0.0,,0.0
2024-06-02 21:00:00,0.0,0.0,,0.0
2024-06-02 22:00:00,0.0,0.0,,0.0
2024-06-02 23:00:00,0.0,0.0,,0.0
2024-06-03 00:00:00,0.0,0.0,,0.0
2024-06-03 01:00:00,2486.612480367233,4838.5451997025775,47.414404409959495,2.4866124803672327
2024-06-03 02:00:00,2734.044122936358,4915.7756684525775,46.594269119031054,2.734044122936358
2024-06-03 03:00:00,3389.6790729465456,4941.519158035911,50.573642645975696,3.389679072946546
2024-06-03 04:00:00,2133.728478859055,3939.984748214089,42.95065588301485,2.133728478859055
2024-06-03 05:00:00,3761.817832182565,4918.2373523807555,52.83233725466127,3.761817832182565
2024-06-03 06:00:00,1989.8896886607279,3293.9358247025752,42.07762696066397,1.9898896886607278
2024-06-03 07:00:00,3676.539565089226,4915.775668452573,52.314741177012145,3.676539565089226
2024-06-03 08:00:00,2304.2439849802645,4323.675408035909,43.985599018645075,2.3042439849802645
2024-06-03 09:00:00,3133.8852997319973,4941.519158035915,49.02110343269636,3.1338852997319973
2024-06-03 10:00:00,3032.497543730312,4918.237352380751,48.40573088096896,3.032497543730312
2024-06-03 11:00:00,2376.862593720118,4454.854539880752,44.42635735402428,2.376862593720118
2024-06-03 12:00:00,3632.8131878076133,4915.7756684525775,52.04934411698516,3.632813187807613
2024-06-03 13:00:00,2004.7238344841,3425.114956547419,42.16766274533873,2.0047238344841
2024-06-03 14:00:00,3776.651978005939,4941.519158035911,52.92237303933603,3.7766519780059387
2024-06-03 15:00:00,2090.002101577441,3808.805616369244,42.685258822987855,2.090002101577441
2024-06-03 16:00:00,3462.2976816864007,4918.237352380746,51.01440098135492,3.4622976816864006
2024-06-03 17:00:00,146.0438865674334,1365.635789880751,36.64809559004047,0.1460438865674334
2024-06-03 18:00:00,0.0,0.0,,0.0
2024-06-03 19:00:00,0.0,0.0,,0.0
2024-06-03 20:00:00,0.0,0.0,,0.0
2024-06-03 21:00:00,0.0,0.0,,0.0
2024-06-03 22:00:00,0.0,0.0,,0.0
2024-06-03 23:00:00,0.0,0.0,,0.0
2024-06-04 00:00:00,0.0,0.0,,0.0
2024-06-04 01:00:00,403.0051762391347,2154.8566504800892,39.172643230368244,0.4030051762391347
2024-06-04 02:00:00,3649.9203912820058,4900.82887270231,52.15317621535789,3.6499203912820057
2024-06-04 03:00:00,2254.313761965585,4214.335817146755,43.682547743456084,2.254313761965585
2024-06-04 04:00:00,2985.6539784619463,4900.82887270231,48.12141406177905,2.9856539784619462
2024-06-04 05:00:00,3375.717044529597,4900.828872702312,50.488900174171846,3.3757170445295968
2024-06-04 06:00:00,2116.6212753846607,3525.873384242134,42.84682378464211,2.1166212753846607
2024-06-04 07:00:00,3512.2279047010816,4900.82887270231,51.317452256543916,3.5122279047010814
2024-06-04 08:00:00,2780.887688204719,4900.828872702307,46.878585938220944,2.780887688204719
2024-06-04 09:00:00,2390.8246221370687,4555.612967575467,44.51109982582815,2.390824622137069
2024-06-04 10:00:00,3649.9203912820058,4900.82887270231,52.15317621535789,3.6499203912820057
2024-06-04 11:00:00,2254.3137619655827,4214.335817146744,43.68254774345607,2.254313761965583
2024-06-04 12:00:00,2985.653978461951,4900.828872702307,48.12141406177908,2.9856539784619507
2024-06-04 13:00:00,3375.7170445295937,4900.828872702305,50.48890017417183,3.3757170445295936
2024-06-04 14:00:00,2116.621275384661,3525.8733842421407,42.84682378464212,2.116621275384661
2024-06-04 15:00:00,3512.227904701084,4900.828872702303,51.31745225654393,3.512227904701084
2024-06-04 16:00:00,2780.887688204715,4900.82887270231,46.87858593822092,2.780887688204715
2024-06-04 17:00:00,1987.819445897941,4555.6129675754755,46.452356769631805,1.987819445897941
2024-06-04 18:00:00,0.0,0.0,,0.0
2024-06-04 19:00:00,0.0,0.0,,0.0
2024-06-04 20:00:00,0.0,0.0,,0.0
2024-06-04 21:00:00,0.0,0.0,,0.0
2024-06-04 22:00:00,0.0,0.0,,0.0
2024-06-04 23:00:00,0.0,0.0,,0.0
2024-06-05 00:00:00,0.0,0.0,,0.0
2024-06-05 01:00:00,2197.465499923054,4778.942641006972,47.02660526802741,2.197465499923054
2024-06-05 02:00:00,2646.8898841458167,4934.93409510414,46.06528683918355,2.646889884145817
2024-06-05 03:00:00,3577.308375494219,4934.93409510414,51.712457895873065,3.577308375494219
2024-06-05 04:00:00,2140.872673964125,3749.203057673638,42.99401754467124,2.1408726739641253
2024-06-05 05:00:00,3262.133776577531,4934.93409510414,49.79950701478447,3.262133776577531
2024-06-05 06:00:00,3119.651782520849,4934.934095104142,48.934713160816436,3.1196517825208487
2024-06-05 07:00:00,2189.2332911724475,3991.0061437152517,43.28754210412694,2.1892332911724477
2024-06-05 08:00:00,3625.6689927025423,4934.934095104145,52.00598245532877,3.625668992702542
2024-06-05 09:00:00,2504.407890089134,4778.9426410069655,45.200492985215526,2.504407890089134
2024-06-05 10:00:00,2646.889884145818,4934.934095104138,46.065286839183564,2.646889884145818
2024-06-05 11:00:00,3577.308375494219,4934.93409510414,51.71245789587306,3.577308375494219
2024-06-05 12:00:00,2140.872673964124,3749.203057673632,42.99401754467123,2.140872673964124
2024-06-05 13:00:00,3262.133776577533,4934.934095104142,49.79950701478448,3.262133776577533
2024-06-05 14:00:00,3119.651782520848,4934.934095104145,48.934713160816436,3.119651782520848
2024-06-05 15:00:00,2189.2332911724475,3991.006143715254,43.28754210412694,2.1892332911724477
2024-06-05 16:00:00,3625.6689927025427,4934.934095104138,52.00598245532877,3.6256689927025425
2024-06-05 17:00:00,306.94239016608293,1931.5269770485886,38.59839473197262,0.30694239016608293
2024-06-05 18:00:00,0.0,0.0,,0.0
2024-06-05 19:00:00,0.0,0.0,,0.0
2024-06-05 20:00:00,0.0,0.0,,0.0
2024-06-05 21:00:00,0.0,0.0,,0.0
2024-06-05 22:00:00,0.0,0.0,,0.0
2024-06-05 23:00:00,0.0,0.0,,0.0
2024-06-06 00:00:00,0.0,0.0,,0.0
2024-06-06 01:00:00,0.0,0.0,,0.0
2024-06-06 02:00:00,0.0,0.0,,0.0
2024-06-06 03:00:00,282.3962882722319,1766.7502968333777,37.91078337565148,0.2823962882722319
2024-06-06 04:00:00,3639.201931755572,4933.19951558338,52.0881205710722,3.6392019317555717
2024-06-06 05:00:00,2002.4006548666607,3407.691109416622,42.1535622165798,2.0024006548666606
2024-06-06 06:00:00,3774.9506213583286,4926.556994833286,52.91204666243485,3.7749506213583284
2024-06-06 07:00:00,2095.2292557166807,3826.2294635000444,42.716985012695446,2.0952292557166805
2024-06-06 08:00:00,3453.004963216641,4907.456026000049,50.95799886631921,3.453004963216641
2024-06-06 09:00:00,2645.973621669481,4855.969046833377,46.05972558799949,2.645973621669481
2024-06-06 10:00:00,2720.6858401360737,4933.199515583382,46.513191078667184,2.7206858401360736
2024-06-06 11:00:00,3399.5936143861386,4926.556994833284,50.63381891286918,3.3995936143861387
2024-06-06 12:00:00,2127.3397349110933,3922.560901083284,42.91187942892778,2.1273397349110934
2024-06-06 13:00:00,3764.1410118000063,4907.456026000052,52.8464377834202,3.7641410118000063
2024-06-06 14:00:00,1991.591045308338,3311.359671833379,42.08795333756515,1.9915910453083379
2024-06-06 15:00:00,3671.3124109499854,4933.199515583385,52.283014987304554,3.6713124109499855
2024-06-06 16:00:00,2313.5367034500264,4341.0992551667205,44.04200113368081,2.3135367034500263
2024-06-06 17:00:00,3120.5680449971837,4926.556994833281,48.940274412000505,3.1205680449971838
2024-06-06 18:00:00,3045.855826530594,4907.456026000049,48.48680892133282,3.045855826530594
2024-06-06 19:00:00,2084.5517640082935,4437.430692749949,46.15171662434849,2.0845517640082933
2024-06-06 20:00:00,0.0,0.0,,0.0
2024-06-06 21:00:00,0.0,0.0,,0.0
2024-06-06 22:00:00,0.0,0.0,,0.0
2024-06-06 23:00:00,0.0,0.0,,0.0
2024-06-07 00:00:00,0.0,0.0,,0.0
2024-06-07 01:00:00,1703.466818780208,4228.527051086979,45.508776864116,1.703466818780208
2024-06-07 02:00:00,2977.1392380978127,4915.020106642535,48.069733881530404,2.977139238097813
2024-06-07 03:00:00,3382.3396203683674,4915.020106642535,50.529095869920795,3.3823396203683673
2024-06-07 04:00:00,2115.675193121979,3511.6821503019105,42.84108154239227,2.1156751931219793
2024-06-07 05:00:00,3507.497493387674,4915.0201066425325,51.288741045294664,3.5074974933876737
2024-06-07 06:00:00,2789.402428568853,4915.020106642535,46.930266118469596,2.789402428568853
2024-06-07 07:00:00,2384.2020462982996,4541.421733635245,44.470904130079205,2.3842020462982996
2024-06-07 08:00:00,3650.8664735446873,4915.020106642537,52.15891845760773,3.650866473544687
2024-06-07 09:00:00,2259.044173278992,4228.527051086971,43.71125895470532,2.259044173278992
2024-06-07 10:00:00,2977.1392380978145,4915.020106642535,48.06973388153041,2.9771392380978146
2024-06-07 11:00:00,3382.3396203683665,4915.0201066425325,50.529095869920795,3.3823396203683664
2024-06-07 12:00:00,2115.6751931219787,3511.682150301913,42.84108154239227,2.115675193121979
2024-06-07 13:00:00,3507.497493387675,4915.020106642531,51.28874104529468,3.507497493387675
2024-06-07 14:00:00,2789.4024285688515,4915.020106642528,46.93026611846959,2.7894024285688515
2024-06-07 15:00:00,2384.2020462983,4541.421733635247,44.47090413007921,2.3842020462983
2024-06-07 16:00:00,3650.8664735446873,4915.020106642525,52.158918457607726,3.650866473544687
2024-06-07 17:00:00,555.5773544987861,2481.942566968581,40.11622313588403,0.5555773544987861
2024-06-07 18:00:00,0.0,0.0,,0.0
2024-06-07 19:00:00,0.0,0.0,,0.0
2024-06-07 20:00:00,0.0,0.0,,0.0
2024-06-07 21:00:00,0.0,0.0,,0.0
2024-06-07 22:00:00,0.0,0.0,,0.0
2024-06-07 23:00:00,0.0,0.0,,0.0
2024-06-08 00:00:00,0.0,0.0,,0.0
2024-06-08 01:00:00,0.0,0.0,,0.0
2024-06-08 02:00:00,0.0,0.0,,0.0
2024-06-08 03:00:00,0.0,0.0,,0.0
2024-06-08 04:00:00,0.0,0.0,,0.0
2024-06-08 05:00:00,0.0,0.0,,0.0
2024-06-08 06:00:00,0.0,0.0,,0.0
2024-06-08 07:00:00,0.0,0.0,,0.0
2024-06-08 08:00:00,0.0,0.0,,0.0
2024-06-08 09:00:00,0.0,0.0,,0.0
2024-06-08 10:00:00,0.0,0.0,,0.0
2024-06-08 11:00:00,0.0,0.0,,0.0
2024-06-08 12:00:00,0.0,0.0,,0.0
2024-06-08 13:00:00,0.0,0.0,,0.0
2024-06-08 14:00:00,0.0,0.0,,0.0
2024-06-08 15:00:00,0.0,0.0,,0.0
2024-06-08 16:00:00,0.0,0.0,,0.0
2024-06-08 17:00:00,0.0,0.0,,0.0
2024-06-08 18:00:00,0.0,0.0,,0.0
2024-06-08 19:00:00,0.0,0.0,,0.0
2024-06-08 20:00:00,0.0,0.0,,0.0
2024-06-08 21:00:00,0.0,0.0,,0.0
2024-06-08 22:00:00,0.0,0.0,,0.0
2024-06-08 23:00:00,0.0,0.0,,0.0
2024-06-09 00:00:00,0.0,0.0,,0.0
2024-06-09 01:00:00,0.0,0.0,,0.0
2024-06-09 02:00:00,0.0,0.0,,0.0
2024-06-09 03:00:00,0.0,0.0,,0.0
2024-06-09 04:00:00,0.0,0.0,,0.0
2024-06-09 05:00:00,0.0,0.0,,0.0
2024-06-09 06:00:00,0.0,0.0,,0.0
2024-06-09 07:00:00,0.0,0.0,,0.0
2024-06-09 08:00:00,0.0,0.0,,0.0
2024-06-09 09:00:00,0.0,0.0,,0.0
2024-06-09 10:00:00,0.0,0.0,,0.0
2024-06-09 11:00:00,0.0,0.0,,0.0
2024-06-09 12:00:00,0.0,0.0,,0.0
2024-06-09 13:00:00,0.0,0.0,,0.0
2024-06-09 14:00:00,0.0,0.0,,0.0
2024-06-09 15:00:00,0.0,0.0,,0.0
2024-06-09 16:00:00,0.0,0.0,,0.0
2024-06-09 17:00:00,0.0,0.0,,0.0
2024-06-09 18:00:00,0.0,0.0,,0.0
2024-06-09 19:00:00,0.0,0.0,,0.0
2024-06-09 20:00:00,0.0,0.0,,0.0
2024-06-09 21:00:00,0.0,0.0,,0.0
2024-06-09 22:00:00,0.0,0.0,,0.0
2024-06-09 23:00:00,0.0,0.0,,0.0
2024-06-10 00:00:00,0.0,0.0,,0.0
2024-06-10 01:00:00,0.0,0.0,,0.0
2024-06-10 02:00:00,0.0,0.0,,0.0
2024-06-10 03:00:00,687.3771377309645,2606.593234952411,40.4300814991295,0.6873771377309644
2024-06-10 04:00:00,3784.29296875,4923.507297452411,52.96875,3.78429296875
2024-06-10 05:00:00,2043.8336905861183,3636.3328182857454,42.405039849796886,2.0438336905861183
2024-06-10 06:00:00,3546.993512924985,4936.249212964255,51.52846196707289,3.546993512924985
2024-06-10 07:00:00,2510.0335108016084,4666.072401619078,45.234637666086336,2.5100335108016085
2024-06-10 08:00:00,2867.989500772593,4910.505723380915,47.407250017334036,2.8679895007725933
2024-06-10 09:00:00,3282.3381983016097,4923.507297452414,49.92213766608634,3.2823381983016096
2024-06-10 10:00:00,2202.541933256731,4112.457546297584,43.36831885037721,2.202541933256731
2024-06-10 11:00:00,3731.5317980321497,4936.249212964253,52.64851629982591,3.7315317980321496
2024-06-10 12:00:00,1982.248697916667,3121.4630266190775,42.03125,1.982248697916667
2024-06-10 13:00:00,3722.7079760805473,4910.505723380919,52.59496015020311,3.7227079760805473
2024-06-10 14:00:00,2219.548153741683,4151.202609952412,43.471538032927114,2.219548153741683
2024-06-10 15:00:00,3256.508155865056,4923.507297452418,49.76536233391365,3.2565081558650557
2024-06-10 16:00:00,2898.552165894075,4936.249212964248,47.59274998266598,2.8985521658940754
2024-06-10 17:00:00,2484.203468365055,4627.32733796425,45.07786233391364,2.484203468365055
2024-06-10 18:00:00,3563.9997334099367,4910.505723380924,51.6316811496228,3.5639997334099367
2024-06-10 19:00:00,1347.6327309035498,3597.587754630916,43.632418500870465,1.3476327309035498
2024-06-10 20:00:00,0.0,0.0,,0.0
2024-06-10 21:00:00,0.0,0.0,,0.0
2024-06-10 22:00:00,0.0,0.0,,0.0
2024-06-10 23:00:00,0.0,0.0,,0.0
2024-06-11 00:00:00,0.0,0.0,,0.0
2024-06-11 01:00:00,782.81488273902,2771.8767426188924,40.96451904249999,0.78281488273902
2024-06-11 02:00:00,3777.1312640337405,4934.329867618893,52.925282063833336,3.7771312640337404
2024-06-11 03:00:00,2087.8453144523346,3801.6163259522245,42.672168212749995,2.0878453144523346
2024-06-11 04:00:00,3466.131969908813,4925.4266427977755,51.037673177333346,3.466131969908813
2024-06-11 05:00:00,2627.3842206288546,4831.355909285558,45.94689729783332,2.6273842206288545
2024-06-11 06:00:00,2739.5559122560717,4908.586378035558,46.627722900750015,2.7395559122560718
2024-06-11 07:00:00,3385.3654986963356,4934.3298676188915,50.54746142549998,3.3853654986963355
2024-06-11 08:00:00,2136.364552011961,3947.174038631106,42.966655517750006,2.1363645520119614
2024-06-11 09:00:00,3760.8592601269634,4925.4266427977755,52.82651920566666,3.7608592601269635
2024-06-11 10:00:00,1989.4104026329262,3286.7465342855567,42.074717936166664,1.9894104026329262
2024-06-11 11:00:00,3678.696352214332,4908.586378035562,52.327831787250005,3.678696352214332
2024-06-11 12:00:00,2300.4096967578544,4316.48611761889,43.96232682266666,2.3004096967578542
2024-06-11 13:00:00,3139.157446037811,4934.329867618896,49.053102702166676,3.139157446037811
2024-06-11 14:00:00,3026.985754410597,4925.42664279777,48.37227709925,3.026985754410597
2024-06-11 15:00:00,2381.1761679703295,4462.043830297772,44.4525385745,2.3811761679703296
2024-06-11 16:00:00,3630.1771146547057,4908.586378035567,52.033344482249994,3.630177114654706
2024-06-11 17:00:00,1222.8675238006815,3432.3042469644383,43.097980957500006,1.2228675238006814
2024-06-11 18:00:00,0.0,0.0,,0.0
2024-06-11 19:00:00,0.0,0.0,,0.0
2024-06-11 20:00:00,0.0,0.0,,0.0
2024-06-11 21:00:00,0.0,0.0,,0.0
2024-06-11 22:00:00,0.0,0.0,,0.0
2024-06-11 23:00:00,0.0,0.0,,0.0
2024-06-12 00:00:00,0.0,0.0,,0.0
2024-06-12 01:00:00,2711.5234257737616,4914.628690266162,47.95372346602331,2.7115234257737617
2024-06-12 02:00:00,2575.258833186314,4760.167752766162,45.63052248153142,2.575258833186314
2024-06-12 03:00:00,3502.3034934085854,4919.384330567171,51.25721608462042,3.5023034934085855
2024-06-12 04:00:00,2067.426244487643,3730.428169432829,42.548234754869114,2.0674262444876432
2024-06-12 05:00:00,3781.7978804633503,4940.372179849493,52.95360607230803,3.7817978804633503
2024-06-12 06:00:00,2016.9696540528619,3503.49240348384,42.24198869487348,2.0169696540528617
2024-06-12 07:00:00,3603.137413606464,4914.6286902661595,51.86922713230366,3.603137413606464
2024-06-12 08:00:00,2423.968322553652,4533.231986817166,44.712265373852524,2.4239683225536517
2024-06-12 09:00:00,2971.550051426281,4919.384330567169,48.03581033691536,2.9715500514262807
2024-06-12 10:00:00,3191.282833480353,4940.372179849498,49.36947751846858,3.191282833480353
2024-06-12 11:00:00,2264.238173258081,4245.297961099495,43.74278391537958,2.264238173258081
2024-06-12 12:00:00,3699.1154221790234,4914.628690266164,52.45176524513089,3.6991154221790232
2024-06-12 13:00:00,1984.7437862033169,3215.5583777661623,42.04639392769197,1.9847437862033168
2024-06-12 14:00:00,3749.5720126138044,4919.3843305671735,52.75801130512652,3.7495720126138044
2024-06-12 15:00:00,2163.404253060202,4018.362195150502,43.13077286769634,2.163404253060202
2024-06-12 16:00:00,3342.5733441130133,4940.372179849493,50.28773462614747,3.3425733441130134
2024-06-12 17:00:00,83.46818946662444,1156.0792110994944,36.07931783075915,0.08346818946662443
2024-06-12 18:00:00,0.0,0.0,,0.0
2024-06-12 19:00:00,0.0,0.0,,0.0
2024-06-12 20:00:00,0.0,0.0,,0.0
2024-06-12 21:00:00,0.0,0.0,,0.0
2024-06-12 22:00:00,0.0,0.0,,0.0
2024-06-12 23:00:00,0.0,0.0,,0.0
2024-06-13 00:00:00,0.0,0.0,,0.0
2024-06-13 01:00:00,0.0,0.0,,0.0
2024-06-13 02:00:00,2285.9064348555617,4873.956394263896,47.34287417067089,2.2859064348555616
2024-06-13 03:00:00,2589.881632191662,4925.731973791658,45.719275497597465,2.589881632191662
2024-06-13 04:00:00,3598.9109837138903,4925.731973791662,51.84357483413418,3.5989109837138904
2024-06-13 05:00:00,2157.275567047224,3844.2168109305626,43.09357483413418,2.1572755670472237
2024-06-13 06:00:00,3207.7253821916624,4925.731973791658,49.469275497597465,3.2077253821916623
2024-06-13 07:00:00,3176.6600344750036,4925.731973791662,49.280724502402535,3.176660034475004
2024-06-13 08:00:00,2167.630682952776,3895.9923904583266,43.15642516586582,2.167630682952776
2024-06-13 09:00:00,3609.2660996194436,4925.731973791658,51.906425165865826,3.6092660996194437
2024-06-13 10:00:00,2558.816284475003,4873.956394263893,45.53072450240253,2.5588162844750033
2024-06-13 11:00:00,2589.881632191663,4925.731973791667,45.71927549759747,2.589881632191663
2024-06-13 12:00:00,3598.91098371389,4925.731973791658,51.84357483413418,3.59891098371389
2024-06-13 13:00:00,2157.275567047223,3844.2168109305603,43.093574834134174,2.157275567047223
2024-06-13 14:00:00,3207.7253821916643,4925.731973791671,49.46927549759747,3.2077253821916645
2024-06-13 15:00:00,3176.6600344750027,4925.731973791662,49.28072450240253,3.176660034475003
2024-06-13 16:00:00,2167.6306829527775,3895.992390458334,43.156425165865826,2.1676306829527774
2024-06-13 17:00:00,3609.266099619445,4925.731973791677,51.90642516586583,3.609266099619445
2024-06-13 18:00:00,272.90984961944457,1836.5132237916685,38.28212582932915,0.2729098496194446
2024-06-13 19:00:00,0.0,0.0,,0.0
2024-06-13 20:00:00,0.0,0.0,,0.0
2024-06-13 21:00:00,0.0,0.0,,0.0
2024-06-13 22:00:00,0.0,0.0,,0.0
2024-06-13 23:00:00,0.0,0.0,,0.0
2024-06-14 00:00:00,0.0,0.0,,0.0
2024-06-14 01:00:00,1542.7132102227429,4023.3781544818157,44.78445984629767,1.5427132102227428
2024-06-14 02:00:00,3100.22857606091,4918.1938941292965,48.816824092221395,3.10022857606091
2024-06-14 03:00:00,3279.659379149561,4918.1938941292965,49.90587858469209,3.279659379149561
2024-06-14 04:00:00,2136.295875698721,3716.831046907074,42.96623868716031,2.1362958756987207
2024-06-14 05:00:00,3568.936369452997,4918.1938941292965,51.66164404098729,3.568936369452997
2024-06-14 06:00:00,2666.3130906057554,4918.1938941292965,46.1831759077786,2.6663130906057555
2024-06-14 07:00:00,2486.8822875171068,4746.570630240408,45.09412141530791,2.4868822875171066
2024-06-14 08:00:00,3630.2457909679456,4918.1938941292965,52.033761312839694,3.6302457909679458
2024-06-14 09:00:00,2197.605297213668,4023.3781544818053,43.3383559590127,2.197605297213668
2024-06-14 10:00:00,3100.2285760609125,4918.193894129306,48.81682409222141,3.1002285760609123
2024-06-14 11:00:00,3279.6593791495598,4918.1938941292965,49.90587858469208,3.27965937914956
2024-06-14 12:00:00,2136.2958756987205,3716.8310469070716,42.966238687160306,2.1362958756987203
2024-06-14 13:00:00,3568.9363694529984,4918.193894129292,51.6616440409873,3.5689363694529983
2024-06-14 14:00:00,2666.313090605754,4918.193894129301,46.18317590777859,2.666313090605754
2024-06-14 15:00:00,2486.882287517107,4746.570630240405,45.09412141530792,2.486882287517107
2024-06-14 16:00:00,3630.245790967946,4918.1938941292965,52.033761312839694,3.630245790967946
2024-06-14 17:00:00,654.8920869909266,2687.0914635737395,40.84054015370233,0.6548920869909266
2024-06-14 18:00:00,0.0,0.0,,0.0
2024-06-14 19:00:00,0.0,0.0,,0.0
2024-06-14 20:00:00,0.0,0.0,,0.0
2024-06-14 21:00:00,0.0,0.0,,0.0
2024-06-14 22:00:00,0.0,0.0,,0.0
2024-06-14 23:00:00,0.0,0.0,,0.0
2024-06-15 00:00:00,0.0,0.0,,0.0
2024-06-15 01:00:00,0.0,0.0,,0.0
2024-06-15 02:00:00,0.0,0.0,,0.0
2024-06-15 03:00:00,0.0,0.0,,0.0
2024-06-15 04:00:00,0.0,0.0,,0.0
2024-06-15 05:00:00,0.0,0.0,,0.0
2024-06-15 06:00:00,0.0,0.0,,0.0
2024-06-15 07:00:00,0.0,0.0,,0.0
2024-06-15 08:00:00,0.0,0.0,,0.0
2024-06-15 09:00:00,0.0,0.0,,0.0
2024-06-15 10:00:00,0.0,0.0,,0.0
2024-06-15 11:00:00,0.0,0.0,,0.0
2024-06-15 12:00:00,0.0,0.0,,0.0
2024-06-15 13:00:00,0.0,0.0,,0.0
2024-06-15 14:00:00,0.0,0.0,,0.0
2024-06-15 15:00:00,0.0,0.0,,0.0
2024-06-15 16:00:00,0.0,0.0,,0.0
2024-06-15 17:00:00,0.0,0.0,,0.0
2024-06-15 18:00:00,0.0,0.0,,0.0
2024-06-15 19:00:00,0.0,0.0,,0.0
2024-06-15 20:00:00,0.0,0.0,,0.0
2024-06-15 21:00:00,0.0,0.0,,0.0
2024-06-15 22:00:00,0.0,0.0,,0.0
2024-06-15 23:00:00,0.0,0.0,,0.0
2024-06-16 00:00:00,0.0,0.0,,0.0
2024-06-16 01:00:00,0.0,0.0,,0.0
2024-06-16 02:00:00,0.0,0.0,,0.0
2024-06-16 03:00:00,0.0,0.0,,0.0
2024-06-16 04:00:00,0.0,0.0,,0.0
2024-06-16 05:00:00,0.0,0.0,,0.0
2024-06-16 06:00:00,0.0,0.0,,0.0
2024-06-16 07:00:00,0.0,0.0,,0.0
2024-06-16 08:00:00,0.0,0.0,,0.0
2024-06-16 09:00:00,0.0,0.0,,0.0
2024-06-16 10:00:00,0.0,0.0,,0.0
2024-06-16 11:00:00,0.0,0.0,,0.0
2024-06-16 12:00:00,0.0,0.0,,0.0
2024-06-16 13:00:00,0.0,0.0,,0.0
2024-06-16 14:00:00,0.0,0.0,,0.0
2024-06-16 15:00:00,0.0,0.0,,0.0
2024-06-16 16:00:00,0.0,0.0,,0.0
2024-06-16 17:00:00,0.0,0.0,,0.0
2024-06-16 18:00:00,0.0,0.0,,0.0
2024-06-16 19:00:00,0.0,0.0,,0.0
2024-06-16 20:00:00,0.0,0.0,,0.0
2024-06-16 21:00:00,0.0,0.0,,0.0
2024-06-16 22:00:00,0.0,0.0,,0.0
2024-06-16 23:00:00,0.0,0.0,,0.0
2024-06-17 00:00:00,0.0,0.0,,0.0
2024-06-17 01:00:00,0.0,0.0,,0.0
2024-06-17 02:00:00,0.0,0.0,,0.0
2024-06-17 03:00:00,2675.259598707825,4928.756739103198,47.71361094596433,2.6752595987078247
2024-06-17 04:00:00,2606.0635909770995,4802.282323396801,45.81749182728501,2.6060635909770995
2024-06-17 05:00:00,3481.2462080932655,4930.999771313468,51.12940898139659,3.4812462080932653
2024-06-17 06:00:00,2079.1232386857073,3772.542740063468,42.61922961116205,2.0791232386857073
2024-06-17 07:00:00,3779.069503092991,4905.256281730134,52.93704619751954,3.779069503092991
2024-06-17 08:00:00,2009.950558947755,3461.377832853195,42.199386327132196,2.009950558947755
2024-06-17 09:00:00,3619.5167998288266,4928.7567391032035,51.96864174697584,3.6195167998288267
2024-06-17 10:00:00,2398.620319503586,4491.117416186529,44.558415777675904,2.398620319503586
2024-06-17 11:00:00,3004.3043309396626,4930.999771313468,48.234612296432125,3.0043043309396626
2024-06-17 12:00:00,3160.478075689569,4905.256281730125,49.182508172714996,3.1604780756895687
2024-06-17 13:00:00,2285.2954585733996,4287.412531730129,43.870591018603406,2.2852954585733998
2024-06-17 14:00:00,3687.4184279809606,4928.7567391032035,52.38077038883796,3.6874184279809605
2024-06-17 15:00:00,1987.4721635736755,3257.672948396795,42.06295380248046,1.9874721635736756
2024-06-17 16:00:00,3756.59110771891,4930.999771313456,52.8006136728678,3.75659110771891
2024-06-17 17:00:00,2147.0248668378417,3976.247624519877,43.03135825302418,2.1470248668378416
2024-06-17 18:00:00,3367.921347163077,4905.25628173013,50.441584222324074,3.367921347163077
2024-06-17 19:00:00,86.97773701917723,1198.1937817301275,36.33493203720678,0.08697773701917723
2024-06-17 20:00:00,0.0,0.0,,0.0
2024-06-17 21:00:00,0.0,0.0,,0.0
2024-06-17 22:00:00,0.0,0.0,,0.0
2024-06-17 23:00:00,0.0,0.0,,0.0
2024-06-18 00:00:00,0.0,0.0,,0.0
2024-06-18 01:00:00,0.0,0.0,,0.0
2024-06-18 02:00:00,0.0,0.0,,0.0
2024-06-18 03:00:00,3082.7579322610845,4937.5167506827065,49.3559856148415,3.0827579322610847
2024-06-18 04:00:00,2192.4525354660927,4004.0552979284034,43.30708129360837,2.1924525354660926
2024-06-18 05:00:00,3627.6694100941577,4937.5167506827065,52.01812398013752,3.6276694100941578
2024-06-18 06:00:00,2497.187811012258,4765.893486793817,45.15667074611658,2.497187811012258
2024-06-18 07:00:00,2654.7193766737096,4937.5167506827065,46.11280791061884,2.6547193766737096
2024-06-18 08:00:00,3574.089131200574,4937.5167506827065,51.69291870639163,3.574089131200574
2024-06-18 09:00:00,2138.872256572509,3736.153903460479,42.98187601986248,2.1388722565725087
2024-06-18 10:00:00,3269.353855654409,4937.5167506827065,49.84332925388342,3.269353855654409
2024-06-18 11:00:00,3111.822289992956,4937.516750682702,48.88719208938115,3.111822289992956
2024-06-18 12:00:00,2192.452535466093,4004.0552979284066,43.30708129360838,2.192452535466093
2024-06-18 13:00:00,3627.669410094158,4937.516750682702,52.018123980137524,3.627669410094158
2024-06-18 14:00:00,2497.1878110122566,4765.89348679381,45.156670746116575,2.4971878110122567
2024-06-18 15:00:00,2654.719376673711,4937.5167506827065,46.11280791061885,2.654719376673711
2024-06-18 16:00:00,3574.089131200573,4937.5167506827065,51.69291870639162,3.574089131200573
2024-06-18 17:00:00,2138.8722565725084,3736.153903460486,42.981876019862476,2.1388722565725082
2024-06-18 18:00:00,3269.3538556544104,4937.516750682695,49.843329253883425,3.26935385565441
2024-06-18 19:00:00,29.064357731872953,914.8365479284081,35.29217985103144,0.029064357731872954
2024-06-18 20:00:00,0.0,0.0,,0.0
2024-06-18 21:00:00,0.0,0.0,,0.0
2024-06-18 22:00:00,0.0,0.0,,0.0
2024-06-18 23:00:00,0.0,0.0,,0.0
2024-06-19 00:00:00,0.0,0.0,,0.0
2024-06-19 01:00:00,0.0,0.0,,0.0
2024-06-19 02:00:00,0.0,0.0,,0.0
2024-06-19 03:00:00,2012.3084814075798,4362.435740015322,45.93091007924934,2.01230848140758
2024-06-19 04:00:00,3104.21007327992,4905.220509984679,48.84098977257551,3.10421007327992
2024-06-19 05:00:00,3062.6066649289237,4928.792510848654,48.58847806339947,3.0626066649289236
2024-06-19 06:00:00,2354.857377532984,4416.094207901343,44.29279678842537,2.354857377532984
2024-06-19 07:00:00,3646.6324428523294,4930.963999568013,52.133220026416446,3.6466324428523293
2024-06-19 08:00:00,1999.555790220179,3386.354624568009,42.13629532276675,1.999555790220179
2024-06-19 09:00:00,3772.816972873467,4905.220509984677,52.89909649207506,3.772816972873467
2024-06-19 10:00:00,2102.0230678523303,3847.565948348654,42.75822002641645,2.1020230678523304
2024-06-19 11:00:00,3441.625504630715,4928.792510848659,50.88893129106701,3.441625504630715
2024-06-19 12:00:00,2662.33159338675,4877.30553168199,46.1590102274245,2.66233159338675
2024-06-19 13:00:00,2703.9350017377383,4930.963999568007,46.41152193660051,2.7039350017377384
2024-06-19 14:00:00,3411.684289133685,4905.220509984674,50.707203211574644,3.411684289133685
2024-06-19 15:00:00,2119.9092238143353,3901.2244162346733,42.86677997358355,2.1199092238143353
2024-06-19 16:00:00,3766.985876446488,4928.792510848663,52.86370467723325,3.766985876446488
2024-06-19 17:00:00,1993.724693793199,3332.6961566819978,42.10090350792494,1.9937246937931992
2024-06-19 18:00:00,3664.5185988143353,4930.963999568013,52.24177997358355,3.664518598814335
2024-06-19 19:00:00,312.60768062836814,1841.7452495680054,38.131589920750635,0.31260768062836813
2024-06-19 20:00:00,0.0,0.0,,0.0
2024-06-19 21:00:00,0.0,0.0,,0.0
2024-06-19 22:00:00,0.0,0.0,,0.0
2024-06-19 23:00:00,0.0,0.0,,0.0
2024-06-20 00:00:00,0.0,0.0,,0.0
2024-06-20 01:00:00,0.0,0.0,,0.0
2024-06-20 02:00:00,2003.7754353614732,4577.371135025747,46.5844178739782,2.003775435361473
2024-06-20 03:00:00,2767.8327877345523,4920.617662803525,46.79934927561308,2.767832787734552
2024-06-20 04:00:00,3519.4806271845077,4920.617662803525,51.3614726246594,3.5194806271845076
2024-06-20 05:00:00,2118.0718198813456,3547.6315516924114,42.85562785826521,2.1180718198813455
2024-06-20 06:00:00,3365.5632330528006,4920.617662803525,50.42727165881018,3.3655632330528005
2024-06-20 07:00:00,2998.7088789321133,4920.617662803519,48.20065072438691,2.9987088789321135
2024-06-20 08:00:00,2247.0610394821592,4192.57764969648,43.63852737534061,2.2470610394821593
2024-06-20 09:00:00,3648.469846785321,4920.617662803515,52.14437214173479,3.648469846785321
2024-06-20 10:00:00,2400.978433613864,4577.371135025738,44.57272834118981,2.400978433613864
2024-06-20 11:00:00,2767.8327877345555,4920.617662803525,46.799349275613096,2.7678327877345557
2024-06-20 12:00:00,3519.4806271845064,4920.617662803519,51.36147262465939,3.5194806271845063
2024-06-20 13:00:00,2118.071819881345,3547.6315516924033,42.85562785826521,2.118071819881345
2024-06-20 14:00:00,3365.5632330528024,4920.617662803519,50.4272716588102,3.3655632330528023
2024-06-20 15:00:00,2998.708878932111,4920.617662803515,48.2006507243869,2.998708878932111
2024-06-20 16:00:00,2247.0610394821606,4192.577649696481,43.63852737534061,2.2470610394821606
2024-06-20 17:00:00,3648.4698467853214,4920.617662803515,52.14437214173479,3.6484698467853214
2024-06-20 18:00:00,397.2029982523954,2133.0984830298157,39.040582126021846,0.3972029982523954
2024-06-20 19:00:00,0.0,0.0,,0.0
2024-06-20 20:00:00,0.0,0.0,,0.0
2024-06-20 21:00:00,0.0,0.0,,0.0
2024-06-20 22:00:00,0.0,0.0,,0.0
2024-06-20 23:00:00,0.0,0.0,,0.0
2024-06-21 00:00:00,0.0,0.0,,0.0
2024-06-21 01:00:00,0.0,0.0,,0.0
2024-06-21 02:00:00,735.4385682302478,2691.8181887525952,40.71297899197367,0.7354385682302478
2024-06-21 03:00:00,3782.0935603749135,4931.501782502595,52.955400700267546,3.7820935603749137
2024-06-21 04:00:00,2065.0608051951367,3721.5577720859287,42.53387773119298,2.0650608051951367
2024-06-21 05:00:00,3506.7386920820354,4928.254727914071,51.284135504013165,3.5067386920820356
2024-06-21 06:00:00,2569.049555043484,4751.297355419262,45.59283529438157,2.5690495550434838
2024-06-21 07:00:00,2801.7922532063435,4905.758292919262,47.00546610615352,2.8017922532063433
2024-06-21 08:00:00,3336.955425793311,4931.5017825026,50.25363669491666,3.336955425793311
2024-06-21 09:00:00,2166.9524119989615,4027.2325924974034,43.15230840321053,2.1669524119989614
2024-06-21 10:00:00,3748.0936130559885,4928.254727914071,52.74903816532895,3.7480936130559885
2024-06-21 11:00:00,1984.4481062917532,3206.687980419255,42.044599299732454,1.9844481062917532
2024-06-21 12:00:00,3701.4808614715294,4905.758292919257,52.46612226880702,3.7014808614715293
2024-06-21 13:00:00,2259.8029745846316,4236.42756375259,43.715864495986835,2.2598029745846318
2024-06-21 14:00:00,3197.4921116231826,4931.5017825026,49.40716470561843,3.1974921116231827
2024-06-21 15:00:00,2964.749413460325,4928.254727914075,47.99453389384649,2.964749413460325
2024-06-21 16:00:00,2429.5862408733515,4542.1023841640645,44.74636330508331,2.4295862408733515
2024-06-21 17:00:00,3599.589254667708,4905.758292919271,51.84769159678948,3.5995892546677077
2024-06-21 18:00:00,1283.0094853804262,3512.362800830731,43.34952100802628,1.2830094853804261
2024-06-21 19:00:00,0.0,0.0,,0.0
2024-06-21 20:00:00,0.0,0.0,,0.0
2024-06-21 21:00:00,0.0,0.0,,0.0
2024-06-21 22:00:00,0.0,0.0,,0.0
2024-06-21 23:00:00,0.0,0.0,,0.0
2024-06-22 00:00:00,0.0,0.0,,0.0
2024-06-22 01:00:00,0.0,0.0,,0.0
2024-06-22 02:00:00,0.0,0.0,,0.0
2024-06-22 03:00:00,0.0,0.0,,0.0
2024-06-22 04:00:00,0.0,0.0,,0.0
2024-06-22 05:00:00,0.0,0.0,,0.0
2024-06-22 06:00:00,0.0,0.0,,0.0
2024-06-22 07:00:00,0.0,0.0,,0.0
2024-06-22 08:00:00,0.0,0.0,,0.0
2024-06-22 09:00:00,0.0,0.0,,0.0
2024-06-22 10:00:00,0.0,0.0,,0.0
2024-06-22 11:00:00,0.0,0.0,,0.0
2024-06-22 12:00:00,0.0,0.0,,0.0
2024-06-22 13:00:00,0.0,0.0,,0.0
2024-06-22 14:00:00,0.0,0.0,,0.0
2024-06-22 15:00:00,0.0,0.0,,0.0
2024-06-22 16:00:00,0.0,0.0,,0.0
2024-06-22 17:00:00,0.0,0.0,,0.0
2024-06-22 18:00:00,0.0,0.0,,0.0
2024-06-22 19:00:00,0.0,0.0,,0.0
2024-06-22 20:00:00,0.0,0.0,,0.0
2024-06-22 21:00:00,0.0,0.0,,0.0
2024-06-22 22:00:00,0.0,0.0,,0.0
2024-06-22 23:00:00,0.0,0.0,,0.0
2024-06-23 00:00:00,0.0,0.0,,0.0
2024-06-23 01:00:00,0.0,0.0,,0.0
2024-06-23 02:00:00,0.0,0.0,,0.0
2024-06-23 03:00:00,0.0,0.0,,0.0
2024-06-23 04:00:00,0.0,0.0,,0.0
2024-06-23 05:00:00,0.0,0.0,,0.0
2024-06-23 06:00:00,0.0,0.0,,0.0
2024-06-23 07:00:00,0.0,0.0,,0.0
2024-06-23 08:00:00,0.0,0.0,,0.0
2024-06-23 09:00:00,0.0,0.0,,0.0
2024-06-23 10:00:00,0.0,0.0,,0.0
2024-06-23 11:00:00,0.0,0.0,,0.0
2024-06-23 12:00:00,0.0,0.0,,0.0
2024-06-23 13:00:00,0.0,0.0,,0.0
2024-06-23 14:00:00,0.0,0.0,,0.0
2024-06-23 15:00:00,0.0,0.0,,0.0
2024-06-23 16:00:00,0.0,0.0,,0.0
2024-06-23 17:00:00,0.0,0.0,,0.0
2024-06-23 18:00:00,0.0,0.0,,0.0
2024-06-23 19:00:00,0.0,0.0,,0.0
2024-06-23 20:00:00,0.0,0.0,,0.0
2024-06-23 21:00:00,0.0,0.0,,0.0
2024-06-23 22:00:00,0.0,0.0,,0.0
2024-06-23 23:00:00,0.0,0.0,,0.0
2024-06-24 00:00:00,0.0,0.0,,0.0
2024-06-24 01:00:00,0.0,0.0,,0.0
2024-06-24 02:00:00,700.7007583936559,2771.842973285383,41.0945224130079,0.7007007583936559
2024-06-24 03:00:00,3616.9390762116955,4917.133771896492,51.95299626449868,3.6169390762116955
2024-06-24 04:00:00,2534.089606158013,4831.322139952048,45.38064603403781,2.534089606158013
2024-06-24 05:00:00,2615.4621847787707,4917.133771896492,45.874536552195266,2.615462184778771
2024-06-24 06:00:00,3589.530258581404,4917.133771896492,51.78663856303517,3.5895302585814037
2024-06-24 07:00:00,2149.6025904549706,3801.582556618715,43.04700373550131,2.1496025904549705
2024-06-24 08:00:00,3232.452060508655,4917.133771896488,49.6193539659622,3.232452060508655
2024-06-24 09:00:00,3151.079481887895,4917.133771896494,49.125463447804734,3.1510794818878947
2024-06-24 10:00:00,2177.0114080852627,3938.626644770174,43.213361436964824,2.1770114080852627
2024-06-24 11:00:00,3616.939076211696,4917.133771896497,51.95299626449869,3.616939076211696
2024-06-24 12:00:00,2534.089606158012,4831.322139952046,45.3806460340378,2.534089606158012
2024-06-24 13:00:00,2615.462184778771,4917.133771896488,45.874536552195266,2.6154621847787713
2024-06-24 14:00:00,3589.530258581404,4917.133771896492,51.786638563035176,3.5895302585814037
2024-06-24 15:00:00,2149.60259045497,3801.5825566187127,43.04700373550131,2.14960259045497
2024-06-24 16:00:00,3232.452060508658,4917.133771896482,49.61935396596222,3.232452060508658
2024-06-24 17:00:00,3151.0794818878912,4917.133771896488,49.12546344780471,3.151079481887891
2024-06-24 18:00:00,1476.310649691612,3938.6266447701823,44.53047758699215,1.476310649691612
2024-06-24 19:00:00,0.0,0.0,,0.0
2024-06-24 20:00:00,0.0,0.0,,0.0
2024-06-24 21:00:00,0.0,0.0,,0.0
2024-06-24 22:00:00,0.0,0.0,,0.0
2024-06-24 23:00:00,0.0,0.0,,0.0
2024-06-25 00:00:00,0.0,0.0,,0.0
2024-06-25 01:00:00,0.0,0.0,,0.0
2024-06-25 02:00:00,934.6695528856819,3161.3203588621755,42.15637040683127,0.9346695528856819
2024-06-25 03:00:00,3519.98652968483,4922.135370304491,51.36454319772291,3.51998652968483
2024-06-25 04:00:00,2766.922163233972,4922.135370304491,46.79382224409876,2.7669221632339718
2024-06-25 05:00:00,2401.686697114318,4578.888842526714,44.577027143478745,2.401686697114318
2024-06-25 06:00:00,3648.368666285256,4922.135370304493,52.14375802712208,3.648368666285256
2024-06-25 07:00:00,2246.555136981836,4191.0599421955085,43.63545680227709,2.246555136981836
2024-06-25 08:00:00,2999.6195034326956,4922.135370304495,48.206177755901244,2.9996195034326956
2024-06-25 09:00:00,3364.854969552348,4922.135370304498,50.422972856521255,3.364854969552348
2024-06-25 10:00:00,2118.17300038141,3549.1492591933816,42.85624197287791,2.11817300038141
2024-06-25 11:00:00,3519.986529684831,4922.135370304491,51.36454319772292,3.519986529684831
2024-06-25 12:00:00,2766.92216323397,4922.135370304493,46.793822244098756,2.76692216323397
2024-06-25 13:00:00,2401.6866971143186,4578.888842526716,44.577027143478745,2.4016866971143185
2024-06-25 14:00:00,3648.368666285256,4922.135370304495,52.14375802712209,3.648368666285256
2024-06-25 15:00:00,2246.555136981835,4191.059942195502,43.63545680227708,2.246555136981835
2024-06-25 16:00:00,2999.6195034326965,4922.135370304498,48.206177755901244,2.9996195034326965
2024-06-25 17:00:00,3364.8549695523466,4922.135370304491,50.42297285652125,3.3648549695523466
2024-06-25 18:00:00,1183.503447495731,3549.1492591933843,43.46862959316876,1.183503447495731
2024-06-25 19:00:00,0.0,0.0,,0.0
2024-06-25 20:00:00,0.0,0.0,,0.0
2024-06-25 21:00:00,0.0,0.0,,0.0
2024-06-25 22:00:00,0.0,0.0,,0.0
2024-06-25 23:00:00,0.0,0.0,,0.0
2024-06-26 00:00:00,0.0,0.0,,0.0
2024-06-26 01:00:00,1030.6885081969228,3153.338014856947,42.10792160400757,1.0306885081969228
2024-06-26 02:00:00,3715.2704788250453,4929.638796106948,52.54981829239823,3.7152704788250452
2024-06-26 03:00:00,2234.423148252687,4183.077598190283,43.56182174853687,2.234423148252687
2024-06-26 04:00:00,3234.837087516802,4930.117714309714,49.63382987719469,3.234837087516802
2024-06-26 05:00:00,2922.989656876439,4904.3742247263835,47.74107322973915,2.922989656876439
2024-06-26 06:00:00,2463.3745523961543,4595.4523497263835,44.951441317461864,2.463374552396154
2024-06-26 07:00:00,3577.812228313012,4929.638796106952,51.715516028403286,3.577812228313012
2024-06-26 08:00:00,2028.6348709869428,3565.71276639305,42.31279067919848,2.028634870986943
2024-06-26 09:00:00,3783.871892560324,4930.117714309719,52.966194279866414,3.783871892560324
2024-06-26 10:00:00,2051.2711878416217,3668.207806523614,42.45018170760177,2.0512711878416217
2024-06-26 11:00:00,3532.1185184139777,4904.374224726378,51.43817825146312,3.5321185184139776
2024-06-26 12:00:00,2531.704579149866,4697.947389856948,45.366170122805315,2.531704579149866
2024-06-26 13:00:00,2843.552009790226,4929.638796106952,47.25892677026084,2.843552009790226
2024-06-26 14:00:00,3303.167114270514,4930.117714309714,50.04855868253814,3.303167114270514
2024-06-26 15:00:00,2188.729438353654,4080.5825580597143,43.28448397159671,2.188729438353654
2024-06-26 16:00:00,3737.9067956797235,4904.3742247263735,52.68720932080152,3.7379067956797236
2024-06-26 17:00:00,951.9812659094175,3050.842974726381,41.9545783959924,0.9519812659094176
2024-06-26 18:00:00,0.0,0.0,,0.0
2024-06-26 19:00:00,0.0,0.0,,0.0
2024-06-26 20:00:00,0.0,0.0,,0.0
2024-06-26 21:00:00,0.0,0.0,,0.0
2024-06-26 22:00:00,0.0,0.0,,0.0
2024-06-26 23:00:00,0.0,0.0,,0.0
2024-06-27 00:00:00,0.0,0.0,,0.0
2024-06-27 01:00:00,0.0,0.0,,0.0
2024-06-27 02:00:00,0.0,0.0,,0.0
2024-06-27 03:00:00,1757.8895952625614,4288.753997809711,45.6139073931768,1.7578895952625615
2024-06-27 04:00:00,2941.0030700641737,4910.252946634737,47.85040556409392,2.941003070064174
2024-06-27 05:00:00,3409.3622937268,4910.252946634732,50.69310987037661,3.4093622937268
2024-06-27 06:00:00,2112.743298452639,3451.4552035791785,42.82328642022744,2.112743298452639
2024-06-27 07:00:00,3486.3386093679214,4910.252946634737,51.1603172891685,3.4863386093679214
2024-06-27 08:00:00,2825.538596602491,4910.252946634741,47.149594435906074,2.825538596602491
2024-06-27 09:00:00,2357.179372939868,4481.194786912515,44.3068901296234,2.357179372939868
2024-06-27 10:00:00,3653.798368214027,4910.252946634732,52.17671357977256,3.653798368214027
2024-06-27 11:00:00,2280.2030572987433,4288.753997809701,43.83968271083149,2.2802030572987433
2024-06-27 12:00:00,2941.003070064177,4910.252946634737,47.85040556409394,2.941003070064177
2024-06-27 13:00:00,3409.3622937267983,4910.252946634737,50.6931098703766,3.409362293726798
2024-06-27 14:00:00,2112.743298452639,3451.455203579183,42.82328642022744,2.112743298452639
2024-06-27 15:00:00,3486.3386093679233,4910.252946634741,51.160317289168525,3.486338609367923
2024-06-27 16:00:00,2825.538596602489,4910.252946634732,47.14959443590606,2.825538596602489
2024-06-27 17:00:00,2357.1793729398682,4481.194786912518,44.3068901296234,2.3571793729398682
2024-06-27 18:00:00,3653.798368214027,4910.252946634744,52.17671357977256,3.653798368214027
2024-06-27 19:00:00,522.3134620361863,2421.7156202458523,40.01109260682323,0.5223134620361862
2024-06-27 20:00:00,0.0,0.0,,0.0
2024-06-27 21:00:00,0.0,0.0,,0.0
2024-06-27 22:00:00,0.0,0.0,,0.0
2024-06-27 23:00:00,0.0,0.0,,0.0
2024-06-28 00:00:00,0.0,0.0,,0.0
2024-06-28 01:00:00,0.0,0.0,,0.0
2024-06-28 02:00:00,2399.945949037344,4754.2275411468745,47.13701374172399,2.3999459490373436
2024-06-28 03:00:00,2799.54577748184,4908.6884786468745,46.99183113134494,2.79954577748184
2024-06-28 04:00:00,3338.8112100874655,4934.431968230208,50.26490036975853,3.3388112100874654
2024-06-28 05:00:00,2165.7803377079163,4024.30240676979,43.14519450331041,2.165780337707916
2024-06-28 06:00:00,3748.5819773439234,4925.324542186458,52.75200229028733,3.7485819773439233
2024-06-28 07:00:00,1984.5457791493402,3209.6181661468772,42.04519212472414,1.9845457791493402
2024-06-28 08:00:00,3700.6994786108326,4908.6884786468745,52.461379668873604,3.7006994786108325
2024-06-28 09:00:00,2261.268067448438,4239.357749480206,43.724756870862,2.2612680674484382
2024-06-28 10:00:00,3195.4409816138527,4934.431968230208,49.3947153807932,3.195440981613853
2024-06-28 11:00:00,2966.9958891848282,4925.324542186458,48.00816886865507,2.9669958891848283
2024-06-28 12:00:00,2427.730456579199,4539.172198436456,44.735099630241464,2.4277304565791993
2024-06-28 13:00:00,3600.7613289587516,4908.68847864688,51.8548054966896,3.6007613289587517
2024-06-28 14:00:00,2017.9596893227424,3509.4326151031223,42.24799770971266,2.0179596893227423
2024-06-28 15:00:00,3781.995887517326,4934.431968230213,52.95480787527586,3.781995887517326
2024-06-28 16:00:00,2065.842188055834,3724.4879578135497,42.5386203311264,2.065842188055834
2024-06-28 17:00:00,3505.273599218227,4925.324542186453,51.27524312913799,3.505273599218227
2024-06-28 18:00:00,171.15473601546805,1449.9534484364547,36.92548625827598,0.17115473601546805
2024-06-28 19:00:00,0.0,0.0,,0.0
2024-06-28 20:00:00,0.0,0.0,,0.0
2024-06-28 21:00:00,0.0,0.0,,0.0
2024-06-28 22:00:00,0.0,0.0,,0.0
2024-06-28 23:00:00,0.0,0.0,,0.0
2024-06-29 00:00:00,0.0,0.0,,0.0
2024-06-29 01:00:00,0.0,0.0,,0.0
2024-06-29 02:00:00,0.0,0.0,,0.0
2024-06-29 03:00:00,0.0,0.0,,0.0
2024-06-29 04:00:00,0.0,0.0,,0.0
2024-06-29 05:00:00,0.0,0.0,,0.0
2024-06-29 06:00:00,0.0,0.0,,0.0
2024-06-29 07:00:00,0.0,0.0,,0.0
2024-06-29 08:00:00,0.0,0.0,,0.0
2024-06-29 09:00:00,0.0,0.0,,0.0
2024-06-29 10:00:00,0.0,0.0,,0.0
2024-06-29 11:00:00,0.0,0.0,,0.0
2024-06-29 12:00:00,0.0,0.0,,0.0
2024-06-29 13:00:00,0.0,0.0,,0.0
2024-06-29 14:00:00,0.0,0.0,,0.0
2024-06-29 15:00:00,0.0,0.0,,0.0
2024-06-29 16:00:00,0.0,0.0,,0.0
2024-06-29 17:00:00,0.0,0.0,,0.0
2024-06-29 18:00:00,0.0,0.0,,0.0
2024-06-29 19:00:00,0.0,0.0,,0.0
2024-06-29 20:00:00,0.0,0.0,,0.0
2024-06-29 21:00:00,0.0,0.0,,0.0
2024-06-29 22:00:00,0.0,0.0,,0.0
2024-06-29 23:00:00,0.0,0.0,,0.0
2024-06-30 00:00:00,0.0,0.0,,0.0
2024-06-30 01:00:00,0.0,0.0,,0.0
2024-06-30 02:00:00,0.0,0.0,,0.0
2024-06-30 03:00:00,0.0,0.0,,0.0
2024-06-30 04:00:00,0.0,0.0,,0.0
2024-06-30 05:00:00,0.0,0.0,,0.0
2024-06-30 06:00:00,0.0,0.0,,0.0
2024-06-30 07:00:00,0.0,0.0,,0.0
2024-06-30 08:00:00,0.0,0.0,,0.0
2024-06-30 09:00:00,0.0,0.0,,0.0
2024-06-30 10:00:00,0.0,0.0,,0.0
2024-06-30 11:00:00,0.0,0.0,,0.0
2024-06-30 12:00:00,0.0,0.0,,0.0
2024-06-30 13:00:00,0.0,0.0,,0.0
2024-06-30 14:00:00,0.0,0.0,,0.0
2024-06-30 15:00:00,0.0,0.0,,0.0
2024-06-30 16:00:00,0.0,0.0,,0.0
2024-06-30 17:00:00,0.0,0.0,,0.0
2024-06-30 18:00:00,0.0,0.0,,0.0
2024-06-30 19:00:00,0.0,0.0,,0.0
2024-06-30 20:00:00,0.0,0.0,,0.0
2024-06-30 21:00:00,0.0,0.0,,0.0
2024-06-30 22:00:00,0.0,0.0,,0.0
2024-06-30 23:00:00,0.0,0.0,,0.0
2024-07-01 00:00:00,0.0,0.0,,0.0
2024-07-01 01:00:00,0.0,0.0,,0.0
2024-07-01 02:00:00,0.0,0.0,,0.0
2024-07-01 03:00:00,48.722115454388295,1051.6727778377656,35.91437343030358,0.048722115454388294
2024-07-01 04:00:00,3275.46414355851,4913.1962153377635,49.88041562020238,3.27546414355851
2024-07-01 05:00:00,2207.0100688397456,4122.768628412234,43.395438180201786,2.207010068839746
2024-07-01 06:00:00,3729.3425717732557,4938.939704921097,52.63522880040417,3.729342571773256
2024-07-01 07:00:00,1982.2486979166667,3111.1519445044332,42.03125,1.9822486979166667
2024-07-01 08:00:00,3725.1138952406322,4920.8168054955695,52.6095628662625,3.725113895240632
2024-07-01 09:00:00,2214.863325257477,4140.8915278377635,43.443103486464885,2.2148633252574768
2024-07-01 10:00:00,3263.382210608155,4913.196215337768,49.807084379797615,3.2633822106081554
2024-07-01 11:00:00,2890.519993103547,4938.939704921101,47.54399874424287,2.8905199931035472
2024-07-01 12:00:00,2491.077523108155,4637.6384200789,45.119584379797615,2.4910775231081552
2024-07-01 13:00:00,3559.5315978269214,4920.816805495565,51.604561819798214,3.5595315978269215
2024-07-01 14:00:00,2037.1990948934094,3607.898836745565,42.36477119959583,2.0371990948934093
2024-07-01 15:00:00,3784.2929687499995,4913.1962153377635,52.96875,3.7842929687499995
2024-07-01 16:00:00,2041.4277714260347,3626.0217361711057,42.3904371337375,2.0414277714260347
2024-07-01 17:00:00,3551.6783414091888,4938.939704921097,51.55689651353511,3.551678341409189
2024-07-01 18:00:00,2503.1594560585127,4655.76131950444,45.19291562020239,2.503159456058513
2024-07-01 19:00:00,2827.2995581087293,4920.81680549556,48.06345535183363,2.8272995581087295
2024-07-01 20:00:00,0.0,0.0,,0.0
2024-07-01 21:00:00,0.0,0.0,,0.0
2024-07-01 22:00:00,0.0,0.0,,0.0
2024-07-01 23:00:00,0.0,0.0,,0.0
2024-07-02 00:00:00,0.0,0.0,,0.0
2024-07-02 01:00:00,0.0,0.0,,0.0
2024-07-02 02:00:00,0.0,0.0,,0.0
2024-07-02 03:00:00,1008.236978973399,3136.315754821799,42.23898006947629,1.008236978973399
2024-07-02 04:00:00,3719.242339499913,4912.616536071797,52.57392548378886,3.719242339499913
2024-07-02 05:00:00,2226.4794269029503,4166.055338155133,43.51360736575561,2.22647942690295
2024-07-02 06:00:00,3246.606337063245,4938.360025655133,49.705263287015796,3.246606337063245
2024-07-02 07:00:00,2909.939257516157,4921.396484761532,47.66186388659849,2.909939257516157
2024-07-02 08:00:00,2474.3016495632446,4612.474609761534,45.017763287015796,2.4743016495632446
2024-07-02 09:00:00,3570.435915631113,4912.616536071797,51.670745530106394,3.570435915631113
2024-07-02 10:00:00,2032.0393229939732,3582.735026428201,42.333453986104736,2.032039322993973
2024-07-02 11:00:00,3784.29296875,4938.36002565513,52.96875,3.78429296875
2024-07-02 12:00:00,2047.2993271667533,3651.1855464884584,42.42607451621113,2.0472993271667534
2024-07-02 13:00:00,3540.062239763715,4921.396484761532,51.48639263424439,3.540062239763715
2024-07-02 14:00:00,2519.9353296034224,4680.925129821791,45.294736712984204,2.519935329603422
2024-07-02 15:00:00,2856.6024091505083,4912.616536071797,47.3381361134015,2.8566024091505082
2024-07-02 16:00:00,3292.2400171034255,4938.360025655137,49.982236712984225,3.2922400171034254
2024-07-02 17:00:00,2196.105751035551,4097.60481809486,43.329254469893584,2.196105751035551
2024-07-02 18:00:00,3734.502343672694,4921.39648476152,52.66654601389527,3.7345023436726943
2024-07-02 19:00:00,974.0117189432638,3067.865234761527,41.82351993052366,0.9740117189432638
2024-07-02 20:00:00,0.0,0.0,,0.0
2024-07-02 21:00:00,0.0,0.0,,0.0
2024-07-02 22:00:00,0.0,0.0,,0.0
2024-07-02 23:00:00,0.0,0.0,,0.0
2024-07-03 00:00:00,0.0,0.0,,0.0
2024-07-03 01:00:00,0.0,0.0,,0.0
2024-07-03 02:00:00,0.0,0.0,,0.0
2024-07-03 03:00:00,1401.9621533044688,3663.600577993734,43.79870805013646,1.4019621533044688
2024-07-03 04:00:00,3534.268558394591,4908.981453256268,51.451227909936314,3.534268558394591
2024-07-03 05:00:00,2528.4795191789467,4693.340161327067,45.34659563509553,2.528479519178947
2024-07-03 06:00:00,2847.0842183298037,4925.031567577067,47.28036549489538,2.8470842183298037
2024-07-03 07:00:00,3300.2492028682536,4934.724942839601,50.03084843175309,3.3002492028682537
2024-07-03 08:00:00,2190.7259040499384,4085.189786589601,43.296601511607534,2.1907259040499385
2024-07-03 09:00:00,3736.9853499737465,4908.981453256268,52.68161661002729,3.7369853499737467
2024-07-03 10:00:00,1982.5161998220133,3148.730786327063,42.03287360167121,1.9825161998220133
2024-07-03 11:00:00,3716.3454988153517,4925.031567577067,52.55634312163483,3.7163454988153517
2024-07-03 12:00:00,2232.2731082720757,4178.4703696603965,43.548772090063686,2.2322731082720755
2024-07-03 13:00:00,3238.0621474877194,4934.724942839599,49.65340436490448,3.238062147487719
2024-07-03 14:00:00,2919.4574483368624,4908.981453256265,47.71963450510462,2.9194574483368623
2024-07-03 15:00:00,2466.2924637984124,4600.059578256265,44.96915156824691,2.4662924637984123
2024-07-03 16:00:00,3575.815762616729,4925.031567577063,51.70339848839247,3.575815762616729
2024-07-03 17:00:00,2029.5563166929196,3570.319994922932,42.31838338997271,2.02955631669292
2024-07-03 18:00:00,3784.025466844653,4934.724942839594,52.96712639832879,3.784025466844653
2024-07-03 19:00:00,648.234014546846,2540.580411589599,40.263791949863524,0.6482340145468459
2024-07-03 20:00:00,0.0,0.0,,0.0
2024-07-03 21:00:00,0.0,0.0,,0.0
2024-07-03 22:00:00,0.0,0.0,,0.0
2024-07-03 23:00:00,0.0,0.0,,0.0
2024-07-04 00:00:00,0.0,0.0,,0.0
2024-07-04 01:00:00,469.02585714432877,2292.818395342207,39.489168117835796,0.46902585714432876
2024-07-04 02:00:00,3655.5755208333335,4932.521014380015,52.1875,3.6555755208333336
2024-07-04 03:00:00,2303.843330359105,4352.297562008874,43.98316724713432,2.303843330359105
2024-07-04 04:00:00,2902.876931544676,4932.521014380018,47.61899912929853,2.902876931544676
2024-07-04 05:00:00,3436.556872025771,4932.521014380013,50.85816724713432,3.436556872025771
2024-07-04 06:00:00,2110.966145833333,3387.9116393800177,42.8125,2.110966145833333
2024-07-04 07:00:00,3462.6983363075624,4932.521014380015,51.01683275286568,3.4626983363075623
2024-07-04 08:00:00,2863.664735121988,4932.521014380018,47.38100087070146,2.863664735121988
2024-07-04 09:00:00,2329.9847946408963,4417.651222713353,44.14183275286569,2.3299847946408963
2024-07-04 10:00:00,3655.5755208333335,4932.52101438002,52.1875,3.6555755208333336
2024-07-04 11:00:00,2303.8433303591028,4352.297562008865,43.98316724713431,2.303843330359103
2024-07-04 12:00:00,2902.8769315446784,4932.521014380022,47.618999129298544,2.9028769315446783
2024-07-04 13:00:00,3436.5568720257697,4932.521014380025,50.85816724713431,3.4365568720257698
2024-07-04 14:00:00,2110.9661458333335,3387.9116393800214,42.8125,2.1109661458333333
2024-07-04 15:00:00,3462.6983363075637,4932.521014380018,51.0168327528657,3.4626983363075636
2024-07-04 16:00:00,2863.664735121987,4932.52101438003,47.381000870701456,2.8636647351219873
2024-07-04 17:00:00,1860.958937496571,4417.651222713355,46.13583188216425,1.860958937496571
2024-07-04 18:00:00,0.0,0.0,,0.0
2024-07-04 19:00:00,0.0,0.0,,0.0
2024-07-04 20:00:00,0.0,0.0,,0.0
2024-07-04 21:00:00,0.0,0.0,,0.0
2024-07-04 22:00:00,0.0,0.0,,0.0
2024-07-04 23:00:00,0.0,0.0,,0.0
2024-07-05 00:00:00,0.0,0.0,,0.0
2024-07-05 01:00:00,414.1862681971115,2079.6776377545116,38.872594533940685,0.41418626819711146
2024-07-05 02:00:00,3728.9378029760524,4937.20498150451,52.632772057919496,3.7289378029760525
2024-07-05 03:00:00,1982.2486979166667,3109.417221087845,42.03125,1.9822486979166667
2024-07-05 04:00:00,3725.5186640378356,4922.551528912151,52.61201960874717,3.7255186640378355
2024-07-05 05:00:00,2214.111611776955,4139.156804421181,43.438540964707634,2.2141116117769553
2024-07-05 06:00:00,3264.5386928858807,4911.461491921177,49.814103644039534,3.2645386928858806
2024-07-05 07:00:00,2889.1322143702764,4937.20498150451,47.535575627152554,2.8891322143702762
2024-07-05 08:00:00,2492.234005385881,4639.373143495489,45.12660364403954,2.492234005385881
2024-07-05 09:00:00,3558.779884346399,4922.551528912156,51.59999929804096,3.5587798843463987
2024-07-05 10:00:00,2037.603863690614,3609.633560162156,42.367227942080504,2.037603863690614
2024-07-05 11:00:00,3784.2929687499995,4911.4614919211745,52.96875,3.7842929687499995
2024-07-05 12:00:00,2041.0230026288302,3624.287012754508,42.38798039125283,2.04102300262883
2024-07-05 13:00:00,3552.4300548897113,4937.204981504515,51.561459035292366,3.552430054889711
2024-07-05 14:00:00,2502.002973780786,4654.026596087841,45.185896355960466,2.502002973780786
2024-07-05 15:00:00,2877.409452296389,4922.551528912151,47.464424372847446,2.8774094522963893
2024-07-05 16:00:00,3274.3076612807863,4911.461491921177,49.873396355960466,3.2743076612807864
2024-07-05 17:00:00,1793.5755141231546,4124.50335182882,45.1899054660593,1.7935755141231546
2024-07-05 18:00:00,0.0,0.0,,0.0
2024-07-05 19:00:00,0.0,0.0,,0.0
2024-07-05 20:00:00,0.0,0.0,,0.0
2024-07-05 21:00:00,0.0,0.0,,0.0
2024-07-05 22:00:00,0.0,0.0,,0.0
2024-07-05 23:00:00,0.0,0.0,,0.0
2024-07-06 00:00:00,0.0,0.0,,0.0
2024-07-06 01:00:00,0.0,0.0,,0.0
2024-07-06 02:00:00,0.0,0.0,,0.0
2024-07-06 03:00:00,0.0,0.0,,0.0
2024-07-06 04:00:00,0.0,0.0,,0.0
2024-07-06 05:00:00,0.0,0.0,,0.0
2024-07-06 06:00:00,0.0,0.0,,0.0
2024-07-06 07:00:00,0.0,0.0,,0.0
2024-07-06 08:00:00,0.0,0.0,,0.0
2024-07-06 09:00:00,0.0,0.0,,0.0
2024-07-06 10:00:00,0.0,0.0,,0.0
2024-07-06 11:00:00,0.0,0.0,,0.0
2024-07-06 12:00:00,0.0,0.0,,0.0
2024-07-06 13:00:00,0.0,0.0,,0.0
2024-07-06 14:00:00,0.0,0.0,,0.0
2024-07-06 15:00:00,0.0,0.0,,0.0
2024-07-06 16:00:00,0.0,0.0,,0.0
2024-07-06 17:00:00,0.0,0.0,,0.0
2024-07-06 18:00:00,0.0,0.0,,0.0
2024-07-06 19:00:00,0.0,0.0,,0.0
2024-07-06 20:00:00,0.0,0.0,,0.0
2024-07-06 21:00:00,0.0,0.0,,0.0
2024-07-06 22:00:00,0.0,0.0,,0.0
2024-07-06 23:00:00,0.0,0.0,,0.0
2024-07-07 00:00:00,0.0,0.0,,0.0
2024-07-07 01:00:00,0.0,0.0,,0.0
2024-07-07 02:00:00,0.0,0.0,,0.0
2024-07-07 03:00:00,0.0,0.0,,0.0
2024-07-07 04:00:00,0.0,0.0,,0.0
2024-07-07 05:00:00,0.0,0.0,,0.0
2024-07-07 06:00:00,0.0,0.0,,0.0
2024-07-07 07:00:00,0.0,0.0,,0.0
2024-07-07 08:00:00,0.0,0.0,,0.0
2024-07-07 09:00:00,0.0,0.0,,0.0
2024-07-07 10:00:00,0.0,0.0,,0.0
2024-07-07 11:00:00,0.0,0.0,,0.0
2024-07-07 12:00:00,0.0,0.0,,0.0
2024-07-07 13:00:00,0.0,0.0,,0.0
2024-07-07 14:00:00,0.0,0.0,,0.0
2024-07-07 15:00:00,0.0,0.0,,0.0
2024-07-07 16:00:00,0.0,0.0,,0.0
2024-07-07 17:00:00,0.0,0.0,,0.0
2024-07-07 18:00:00,0.0,0.0,,0.0
2024-07-07 19:00:00,0.0,0.0,,0.0
2024-07-07 20:00:00,0.0,0.0,,0.0
2024-07-07 21:00:00,0.0,0.0,,0.0
2024-07-07 22:00:00,0.0,0.0,,0.0
2024-07-07 23:00:00,0.0,0.0,,0.0
2024-07-08 00:00:00,0.0,0.0,,0.0
2024-07-08 01:00:00,0.0,0.0,,0.0
2024-07-08 02:00:00,1006.8107558406929,3284.4195834443453,42.6431039576478,1.006810755840693
2024-07-08 03:00:00,3477.0233807463324,4914.840590388791,51.10377854886247,3.477023380746332
2024-07-08 04:00:00,2840.7816979832733,4914.840590388791,47.242112374588686,2.840781697983273
2024-07-08 05:00:00,2346.17046638708,4455.789617944544,44.24007161835262,2.34617046638708
2024-07-08 06:00:00,3654.6452071796257,4914.840590388791,52.181853465254925,3.654645207179626
2024-07-08 07:00:00,2289.5182859203333,4314.1591667776775,43.89622145113753,2.2895182859203334
2024-07-08 08:00:00,2925.7599686833937,4914.840590388785,47.75788762541132,2.9257599686833937
2024-07-08 09:00:00,3420.371200279586,4914.840590388785,50.75992838164738,3.420371200279586
2024-07-08 10:00:00,2111.8964594870404,3426.0500346112117,42.818146534745075,2.11189645948704
2024-07-08 11:00:00,3477.0233807463333,4914.840590388785,51.10377854886248,3.477023380746333
2024-07-08 12:00:00,2840.781697983272,4914.840590388792,47.24211237458868,2.840781697983272
2024-07-08 13:00:00,2346.170466387081,4455.789617944551,44.24007161835262,2.346170466387081
2024-07-08 14:00:00,3654.6452071796257,4914.840590388781,52.181853465254925,3.654645207179626
2024-07-08 15:00:00,2289.518285920333,4314.159166777676,43.89622145113752,2.289518285920333
2024-07-08 16:00:00,2925.759968683398,4914.840590388791,47.75788762541135,2.9257599686833977
2024-07-08 17:00:00,3420.371200279583,4914.840590388776,50.75992838164736,3.420371200279583
2024-07-08 18:00:00,1105.0857036463522,3426.050034611219,42.98189604235225,1.1050857036463522
2024-07-08 19:00:00,0.0,0.0,,0.0
2024-07-08 20:00:00,0.0,0.0,,0.0
2024-07-08 21:00:00,0.0,0.0,,0.0
2024-07-08 22:00:00,0.0,0.0,,0.0
2024-07-08 23:00:00,0.0,0.0,,0.0
2024-07-09 00:00:00,0.0,0.0,,0.0
2024-07-09 01:00:00,2480.572190415236,4915.571459871321,48.06698676950048,2.480572190415236
2024-07-09 02:00:00,2468.7078950130726,4712.493644295344,44.98381201768088,2.4687078950130728
2024-07-09 03:00:00,3634.789389093954,4915.571459871321,52.06133866224645,3.634789389093954
2024-07-09 04:00:00,2206.692493465686,4057.4551404268777,43.393510657826226,2.206692493465686
2024-07-09 05:00:00,3079.7823844938735,4915.571459871324,48.69272601989099,3.0797823844938734
2024-07-09 06:00:00,3297.833771653594,4915.571459871321,50.01618798231912,3.2978337716535937
2024-07-09 07:00:00,2131.752277572713,3682.754060962012,42.93866133775355,2.131752277572713
2024-07-09 08:00:00,3559.849173200981,4915.571459871318,51.606489342173774,3.559849173200981
2024-07-09 09:00:00,2686.7592821727917,4915.571459871317,46.307273980109,2.6867592821727917
2024-07-09 10:00:00,2468.7078950130735,4712.493644295346,44.98381201768089,2.4687078950130736
2024-07-09 11:00:00,3634.7893890939536,4915.571459871324,52.06133866224645,3.6347893890939535
2024-07-09 12:00:00,2206.692493465685,4057.4551404268705,43.39351065782622,2.206692493465685
2024-07-09 13:00:00,3079.7823844938753,4915.571459871321,48.692726019891005,3.079782384493875
2024-07-09 14:00:00,3297.833771653592,4915.571459871318,50.01618798231911,3.297833771653592
2024-07-09 15:00:00,2131.7522775727125,3682.754060962014,42.93866133775355,2.1317522775727125
2024-07-09 16:00:00,3559.849173200982,4915.571459871326,51.60648934217378,3.559849173200982
2024-07-09 17:00:00,206.18709175755808,1623.2748942953488,37.50871003315168,0.2061870917575581
2024-07-09 18:00:00,0.0,0.0,,0.0
2024-07-09 19:00:00,0.0,0.0,,0.0
2024-07-09 20:00:00,0.0,0.0,,0.0
2024-07-09 21:00:00,0.0,0.0,,0.0
2024-07-09 22:00:00,0.0,0.0,,0.0
2024-07-09 23:00:00,0.0,0.0,,0.0
2024-07-10 00:00:00,0.0,0.0,,0.0
2024-07-10 01:00:00,0.0,0.0,,0.0
2024-07-10 02:00:00,31.684231285155512,993.4327545268872,35.769219191065694,0.03168423128515551
2024-07-10 03:00:00,3311.271832506932,4940.7678239713305,50.09775023523503,3.311271832506932
2024-07-10 04:00:00,2128.3927623593777,3657.557696862002,42.91827077452457,2.1283927623593777
2024-07-10 05:00:00,3553.1301427743115,4940.767823971329,51.56570821571582,3.5531301427743114
2024-07-10 06:00:00,2701.877100632798,4940.7678239713305,46.39903151463941,2.7018771006327977
2024-07-10 07:00:00,2455.2698341597347,4687.297280195336,44.90224976476497,2.4552698341597345
2024-07-10 08:00:00,3638.1489043072884,4940.767823971333,52.08172922547543,3.6381489043072883
2024-07-10 09:00:00,2213.411523892354,4082.65150452688,43.43429178428418,2.213411523892354
2024-07-10 10:00:00,3064.664566033869,4940.7678239713305,48.60096848536059,3.064664566033869
2024-07-10 11:00:00,3311.271832506931,4940.767823971333,50.097750235235026,3.311271832506931
2024-07-10 12:00:00,2128.392762359378,3657.557696862,42.91827077452457,2.128392762359378
2024-07-10 13:00:00,3553.1301427743124,4940.767823971321,51.56570821571582,3.5531301427743123
2024-07-10 14:00:00,2701.8771006327966,4940.767823971329,46.399031514639404,2.7018771006327964
2024-07-10 15:00:00,2455.269834159736,4687.297280195335,44.902249764764974,2.455269834159736
2024-07-10 16:00:00,3638.148904307289,4940.767823971335,52.08172922547543,3.6381489043072888
2024-07-10 17:00:00,2213.4115238923546,4082.6515045268916,43.43429178428418,2.2134115238923546
2024-07-10 18:00:00,3032.9803347487123,4940.767823971323,49.043442598956965,3.032980334748712
2024-07-10 19:00:00,0.0,0.0,,0.0
2024-07-10 20:00:00,0.0,0.0,,0.0
2024-07-10 21:00:00,0.0,0.0,,0.0
2024-07-10 22:00:00,0.0,0.0,,0.0
2024-07-10 23:00:00,0.0,0.0,,0.0
2024-07-11 00:00:00,0.0,0.0,,0.0
2024-07-11 01:00:00,0.0,0.0,,0.0
2024-07-11 02:00:00,680.3675756175569,2718.7998877825153,40.772577632251036,0.6803675756175569
2024-07-11 03:00:00,3625.779590462173,4935.59768166193,52.00665372795816,3.625779590462173
2024-07-11 04:00:00,2504.031857706388,4778.279054449182,45.198210658275585,2.504031857706388
2024-07-11 05:00:00,2647.288036080491,4935.59768166193,46.06770342064939,2.647288036080491
2024-07-11 06:00:00,3577.1535386307346,4935.597681661928,51.711518114191904,3.5771535386307347
2024-07-11 07:00:00,2140.762076204493,3748.5394711158488,42.99334627204184,2.140762076204493
2024-07-11 08:00:00,3262.509808960279,4935.59768166193,49.80178934172442,3.262509808960279
2024-07-11 09:00:00,3119.253630586175,4935.59768166193,48.93229657935061,3.119253630586175
2024-07-11 10:00:00,2189.3881280359315,3991.669730273041,43.28848188580809,2.1893881280359313
2024-07-11 11:00:00,3625.779590462174,4935.59768166193,52.00665372795816,3.625779590462174
2024-07-11 12:00:00,2504.031857706387,4778.279054449179,45.19821065827558,2.504031857706387
2024-07-11 13:00:00,2647.2880360804916,4935.597681661923,46.06770342064939,2.6472880360804916
2024-07-11 14:00:00,3577.153538630735,4935.597681661935,51.711518114191904,3.577153538630735
2024-07-11 15:00:00,2140.7620762044926,3748.539471115846,42.99334627204184,2.1407620762044925
2024-07-11 16:00:00,3262.509808960283,4935.597681661944,49.801789341724444,3.262509808960283
2024-07-11 17:00:00,3119.2536305861713,4935.5976816619395,48.93229657935059,3.1192536305861713
2024-07-11 18:00:00,1509.02055241838,3991.669730273049,44.852422367749014,1.50902055241838
2024-07-11 19:00:00,0.0,0.0,,0.0
2024-07-11 20:00:00,0.0,0.0,,0.0
2024-07-11 21:00:00,0.0,0.0,,0.0
2024-07-11 22:00:00,0.0,0.0,,0.0
2024-07-11 23:00:00,0.0,0.0,,0.0
2024-07-12 00:00:00,0.0,0.0,,0.0
2024-07-12 01:00:00,2166.5869467648176,4523.149699081023,46.43761276691734,2.166586946764818
2024-07-12 02:00:00,2979.2798053573274,4909.302042831023,48.08272604536338,2.9792798053573275
2024-07-12 03:00:00,3183.968416478861,4935.045532414356,49.32508269573938,3.183968416478861
2024-07-12 04:00:00,2269.279317126155,4255.380248835642,43.77338111654133,2.269279317126155
2024-07-12 05:00:00,3696.4268121160503,4924.710978002313,52.43544673784462,3.69642681211605
2024-07-12 06:00:00,1985.3366780473762,3225.6406655023093,42.04999248220551,1.9853366780473762
2024-07-12 07:00:00,3751.252393903162,4909.302042831025,52.76821037218044,3.751252393903162
2024-07-12 08:00:00,2159.371337965743,4008.2799074143536,43.10629510676694,2.159371337965743
2024-07-12 09:00:00,3348.7019774263854,4935.045532414359,50.324932339849596,3.3487019774263853
2024-07-12 10:00:00,2787.2618613093414,4924.710978002308,46.917273954636634,2.787261861309341
2024-07-12 11:00:00,2582.573250187803,4770.250040502308,45.6749173042606,2.582573250187803
2024-07-12 12:00:00,3497.262349540513,4909.302042831023,51.22661888345868,3.4972623495405126
2024-07-12 13:00:00,2070.1148545506153,3740.510457168975,42.56455326215537,2.0701148545506154
2024-07-12 14:00:00,3781.2049886192904,4935.045532414363,52.95000751779449,3.78120498861929
2024-07-12 15:00:00,2015.2892727635042,3493.4101157476894,42.23178962781956,2.0152892727635043
2024-07-12 16:00:00,3607.1703287009227,4924.710978002303,51.89370489323305,3.607170328700923
2024-07-12 17:00:00,251.25274247546125,1681.031290502307,37.62488723308263,0.25125274247546125
2024-07-12 18:00:00,0.0,0.0,,0.0
2024-07-12 19:00:00,0.0,0.0,,0.0
2024-07-12 20:00:00,0.0,0.0,,0.0
2024-07-12 21:00:00,0.0,0.0,,0.0
2024-07-12 22:00:00,0.0,0.0,,0.0
2024-07-12 23:00:00,0.0,0.0,,0.0
2024-07-13 00:00:00,0.0,0.0,,0.0
2024-07-13 01:00:00,0.0,0.0,,0.0
2024-07-13 02:00:00,0.0,0.0,,0.0
2024-07-13 03:00:00,0.0,0.0,,0.0
2024-07-13 04:00:00,0.0,0.0,,0.0
2024-07-13 05:00:00,0.0,0.0,,0.0
2024-07-13 06:00:00,0.0,0.0,,0.0
2024-07-13 07:00:00,0.0,0.0,,0.0
2024-07-13 08:00:00,0.0,0.0,,0.0
2024-07-13 09:00:00,0.0,0.0,,0.0
2024-07-13 10:00:00,0.0,0.0,,0.0
2024-07-13 11:00:00,0.0,0.0,,0.0
2024-07-13 12:00:00,0.0,0.0,,0.0
2024-07-13 13:00:00,0.0,0.0,,0.0
2024-07-13 14:00:00,0.0,0.0,,0.0
2024-07-13 15:00:00,0.0,0.0,,0.0
2024-07-13 16:00:00,0.0,0.0,,0.0
2024-07-13 17:00:00,0.0,0.0,,0.0
2024-07-13 18:00:00,0.0,0.0,,0.0
2024-07-13 19:00:00,0.0,0.0,,0.0
2024-07-13 20:00:00,0.0,0.0,,0.0
2024-07-13 21:00:00,0.0,0.0,,0.0
2024-07-13 22:00:00,0.0,0.0,,0.0
2024-07-13 23:00:00,0.0,0.0,,0.0
2024-07-14 00:00:00,0.0,0.0,,0.0
2024-07-14 01:00:00,0.0,0.0,,0.0
2024-07-14 02:00:00,0.0,0.0,,0.0
2024-07-14 03:00:00,0.0,0.0,,0.0
2024-07-14 04:00:00,0.0,0.0,,0.0
2024-07-14 05:00:00,0.0,0.0,,0.0
2024-07-14 06:00:00,0.0,0.0,,0.0
2024-07-14 07:00:00,0.0,0.0,,0.0
2024-07-14 08:00:00,0.0,0.0,,0.0
2024-07-14 09:00:00,0.0,0.0,,0.0
2024-07-14 10:00:00,0.0,0.0,,0.0
2024-07-14 11:00:00,0.0,0.0,,0.0
2024-07-14 12:00:00,0.0,0.0,,0.0
2024-07-14 13:00:00,0.0,0.0,,0.0
2024-07-14 14:00:00,0.0,0.0,,0.0
2024-07-14 15:00:00,0.0,0.0,,0.0
2024-07-14 16:00:00,0.0,0.0,,0.0
2024-07-14 17:00:00,0.0,0.0,,0.0
2024-07-14 18:00:00,0.0,0.0,,0.0
2024-07-14 19:00:00,0.0,0.0,,0.0
2024-07-14 20:00:00,0.0,0.0,,0.0
2024-07-14 21:00:00,0.0,0.0,,0.0
2024-07-14 22:00:00,0.0,0.0,,0.0
2024-07-14 23:00:00,0.0,0.0,,0.0
2024-07-15 00:00:00,0.0,0.0,,0.0
2024-07-15 01:00:00,382.5113167460815,2013.6459534228059,38.70619050810463,0.38251131674608146
2024-07-15 02:00:00,3713.5304099653213,4937.096234077195,52.539256951891076,3.7135304099653212
2024-07-15 03:00:00,1982.9183553720175,3160.795452827194,42.03531448306318,1.9829183553720175
2024-07-15 04:00:00,3739.3982832737715,4911.352744493857,52.69626189837906,3.7393982832737716
2024-07-15 05:00:00,2185.4978818998834,4073.1251200894735,43.26487005351201,2.1854978818998836
2024-07-15 06:00:00,3307.8901583183324,4922.660276339476,50.077225178200386,3.307890158318332
2024-07-15 07:00:00,2837.834640679708,4937.09623407719,47.22422522288023,2.8378346406797084
2024-07-15 08:00:00,2536.924785729034,4705.404827827191,45.39785414432674,2.536924785729034
2024-07-15 09:00:00,3528.6383806945337,4911.352744493866,51.417055570448845,3.5286383806945336
2024-07-15 10:00:00,2053.0112567013452,3675.665244493862,42.460743048108924,2.053011256701345
2024-07-15 11:00:00,3783.623311294649,4922.660276339471,52.96468551693682,3.7836233112946487
2024-07-15 12:00:00,2027.143383392894,3558.255328422801,42.30373810162093,2.027143383392894
2024-07-15 13:00:00,3581.0437847667845,4937.096234077195,51.735129946487994,3.5810437847667846
2024-07-15 14:00:00,2458.6515083483323,4587.9949117561355,44.9227748217996,2.4586515083483325
2024-07-15 15:00:00,2928.7070259869593,4911.352744493862,47.77577477711978,2.9287070259869594
2024-07-15 16:00:00,3229.616880937631,4922.660276339467,49.60214585567324,3.229616880937631
2024-07-15 17:00:00,1855.3919692260533,4190.535036160527,45.35630949189537,1.8553919692260534
2024-07-15 18:00:00,0.0,0.0,,0.0
2024-07-15 19:00:00,0.0,0.0,,0.0
2024-07-15 20:00:00,0.0,0.0,,0.0
2024-07-15 21:00:00,0.0,0.0,,0.0
2024-07-15 22:00:00,0.0,0.0,,0.0
2024-07-15 23:00:00,0.0,0.0,,0.0
2024-07-16 00:00:00,0.0,0.0,,0.0
2024-07-16 01:00:00,0.0,0.0,,0.0
2024-07-16 02:00:00,235.34138634176082,1712.7384488590994,37.791292028548135,0.23534138634176083
2024-07-16 03:00:00,3582.678438993049,4911.919537252012,51.7450514733279,3.582678438993049
2024-07-16 04:00:00,2144.708433606146,3772.2176155257657,43.01729867142469,2.144708433606146
2024-07-16 05:00:00,3249.092193794658,4911.919537252012,49.72035118382272,3.249092193794658
2024-07-16 06:00:00,3133.4605172321253,4911.919537252012,49.018525217128875,3.1334605172321255
2024-07-16 07:00:00,2183.863227673618,3967.991585863121,43.25494852667211,2.183863227673618
2024-07-16 08:00:00,3621.833233060521,4911.919537252014,51.98270132857532,3.6218332330605207
2024-07-16 09:00:00,2517.4494728720083,4801.957198859096,45.27964881617728,2.5174494728720083
2024-07-16 10:00:00,2633.08114943454,4911.919537252007,45.98147478287112,2.6330811494345396
2024-07-16 11:00:00,3582.6784389930494,4911.91953725201,51.7450514733279,3.5826784389930495
2024-07-16 12:00:00,2144.7084336061457,3772.217615525761,43.01729867142468,2.1447084336061457
2024-07-16 13:00:00,3249.092193794659,4911.919537252012,49.72035118382272,3.249092193794659
2024-07-16 14:00:00,3133.4605172321258,4911.919537252014,49.01852521712888,3.133460517232126
2024-07-16 15:00:00,2183.8632276736175,3967.9915858631243,43.2549485266721,2.1838632276736174
2024-07-16 16:00:00,3621.8332330605203,4911.919537252007,51.98270132857531,3.6218332330605203
2024-07-16 17:00:00,2517.449472872007,4801.957198859102,45.27964881617727,2.517449472872007
2024-07-16 18:00:00,2397.7397630927812,4911.919537252019,47.820087237923225,2.397739763092781
2024-07-16 19:00:00,0.0,0.0,,0.0
2024-07-16 20:00:00,0.0,0.0,,0.0
2024-07-16 21:00:00,0.0,0.0,,0.0
2024-07-16 22:00:00,0.0,0.0,,0.0
2024-07-16 23:00:00,0.0,0.0,,0.0
2024-07-17 00:00:00,0.0,0.0,,0.0
2024-07-17 01:00:00,0.0,0.0,,0.0
2024-07-17 02:00:00,1491.9308376914219,3762.657118082956,43.93118129684664,1.4919308376914218
2024-07-17 03:00:00,3486.189019083521,4921.114149332956,51.15940935157668,3.486189019083521
2024-07-17 04:00:00,2598.814134858057,4792.396701416289,45.7734912843542,2.598814134858057
2024-07-17 05:00:00,2770.1458333114124,4938.64236108371,46.81338829585603,2.770145833311412
2024-07-17 06:00:00,3361.989973974774,4912.898871500377,50.40558377810798,3.361989973974774
2024-07-17 07:00:00,2150.64959489736,3986.1332465003757,43.05335852448957,2.1506495948973603
2024-07-17 08:00:00,3754.943504055493,4921.114149332956,52.790613549474436,3.7549435040554933
2024-07-17 09:00:00,1986.8131221083083,3247.787326416287,42.058953753123106,1.9868131221083083
2024-07-17 10:00:00,3690.384114575113,4938.642361083715,52.39877061094601,3.690384114575113
2024-07-17 11:00:00,2280.352647583146,4277.526909749618,43.84059064842332,2.280352647583146
2024-07-17 12:00:00,3167.727531808608,4912.8988715003725,49.22650871564579,3.167727531808608
2024-07-17 13:00:00,2996.3958333552564,4921.114149332956,48.186611704143985,2.9963958333552565
2024-07-17 14:00:00,2404.5516926918913,4501.003038167037,44.59441622189202,2.404551692691891
2024-07-17 15:00:00,3615.8920717693068,4938.642361083701,51.94664147551044,3.6158920717693066
2024-07-17 16:00:00,2011.5981626111723,3471.263454833702,42.20938645052556,2.0115981626111723
2024-07-17 17:00:00,3779.7285445583575,4912.898871500377,52.94104624687689,3.7797285445583575
2024-07-17 18:00:00,584.2267144001291,2441.523871500369,40.13131870315332,0.5842267144001292
2024-07-17 19:00:00,0.0,0.0,,0.0
2024-07-17 20:00:00,0.0,0.0,,0.0
2024-07-17 21:00:00,0.0,0.0,,0.0
2024-07-17 22:00:00,0.0,0.0,,0.0
2024-07-17 23:00:00,0.0,0.0,,0.0
2024-07-18 00:00:00,0.0,0.0,,0.0
2024-07-18 01:00:00,0.0,0.0,,0.0
2024-07-18 02:00:00,0.0,0.0,,0.0
2024-07-18 03:00:00,2568.635086517278,4928.266573689705,48.341552564039034,2.5686350865172782
2024-07-18 04:00:00,2418.548570794037,4613.986898532517,44.679370213711216,2.418548570794037
2024-07-18 05:00:00,3645.546015007859,4928.266573689702,52.12662595725775,3.645546015007859
2024-07-18 06:00:00,2235.338565856911,4155.961886189703,43.56737787177327,2.2353385658569107
2024-07-18 07:00:00,3020.678337036178,4928.266573689705,48.333994256453465,3.0206783370361783
2024-07-18 08:00:00,3347.9930958726277,4928.266573689695,50.32062978628878,3.347993095872628
2024-07-18 09:00:00,2120.9956516588077,3584.247315199189,42.87337404274225,2.1209956516588075
2024-07-18 10:00:00,3531.2031008097565,4928.266573689702,51.43262212822674,3.5312031008097566
2024-07-18 11:00:00,2745.863329630486,4928.2665736897,46.66600574354653,2.745863329630486
2024-07-18 12:00:00,2418.5485707940393,4613.986898532522,44.67937021371123,2.418548570794039
2024-07-18 13:00:00,3645.546015007859,4928.266573689698,52.12662595725775,3.645546015007859
2024-07-18 14:00:00,2235.338565856909,4155.961886189694,43.56737787177326,2.235338565856909
2024-07-18 15:00:00,3020.678337036181,4928.266573689695,48.33399425645348,3.020678337036181
2024-07-18 16:00:00,3347.993095872627,4928.266573689702,50.32062978628877,3.347993095872627
2024-07-18 17:00:00,2120.9956516588077,3584.2473151991903,42.87337404274225,2.1209956516588075
2024-07-18 18:00:00,3531.2031008097574,4928.266573689691,51.43262212822674,3.5312031008097575
2024-07-18 19:00:00,177.22824311321196,1524.768148532525,37.17124042742247,0.17722824311321195
2024-07-18 20:00:00,0.0,0.0,,0.0
2024-07-18 21:00:00,0.0,0.0,,0.0
2024-07-18 22:00:00,0.0,0.0,,0.0
2024-07-18 23:00:00,0.0,0.0,,0.0
2024-07-19 00:00:00,0.0,0.0,,0.0
2024-07-19 01:00:00,2993.9344498616515,4936.404587840797,48.47966679411799,2.9939344498616514
2024-07-19 02:00:00,2395.377429587187,4485.712599659201,44.538733071188226,2.395377429587187
2024-07-19 03:00:00,3621.4985658888477,4923.351922575865,51.98067006760719,3.6214985658888477
2024-07-19 04:00:00,2009.0497561932,3455.973016325867,42.19391890866339,2.0090497561932
2024-07-19 05:00:00,3778.7091819911684,4910.661098257466,52.93485923013203,3.7787091819911685
2024-07-19 06:00:00,2080.744683643907,3777.9475565908006,42.62907096440589,2.080744683643907
2024-07-19 07:00:00,3478.5437998295993,4936.4045878408,51.11300672599019,3.478543799829599
2024-07-19 08:00:00,2610.0271230971425,4807.68713992413,45.84154846854772,2.6100271230971424
2024-07-19 09:00:00,2757.913482505137,4923.351922575862,46.73914409491763,2.757913482505137
2024-07-19 10:00:00,3371.1642370794807,4910.661098257466,50.46126692881178,3.3711642370794808
2024-07-19 11:00:00,2145.0431007778166,3970.842807992531,43.0193299323928,2.1450431007778166
2024-07-19 12:00:00,3757.4919104734668,4936.4045878408,52.80608109133661,3.7574919104734668
2024-07-19 13:00:00,1987.8324846754979,3263.0777649241313,42.06514076986797,1.9878324846754978
2024-07-19 14:00:00,3685.796983022759,4923.351922575865,52.37092903559411,3.685796983022759
2024-07-19 15:00:00,2287.997866837068,4292.817348257466,43.88699327400982,2.287997866837068
2024-07-19 16:00:00,3156.5145435695226,4910.66109825747,49.158451531452265,3.1565145435695228
2024-07-19 17:00:00,14.693734299875505,881.6240579925303,35.35101345198036,0.014693734299875505
2024-07-19 18:00:00,0.0,0.0,,0.0
2024-07-19 19:00:00,0.0,0.0,,0.0
2024-07-19 20:00:00,0.0,0.0,,0.0
2024-07-19 21:00:00,0.0,0.0,,0.0
2024-07-19 22:00:00,0.0,0.0,,0.0
2024-07-19 23:00:00,0.0,0.0,,0.0
2024-07-20 00:00:00,0.0,0.0,,0.0
2024-07-20 01:00:00,0.0,0.0,,0.0
2024-07-20 02:00:00,0.0,0.0,,0.0
2024-07-20 03:00:00,0.0,0.0,,0.0
2024-07-20 04:00:00,0.0,0.0,,0.0
2024-07-20 05:00:00,0.0,0.0,,0.0
2024-07-20 06:00:00,0.0,0.0,,0.0
2024-07-20 07:00:00,0.0,0.0,,0.0
2024-07-20 08:00:00,0.0,0.0,,0.0
2024-07-20 09:00:00,0.0,0.0,,0.0
2024-07-20 10:00:00,0.0,0.0,,0.0
2024-07-20 11:00:00,0.0,0.0,,0.0
2024-07-20 12:00:00,0.0,0.0,,0.0
2024-07-20 13:00:00,0.0,0.0,,0.0
2024-07-20 14:00:00,0.0,0.0,,0.0
2024-07-20 15:00:00,0.0,0.0,,0.0
2024-07-20 16:00:00,0.0,0.0,,0.0
2024-07-20 17:00:00,0.0,0.0,,0.0
2024-07-20 18:00:00,0.0,0.0,,0.0
2024-07-20 19:00:00,0.0,0.0,,0.0
2024-07-20 20:00:00,0.0,0.0,,0.0
2024-07-20 21:00:00,0.0,0.0,,0.0
2024-07-20 22:00:00,0.0,0.0,,0.0
2024-07-20 23:00:00,0.0,0.0,,0.0
2024-07-21 00:00:00,0.0,0.0,,0.0
2024-07-21 01:00:00,0.0,0.0,,0.0
2024-07-21 02:00:00,0.0,0.0,,0.0
2024-07-21 03:00:00,0.0,0.0,,0.0
2024-07-21 04:00:00,0.0,0.0,,0.0
2024-07-21 05:00:00,0.0,0.0,,0.0
2024-07-21 06:00:00,0.0,0.0,,0.0
2024-07-21 07:00:00,0.0,0.0,,0.0
2024-07-21 08:00:00,0.0,0.0,,0.0
2024-07-21 09:00:00,0.0,0.0,,0.0
2024-07-21 10:00:00,0.0,0.0,,0.0
2024-07-21 11:00:00,0.0,0.0,,0.0
2024-07-21 12:00:00,0.0,0.0,,0.0
2024-07-21 13:00:00,0.0,0.0,,0.0
2024-07-21 14:00:00,0.0,0.0,,0.0
2024-07-21 15:00:00,0.0,0.0,,0.0
2024-07-21 16:00:00,0.0,0.0,,0.0
2024-07-21 17:00:00,0.0,0.0,,0.0
2024-07-21 18:00:00,0.0,0.0,,0.0
2024-07-21 19:00:00,0.0,0.0,,0.0
2024-07-21 20:00:00,0.0,0.0,,0.0
2024-07-21 21:00:00,0.0,0.0,,0.0
2024-07-21 22:00:00,0.0,0.0,,0.0
2024-07-21 23:00:00,0.0,0.0,,0.0
2024-07-22 00:00:00,0.0,0.0,,0.0
2024-07-22 01:00:00,0.0,0.0,,0.0
2024-07-22 02:00:00,0.0,0.0,,0.0
2024-07-22 03:00:00,67.93076306514875,1147.678893893898,36.184582141382215,0.06793076306514875
2024-07-22 04:00:00,3386.2458970115968,4923.390699449453,50.5528049993117,3.3862458970115967
2024-07-22 05:00:00,2115.1171536015177,3503.3115574949916,42.83769452390786,2.115117153601518
2024-07-22 06:00:00,3504.7072957853675,4923.390699449451,51.2718059528726,3.5047072957853675
2024-07-22 07:00:00,2794.4247842530044,4923.390699449453,46.960749284829326,2.7944247842530046
2024-07-22 08:00:00,2380.29576965507,4533.0511408283255,44.4471950006883,2.38029576965507
2024-07-22 09:00:00,3651.424513065149,4923.3906994494555,52.16230547609214,3.651424513065149
2024-07-22 10:00:00,2261.834370881298,4236.897643893891,43.7281940471274,2.261834370881298
2024-07-22 11:00:00,2972.1168824136626,4923.390699449453,48.03925071517069,2.9721168824136623
2024-07-22 12:00:00,3386.245897011596,4923.390699449451,50.55280499931169,3.386245897011596
2024-07-22 13:00:00,2115.117153601518,3503.311557494994,42.83769452390786,2.1151171536015183
2024-07-22 14:00:00,3504.7072957853684,4923.390699449448,51.271805952872604,3.5047072957853684
2024-07-22 15:00:00,2794.424784253003,4923.390699449446,46.96074928482931,2.7944247842530032
2024-07-22 16:00:00,2380.295769655072,4533.051140828328,44.44719500068832,2.380295769655072
2024-07-22 17:00:00,3651.424513065148,4923.390699449444,52.16230547609214,3.651424513065148
2024-07-22 18:00:00,2261.834370881297,4236.897643893898,43.728194047127396,2.261834370881297
2024-07-22 19:00:00,2904.186119348516,4923.390699449451,48.88601275615559,2.904186119348516
2024-07-22 20:00:00,0.0,0.0,,0.0
2024-07-22 21:00:00,0.0,0.0,,0.0
2024-07-22 22:00:00,0.0,0.0,,0.0
2024-07-22 23:00:00,0.0,0.0,,0.0
2024-07-23 00:00:00,0.0,0.0,,0.0
2024-07-23 01:00:00,229.7638391840841,1682.3154643626815,37.60663985417304,0.2297638391840841
2024-07-23 02:00:00,3575.5797426105514,4942.34252174843,51.70196596597371,3.5755797426105516
2024-07-23 03:00:00,2139.6379361900763,3741.794631029347,42.98652330902884,2.139637936190076
2024-07-23 04:00:00,3266.331885009296,4942.34252174843,49.824987415968614,3.266331885009296
2024-07-23 05:00:00,3115.206726534275,4942.342521748435,48.907733912503815,3.1152067265342747
2024-07-23 06:00:00,2190.961924056115,3998.4145703595436,43.298034034026294,2.190961924056115
2024-07-23 07:00:00,3626.9037304765907,4942.342521748427,52.01347669097117,3.6269037304765908
2024-07-23 08:00:00,2500.2097816573682,4771.534214362673,45.17501258403137,2.500209781657368
2024-07-23 09:00:00,2651.3349401323935,4942.34252174843,46.09226608749619,2.6513349401323936
2024-07-23 10:00:00,3575.5797426105505,4942.342521748432,51.701965965973706,3.5755797426105507
2024-07-23 11:00:00,2139.6379361900754,3741.7946310293373,42.98652330902883,2.1396379361900753
2024-07-23 12:00:00,3266.3318850092983,4942.342521748435,49.82498741596863,3.2663318850092984
2024-07-23 13:00:00,3115.206726534272,4942.342521748436,48.9077339125038,3.115206726534272
2024-07-23 14:00:00,2190.961924056116,3998.4145703595473,43.298034034026294,2.190961924056116
2024-07-23 15:00:00,3626.903730476591,4942.342521748439,52.01347669097117,3.626903730476591
2024-07-23 16:00:00,2500.209781657367,4771.53421436268,45.175012584031364,2.5002097816573667
2024-07-23 17:00:00,2421.5711009483125,4942.342521748442,47.99720258885448,2.4215711009483125
2024-07-23 18:00:00,0.0,0.0,,0.0
2024-07-23 19:00:00,0.0,0.0,,0.0
2024-07-23 20:00:00,0.0,0.0,,0.0
2024-07-23 21:00:00,0.0,0.0,,0.0
2024-07-23 22:00:00,0.0,0.0,,0.0
2024-07-23 23:00:00,0.0,0.0,,0.0
2024-07-24 00:00:00,0.0,0.0,,0.0
2024-07-24 01:00:00,0.0,0.0,,0.0
2024-07-24 02:00:00,292.7444504486269,1865.998024506483,38.200667034584896,0.2927444504486269
2024-07-24 03:00:00,3614.7475006121913,4930.2832254935165,51.939694505764145,3.614747500612191
2024-07-24 04:00:00,2173.9432022459573,3925.4771911731495,43.194738974736474,2.1739432022459573
2024-07-24 05:00:00,3158.969154046111,4930.2832254935165,49.173349779249065,3.158969154046111
2024-07-24 06:00:00,3225.0007034703394,4930.283225493519,49.57412798626477,3.2250007034703394
2024-07-24 07:00:00,2151.794166054475,3814.7320102157396,43.060305494235855,2.1517941660544753
2024-07-24 08:00:00,3592.5984644207106,4930.283225493521,51.80526102526353,3.5925984644207105
2024-07-24 09:00:00,2607.5725126205557,4930.283225493524,45.82665022075093,2.6075725126205556
2024-07-24 10:00:00,2541.5409631963266,4844.471593549073,45.42587201373523,2.5415409631963266
2024-07-24 11:00:00,3614.7475006121913,4930.2832254935165,51.939694505764145,3.614747500612191
2024-07-24 12:00:00,2173.9432022459564,3925.4771911731427,43.19473897473647,2.1739432022459564
2024-07-24 13:00:00,3158.9691540461117,4930.283225493519,49.17334977924907,3.158969154046112
2024-07-24 14:00:00,3225.0007034703385,4930.283225493521,49.57412798626476,3.2250007034703385
2024-07-24 15:00:00,2151.794166054475,3814.732010215742,43.060305494235855,2.1517941660544753
2024-07-24 16:00:00,3592.5984644207106,4930.283225493524,51.80526102526353,3.5925984644207105
2024-07-24 17:00:00,2607.5725126205534,4930.2832254935165,45.82665022075092,2.6075725126205533
2024-07-24 18:00:00,2248.7965127477028,4844.471593549078,47.42433296541513,2.248796512747703
2024-07-24 19:00:00,0.0,0.0,,0.0
2024-07-24 20:00:00,0.0,0.0,,0.0
2024-07-24 21:00:00,0.0,0.0,,0.0
2024-07-24 22:00:00,0.0,0.0,,0.0
2024-07-24 23:00:00,0.0,0.0,,0.0
2024-07-25 00:00:00,0.0,0.0,,0.0
2024-07-25 01:00:00,1145.751651593993,3318.872321079987,42.64388136814519,1.1457516515939932
2024-07-25 02:00:00,3669.058616176003,4940.712164829987,52.26933558955644,3.669058616176003
2024-07-25 03:00:00,2317.543449714882,4348.611904413321,44.066320063010764,2.3175434497148824
2024-07-25 04:00:00,3114.808347241453,4919.044345586679,48.90531595108869,3.114808347241453
2024-07-25 05:00:00,3051.6155242863238,4914.968675246651,48.52176738224465,3.0516155242863237
2024-07-25 06:00:00,2362.6908843741176,4429.918043503347,44.34034222471772,2.3626908843741177
2024-07-25 07:00:00,3641.956569812662,4940.712164829992,52.10483983498657,3.641956569812662
2024-07-25 08:00:00,2001.3989683004459,3400.1784601700124,42.14748248424731,2.001398968300446
2024-07-25 09:00:00,3774.199356433668,4919.044345586683,52.90748686318548,3.774199356433668
2024-07-25 10:00:00,2097.4830504906627,3833.7421127466505,42.73066441044355,2.0974830504906627
2024-07-25 11:00:00,3448.998216951784,4914.968675246654,50.933679936989236,3.448998216951784
2024-07-25 12:00:00,2651.733319425213,4863.481696079985,46.09468404891131,2.6517333194252126
2024-07-25 13:00:00,2714.926142380342,4940.712164829987,46.47823261775535,2.714926142380342
2024-07-25 14:00:00,3403.850782292549,4919.044345586679,50.65965777528228,3.403850782292549
2024-07-25 15:00:00,2124.585096854004,3915.048251836678,42.89516016501342,2.124585096854004
2024-07-25 16:00:00,3765.142698366221,4914.968675246659,52.852517515752695,3.765142698366221
2024-07-25 17:00:00,846.5906586390048,2885.3086685033445,41.418618631854805,0.8465906586390048
2024-07-25 18:00:00,0.0,0.0,,0.0
2024-07-25 19:00:00,0.0,0.0,,0.0
2024-07-25 20:00:00,0.0,0.0,,0.0
2024-07-25 21:00:00,0.0,0.0,,0.0
2024-07-25 22:00:00,0.0,0.0,,0.0
2024-07-25 23:00:00,0.0,0.0,,0.0
2024-07-26 00:00:00,0.0,0.0,,0.0
2024-07-26 01:00:00,0.0,0.0,,0.0
2024-07-26 02:00:00,0.0,0.0,,0.0
2024-07-26 03:00:00,1103.5747121223403,3266.2748508543878,42.55901624740916,1.1035747121223403
2024-07-26 04:00:00,3684.837857243683,4920.154836645612,52.36510762577725,3.684837857243683
2024-07-26 05:00:00,2289.596409802194,4296.014434187722,43.89669562370458,2.289596409802194
2024-07-26 06:00:00,3154.1700138873366,4913.8581841877185,49.14422141856661,3.1541700138873368
2024-07-26 07:00:00,3011.185852905733,4939.601673771056,48.276379664593996,3.011185852905733
2024-07-26 08:00:00,2393.459178029033,4482.515513728944,44.5270902515545,2.393459178029033
2024-07-26 09:00:00,3622.6708307299427,4920.15483664561,51.98778512405003,3.622670830729943
2024-07-26 10:00:00,2008.5169085381572,3452.77593039561,42.19068479209847,2.0085169085381573
2024-07-26 11:00:00,3778.4960429291514,4913.8581841877185,52.93356558350605,3.7784960429291514
2024-07-26 12:00:00,2081.703809422984,3781.1446425210565,42.63489237422275,2.081703809422984
2024-07-26 13:00:00,3476.9452568644706,4939.601673771056,51.10330437629541,3.4769452568644708
2024-07-26 14:00:00,2612.371652779331,4810.88422585439,45.8557785814334,2.612371652779331
2024-07-26 15:00:00,2755.355813760931,4920.1548366456,46.72362033540598,2.7553558137609313
2024-07-26 16:00:00,3373.0824886376317,4913.858184187728,50.472909748445495,3.373082488637632
2024-07-26 17:00:00,2143.8708359367242,3967.6457220622788,43.01221487594997,2.1438708359367245
2024-07-26 18:00:00,3758.024758128509,4939.6016737710515,52.80931520790153,3.758024758128509
2024-07-26 19:00:00,884.4709116151746,2937.9061387289453,41.50348375259084,0.8844709116151745
2024-07-26 20:00:00,0.0,0.0,,0.0
2024-07-26 21:00:00,0.0,0.0,,0.0
2024-07-26 22:00:00,0.0,0.0,,0.0
2024-07-26 23:00:00,0.0,0.0,,0.0
2024-07-27 00:00:00,0.0,0.0,,0.0
2024-07-27 01:00:00,0.0,0.0,,0.0
2024-07-27 02:00:00,0.0,0.0,,0.0
2024-07-27 03:00:00,0.0,0.0,,0.0
2024-07-27 04:00:00,0.0,0.0,,0.0
2024-07-27 05:00:00,0.0,0.0,,0.0
2024-07-27 06:00:00,0.0,0.0,,0.0
2024-07-27 07:00:00,0.0,0.0,,0.0
2024-07-27 08:00:00,0.0,0.0,,0.0
2024-07-27 09:00:00,0.0,0.0,,0.0
2024-07-27 10:00:00,0.0,0.0,,0.0
2024-07-27 11:00:00,0.0,0.0,,0.0
2024-07-27 12:00:00,0.0,0.0,,0.0
2024-07-27 13:00:00,0.0,0.0,,0.0
2024-07-27 14:00:00,0.0,0.0,,0.0
2024-07-27 15:00:00,0.0,0.0,,0.0
2024-07-27 16:00:00,0.0,0.0,,0.0
2024-07-27 17:00:00,0.0,0.0,,0.0
2024-07-27 18:00:00,0.0,0.0,,0.0
2024-07-27 19:00:00,0.0,0.0,,0.0
2024-07-27 20:00:00,0.0,0.0,,0.0
2024-07-27 21:00:00,0.0,0.0,,0.0
2024-07-27 22:00:00,0.0,0.0,,0.0
2024-07-27 23:00:00,0.0,0.0,,0.0
2024-07-28 00:00:00,0.0,0.0,,0.0
2024-07-28 01:00:00,0.0,0.0,,0.0
2024-07-28 02:00:00,0.0,0.0,,0.0
2024-07-28 03:00:00,0.0,0.0,,0.0
2024-07-28 04:00:00,0.0,0.0,,0.0
2024-07-28 05:00:00,0.0,0.0,,0.0
2024-07-28 06:00:00,0.0,0.0,,0.0
2024-07-28 07:00:00,0.0,0.0,,0.0
2024-07-28 08:00:00,0.0,0.0,,0.0
2024-07-28 09:00:00,0.0,0.0,,0.0
2024-07-28 10:00:00,0.0,0.0,,0.0
2024-07-28 11:00:00,0.0,0.0,,0.0
2024-07-28 12:00:00,0.0,0.0,,0.0
2024-07-28 13:00:00,0.0,0.0,,0.0
2024-07-28 14:00:00,0.0,0.0,,0.0
2024-07-28 15:00:00,0.0,0.0,,0.0
2024-07-28 16:00:00,0.0,0.0,,0.0
2024-07-28 17:00:00,0.0,0.0,,0.0
2024-07-28 18:00:00,0.0,0.0,,0.0
2024-07-28 19:00:00,0.0,0.0,,0.0
2024-07-28 20:00:00,0.0,0.0,,0.0
2024-07-28 21:00:00,0.0,0.0,,0.0
2024-07-28 22:00:00,0.0,0.0,,0.0
2024-07-28 23:00:00,0.0,0.0,,0.0
2024-07-29 00:00:00,0.0,0.0,,0.0
2024-07-29 01:00:00,242.81236947710315,1753.4892659609673,38.03862893878152,0.24281236947710313
2024-07-29 02:00:00,3592.1869629834846,4928.519647905411,51.80276341904902,3.5921869629834844
2024-07-29 03:00:00,2151.5002364564575,3812.968432627634,43.05852148979692,2.1515002364564575
2024-07-29 04:00:00,3226.0000641036004,4928.519647905411,49.58019360135714,3.2260000641036
2024-07-29 05:00:00,3157.911007493246,4928.519647905408,49.166927363268904,3.157911007493246
2024-07-29 06:00:00,2174.3547036831824,3927.2407687612545,43.197236580950985,2.1743547036831825
2024-07-29 07:00:00,3615.041430210209,4928.519647905413,51.94147851020308,3.615041430210209
2024-07-29 08:00:00,2540.5416025630666,4842.708015960962,45.41980639864286,2.5405416025630667
2024-07-29 09:00:00,2608.630659173419,4928.519647905411,45.83307263673109,2.608630659173419
2024-07-29 10:00:00,3592.186962983485,4928.519647905408,51.80276341904902,3.592186962983485
2024-07-29 11:00:00,2151.5002364564566,3812.968432627629,43.05852148979692,2.1515002364564566
2024-07-29 12:00:00,3226.000064103601,4928.519647905406,49.580193601357145,3.2260000641036006
2024-07-29 13:00:00,3157.9110074932464,4928.519647905413,49.166927363268904,3.1579110074932464
2024-07-29 14:00:00,2174.354703683182,3927.2407687612567,43.19723658095098,2.174354703683182
2024-07-29 15:00:00,3615.0414302102095,4928.519647905411,51.94147851020308,3.6150414302102094
2024-07-29 16:00:00,2540.5416025630648,4842.7080159609695,45.419806398642855,2.540541602563065
2024-07-29 17:00:00,2365.8182896963185,4928.519647905408,47.58284571178101,2.3658182896963185
2024-07-29 18:00:00,0.0,0.0,,0.0
2024-07-29 19:00:00,0.0,0.0,,0.0
2024-07-29 20:00:00,0.0,0.0,,0.0
2024-07-29 21:00:00,0.0,0.0,,0.0
2024-07-29 22:00:00,0.0,0.0,,0.0
2024-07-29 23:00:00,0.0,0.0,,0.0
2024-07-30 00:00:00,0.0,0.0,,0.0
2024-07-30 01:00:00,780.4824513713411,2766.4942086934802,40.93184977584429,0.7804824513713411
2024-07-30 02:00:00,3777.490099628768,4928.94733369348,52.92746001494371,3.7774900996287677
2024-07-30 03:00:00,2086.230554274711,3796.2337920268133,42.66236743275329,2.0862305542747106
2024-07-30 04:00:00,3469.002654669033,4930.809176723186,51.055096786216374,3.469002654669033
2024-07-30 05:00:00,2623.4370290835523,4825.973375360147,45.922939835619154,2.6234370290835525
2024-07-30 06:00:00,2743.6825215988874,4905.065687139853,46.65276933851938,2.7436825215988874
2024-07-30 07:00:00,3382.135978341088,4928.94733369348,50.52785986550658,3.382135978341088
2024-07-30 08:00:00,2138.338147784613,3952.5565725565198,42.97863424885709,2.1383381477846126
2024-07-30 09:00:00,3760.1415889369086,4930.809176723182,52.82216330344591,3.7601415889369085
2024-07-30 10:00:00,1989.0515670378986,3281.36400036014,42.07253998505629,1.9890515670378985
2024-07-30 11:00:00,3680.3111123919557,4905.065687139858,52.33763256724671,3.680311112391956
2024-07-30 12:00:00,2297.5390119976346,4311.103583693473,43.944903213783626,2.2975390119976344
2024-07-30 13:00:00,3143.104637583114,4928.947333693487,49.077060164380846,3.143104637583114
2024-07-30 14:00:00,3022.859145067781,4930.809176723186,48.347230661480644,3.022859145067781
2024-07-30 15:00:00,2384.405688325577,4467.426364223179,44.472140134493415,2.384405688325577
2024-07-30 16:00:00,3628.2035188820564,4905.065687139846,52.02136575114293,3.6282035188820565
2024-07-30 17:00:00,1225.9176263584127,3437.686780889846,43.13065022415566,1.2259176263584126
2024-07-30 18:00:00,0.0,0.0,,0.0
2024-07-30 19:00:00,0.0,0.0,,0.0
2024-07-30 20:00:00,0.0,0.0,,0.0
2024-07-30 21:00:00,0.0,0.0,,0.0
2024-07-30 22:00:00,0.0,0.0,,0.0
2024-07-30 23:00:00,0.0,0.0,,0.0
2024-07-31 00:00:00,0.0,0.0,,0.0
2024-07-31 01:00:00,1919.6032875725657,4480.560486050867,46.25724272045441,1.9196032875725657
2024-07-31 02:00:00,2825.9191771194796,4909.618645773091,47.15190436772736,2.82591917711948
2024-07-31 03:00:00,3486.1060323853176,4909.618645773086,51.15890566416661,3.4861060323853175
2024-07-31 04:00:00,2112.7221550905842,3450.8209027175326,42.82315809068181,2.112722155090584
2024-07-31 05:00:00,3409.6371574335135,4909.618645773086,50.69477815446976,3.4096371574335134
2024-07-31 06:00:00,2940.6224895471855,4909.618645773091,47.84809563227264,2.9406224895471853
2024-07-31 07:00:00,2280.4356342813494,4289.388298671357,43.84109433583339,2.2804356342813494
2024-07-31 08:00:00,3653.8195115760823,4909.618645773086,52.17684190931819,3.6538195115760823
2024-07-31 09:00:00,2356.904509233152,4480.560486050865,44.305221845530234,2.356904509233152
2024-07-31 10:00:00,2825.919177119481,4909.618645773082,47.15190436772737,2.825919177119481
2024-07-31 11:00:00,3486.106032385317,4909.618645773086,51.15890566416661,3.486106032385317
2024-07-31 12:00:00,2112.722155090584,3450.8209027175303,42.82315809068181,2.1127221550905837
2024-07-31 13:00:00,3409.6371574335144,4909.6186457730955,50.694778154469766,3.4096371574335143
2024-07-31 14:00:00,2940.622489547185,4909.618645773082,47.84809563227263,2.940622489547185
2024-07-31 15:00:00,2280.4356342813494,4289.388298671363,43.84109433583339,2.2804356342813494
2024-07-31 16:00:00,3653.8195115760823,4909.618645773073,52.17684190931819,3.6538195115760823
2024-07-31 17:00:00,437.3012216605903,2229.9091320046973,39.36775727954565,0.43730122166059027
2024-07-31 18:00:00,0.0,0.0,,0.0
2024-07-31 19:00:00,0.0,0.0,,0.0
2024-07-31 20:00:00,0.0,0.0,,0.0
2024-07-31 21:00:00,0.0,0.0,,0.0
2024-07-31 22:00:00,0.0,0.0,,0.0
2024-07-31 23:00:00,0.0,0.0,,0.0
2024-08-01 00:00:00,0.0,0.0,,0.0
2024-08-01 01:00:00,0.0,0.0,,0.0
2024-08-01 02:00:00,356.6346025224228,2632.7081688621142,40.82296097888087,0.35663460252242285
2024-08-01 03:00:00,2921.715174525101,4935.877768637885,47.733337764554754,2.921715174525101
2024-08-01 04:00:00,3035.2156030705037,4898.135252195442,48.422228130517446,3.0352156030705038
2024-08-01 05:00:00,3071.3692004748996,4935.877768637881,48.64166223544524,3.0713692004748996
2024-08-01 06:00:00,2959.8140789471217,4898.135252195448,47.96457890211192,2.959814078947122
2024-08-01 07:00:00,2844.8264921415657,4884.390789471209,47.26666223544524,2.8448264921415656
2024-08-01 08:00:00,2731.3260635961615,4935.877768637881,46.57777186948254,2.7313260635961614
2024-08-01 09:00:00,2695.1724661917674,4898.135252195448,46.35833776455476,2.6951724661917673
2024-08-01 10:00:00,2450.0929851971214,4884.390789471214,48.588536127639884,2.4500929851971214
2024-08-01 11:00:00,0.0,0.0,,0.0
2024-08-01 12:00:00,0.0,0.0,,0.0
2024-08-01 13:00:00,0.0,0.0,,0.0
2024-08-01 14:00:00,0.0,0.0,,0.0
2024-08-01 15:00:00,0.0,0.0,,0.0
2024-08-01 16:00:00,0.0,0.0,,0.0
2024-08-01 17:00:00,0.0,0.0,,0.0
2024-08-01 18:00:00,0.0,0.0,,0.0
2024-08-01 19:00:00,0.0,0.0,,0.0
2024-08-01 20:00:00,0.0,0.0,,0.0
2024-08-01 21:00:00,0.0,0.0,,0.0
2024-08-01 22:00:00,0.0,0.0,,0.0
2024-08-01 23:00:00,0.0,0.0,,0.0
2024-08-02 00:00:00,0.0,0.0,,0.0
2024-08-02 01:00:00,0.0,0.0,,0.0
2024-08-02 02:00:00,2056.1960012445493,4930.313116703005,49.20011206385,2.0561960012445493
2024-08-02 03:00:00,2607.4299227814117,4930.313116703008,45.825784772331666,2.607429922781412
2024-08-02 04:00:00,2765.6219252705096,4930.313116703011,46.78593045533666,2.7656219252705094
2024-08-02 05:00:00,3159.1117438852543,4930.313116703005,49.17421522766833,3.1591117438852545
2024-08-02 06:00:00,3000.9197413961574,4930.313116703008,48.21406954466334,3.0009197413961575
2024-08-02 07:00:00,2607.429922781412,4930.313116703011,45.82578477233167,2.6074299227814124
2024-08-02 08:00:00,2765.62192527051,4930.313116703012,46.78593045533667,2.76562192527051
2024-08-02 09:00:00,3159.111743885255,4930.313116703017,49.174215227668334,3.159111743885255
2024-08-02 10:00:00,944.7237401516088,4415.443325036344,46.3828477233167,0.9447237401516088
2024-08-02 11:00:00,0.0,0.0,,0.0
2024-08-02 12:00:00,0.0,0.0,,0.0
2024-08-02 13:00:00,0.0,0.0,,0.0
2024-08-02 14:00:00,0.0,0.0,,0.0
2024-08-02 15:00:00,0.0,0.0,,0.0
2024-08-02 16:00:00,0.0,0.0,,0.0
2024-08-02 17:00:00,0.0,0.0,,0.0
2024-08-02 18:00:00,0.0,0.0,,0.0
2024-08-02 19:00:00,0.0,0.0,,0.0
2024-08-02 20:00:00,0.0,0.0,,0.0
2024-08-02 21:00:00,0.0,0.0,,0.0
2024-08-02 22:00:00,0.0,0.0,,0.0
2024-08-02 23:00:00,0.0,0.0,,0.0
2024-08-03 00:00:00,0.0,0.0,,0.0
2024-08-03 01:00:00,0.0,0.0,,0.0
2024-08-03 02:00:00,0.0,0.0,,0.0
2024-08-03 03:00:00,0.0,0.0,,0.0
2024-08-03 04:00:00,0.0,0.0,,0.0
2024-08-03 05:00:00,0.0,0.0,,0.0
2024-08-03 06:00:00,0.0,0.0,,0.0
2024-08-03 07:00:00,0.0,0.0,,0.0
2024-08-03 08:00:00,0.0,0.0,,0.0
2024-08-03 09:00:00,0.0,0.0,,0.0
2024-08-03 10:00:00,0.0,0.0,,0.0
2024-08-03 11:00:00,0.0,0.0,,0.0
2024-08-03 12:00:00,0.0,0.0,,0.0
2024-08-03 13:00:00,0.0,0.0,,0.0
2024-08-03 14:00:00,0.0,0.0,,0.0
2024-08-03 15:00:00,0.0,0.0,,0.0
2024-08-03 16:00:00,0.0,0.0,,0.0
2024-08-03 17:00:00,0.0,0.0,,0.0
2024-08-03 18:00:00,0.0,0.0,,0.0
2024-08-03 19:00:00,0.0,0.0,,0.0
2024-08-03 20:00:00,0.0,0.0,,0.0
2024-08-03 21:00:00,0.0,0.0,,0.0
2024-08-03 22:00:00,0.0,0.0,,0.0
2024-08-03 23:00:00,0.0,0.0,,0.0
2024-08-04 00:00:00,0.0,0.0,,0.0
2024-08-04 01:00:00,0.0,0.0,,0.0
2024-08-04 02:00:00,0.0,0.0,,0.0
2024-08-04 03:00:00,0.0,0.0,,0.0
2024-08-04 04:00:00,0.0,0.0,,0.0
2024-08-04 05:00:00,0.0,0.0,,0.0
2024-08-04 06:00:00,0.0,0.0,,0.0
2024-08-04 07:00:00,0.0,0.0,,0.0
2024-08-04 08:00:00,0.0,0.0,,0.0
2024-08-04 09:00:00,0.0,0.0,,0.0
2024-08-04 10:00:00,0.0,0.0,,0.0
2024-08-04 11:00:00,0.0,0.0,,0.0
2024-08-04 12:00:00,0.0,0.0,,0.0
2024-08-04 13:00:00,0.0,0.0,,0.0
2024-08-04 14:00:00,0.0,0.0,,0.0
2024-08-04 15:00:00,0.0,0.0,,0.0
2024-08-04 16:00:00,0.0,0.0,,0.0
2024-08-04 17:00:00,0.0,0.0,,0.0
2024-08-04 18:00:00,0.0,0.0,,0.0
2024-08-04 19:00:00,0.0,0.0,,0.0
2024-08-04 20:00:00,0.0,0.0,,0.0
2024-08-04 21:00:00,0.0,0.0,,0.0
2024-08-04 22:00:00,0.0,0.0,,0.0
2024-08-04 23:00:00,0.0,0.0,,0.0
2024-08-05 00:00:00,0.0,0.0,,0.0
2024-08-05 01:00:00,0.0,0.0,,0.0
2024-08-05 02:00:00,1945.8759074027935,4906.765821736189,49.68414250571841,1.9458759074027934
2024-08-05 03:00:00,2667.3574259305396,4906.765821736191,46.189514496568954,2.6673574259305397
2024-08-05 04:00:00,2687.2884074027925,4906.765821736193,46.310485503431046,2.6872884074027925
2024-08-05 05:00:00,3099.1842407361264,4906.765821736191,48.810485503431046,3.0991842407361263
2024-08-05 06:00:00,3079.2532592638736,4906.765821736181,48.689514496568954,3.0792532592638735
2024-08-05 07:00:00,2667.3574259305406,4906.765821736189,46.189514496568954,2.6673574259305406
2024-08-05 08:00:00,2687.288407402792,4906.765821736177,46.310485503431046,2.687288407402792
2024-08-05 09:00:00,3099.1842407361246,4906.765821736184,48.81048550343103,3.0991842407361245
2024-08-05 10:00:00,1133.377351861083,4807.110914374931,47.19757248284481,1.133377351861083
2024-08-05 11:00:00,0.0,0.0,,0.0
2024-08-05 12:00:00,0.0,0.0,,0.0
2024-08-05 13:00:00,0.0,0.0,,0.0
2024-08-05 14:00:00,0.0,0.0,,0.0
2024-08-05 15:00:00,0.0,0.0,,0.0
2024-08-05 16:00:00,0.0,0.0,,0.0
2024-08-05 17:00:00,0.0,0.0,,0.0
2024-08-05 18:00:00,0.0,0.0,,0.0
2024-08-05 19:00:00,0.0,0.0,,0.0
2024-08-05 20:00:00,0.0,0.0,,0.0
2024-08-05 21:00:00,0.0,0.0,,0.0
2024-08-05 22:00:00,0.0,0.0,,0.0
2024-08-05 23:00:00,0.0,0.0,,0.0
2024-08-06 00:00:00,0.0,0.0,,0.0
2024-08-06 01:00:00,2650.168312052806,4873.814511916238,46.63984680346886,2.650168312052806
2024-08-06 02:00:00,2785.4741911694873,4925.301491082905,46.90642369836318,2.785474191169487
2024-08-06 03:00:00,2899.327162300057,4908.711529750428,47.5974538200398,2.899327162300057
2024-08-06 04:00:00,3013.733132141709,4873.814511916234,48.29184036502985,3.013733132141709
2024-08-06 05:00:00,3081.772202480541,4925.301491082905,48.70480321165672,3.081772202480541
2024-08-06 06:00:00,2981.067475497179,4873.814511916238,48.09357630163682,2.9810674754971793
2024-08-06 07:00:00,2867.214504366609,4925.301491082901,47.4025461799602,2.867214504366609
2024-08-06 08:00:00,2752.808534524957,4908.711529750437,46.708159634970144,2.752808534524957
2024-08-06 09:00:00,34.601152133318806,1115.2650327495683,36.30034634970147,0.034601152133318804
2024-08-06 10:00:00,0.0,0.0,,0.0
2024-08-06 11:00:00,0.0,0.0,,0.0
2024-08-06 12:00:00,0.0,0.0,,0.0
2024-08-06 13:00:00,0.0,0.0,,0.0
2024-08-06 14:00:00,0.0,0.0,,0.0
2024-08-06 15:00:00,0.0,0.0,,0.0
2024-08-06 16:00:00,0.0,0.0,,0.0
2024-08-06 17:00:00,0.0,0.0,,0.0
2024-08-06 18:00:00,0.0,0.0,,0.0
2024-08-06 19:00:00,0.0,0.0,,0.0
2024-08-06 20:00:00,0.0,0.0,,0.0
2024-08-06 21:00:00,0.0,0.0,,0.0
2024-08-06 22:00:00,0.0,0.0,,0.0
2024-08-06 23:00:00,0.0,0.0,,0.0
2024-08-07 00:00:00,0.0,0.0,,0.0
2024-08-07 01:00:00,0.0,0.0,,0.0
2024-08-07 02:00:00,0.0,0.0,,0.0
2024-08-07 03:00:00,2512.959850684268,4894.227525965348,46.34185615017552,2.512959850684268
2024-08-07 04:00:00,2959.3779704708472,4894.227525965346,47.96193194357907,2.959377970470847
2024-08-07 05:00:00,3178.265213546754,4894.227525965343,49.290467129918085,3.1782652135467537
2024-08-07 06:00:00,2807.1636961958197,4894.227525965348,47.03806805642094,2.8071636961958197
2024-08-07 07:00:00,2588.2764531199123,4894.227525965346,45.709532870081915,2.5882764531199123
2024-08-07 08:00:00,2959.3779704708454,4894.227525965343,47.96193194357906,2.9593779704708454
2024-08-07 09:00:00,3178.2652135467556,4894.227525965351,49.29046712991809,3.1782652135467555
2024-08-07 10:00:00,2807.163696195821,4894.227525965346,47.03806805642095,2.807163696195821
2024-08-07 11:00:00,75.31660243564366,1387.1839323679922,36.857006948771364,0.07531660243564366
2024-08-07 12:00:00,0.0,0.0,,0.0
2024-08-07 13:00:00,0.0,0.0,,0.0
2024-08-07 14:00:00,0.0,0.0,,0.0
2024-08-07 15:00:00,0.0,0.0,,0.0
2024-08-07 16:00:00,0.0,0.0,,0.0
2024-08-07 17:00:00,0.0,0.0,,0.0
2024-08-07 18:00:00,0.0,0.0,,0.0
2024-08-07 19:00:00,0.0,0.0,,0.0
2024-08-07 20:00:00,0.0,0.0,,0.0
2024-08-07 21:00:00,0.0,0.0,,0.0
2024-08-07 22:00:00,0.0,0.0,,0.0
2024-08-07 23:00:00,0.0,0.0,,0.0
2024-08-08 00:00:00,0.0,0.0,,0.0
2024-08-08 01:00:00,0.0,0.0,,0.0
2024-08-08 02:00:00,0.0,0.0,,0.0
2024-08-08 03:00:00,316.2824238074275,2583.293176575868,40.47095356106271,0.3162824238074275
2024-08-08 04:00:00,3046.385545037396,4899.481128979688,48.49002404554587,3.046385545037396
2024-08-08 05:00:00,3127.7734752003184,4899.481128979693,48.984007739822886,3.1277734752003186
2024-08-08 06:00:00,2720.1561216292707,4899.481128979685,46.50997595445413,2.720156121629271
2024-08-08 07:00:00,2638.7681914663476,4899.481128979688,46.015992260177114,2.6387681914663474
2024-08-08 08:00:00,3046.385545037396,4899.481128979685,48.49002404554587,3.046385545037396
2024-08-08 09:00:00,3127.773475200318,4899.481128979691,48.984007739822886,3.127773475200318
2024-08-08 10:00:00,2720.1561216292707,4899.4811289796835,46.50997595445413,2.720156121629271
2024-08-08 11:00:00,2322.4857676589213,4899.481128979695,47.26079686610077,2.3224857676589212
2024-08-08 12:00:00,0.0,0.0,,0.0
2024-08-08 13:00:00,0.0,0.0,,0.0
2024-08-08 14:00:00,0.0,0.0,,0.0
2024-08-08 15:00:00,0.0,0.0,,0.0
2024-08-08 16:00:00,0.0,0.0,,0.0
2024-08-08 17:00:00,0.0,0.0,,0.0
2024-08-08 18:00:00,0.0,0.0,,0.0
2024-08-08 19:00:00,0.0,0.0,,0.0
2024-08-08 20:00:00,0.0,0.0,,0.0
2024-08-08 21:00:00,0.0,0.0,,0.0
2024-08-08 22:00:00,0.0,0.0,,0.0
2024-08-08 23:00:00,0.0,0.0,,0.0
2024-08-09 00:00:00,0.0,0.0,,0.0
2024-08-09 01:00:00,582.8751967796138,3472.956467090219,43.26659443380842,0.5828751967796139
2024-08-09 02:00:00,3180.018104750459,4867.934157909781,49.30110629558723,3.180018104750459
2024-08-09 03:00:00,2954.1192968597343,4867.934157909781,47.930014446571654,2.954119296859734
2024-08-09 04:00:00,2586.523561916208,4867.934157909785,45.698893704412775,2.586523561916208
2024-08-09 05:00:00,2812.422369806932,4867.934157909785,47.069985553428346,2.812422369806932
2024-08-09 06:00:00,3180.018104750459,4867.934157909785,49.30110629558723,3.180018104750459
2024-08-09 07:00:00,2954.1192968597347,4867.93415790979,47.930014446571654,2.9541192968597345
2024-08-09 08:00:00,2586.5235619162067,4867.934157909781,45.69889370441277,2.5865235619162066
2024-08-09 09:00:00,2229.5471730273193,4867.934157909776,48.453036869653786,2.2295471730273193
2024-08-09 10:00:00,0.0,0.0,,0.0
2024-08-09 11:00:00,0.0,0.0,,0.0
2024-08-09 12:00:00,0.0,0.0,,0.0
2024-08-09 13:00:00,0.0,0.0,,0.0
2024-08-09 14:00:00,0.0,0.0,,0.0
2024-08-09 15:00:00,0.0,0.0,,0.0
2024-08-09 16:00:00,0.0,0.0,,0.0
2024-08-09 17:00:00,0.0,0.0,,0.0
2024-08-09 18:00:00,0.0,0.0,,0.0
2024-08-09 19:00:00,0.0,0.0,,0.0
2024-08-09 20:00:00,0.0,0.0,,0.0
2024-08-09 21:00:00,0.0,0.0,,0.0
2024-08-09 22:00:00,0.0,0.0,,0.0
2024-08-09 23:00:00,0.0,0.0,,0.0
2024-08-10 00:00:00,0.0,0.0,,0.0
2024-08-10 01:00:00,0.0,0.0,,0.0
2024-08-10 02:00:00,0.0,0.0,,0.0
2024-08-10 03:00:00,0.0,0.0,,0.0
2024-08-10 04:00:00,0.0,0.0,,0.0
2024-08-10 05:00:00,0.0,0.0,,0.0
2024-08-10 06:00:00,0.0,0.0,,0.0
2024-08-10 07:00:00,0.0,0.0,,0.0
2024-08-10 08:00:00,0.0,0.0,,0.0
2024-08-10 09:00:00,0.0,0.0,,0.0
2024-08-10 10:00:00,0.0,0.0,,0.0
2024-08-10 11:00:00,0.0,0.0,,0.0
2024-08-10 12:00:00,0.0,0.0,,0.0
2024-08-10 13:00:00,0.0,0.0,,0.0
2024-08-10 14:00:00,0.0,0.0,,0.0
2024-08-10 15:00:00,0.0,0.0,,0.0
2024-08-10 16:00:00,0.0,0.0,,0.0
2024-08-10 17:00:00,0.0,0.0,,0.0
2024-08-10 18:00:00,0.0,0.0,,0.0
2024-08-10 19:00:00,0.0,0.0,,0.0
2024-08-10 20:00:00,0.0,0.0,,0.0
2024-08-10 21:00:00,0.0,0.0,,0.0
2024-08-10 22:00:00,0.0,0.0,,0.0
2024-08-10 23:00:00,0.0,0.0,,0.0
2024-08-11 00:00:00,0.0,0.0,,0.0
2024-08-11 01:00:00,0.0,0.0,,0.0
2024-08-11 02:00:00,0.0,0.0,,0.0
2024-08-11 03:00:00,0.0,0.0,,0.0
2024-08-11 04:00:00,0.0,0.0,,0.0
2024-08-11 05:00:00,0.0,0.0,,0.0
2024-08-11 06:00:00,0.0,0.0,,0.0
2024-08-11 07:00:00,0.0,0.0,,0.0
2024-08-11 08:00:00,0.0,0.0,,0.0
2024-08-11 09:00:00,0.0,0.0,,0.0
2024-08-11 10:00:00,0.0,0.0,,0.0
2024-08-11 11:00:00,0.0,0.0,,0.0
2024-08-11 12:00:00,0.0,0.0,,0.0
2024-08-11 13:00:00,0.0,0.0,,0.0
2024-08-11 14:00:00,0.0,0.0,,0.0
2024-08-11 15:00:00,0.0,0.0,,0.0
2024-08-11 16:00:00,0.0,0.0,,0.0
2024-08-11 17:00:00,0.0,0.0,,0.0
2024-08-11 18:00:00,0.0,0.0,,0.0
2024-08-11 19:00:00,0.0,0.0,,0.0
2024-08-11 20:00:00,0.0,0.0,,0.0
2024-08-11 21:00:00,0.0,0.0,,0.0
2024-08-11 22:00:00,0.0,0.0,,0.0
2024-08-11 23:00:00,0.0,0.0,,0.0
2024-08-12 00:00:00,0.0,0.0,,0.0
2024-08-12 01:00:00,0.0,0.0,,0.0
2024-08-12 02:00:00,0.0,0.0,,0.0
2024-08-12 03:00:00,2103.8956860443486,4867.061000500719,49.15437881179418,2.1038956860443485
2024-08-12 04:00:00,2586.465351422271,4867.061000500721,45.698540396068616,2.586465351422271
2024-08-12 05:00:00,2812.597001288744,4867.061000500721,47.071045478460846,2.812597001288744
2024-08-12 06:00:00,3180.0763152443956,4867.061000500719,49.301459603931384,3.1800763152443956
2024-08-12 07:00:00,2953.9446653779223,4867.061000500721,47.928954521539154,2.9539446653779224
2024-08-12 08:00:00,2586.465351422269,4867.061000500721,45.6985403960686,2.586465351422269
2024-08-12 09:00:00,2812.597001288744,4867.061000500717,47.071045478460846,2.812597001288744
2024-08-12 10:00:00,3180.076315244397,4867.061000500727,49.3014596039314,3.180076315244397
2024-08-12 11:00:00,850.0489793335743,4180.567944945167,45.47810594102912,0.8500489793335743
2024-08-12 12:00:00,0.0,0.0,,0.0
2024-08-12 13:00:00,0.0,0.0,,0.0
2024-08-12 14:00:00,0.0,0.0,,0.0
2024-08-12 15:00:00,0.0,0.0,,0.0
2024-08-12 16:00:00,0.0,0.0,,0.0
2024-08-12 17:00:00,0.0,0.0,,0.0
2024-08-12 18:00:00,0.0,0.0,,0.0
2024-08-12 19:00:00,0.0,0.0,,0.0
2024-08-12 20:00:00,0.0,0.0,,0.0
2024-08-12 21:00:00,0.0,0.0,,0.0
2024-08-12 22:00:00,0.0,0.0,,0.0
2024-08-12 23:00:00,0.0,0.0,,0.0
2024-08-13 00:00:00,0.0,0.0,,0.0
2024-08-13 01:00:00,0.0,0.0,,0.0
2024-08-13 02:00:00,0.0,0.0,,0.0
2024-08-13 03:00:00,1590.28518536568,4877.321255567787,48.68173381122383,1.59028518536568
2024-08-13 04:00:00,2987.818354909039,4928.808234734459,48.134550735374276,2.987818354909039
2024-08-13 05:00:00,2873.295493612334,4905.204786098879,47.43945471819737,2.8732954936123343
2024-08-13 06:00:00,2758.307906806779,4877.321255567792,46.7415380515307,2.7583079068067793
2024-08-13 07:00:00,2684.1878472222224,4928.808234734454,46.291666666666664,2.6841878472222223
2024-08-13 08:00:00,2778.723311757628,4905.204786098883,46.86544926462573,2.778723311757628
2024-08-13 09:00:00,2893.246173054332,4877.321255567781,47.56054528180263,2.8932461730543317
2024-08-13 10:00:00,3008.233759859888,4928.80823473445,48.2584619484693,3.008233759859888
2024-08-13 11:00:00,1492.0686340787627,4905.204786098879,48.736767305243475,1.4920686340787628
2024-08-13 12:00:00,0.0,0.0,,0.0
2024-08-13 13:00:00,0.0,0.0,,0.0
2024-08-13 14:00:00,0.0,0.0,,0.0
2024-08-13 15:00:00,0.0,0.0,,0.0
2024-08-13 16:00:00,0.0,0.0,,0.0
2024-08-13 17:00:00,0.0,0.0,,0.0
2024-08-13 18:00:00,0.0,0.0,,0.0
2024-08-13 19:00:00,0.0,0.0,,0.0
2024-08-13 20:00:00,0.0,0.0,,0.0
2024-08-13 21:00:00,0.0,0.0,,0.0
2024-08-13 22:00:00,0.0,0.0,,0.0
2024-08-13 23:00:00,0.0,0.0,,0.0
2024-08-14 00:00:00,0.0,0.0,,0.0
2024-08-14 01:00:00,0.0,0.0,,0.0
2024-08-14 02:00:00,1748.2466725591794,4906.727100169082,49.292683104004624,1.7482466725591794
2024-08-14 03:00:00,2946.941265677536,4875.798941497584,47.88644741698975,2.9469412656775362
2024-08-14 04:00:00,2833.1544421996773,4927.285920664245,47.195818778208555,2.8331544421996773
2024-08-14 05:00:00,2718.6823247053135,4906.727100169082,46.501030750323075,2.7186823247053136
2024-08-14 06:00:00,2704.612814183575,4875.798941497579,46.41563591634359,2.7046128141835752
2024-08-14 07:00:00,2819.600400989131,4927.285920664251,47.11355258301025,2.8196004009891307
2024-08-14 08:00:00,2933.387224466989,4906.727100169087,47.804181221791445,2.933387224466989
2024-08-14 09:00:00,3047.859341961353,4875.798941497575,48.498969249676925,3.047859341961353
2024-08-14 10:00:00,1313.6821799239103,4927.285920664245,47.718640836564134,1.3136821799239102
2024-08-14 11:00:00,0.0,0.0,,0.0
2024-08-14 12:00:00,0.0,0.0,,0.0
2024-08-14 13:00:00,0.0,0.0,,0.0
2024-08-14 14:00:00,0.0,0.0,,0.0
2024-08-14 15:00:00,0.0,0.0,,0.0
2024-08-14 16:00:00,0.0,0.0,,0.0
2024-08-14 17:00:00,0.0,0.0,,0.0
2024-08-14 18:00:00,0.0,0.0,,0.0
2024-08-14 19:00:00,0.0,0.0,,0.0
2024-08-14 20:00:00,0.0,0.0,,0.0
2024-08-14 21:00:00,0.0,0.0,,0.0
2024-08-14 22:00:00,0.0,0.0,,0.0
2024-08-14 23:00:00,0.0,0.0,,0.0
2024-08-15 00:00:00,0.0,0.0,,0.0
2024-08-15 01:00:00,0.0,0.0,,0.0
2024-08-15 02:00:00,1317.1323756003467,4934.953022167437,47.76517627636905,1.3171323756003466
2024-08-15 03:00:00,3047.092631811034,4883.4660430007725,48.49431570569643,3.0470926318110343
2024-08-15 04:00:00,2932.3649442665637,4899.059998665896,47.797976496484125,2.932364944266564
2024-08-15 05:00:00,2818.833690838811,4934.953022167441,47.10889903902976,2.818833690838811
2024-08-15 06:00:00,2703.8461040332563,4883.4660430007725,46.4109823723631,2.703846104033256
2024-08-15 07:00:00,2719.449034855633,4899.059998665892,46.50568429430357,2.7194490348556326
2024-08-15 08:00:00,2834.1767224001032,4934.953022167437,47.202023503515875,2.834176722400103
2024-08-15 09:00:00,2947.7079758278546,4883.466043000768,47.891100960970235,2.947707975827855
2024-08-15 10:00:00,1745.5631870330628,4899.059998665896,49.2630696423106,1.7455631870330628
2024-08-15 11:00:00,0.0,0.0,,0.0
2024-08-15 12:00:00,0.0,0.0,,0.0
2024-08-15 13:00:00,0.0,0.0,,0.0
2024-08-15 14:00:00,0.0,0.0,,0.0
2024-08-15 15:00:00,0.0,0.0,,0.0
2024-08-15 16:00:00,0.0,0.0,,0.0
2024-08-15 17:00:00,0.0,0.0,,0.0
2024-08-15 18:00:00,0.0,0.0,,0.0
2024-08-15 19:00:00,0.0,0.0,,0.0
2024-08-15 20:00:00,0.0,0.0,,0.0
2024-08-15 21:00:00,0.0,0.0,,0.0
2024-08-15 22:00:00,0.0,0.0,,0.0
2024-08-15 23:00:00,0.0,0.0,,0.0
2024-08-16 00:00:00,0.0,0.0,,0.0
2024-08-16 01:00:00,0.0,0.0,,0.0
2024-08-16 02:00:00,651.0687422941278,3670.875789796269,43.947031583744824,0.6510687422941278
2024-08-16 03:00:00,3189.842329567283,4872.238637018492,49.360734386124825,3.189842329567283
2024-08-16 04:00:00,2914.5354323185243,4872.238637018492,47.689760349917705,2.9145354323185244
2024-08-16 05:00:00,2576.6993370993846,4872.238637018487,45.639265613875175,2.5766993370993845
2024-08-16 06:00:00,2852.0062343481413,4872.238637018487,47.310239650082295,2.852006234348141
2024-08-16 07:00:00,3189.8423295672815,4872.238637018487,49.36073438612482,3.1898423295672815
2024-08-16 08:00:00,2914.535432318525,4872.238637018476,47.68976034991771,2.9145354323185253
2024-08-16 09:00:00,2576.699337099383,4872.238637018482,45.63926561387517,2.5766993370993827
2024-08-16 10:00:00,2200.937492054016,4872.238637018487,48.63988004840178,2.200937492054016
2024-08-16 11:00:00,0.0,0.0,,0.0
2024-08-16 12:00:00,0.0,0.0,,0.0
2024-08-16 13:00:00,0.0,0.0,,0.0
2024-08-16 14:00:00,0.0,0.0,,0.0
2024-08-16 15:00:00,0.0,0.0,,0.0
2024-08-16 16:00:00,0.0,0.0,,0.0
2024-08-16 17:00:00,0.0,0.0,,0.0
2024-08-16 18:00:00,0.0,0.0,,0.0
2024-08-16 19:00:00,0.0,0.0,,0.0
2024-08-16 20:00:00,0.0,0.0,,0.0
2024-08-16 21:00:00,0.0,0.0,,0.0
2024-08-16 22:00:00,0.0,0.0,,0.0
2024-08-16 23:00:00,0.0,0.0,,0.0
2024-08-17 00:00:00,0.0,0.0,,0.0
2024-08-17 01:00:00,0.0,0.0,,0.0
2024-08-17 02:00:00,0.0,0.0,,0.0
2024-08-17 03:00:00,0.0,0.0,,0.0
2024-08-17 04:00:00,0.0,0.0,,0.0
2024-08-17 05:00:00,0.0,0.0,,0.0
2024-08-17 06:00:00,0.0,0.0,,0.0
2024-08-17 07:00:00,0.0,0.0,,0.0
2024-08-17 08:00:00,0.0,0.0,,0.0
2024-08-17 09:00:00,0.0,0.0,,0.0
2024-08-17 10:00:00,0.0,0.0,,0.0
2024-08-17 11:00:00,0.0,0.0,,0.0
2024-08-17 12:00:00,0.0,0.0,,0.0
2024-08-17 13:00:00,0.0,0.0,,0.0
2024-08-17 14:00:00,0.0,0.0,,0.0
2024-08-17 15:00:00,0.0,0.0,,0.0
2024-08-17 16:00:00,0.0,0.0,,0.0
2024-08-17 17:00:00,0.0,0.0,,0.0
2024-08-17 18:00:00,0.0,0.0,,0.0
2024-08-17 19:00:00,0.0,0.0,,0.0
2024-08-17 20:00:00,0.0,0.0,,0.0
2024-08-17 21:00:00,0.0,0.0,,0.0
2024-08-17 22:00:00,0.0,0.0,,0.0
2024-08-17 23:00:00,0.0,0.0,,0.0
2024-08-18 00:00:00,0.0,0.0,,0.0
2024-08-18 01:00:00,0.0,0.0,,0.0
2024-08-18 02:00:00,0.0,0.0,,0.0
2024-08-18 03:00:00,0.0,0.0,,0.0
2024-08-18 04:00:00,0.0,0.0,,0.0
2024-08-18 05:00:00,0.0,0.0,,0.0
2024-08-18 06:00:00,0.0,0.0,,0.0
2024-08-18 07:00:00,0.0,0.0,,0.0
2024-08-18 08:00:00,0.0,0.0,,0.0
2024-08-18 09:00:00,0.0,0.0,,0.0
2024-08-18 10:00:00,0.0,0.0,,0.0
2024-08-18 11:00:00,0.0,0.0,,0.0
2024-08-18 12:00:00,0.0,0.0,,0.0
2024-08-18 13:00:00,0.0,0.0,,0.0
2024-08-18 14:00:00,0.0,0.0,,0.0
2024-08-18 15:00:00,0.0,0.0,,0.0
2024-08-18 16:00:00,0.0,0.0,,0.0
2024-08-18 17:00:00,0.0,0.0,,0.0
2024-08-18 18:00:00,0.0,0.0,,0.0
2024-08-18 19:00:00,0.0,0.0,,0.0
2024-08-18 20:00:00,0.0,0.0,,0.0
2024-08-18 21:00:00,0.0,0.0,,0.0
2024-08-18 22:00:00,0.0,0.0,,0.0
2024-08-18 23:00:00,0.0,0.0,,0.0
2024-08-19 00:00:00,0.0,0.0,,0.0
2024-08-19 01:00:00,0.0,0.0,,0.0
2024-08-19 02:00:00,0.0,0.0,,0.0
2024-08-19 03:00:00,1390.98710736275,4866.689850401511,48.76131178477231,1.39098710736275
2024-08-19 04:00:00,2984.2944951974764,4866.689850401508,48.11316268391569,2.9842944951974766
2024-08-19 05:00:00,2599.117299682072,4866.689850401506,45.77533134195785,2.5991172996820717
2024-08-19 06:00:00,2782.24717146919,4866.6898504015035,46.8868373160843,2.7822471714691903
2024-08-19 07:00:00,3167.424366984594,4866.689850401511,49.22466865804214,3.1674243669845943
2024-08-19 08:00:00,2984.294495197477,4866.689850401492,48.1131626839157,2.984294495197477
2024-08-19 09:00:00,2599.117299682071,4866.689850401499,45.77533134195785,2.599117299682071
2024-08-19 10:00:00,2782.2471714691897,4866.689850401506,46.8868373160843,2.78224717146919
2024-08-19 11:00:00,1776.437259621848,4866.689850401494,49.60377882708114,1.7764372596218478
2024-08-19 12:00:00,0.0,0.0,,0.0
2024-08-19 13:00:00,0.0,0.0,,0.0
2024-08-19 14:00:00,0.0,0.0,,0.0
2024-08-19 15:00:00,0.0,0.0,,0.0
2024-08-19 16:00:00,0.0,0.0,,0.0
2024-08-19 17:00:00,0.0,0.0,,0.0
2024-08-19 18:00:00,0.0,0.0,,0.0
2024-08-19 19:00:00,0.0,0.0,,0.0
2024-08-19 20:00:00,0.0,0.0,,0.0
2024-08-19 21:00:00,0.0,0.0,,0.0
2024-08-19 22:00:00,0.0,0.0,,0.0
2024-08-19 23:00:00,0.0,0.0,,0.0
2024-08-20 00:00:00,0.0,0.0,,0.0
2024-08-20 01:00:00,0.0,0.0,,0.0
2024-08-20 02:00:00,0.0,0.0,,0.0
2024-08-20 03:00:00,2549.6780184863064,4881.251026019823,46.28974719583211,2.5496780184863064
2024-08-20 04:00:00,2991.1073232595204,4881.251026019823,48.15451311472067,2.9911073232595204
2024-08-20 05:00:00,3164.017952953573,4881.251026019818,49.203993442639664,3.1640179529535732
2024-08-20 06:00:00,2775.4343434071466,4881.251026019816,46.84548688527933,2.7754343434071465
2024-08-20 07:00:00,2602.523713713093,4881.251026019818,45.796006557360336,2.602523713713093
2024-08-20 08:00:00,2991.1073232595177,4881.251026019807,48.15451311472066,2.991107323259518
2024-08-20 09:00:00,3164.0179529535744,4881.251026019818,49.20399344263967,3.1640179529535746
2024-08-20 10:00:00,2775.434343407149,4881.251026019809,46.84548688527934,2.7754343434071487
2024-08-20 11:00:00,52.84569522678703,1228.5371684246322,36.414934426396684,0.05284569522678703
2024-08-20 12:00:00,0.0,0.0,,0.0
2024-08-20 13:00:00,0.0,0.0,,0.0
2024-08-20 14:00:00,0.0,0.0,,0.0
2024-08-20 15:00:00,0.0,0.0,,0.0
2024-08-20 16:00:00,0.0,0.0,,0.0
2024-08-20 17:00:00,0.0,0.0,,0.0
2024-08-20 18:00:00,0.0,0.0,,0.0
2024-08-20 19:00:00,0.0,0.0,,0.0
2024-08-20 20:00:00,0.0,0.0,,0.0
2024-08-20 21:00:00,0.0,0.0,,0.0
2024-08-20 22:00:00,0.0,0.0,,0.0
2024-08-20 23:00:00,0.0,0.0,,0.0
2024-08-21 00:00:00,0.0,0.0,,0.0
2024-08-21 01:00:00,0.0,0.0,,0.0
2024-08-21 02:00:00,0.0,0.0,,0.0
2024-08-21 03:00:00,1535.7350817749057,4876.788142008473,49.2851121004106,1.5357350817749056
2024-08-21 04:00:00,2913.6255313205274,4876.788142008475,47.684237709699225,2.9136255313205273
2024-08-21 05:00:00,2576.5476869330514,4876.788142008473,45.63834517383876,2.5765476869330515
2024-08-21 06:00:00,2852.916135346139,4876.7881420084705,47.315762290300775,2.852916135346139
2024-08-21 07:00:00,3189.993979733614,4876.7881420084705,49.361654826161235,3.189993979733614
2024-08-21 08:00:00,2913.6255313205284,4876.788142008459,47.684237709699225,2.913625531320528
2024-08-21 09:00:00,2576.54768693305,4876.788142008466,45.63834517383875,2.57654768693305
2024-08-21 10:00:00,2852.9161353461377,4876.788142008473,47.31576229030077,2.852916135346138
2024-08-21 11:00:00,1654.258897958713,4876.788142008461,49.43325931154091,1.6542588979587132
2024-08-21 12:00:00,0.0,0.0,,0.0
2024-08-21 13:00:00,0.0,0.0,,0.0
2024-08-21 14:00:00,0.0,0.0,,0.0
2024-08-21 15:00:00,0.0,0.0,,0.0
2024-08-21 16:00:00,0.0,0.0,,0.0
2024-08-21 17:00:00,0.0,0.0,,0.0
2024-08-21 18:00:00,0.0,0.0,,0.0
2024-08-21 19:00:00,0.0,0.0,,0.0
2024-08-21 20:00:00,0.0,0.0,,0.0
2024-08-21 21:00:00,0.0,0.0,,0.0
2024-08-21 22:00:00,0.0,0.0,,0.0
2024-08-21 23:00:00,0.0,0.0,,0.0
2024-08-22 00:00:00,0.0,0.0,,0.0
2024-08-22 01:00:00,0.0,0.0,,0.0
2024-08-22 02:00:00,122.05055515152927,1606.657895265292,37.40785322855876,0.12205055515152927
2024-08-22 03:00:00,2807.0965186931953,4880.701479734706,47.03766032285588,2.8070965186931955
2024-08-22 04:00:00,2922.084105498752,4932.188458901372,47.73557698952254,2.922084105498752
2024-08-22 05:00:00,3035.7075110353717,4901.824561931956,48.42521376380783,3.0357075110353717
2024-08-22 06:00:00,3071.0002695012477,4932.18845890137,48.63942301047746,3.0710002695012477
2024-08-22 07:00:00,2959.4451479734707,4901.8245619319605,47.96233967714412,2.959445147973471
2024-08-22 08:00:00,2844.457561167915,4880.701479734703,47.26442301047746,2.844457561167915
2024-08-22 09:00:00,2730.8341556312935,4932.188458901372,46.57478623619216,2.7308341556312934
2024-08-22 10:00:00,2573.4908420138886,4901.824561931956,47.355324074074076,2.5734908420138884
2024-08-22 11:00:00,0.0,0.0,,0.0
2024-08-22 12:00:00,0.0,0.0,,0.0
2024-08-22 13:00:00,0.0,0.0,,0.0
2024-08-22 14:00:00,0.0,0.0,,0.0
2024-08-22 15:00:00,0.0,0.0,,0.0
2024-08-22 16:00:00,0.0,0.0,,0.0
2024-08-22 17:00:00,0.0,0.0,,0.0
2024-08-22 18:00:00,0.0,0.0,,0.0
2024-08-22 19:00:00,0.0,0.0,,0.0
2024-08-22 20:00:00,0.0,0.0,,0.0
2024-08-22 21:00:00,0.0,0.0,,0.0
2024-08-22 22:00:00,0.0,0.0,,0.0
2024-08-22 23:00:00,0.0,0.0,,0.0
2024-08-23 00:00:00,0.0,0.0,,0.0
2024-08-23 01:00:00,73.35153162400566,1357.7078701934179,36.67810211538163,0.07335153162400566
2024-08-23 02:00:00,2801.2684837609054,4923.703588139914,47.002287089742985,2.8012684837609054
2024-08-23 03:00:00,3176.3001427351164,4923.703588139916,49.278540141025445,3.1763001427351165
2024-08-23 04:00:00,2965.273182905761,4923.703588139916,47.997712910257015,2.965273182905761
2024-08-23 05:00:00,2590.241523931551,4923.703588139919,45.72145985897456,2.590241523931551
2024-08-23 06:00:00,2801.268483760905,4923.7035881399215,47.002287089742985,2.801268483760905
2024-08-23 07:00:00,3176.300142735116,4923.703588139916,49.27854014102544,3.176300142735116
2024-08-23 08:00:00,2965.273182905761,4923.703588139928,47.997712910257015,2.965273182905761
2024-08-23 09:00:00,2516.889992307544,4923.7035881399215,46.367413983516904,2.516889992307544
2024-08-23 10:00:00,0.0,0.0,,0.0
2024-08-23 11:00:00,0.0,0.0,,0.0
2024-08-23 12:00:00,0.0,0.0,,0.0
2024-08-23 13:00:00,0.0,0.0,,0.0
2024-08-23 14:00:00,0.0,0.0,,0.0
2024-08-23 15:00:00,0.0,0.0,,0.0
2024-08-23 16:00:00,0.0,0.0,,0.0
2024-08-23 17:00:00,0.0,0.0,,0.0
2024-08-23 18:00:00,0.0,0.0,,0.0
2024-08-23 19:00:00,0.0,0.0,,0.0
2024-08-23 20:00:00,0.0,0.0,,0.0
2024-08-23 21:00:00,0.0,0.0,,0.0
2024-08-23 22:00:00,0.0,0.0,,0.0
2024-08-23 23:00:00,0.0,0.0,,0.0
2024-08-24 00:00:00,0.0,0.0,,0.0
2024-08-24 01:00:00,0.0,0.0,,0.0
2024-08-24 02:00:00,0.0,0.0,,0.0
2024-08-24 03:00:00,0.0,0.0,,0.0
2024-08-24 04:00:00,0.0,0.0,,0.0
2024-08-24 05:00:00,0.0,0.0,,0.0
2024-08-24 06:00:00,0.0,0.0,,0.0
2024-08-24 07:00:00,0.0,0.0,,0.0
2024-08-24 08:00:00,0.0,0.0,,0.0
2024-08-24 09:00:00,0.0,0.0,,0.0
2024-08-24 10:00:00,0.0,0.0,,0.0
2024-08-24 11:00:00,0.0,0.0,,0.0
2024-08-24 12:00:00,0.0,0.0,,0.0
2024-08-24 13:00:00,0.0,0.0,,0.0
2024-08-24 14:00:00,0.0,0.0,,0.0
2024-08-24 15:00:00,0.0,0.0,,0.0
2024-08-24 16:00:00,0.0,0.0,,0.0
2024-08-24 17:00:00,0.0,0.0,,0.0
2024-08-24 18:00:00,0.0,0.0,,0.0
2024-08-24 19:00:00,0.0,0.0,,0.0
2024-08-24 20:00:00,0.0,0.0,,0.0
2024-08-24 21:00:00,0.0,0.0,,0.0
2024-08-24 22:00:00,0.0,0.0,,0.0
2024-08-24 23:00:00,0.0,0.0,,0.0
2024-08-25 00:00:00,0.0,0.0,,0.0
2024-08-25 01:00:00,0.0,0.0,,0.0
2024-08-25 02:00:00,0.0,0.0,,0.0
2024-08-25 03:00:00,0.0,0.0,,0.0
2024-08-25 04:00:00,0.0,0.0,,0.0
2024-08-25 05:00:00,0.0,0.0,,0.0
2024-08-25 06:00:00,0.0,0.0,,0.0
2024-08-25 07:00:00,0.0,0.0,,0.0
2024-08-25 08:00:00,0.0,0.0,,0.0
2024-08-25 09:00:00,0.0,0.0,,0.0
2024-08-25 10:00:00,0.0,0.0,,0.0
2024-08-25 11:00:00,0.0,0.0,,0.0
2024-08-25 12:00:00,0.0,0.0,,0.0
2024-08-25 13:00:00,0.0,0.0,,0.0
2024-08-25 14:00:00,0.0,0.0,,0.0
2024-08-25 15:00:00,0.0,0.0,,0.0
2024-08-25 16:00:00,0.0,0.0,,0.0
2024-08-25 17:00:00,0.0,0.0,,0.0
2024-08-25 18:00:00,0.0,0.0,,0.0
2024-08-25 19:00:00,0.0,0.0,,0.0
2024-08-25 20:00:00,0.0,0.0,,0.0
2024-08-25 21:00:00,0.0,0.0,,0.0
2024-08-25 22:00:00,0.0,0.0,,0.0
2024-08-25 23:00:00,0.0,0.0,,0.0
2024-08-26 00:00:00,0.0,0.0,,0.0
2024-08-26 01:00:00,0.0,0.0,,0.0
2024-08-26 02:00:00,0.0,0.0,,0.0
2024-08-26 03:00:00,791.3371323877751,4043.568740435079,45.16742318811439,0.7913371323877751
2024-08-26 04:00:00,3187.840764207719,4901.685059879527,49.34858589372951,3.187840764207719
2024-08-26 05:00:00,2839.996842190762,4901.6850598795245,47.23734869571046,2.8399968421907618
2024-08-26 06:00:00,2578.7009024589474,4901.685059879523,45.65141410627049,2.5787009024589476
2024-08-26 07:00:00,2926.544824475904,4901.68505987952,47.76265130428954,2.9265448244759042
2024-08-26 08:00:00,3187.8407642077204,4901.6850598795245,49.34858589372952,3.1878407642077202
2024-08-26 09:00:00,2839.9968421907624,4901.685059879515,47.23734869571046,2.8399968421907626
2024-08-26 10:00:00,2578.7009024589456,4901.68505987952,45.65141410627048,2.578700902458946
2024-08-26 11:00:00,2135.2076920881304,4901.685059879527,48.96531799227316,2.1352076920881307
2024-08-26 12:00:00,0.0,0.0,,0.0
2024-08-26 13:00:00,0.0,0.0,,0.0
2024-08-26 14:00:00,0.0,0.0,,0.0
2024-08-26 15:00:00,0.0,0.0,,0.0
2024-08-26 16:00:00,0.0,0.0,,0.0
2024-08-26 17:00:00,0.0,0.0,,0.0
2024-08-26 18:00:00,0.0,0.0,,0.0
2024-08-26 19:00:00,0.0,0.0,,0.0
2024-08-26 20:00:00,0.0,0.0,,0.0
2024-08-26 21:00:00,0.0,0.0,,0.0
2024-08-26 22:00:00,0.0,0.0,,0.0
2024-08-26 23:00:00,0.0,0.0,,0.0
2024-08-27 00:00:00,0.0,0.0,,0.0
2024-08-27 01:00:00,0.0,0.0,,0.0
2024-08-27 02:00:00,2001.335204870447,4937.42664218981,49.69799265791587,2.001335204870447
2024-08-27 03:00:00,2875.2220059199076,4885.939663023149,47.45114767641439,2.8752220059199076
2024-08-27 04:00:00,2760.4118643746915,4896.586378643522,46.754308012996965,2.7604118643746913
2024-08-27 05:00:00,2684.0104019618825,4937.4266421898155,46.29058966341743,2.6840104019618827
2024-08-27 06:00:00,2776.3320739412034,4885.939663023144,46.85093565691894,2.7763320739412034
2024-08-27 07:00:00,2891.3196607467594,4896.5863786435175,47.54885232358561,2.8913196607467593
2024-08-27 08:00:00,3006.1298022919755,4937.42664218982,48.24569198700304,3.0061298022919756
2024-08-27 09:00:00,3082.531264704784,4896.586378643513,48.70941033658258,3.0825312647047842
2024-08-27 10:00:00,988.8743878550141,4278.742628643516,45.6573100974772,0.9888743878550141
2024-08-27 11:00:00,0.0,0.0,,0.0
2024-08-27 12:00:00,0.0,0.0,,0.0
2024-08-27 13:00:00,0.0,0.0,,0.0
2024-08-27 14:00:00,0.0,0.0,,0.0
2024-08-27 15:00:00,0.0,0.0,,0.0
2024-08-27 16:00:00,0.0,0.0,,0.0
2024-08-27 17:00:00,0.0,0.0,,0.0
2024-08-27 18:00:00,0.0,0.0,,0.0
2024-08-27 19:00:00,0.0,0.0,,0.0
2024-08-27 20:00:00,0.0,0.0,,0.0
2024-08-27 21:00:00,0.0,0.0,,0.0
2024-08-27 22:00:00,0.0,0.0,,0.0
2024-08-27 23:00:00,0.0,0.0,,0.0
2024-08-28 00:00:00,0.0,0.0,,0.0
2024-08-28 01:00:00,0.0,0.0,,0.0
2024-08-28 02:00:00,918.958582309977,4341.828588345968,45.93604339359918,0.9189585823099771
2024-08-28 03:00:00,3166.4732175542918,4857.17835609848,49.21889566064009,3.166473217554292
2024-08-28 04:00:00,2780.344872608584,4857.178356098476,46.875291321280166,2.780344872608584
2024-08-28 05:00:00,2600.0684491123743,4857.178356098479,45.78110433935992,2.6000684491123742
2024-08-28 06:00:00,2986.1967940580817,4857.17835609848,48.124708678719834,2.9861967940580816
2024-08-28 07:00:00,3166.4732175542918,4857.178356098485,49.21889566064009,3.166473217554292
2024-08-28 08:00:00,2780.3448726085853,4857.178356098479,46.87529132128017,2.7803448726085853
2024-08-28 09:00:00,2600.068449112374,4857.1783560984895,45.78110433935991,2.600068449112374
2024-08-28 10:00:00,2067.2382117481056,4857.178356098483,49.303220755323274,2.067238211748106
2024-08-28 11:00:00,0.0,0.0,,0.0
2024-08-28 12:00:00,0.0,0.0,,0.0
2024-08-28 13:00:00,0.0,0.0,,0.0
2024-08-28 14:00:00,0.0,0.0,,0.0
2024-08-28 15:00:00,0.0,0.0,,0.0
2024-08-28 16:00:00,0.0,0.0,,0.0
2024-08-28 17:00:00,0.0,0.0,,0.0
2024-08-28 18:00:00,0.0,0.0,,0.0
2024-08-28 19:00:00,0.0,0.0,,0.0
2024-08-28 20:00:00,0.0,0.0,,0.0
2024-08-28 21:00:00,0.0,0.0,,0.0
2024-08-28 22:00:00,0.0,0.0,,0.0
2024-08-28 23:00:00,0.0,0.0,,0.0
2024-08-29 00:00:00,0.0,0.0,,0.0
2024-08-29 01:00:00,0.0,0.0,,0.0
2024-08-29 02:00:00,734.4799143477644,3709.558693335045,44.077650634778486,0.7344799143477644
2024-08-29 03:00:00,3041.413855444616,4940.253806664953,48.45984839681118,3.041413855444616
2024-08-29 04:00:00,3066.741312805441,4893.759214168377,48.61357329101477,3.066741312805441
2024-08-29 05:00:00,2955.0197783886606,4940.253806664953,47.93547991536287,2.9550197783886607
2024-08-29 06:00:00,2840.1153980276063,4893.759214168382,47.23806826985548,2.8401153980276064
2024-08-29 07:00:00,2725.1278112220507,4888.766827498286,46.54015160318882,2.7251278112220505
2024-08-29 08:00:00,2699.800353861225,4940.253806664958,46.38642670898523,2.699800353861225
2024-08-29 09:00:00,2811.521888278007,4893.759214168386,47.06452008463714,2.8115218882780066
2024-08-29 10:00:00,2191.946354291295,4888.766827498292,49.46928150604584,2.191946354291295
2024-08-29 11:00:00,0.0,0.0,,0.0
2024-08-29 12:00:00,0.0,0.0,,0.0
2024-08-29 13:00:00,0.0,0.0,,0.0
2024-08-29 14:00:00,0.0,0.0,,0.0
2024-08-29 15:00:00,0.0,0.0,,0.0
2024-08-29 16:00:00,0.0,0.0,,0.0
2024-08-29 17:00:00,0.0,0.0,,0.0
2024-08-29 18:00:00,0.0,0.0,,0.0
2024-08-29 19:00:00,0.0,0.0,,0.0
2024-08-29 20:00:00,0.0,0.0,,0.0
2024-08-29 21:00:00,0.0,0.0,,0.0
2024-08-29 22:00:00,0.0,0.0,,0.0
2024-08-29 23:00:00,0.0,0.0,,0.0
2024-08-30 00:00:00,0.0,0.0,,0.0
2024-08-30 01:00:00,0.0,0.0,,0.0
2024-08-30 02:00:00,0.0,0.0,,0.0
2024-08-30 03:00:00,2431.324807541704,4898.1851219995515,48.83861556771875,2.431324807541704
2024-08-30 04:00:00,2700.0954143833033,4935.827898833782,46.38821757756292,2.7000954143833034
2024-08-30 05:00:00,2724.685220438934,4884.34091966712,46.537465300322296,2.724685220438934
2024-08-30 06:00:00,2839.6728072444894,4898.1851219995515,47.23538196698896,2.8396728072444892
2024-08-30 07:00:00,2954.429657344505,4935.827898833786,47.931898178207504,2.954429657344505
2024-08-30 08:00:00,3066.446252283364,4898.1851219995515,48.61178242243709,3.066446252283364
2024-08-30 09:00:00,3041.8564462277327,4935.827898833793,48.462534699677704,3.0418564462277327
2024-08-30 10:00:00,2926.868859422176,4884.340919667122,47.76461803301103,2.926868859422176
2024-08-30 11:00:00,380.7872017804565,2684.2450178328763,40.66701366344368,0.3807872017804565
2024-08-30 12:00:00,0.0,0.0,,0.0
2024-08-30 13:00:00,0.0,0.0,,0.0
2024-08-30 14:00:00,0.0,0.0,,0.0
2024-08-30 15:00:00,0.0,0.0,,0.0
2024-08-30 16:00:00,0.0,0.0,,0.0
2024-08-30 17:00:00,0.0,0.0,,0.0
2024-08-30 18:00:00,0.0,0.0,,0.0
2024-08-30 19:00:00,0.0,0.0,,0.0
2024-08-30 20:00:00,0.0,0.0,,0.0
2024-08-30 21:00:00,0.0,0.0,,0.0
2024-08-30 22:00:00,0.0,0.0,,0.0
2024-08-30 23:00:00,0.0,0.0,,0.0
2024-08-31 00:00:00,0.0,0.0,,0.0
2024-08-31 01:00:00,0.0,0.0,,0.0
2024-08-31 02:00:00,0.0,0.0,,0.0
2024-08-31 03:00:00,0.0,0.0,,0.0
2024-08-31 04:00:00,0.0,0.0,,0.0
2024-08-31 05:00:00,0.0,0.0,,0.0
2024-08-31 06:00:00,0.0,0.0,,0.0
2024-08-31 07:00:00,0.0,0.0,,0.0
2024-08-31 08:00:00,0.0,0.0,,0.0
2024-08-31 09:00:00,0.0,0.0,,0.0
2024-08-31 10:00:00,0.0,0.0,,0.0
2024-08-31 11:00:00,0.0,0.0,,0.0
2024-08-31 12:00:00,0.0,0.0,,0.0
2024-08-31 13:00:00,0.0,0.0,,0.0
2024-08-31 14:00:00,0.0,0.0,,0.0
2024-08-31 15:00:00,0.0,0.0,,0.0
2024-08-31 16:00:00,0.0,0.0,,0.0
2024-08-31 17:00:00,0.0,0.0,,0.0
2024-08-31 18:00:00,0.0,0.0,,0.0
2024-08-31 19:00:00,0.0,0.0,,0.0
2024-08-31 20:00:00,0.0,0.0,,0.0
2024-08-31 21:00:00,0.0,0.0,,0.0
2024-08-31 22:00:00,0.0,0.0,,0.0
2024-08-31 23:00:00,0.0,0.0,,0.0
2024-09-01 00:00:00,0.0,0.0,,0.0
2024-09-01 01:00:00,0.0,0.0,,0.0
2024-09-01 02:00:00,0.0,0.0,,0.0
2024-09-01 03:00:00,0.0,0.0,,0.0
2024-09-01 04:00:00,0.0,0.0,,0.0
2024-09-01 05:00:00,0.0,0.0,,0.0
2024-09-01 06:00:00,0.0,0.0,,0.0
2024-09-01 07:00:00,0.0,0.0,,0.0
2024-09-01 08:00:00,0.0,0.0,,0.0
2024-09-01 09:00:00,0.0,0.0,,0.0
2024-09-01 10:00:00,0.0,0.0,,0.0
2024-09-01 11:00:00,0.0,0.0,,0.0
2024-09-01 12:00:00,0.0,0.0,,0.0
2024-09-01 13:00:00,0.0,0.0,,0.0
2024-09-01 14:00:00,0.0,0.0,,0.0
2024-09-01 15:00:00,0.0,0.0,,0.0
2024-09-01 16:00:00,0.0,0.0,,0.0
2024-09-01 17:00:00,0.0,0.0,,0.0
2024-09-01 18:00:00,0.0,0.0,,0.0
2024-09-01 19:00:00,0.0,0.0,,0.0
2024-09-01 20:00:00,0.0,0.0,,0.0
2024-09-01 21:00:00,0.0,0.0,,0.0
2024-09-01 22:00:00,0.0,0.0,,0.0
2024-09-01 23:00:00,0.0,0.0,,0.0
2024-09-02 00:00:00,0.0,0.0,,0.0
2024-09-02 01:00:00,0.0,0.0,,0.0
2024-09-02 02:00:00,0.0,0.0,,0.0
2024-09-02 03:00:00,1842.5473592312687,4173.019658894913,45.249999984441324,1.8425473592312687
2024-09-02 04:00:00,3241.877645023561,4940.175653605087,49.67656251089107,3.241877645023561
2024-09-02 05:00:00,2915.278570083321,4914.432164021753,47.69427082140501,2.915278570083321
2024-09-02 06:00:00,2469.7445806165556,4605.510289021755,44.9901041765205,2.4697445806165557
2024-09-02 07:00:00,3573.4537879516843,4919.580856811579,51.68906249325791,3.573453787951684
2024-09-02 08:00:00,2030.6464588460171,3575.77070568842,42.32500000311173,2.030646458846017
2024-09-02 09:00:00,3784.207157203503,4940.175653605092,52.96822916718529,3.784207157203503
2024-09-02 10:00:00,2048.9243353393686,3658.1498672282437,42.43593749636965,2.0489243353393687
2024-09-02 11:00:00,3536.812223418485,4914.432164021753,51.46666667392738,3.536812223418485
2024-09-02 12:00:00,2524.6640216431056,4687.889450561573,45.32343748910893,2.5246640216431055
2024-09-02 13:00:00,2851.263096583343,4919.580856811574,47.30572917859497,2.8512630965833434
2024-09-02 14:00:00,3296.7970860501127,4940.1756536050825,50.00989582347952,3.2967970860501126
2024-09-02 15:00:00,2193.087878714981,4090.640497355081,43.310937506742086,2.193087878714981
2024-09-02 16:00:00,3735.8952078206503,4914.4321640217395,52.67499999688827,3.73589520782065
2024-09-02 17:00:00,1982.3345094631638,3143.2800755615913,42.031770832814715,1.982334509463164
2024-09-02 18:00:00,3717.6173313272966,4919.580856811589,52.564062503630346,3.7176173313272964
2024-09-02 19:00:00,387.18208401691027,2031.1613306884133,38.812500015558626,0.3871820840169103
2024-09-02 20:00:00,0.0,0.0,,0.0
2024-09-02 21:00:00,0.0,0.0,,0.0
2024-09-02 22:00:00,0.0,0.0,,0.0
2024-09-02 23:00:00,0.0,0.0,,0.0
2024-09-03 00:00:00,0.0,0.0,,0.0
2024-09-03 01:00:00,0.0,0.0,,0.0
2024-09-03 02:00:00,342.9755344344799,1912.5154189879197,38.32675416157758,0.3429755344344799
2024-09-03 03:00:00,3686.1425163213758,4924.5037002379195,52.37302624847327,3.6861425163213757
2024-09-03 04:00:00,1987.7556994980275,3261.92598726208,42.06467472256149,1.9877556994980274
2024-09-03 05:00:00,3757.2999475297906,4935.252810178744,52.8049159730704,3.757299947529791
2024-09-03 06:00:00,2145.465419253904,3971.9945856545874,43.021893192578446,2.145465419253904
2024-09-03 07:00:00,3370.4731704822475,4909.509320595411,50.45707250305345,3.3704731704822475
2024-09-03 08:00:00,2758.834904634781,4924.503700237922,46.74473666259541,2.758834904634781
2024-09-03 09:00:00,2609.1824861449686,4806.535362262078,45.83642194817643,2.6091824861449684
2024-09-03 10:00:00,3479.119688660627,4935.252810178744,51.1165020807888,3.479119688660627
2024-09-03 11:00:00,2080.3991503452903,3776.795778928745,42.62697375152673,2.0803991503452903
2024-09-03 12:00:00,3778.7859671686388,4909.509320595411,52.93532527743851,3.7787859671686386
2024-09-03 13:00:00,2009.2417191368756,3457.1247939879186,42.1950840269296,2.0092417191368757
2024-09-03 14:00:00,3621.076247412762,4924.503700237924,51.97810680742155,3.621076247412762
2024-09-03 15:00:00,2396.0684961844204,4486.864377321252,44.542927496946554,2.3960684961844203
2024-09-03 16:00:00,3007.706762031884,4935.252810178749,48.255263337404585,3.007706762031884
2024-09-03 17:00:00,3157.3591805216993,4909.509320595408,49.16357805182358,3.1573591805216994
2024-09-03 18:00:00,1944.4464435715574,4291.66557059541,45.73574583842239,1.9444464435715574
2024-09-03 19:00:00,0.0,0.0,,0.0
2024-09-03 20:00:00,0.0,0.0,,0.0
2024-09-03 21:00:00,0.0,0.0,,0.0
2024-09-03 22:00:00,0.0,0.0,,0.0
2024-09-03 23:00:00,0.0,0.0,,0.0
2024-09-04 00:00:00,0.0,0.0,,0.0
2024-09-04 01:00:00,0.0,0.0,,0.0
2024-09-04 02:00:00,254.54615250670795,1697.4983406585402,37.72483392362677,0.254546152506708
2024-09-04 03:00:00,3613.7571487634154,4941.178028158542,51.93368356945071,3.6137571487634155
2024-09-04 04:00:00,2012.5447644041321,3476.9430655914593,42.215131846062214,2.012544764404132
2024-09-04 05:00:00,3780.1071852755413,4918.578482258125,52.94334440509155,3.7801071852755412
2024-09-04 06:00:00,2074.506067925611,3756.977507325208,42.591205712967145,2.0745060679256113
2024-09-04 07:00:00,3489.028824462396,4915.434538575208,51.17664553818661,3.4890288244623964
2024-09-04 08:00:00,2594.6490869690406,4786.717090658536,45.748211543992966,2.5946490869690404
2024-09-04 09:00:00,2774.6371228562293,4941.178028158543,46.8406481585528,2.7746371228562294
2024-09-04 10:00:00,3358.5822075201245,4918.578482258125,50.38490035417606,3.3585822075201244
2024-09-04 11:00:00,2152.7845179032497,3991.8128572581295,43.066316430549286,2.1527845179032497
2024-09-04 12:00:00,3753.9969022625346,4915.434538575203,52.7848681539378,3.753996902262535
2024-09-04 13:00:00,1986.4344813911252,3242.1077156585425,42.05665559490845,1.9864344813911252
2024-09-04 14:00:00,3692.0355987410558,4941.178028158543,52.408794287032855,3.6920355987410556
2024-09-04 15:00:00,2277.5128422042712,4271.847298991877,43.823354461813395,2.2775128422042714
2024-09-04 16:00:00,3171.892579697627,4918.57848225813,49.25178845600704,3.171892579697627
2024-09-04 17:00:00,2991.904543810436,4915.4345385751985,48.15935184144719,2.9919045438104357
2024-09-04 18:00:00,2153.413306639835,4506.682648924794,46.33766607637324,2.153413306639835
2024-09-04 19:00:00,0.0,0.0,,0.0
2024-09-04 20:00:00,0.0,0.0,,0.0
2024-09-04 21:00:00,0.0,0.0,,0.0
2024-09-04 22:00:00,0.0,0.0,,0.0
2024-09-04 23:00:00,0.0,0.0,,0.0
2024-09-05 00:00:00,0.0,0.0,,0.0
2024-09-05 01:00:00,378.5750568235711,1998.8849787133918,38.616598835193315,0.3785750568235711
2024-09-05 02:00:00,3709.782608906904,4933.642791213391,52.51650968938488,3.709782608906904
2024-09-05 03:00:00,1983.4103878623314,3175.5564275366078,42.03830087216022,1.9834103878623315
2024-09-05 04:00:00,3742.350478215654,4926.113719203272,52.71418023296133,3.7423504782156543
2024-09-05 05:00:00,2179.405033152024,4058.3641453800597,43.22788953407733,2.179405033152024
2024-09-05 06:00:00,3317.238775634295,4907.899301630061,50.133966571044226,3.317238775634295
2024-09-05 07:00:00,2826.21431977627,4933.642791213394,47.153695734821326,2.8262143197762697
2024-09-05 08:00:00,2547.257468025624,4720.165802536607,45.46056831536467,2.5472574680256237
2024-09-05 09:00:00,3521.749925830139,4926.113719203277,51.375246123090214,3.521749925830139
2024-09-05 10:00:00,2056.7590577597616,3690.426219203272,42.48349031061512,2.0567590577597614
2024-09-05 11:00:00,3783.131278804335,4907.899301630061,52.96169912783978,3.783131278804335
2024-09-05 12:00:00,2024.1911884510118,3543.4943537133904,42.28581976703867,2.0241911884510118
2024-09-05 13:00:00,3587.136633514642,4933.642791213394,51.772110465922665,3.587136633514642
2024-09-05 14:00:00,2449.302891032372,4573.233937046725,44.86603342895578,2.4493028910323718
2024-09-05 15:00:00,2940.3273468903944,4926.113719203272,47.84630426517867,2.9403273468903945
2024-09-05 16:00:00,3219.284198641043,4907.8993016300565,49.53943168463534,3.219284198641043
2024-09-05 17:00:00,1866.2166840129544,4205.296010869938,45.44590116480666,1.8662166840129544
2024-09-05 18:00:00,0.0,0.0,,0.0
2024-09-05 19:00:00,0.0,0.0,,0.0
2024-09-05 20:00:00,0.0,0.0,,0.0
2024-09-05 21:00:00,0.0,0.0,,0.0
2024-09-05 22:00:00,0.0,0.0,,0.0
2024-09-05 23:00:00,0.0,0.0,,0.0
2024-09-06 00:00:00,0.0,0.0,,0.0
2024-09-06 01:00:00,1604.8024658515642,4099.347877485312,44.98514108871095,1.6048024658515643
2024-09-06 02:00:00,3054.6467422588125,4928.035803070245,48.54016534677343,3.0546467422588126
2024-09-06 03:00:00,3319.6860915204334,4928.035803070245,50.14882054435547,3.3196860915204334
2024-09-06 04:00:00,2126.6570525292464,3640.861323903577,42.90773589112891,2.1266570525292465
2024-09-06 05:00:00,3548.187303421073,4928.035803070245,51.53570767338672,3.548187303421073
2024-09-06 06:00:00,2711.8949244078535,4928.035803070245,46.459834653226565,2.7118949244078534
2024-09-06 07:00:00,2446.8555751462336,4670.600907236912,44.851179455644534,2.4468555751462335
2024-09-06 08:00:00,3639.88461413742,4928.03580307024,52.09226410887109,3.6398846141374204
2024-09-06 09:00:00,2218.3543632455926,4099.347877485311,43.46429232661328,2.2183543632455924
2024-09-06 10:00:00,3054.6467422588134,4928.03580307024,48.540165346773435,3.0546467422588135
2024-09-06 11:00:00,3319.6860915204325,4928.035803070249,50.148820544355466,3.3196860915204325
2024-09-06 12:00:00,2126.6570525292464,3640.861323903584,42.90773589112891,2.1266570525292465
2024-09-06 13:00:00,3548.187303421074,4928.035803070245,51.535707673386725,3.548187303421074
2024-09-06 14:00:00,2711.894924407852,4928.035803070254,46.45983465322656,2.711894924407852
2024-09-06 15:00:00,2446.855575146234,4670.600907236917,44.851179455644534,2.446855575146234
2024-09-06 16:00:00,3639.8846141374192,4928.035803070249,52.09226410887109,3.639884614137419
2024-09-06 17:00:00,613.5518973940327,2611.121740570252,40.6398589112891,0.6135518973940327
2024-09-06 18:00:00,0.0,0.0,,0.0
2024-09-06 19:00:00,0.0,0.0,,0.0
2024-09-06 20:00:00,0.0,0.0,,0.0
2024-09-06 21:00:00,0.0,0.0,,0.0
2024-09-06 22:00:00,0.0,0.0,,0.0
2024-09-06 23:00:00,0.0,0.0,,0.0
2024-09-07 00:00:00,0.0,0.0,,0.0
2024-09-07 01:00:00,0.0,0.0,,0.0
2024-09-07 02:00:00,0.0,0.0,,0.0
2024-09-07 03:00:00,0.0,0.0,,0.0
2024-09-07 04:00:00,0.0,0.0,,0.0
2024-09-07 05:00:00,0.0,0.0,,0.0
2024-09-07 06:00:00,0.0,0.0,,0.0
2024-09-07 07:00:00,0.0,0.0,,0.0
2024-09-07 08:00:00,0.0,0.0,,0.0
2024-09-07 09:00:00,0.0,0.0,,0.0
2024-09-07 10:00:00,0.0,0.0,,0.0
2024-09-07 11:00:00,0.0,0.0,,0.0
2024-09-07 12:00:00,0.0,0.0,,0.0
2024-09-07 13:00:00,0.0,0.0,,0.0
2024-09-07 14:00:00,0.0,0.0,,0.0
2024-09-07 15:00:00,0.0,0.0,,0.0
2024-09-07 16:00:00,0.0,0.0,,0.0
2024-09-07 17:00:00,0.0,0.0,,0.0
2024-09-07 18:00:00,0.0,0.0,,0.0
2024-09-07 19:00:00,0.0,0.0,,0.0
2024-09-07 20:00:00,0.0,0.0,,0.0
2024-09-07 21:00:00,0.0,0.0,,0.0
2024-09-07 22:00:00,0.0,0.0,,0.0
2024-09-07 23:00:00,0.0,0.0,,0.0
2024-09-08 00:00:00,0.0,0.0,,0.0
2024-09-08 01:00:00,0.0,0.0,,0.0
2024-09-08 02:00:00,0.0,0.0,,0.0
2024-09-08 03:00:00,0.0,0.0,,0.0
2024-09-08 04:00:00,0.0,0.0,,0.0
2024-09-08 05:00:00,0.0,0.0,,0.0
2024-09-08 06:00:00,0.0,0.0,,0.0
2024-09-08 07:00:00,0.0,0.0,,0.0
2024-09-08 08:00:00,0.0,0.0,,0.0
2024-09-08 09:00:00,0.0,0.0,,0.0
2024-09-08 10:00:00,0.0,0.0,,0.0
2024-09-08 11:00:00,0.0,0.0,,0.0
2024-09-08 12:00:00,0.0,0.0,,0.0
2024-09-08 13:00:00,0.0,0.0,,0.0
2024-09-08 14:00:00,0.0,0.0,,0.0
2024-09-08 15:00:00,0.0,0.0,,0.0
2024-09-08 16:00:00,0.0,0.0,,0.0
2024-09-08 17:00:00,0.0,0.0,,0.0
2024-09-08 18:00:00,0.0,0.0,,0.0
2024-09-08 19:00:00,0.0,0.0,,0.0
2024-09-08 20:00:00,0.0,0.0,,0.0
2024-09-08 21:00:00,0.0,0.0,,0.0
2024-09-08 22:00:00,0.0,0.0,,0.0
2024-09-08 23:00:00,0.0,0.0,,0.0
2024-09-09 00:00:00,0.0,0.0,,0.0
2024-09-09 01:00:00,0.0,0.0,,0.0
2024-09-09 02:00:00,2593.362318596924,4942.566180132982,48.162001740989965,2.593362318596924
2024-09-09 03:00:00,2411.2210750342806,4599.319652355204,44.63489600951463,2.4112210750342804
2024-09-09 04:00:00,3647.00661229669,4942.566180132983,52.135491046259816,3.64700661229669
2024-09-09 05:00:00,2239.744867039006,4170.629132367017,43.59412189796574,2.239744867039006
2024-09-09 06:00:00,3011.8779893297897,4942.566180132982,48.28058058366166,3.01187798932979
2024-09-09 07:00:00,3355.3205916323855,4942.566180132983,50.36510399048537,3.3553205916323856
2024-09-09 08:00:00,2119.5350543699765,3569.5800690218734,42.864508953740184,2.1195350543699765
2024-09-09 09:00:00,3526.7967996276616,4942.566180132982,51.405878102034265,3.5267967996276615
2024-09-09 10:00:00,2754.6636773368755,4942.566180132983,46.71941941633833,2.7546636773368753
2024-09-09 11:00:00,2411.2210750342815,4599.319652355207,44.634896009514634,2.4112210750342813
2024-09-09 12:00:00,3647.00661229669,4942.566180132986,52.135491046259816,3.64700661229669
2024-09-09 13:00:00,2239.7448670390045,4170.62913236701,43.594121897965735,2.2397448670390045
2024-09-09 14:00:00,3011.8779893297915,4942.566180132989,48.28058058366168,3.0118779893297916
2024-09-09 15:00:00,3355.3205916323845,4942.566180132991,50.365103990485366,3.3553205916323847
2024-09-09 16:00:00,2119.535054369977,3569.580069021875,42.864508953740184,2.119535054369977
2024-09-09 17:00:00,3526.7967996276625,4942.566180132993,51.40587810203427,3.5267967996276623
2024-09-09 18:00:00,161.30135873995368,1510.1009023552092,37.342634306102795,0.1613013587399537
2024-09-09 19:00:00,0.0,0.0,,0.0
2024-09-09 20:00:00,0.0,0.0,,0.0
2024-09-09 21:00:00,0.0,0.0,,0.0
2024-09-09 22:00:00,0.0,0.0,,0.0
2024-09-09 23:00:00,0.0,0.0,,0.0
2024-09-10 00:00:00,0.0,0.0,,0.0
2024-09-10 01:00:00,0.0,0.0,,0.0
2024-09-10 02:00:00,2684.800369935075,4921.939123669404,48.44760494791069,2.684800369935075
2024-09-10 03:00:00,2362.243382988223,4492.880963947182,44.33762611696863,2.362243382988223
2024-09-10 04:00:00,3653.408828979538,4921.939123669404,52.1743492730537,3.653408828979538
2024-09-10 05:00:00,2275.918125719366,4277.067820775039,43.81367533692398,2.275918125719366
2024-09-10 06:00:00,2948.014776284976,4921.939123669404,47.892963085033486,2.948014776284976
2024-09-10 07:00:00,3404.298283678443,4921.939123669406,50.662373883031364,3.4042982836784432
2024-09-10 08:00:00,2113.1328376871284,3463.1413806138526,42.8256507269463,2.1131328376871283
2024-09-10 09:00:00,3490.6235409473015,4921.939123669409,51.18632466307603,3.4906235409473014
2024-09-10 10:00:00,2818.526890381688,4921.939123669411,47.10703691496649,2.8185268903816882
2024-09-10 11:00:00,2362.243382988225,4492.880963947186,44.33762611696864,2.362243382988225
2024-09-10 12:00:00,3653.408828979538,4921.939123669404,52.1743492730537,3.653408828979538
2024-09-10 13:00:00,2275.918125719364,4277.067820775031,43.81367533692397,2.275918125719364
2024-09-10 14:00:00,2948.0147762849792,4921.939123669406,47.892963085033514,2.948014776284979
2024-09-10 15:00:00,3404.2982836784413,4921.939123669409,50.66237388303136,3.4042982836784415
2024-09-10 16:00:00,2113.1328376871284,3463.1413806138535,42.8256507269463,2.1131328376871283
2024-09-10 17:00:00,3490.6235409473024,4921.939123669411,51.186324663076036,3.4906235409473023
2024-09-10 18:00:00,133.7265204466163,1403.6622139471883,36.95702180838918,0.1337265204466163
2024-09-10 19:00:00,0.0,0.0,,0.0
2024-09-10 20:00:00,0.0,0.0,,0.0
2024-09-10 21:00:00,0.0,0.0,,0.0
2024-09-10 22:00:00,0.0,0.0,,0.0
2024-09-10 23:00:00,0.0,0.0,,0.0
2024-09-11 00:00:00,0.0,0.0,,0.0
2024-09-11 01:00:00,0.0,0.0,,0.0
2024-09-11 02:00:00,231.64873559745192,1692.596717526505,37.66904187630944,0.23164873559745192
2024-09-11 03:00:00,3577.9787016821106,4932.061268584605,51.716526437805534,3.5779787016821105
2024-09-11 04:00:00,2141.351478384047,3752.0758841931715,42.99692364605157,2.141351478384047
2024-09-11 05:00:00,3260.5058415497956,4932.061268584605,49.78962627009132,3.2605058415497954
2024-09-11 06:00:00,3121.3754784325693,4932.061268584607,48.94517512578566,3.121375478432569
2024-09-11 07:00:00,2188.5629649845564,3988.1333171957176,43.283473562194466,2.1885629649845564
2024-09-11 08:00:00,3625.19018828262,4932.06126858461,52.00307635394844,3.62519018828262
2024-09-11 09:00:00,2506.0358251168705,4781.8154675265005,45.21037372990868,2.5060358251168706
2024-09-11 10:00:00,2645.1661882340977,4932.061268584603,46.05482487421434,2.6451661882340978
2024-09-11 11:00:00,3577.9787016821106,4932.061268584605,51.716526437805534,3.5779787016821105
2024-09-11 12:00:00,2141.3514783840465,3752.0758841931647,42.99692364605156,2.1413514783840464
2024-09-11 13:00:00,3260.505841549797,4932.061268584607,49.789626270091325,3.260505841549797
2024-09-11 14:00:00,3121.375478432568,4932.06126858461,48.94517512578566,3.121375478432568
2024-09-11 15:00:00,2188.562964984557,3988.13331719572,43.283473562194466,2.188562964984557
2024-09-11 16:00:00,3625.19018828262,4932.061268584603,52.00307635394843,3.62519018828262
2024-09-11 17:00:00,2506.0358251168686,4781.815467526505,45.210373729908675,2.506035825116869
2024-09-11 18:00:00,2413.517452636648,4932.0612685846145,47.937347588029745,2.4135174526366483
2024-09-11 19:00:00,0.0,0.0,,0.0
2024-09-11 20:00:00,0.0,0.0,,0.0
2024-09-11 21:00:00,0.0,0.0,,0.0
2024-09-11 22:00:00,0.0,0.0,,0.0
2024-09-11 23:00:00,0.0,0.0,,0.0
2024-09-12 00:00:00,0.0,0.0,,0.0
2024-09-12 01:00:00,13.842030164104111,830.5218098462467,35.040848575264256,0.01384203016410411
2024-09-12 02:00:00,3118.405783382122,4923.736653596246,48.927150574369264,3.118405783382122
2024-09-12 03:00:00,2315.040885443113,4343.919596403753,44.05113075985907,2.315040885443113
2024-09-12 04:00:00,3670.4663085788734,4936.019856820419,52.27787957257928,3.6704663085788733
2024-09-12 05:00:00,1991.873079432042,3314.1800130704196,42.08966514247357,1.991873079432042
2024-09-12 06:00:00,3764.517057298278,4910.2763672370875,52.848720189964766,3.764517057298278
2024-09-12 07:00:00,2126.305609790846,3919.74055984625,42.905602810930226,2.126305609790846
2024-09-12 08:00:00,3401.1918077537935,4923.736653596243,50.64351914068359,3.4011918077537935
2024-09-12 09:00:00,2718.5235785210107,4936.019856820423,46.50006724103593,2.718523578521011
2024-09-12 10:00:00,2648.135883284544,4858.7893880704205,46.072849425630736,2.648135883284544
2024-09-12 11:00:00,3451.5007812235535,4910.276367237083,50.94886924014093,3.4515007812235536
2024-09-12 12:00:00,2096.075358087792,3829.0498047370866,42.72212042742072,2.096075358087792
2024-09-12 13:00:00,3774.6685872346247,4923.736653596246,52.91033485752643,3.7746685872346246
2024-09-12 14:00:00,2002.0246093683886,3404.8707681795763,42.151279810035234,2.0020246093683887
2024-09-12 15:00:00,3640.2360568758204,4936.019856820419,52.094397189069774,3.6402360568758203
2024-09-12 16:00:00,2365.3498589128735,4434.610351512919,44.35648085931642,2.3653498589128734
2024-09-12 17:00:00,3034.17605798155,4910.276367237078,48.72805282987423,3.03417605798155
2024-09-12 18:00:00,0.0,0.0,,0.0
2024-09-12 19:00:00,0.0,0.0,,0.0
2024-09-12 20:00:00,0.0,0.0,,0.0
2024-09-12 21:00:00,0.0,0.0,,0.0
2024-09-12 22:00:00,0.0,0.0,,0.0
2024-09-12 23:00:00,0.0,0.0,,0.0
2024-09-13 00:00:00,0.0,0.0,,0.0
2024-09-13 01:00:00,0.0,0.0,,0.0
2024-09-13 02:00:00,0.0,0.0,,0.0
2024-09-13 03:00:00,2698.249983426717,4930.244504792096,47.865836446100914,2.698249983426717
2024-09-13 04:00:00,2586.6311698336494,4775.783567292096,45.69954683020777,2.5866311698336495
2024-09-13 05:00:00,3494.495586145618,4904.501015208763,51.20982602485834,3.494495586145618
2024-09-13 06:00:00,2071.5904616945595,3746.0439839587634,42.57350945340889,2.0715904616945595
2024-09-13 07:00:00,3780.8360868333043,4929.51200562457,52.94776846998111,3.7808360868333044
2024-09-13 08:00:00,2014.3670182985395,3487.8765889579004,42.22619200828611,2.0143670182985396
2024-09-13 09:00:00,3609.383739416838,4930.244504792092,51.907139180113326,3.609383739416838
2024-09-13 10:00:00,2414.519573166409,4517.616172291234,44.654916229830015,2.414519573166409
2024-09-13 11:00:00,2983.522175896162,4904.501015208759,48.10847509521721,2.983522175896162
2024-09-13 12:00:00,3179.9104968330194,4929.51200562457,49.30045316979224,3.179910496833019
2024-09-13 13:00:00,2272.0460805210473,4260.913775625428,43.790173975141656,2.272046080521047
2024-09-13 14:00:00,3694.9512049721084,4930.244504792096,52.42649054659112,3.6949512049721083
2024-09-13 15:00:00,1985.7055798333618,3231.1741922920946,42.05223153001889,1.9857055798333618
2024-09-13 16:00:00,3752.1746483681263,4904.501015208754,52.77380799171388,3.7521746483681264
2024-09-13 17:00:00,2157.157927249829,4002.7463806245764,43.09286081988668,2.1571579272498287
2024-09-13 18:00:00,3352.0220935002562,4929.512005624574,50.345083770169985,3.3520220935002563
2024-09-13 19:00:00,84.76950734378546,1171.6950256254268,36.1740979502833,0.08476950734378547
2024-09-13 20:00:00,0.0,0.0,,0.0
2024-09-13 21:00:00,0.0,0.0,,0.0
2024-09-13 22:00:00,0.0,0.0,,0.0
2024-09-13 23:00:00,0.0,0.0,,0.0
2024-09-14 00:00:00,0.0,0.0,,0.0
2024-09-14 01:00:00,0.0,0.0,,0.0
2024-09-14 02:00:00,0.0,0.0,,0.0
2024-09-14 03:00:00,0.0,0.0,,0.0
2024-09-14 04:00:00,0.0,0.0,,0.0
2024-09-14 05:00:00,0.0,0.0,,0.0
2024-09-14 06:00:00,0.0,0.0,,0.0
2024-09-14 07:00:00,0.0,0.0,,0.0
2024-09-14 08:00:00,0.0,0.0,,0.0
2024-09-14 09:00:00,0.0,0.0,,0.0
2024-09-14 10:00:00,0.0,0.0,,0.0
2024-09-14 11:00:00,0.0,0.0,,0.0
2024-09-14 12:00:00,0.0,0.0,,0.0
2024-09-14 13:00:00,0.0,0.0,,0.0
2024-09-14 14:00:00,0.0,0.0,,0.0
2024-09-14 15:00:00,0.0,0.0,,0.0
2024-09-14 16:00:00,0.0,0.0,,0.0
2024-09-14 17:00:00,0.0,0.0,,0.0
2024-09-14 18:00:00,0.0,0.0,,0.0
2024-09-14 19:00:00,0.0,0.0,,0.0
2024-09-14 20:00:00,0.0,0.0,,0.0
2024-09-14 21:00:00,0.0,0.0,,0.0
2024-09-14 22:00:00,0.0,0.0,,0.0
2024-09-14 23:00:00,0.0,0.0,,0.0
2024-09-15 00:00:00,0.0,0.0,,0.0
2024-09-15 01:00:00,0.0,0.0,,0.0
2024-09-15 02:00:00,0.0,0.0,,0.0
2024-09-15 03:00:00,0.0,0.0,,0.0
2024-09-15 04:00:00,0.0,0.0,,0.0
2024-09-15 05:00:00,0.0,0.0,,0.0
2024-09-15 06:00:00,0.0,0.0,,0.0
2024-09-15 07:00:00,0.0,0.0,,0.0
2024-09-15 08:00:00,0.0,0.0,,0.0
2024-09-15 09:00:00,0.0,0.0,,0.0
2024-09-15 10:00:00,0.0,0.0,,0.0
2024-09-15 11:00:00,0.0,0.0,,0.0
2024-09-15 12:00:00,0.0,0.0,,0.0
2024-09-15 13:00:00,0.0,0.0,,0.0
2024-09-15 14:00:00,0.0,0.0,,0.0
2024-09-15 15:00:00,0.0,0.0,,0.0
2024-09-15 16:00:00,0.0,0.0,,0.0
2024-09-15 17:00:00,0.0,0.0,,0.0
2024-09-15 18:00:00,0.0,0.0,,0.0
2024-09-15 19:00:00,0.0,0.0,,0.0
2024-09-15 20:00:00,0.0,0.0,,0.0
2024-09-15 21:00:00,0.0,0.0,,0.0
2024-09-15 22:00:00,0.0,0.0,,0.0
2024-09-15 23:00:00,0.0,0.0,,0.0
2024-09-16 00:00:00,0.0,0.0,,0.0
2024-09-16 01:00:00,0.0,0.0,,0.0
2024-09-16 02:00:00,3206.1499067882,4923.106181452556,49.45971315636963,3.2061499067882
2024-09-16 03:00:00,2157.800725515044,3846.8426032696657,43.09676228121012,2.157800725515044
2024-09-16 04:00:00,3599.4361421817107,4923.106181452558,51.84676228121012,3.5994361421817107
2024-09-16 05:00:00,2588.3061567882,4923.106181452556,45.70971315636963,2.5883061567882
2024-09-16 06:00:00,2560.391759878467,4876.582186603,45.54028684363037,2.560391759878467
2024-09-16 07:00:00,3608.740941151622,4923.106181452554,51.90323771878988,3.608740941151622
2024-09-16 08:00:00,2167.105524484955,3893.3665981192166,43.153237718789875,2.167105524484955
2024-09-16 09:00:00,3178.235509878468,4923.106181452556,49.290286843630376,3.178235509878468
2024-09-16 10:00:00,3206.1499067881987,4923.106181452554,49.459713156369624,3.2061499067881987
2024-09-16 11:00:00,2157.8007255150446,3846.8426032696693,43.09676228121012,2.1578007255150444
2024-09-16 12:00:00,3599.4361421817116,4923.106181452551,51.846762281210125,3.5994361421817116
2024-09-16 13:00:00,2588.3061567881978,4923.106181452548,45.709713156369624,2.5883061567881978
2024-09-16 14:00:00,2560.3917598784683,4876.582186603003,45.540286843630376,2.5603917598784682
2024-09-16 15:00:00,3608.7409411516214,4923.106181452556,51.903237718789875,3.6087409411516216
2024-09-16 16:00:00,2167.1055244849545,3893.3665981192225,43.153237718789875,2.1671055244849544
2024-09-16 17:00:00,3178.235509878469,4923.106181452554,49.29028684363038,3.178235509878469
2024-09-16 18:00:00,0.0,0.0,,0.0
2024-09-16 19:00:00,0.0,0.0,,0.0
2024-09-16 20:00:00,0.0,0.0,,0.0
2024-09-16 21:00:00,0.0,0.0,,0.0
2024-09-16 22:00:00,0.0,0.0,,0.0
2024-09-16 23:00:00,0.0,0.0,,0.0
2024-09-17 00:00:00,0.0,0.0,,0.0
2024-09-17 01:00:00,0.0,0.0,,0.0
2024-09-17 02:00:00,160.5354008576079,1504.3562182376147,37.30776697040348,0.1605354008576079
2024-09-17 03:00:00,3524.8819049217973,4936.82149601539,51.39425565680116,3.524881904921797
2024-09-17 04:00:00,2119.152075428804,3563.83538490428,42.86218446469356,2.119152075428804
2024-09-17 05:00:00,3358.0014442205947,4936.82149601539,50.38137541381172,3.3580014442205948
2024-09-17 06:00:00,3008.4311788592345,4936.82149601539,48.25966018224208,3.0084311788592344
2024-09-17 07:00:00,2241.6597617448697,4176.373816484608,43.60574434319884,2.2416597617448697
2024-09-17 08:00:00,3647.389591237863,4936.8214960153855,52.13781553530644,3.647389591237863
2024-09-17 09:00:00,2408.540222446071,4593.574968237609,44.61862458618828,2.408540222446071
2024-09-17 10:00:00,2758.110487807432,4936.8214960153955,46.74033981775792,2.758110487807432
2024-09-17 11:00:00,3524.8819049217973,4936.8214960153955,51.39425565680116,3.524881904921797
2024-09-17 12:00:00,2119.152075428804,3563.8353849042787,42.86218446469356,2.119152075428804
2024-09-17 13:00:00,3358.001444220595,4936.8214960153855,50.38137541381172,3.358001444220595
2024-09-17 14:00:00,3008.4311788592336,4936.82149601539,48.25966018224208,3.0084311788592335
2024-09-17 15:00:00,2241.65976174487,4176.373816484616,43.60574434319884,2.24165976174487
2024-09-17 16:00:00,3647.3895912378634,4936.821496015381,52.13781553530644,3.6473895912378635
2024-09-17 17:00:00,2408.540222446068,4593.574968237611,44.61862458618826,2.408540222446068
2024-09-17 18:00:00,2597.57508694983,4936.8214960153855,48.191504871197104,2.59757508694983
2024-09-17 19:00:00,0.0,0.0,,0.0
2024-09-17 20:00:00,0.0,0.0,,0.0
2024-09-17 21:00:00,0.0,0.0,,0.0
2024-09-17 22:00:00,0.0,0.0,,0.0
2024-09-17 23:00:00,0.0,0.0,,0.0
2024-09-18 00:00:00,0.0,0.0,,0.0
2024-09-18 01:00:00,0.0,0.0,,0.0
2024-09-18 02:00:00,0.0,0.0,,0.0
2024-09-18 03:00:00,85.93363751307521,1185.6645876569028,36.258886147328326,0.08593363751307521
2024-09-18 04:00:00,3360.4038307191413,4915.542443593097,50.39595668839699,3.3604038307191413
2024-09-18 05:00:00,2151.6189046646914,3988.7768185930972,43.05924174597962,2.151618904664691
2024-09-18 06:00:00,3754.502908706706,4918.470577240236,52.78793935788805,3.754502908706706
2024-09-18 07:00:00,1986.6368839687934,3245.143754323568,42.057884076488556,1.9866368839687933
2024-09-18 08:00:00,3691.1771862029286,4941.28593317643,52.4035841558015,3.691177186202929
2024-09-18 09:00:00,2279.030861536786,4274.883337656901,43.83256807366418,2.2790308615367856
2024-09-18 10:00:00,3169.666151343269,4915.542443593097,49.23827515862588,3.169666151343269
2024-09-18 11:00:00,2994.2809756810807,4918.47057724024,48.173775584529345,2.9942809756810806
2024-09-18 12:00:00,2406.137835947523,4503.646610259761,44.604043311602986,2.406137835947523
2024-09-18 13:00:00,3614.9227620019765,4941.285933176426,51.940758254020395,3.6149227620019766
2024-09-18 14:00:00,2012.0387579599596,3473.9070269264257,42.21206064211194,2.0120387579599597
2024-09-18 15:00:00,3779.9047826978726,4915.542443593093,52.942115923511444,3.7799047826978724
2024-09-18 16:00:00,2075.364480463739,3760.0135459902453,42.59641584419851,2.075364480463739
2024-09-18 17:00:00,3487.5108051298794,4918.470577240245,51.167431926335816,3.4875108051298795
2024-09-18 18:00:00,2596.8755153233988,4789.753129323579,45.761724841374125,2.596875515323399
2024-09-18 19:00:00,2686.3270534725093,4941.28593317643,47.78689153075631,2.6863270534725094
2024-09-18 20:00:00,0.0,0.0,,0.0
2024-09-18 21:00:00,0.0,0.0,,0.0
2024-09-18 22:00:00,0.0,0.0,,0.0
2024-09-18 23:00:00,0.0,0.0,,0.0
2024-09-19 00:00:00,0.0,0.0,,0.0
2024-09-19 01:00:00,0.0,0.0,,0.0
2024-09-19 02:00:00,0.0,0.0,,0.0
2024-09-19 03:00:00,434.1841722948489,2218.9077813020813,39.30098462847519,0.4341841722948489
2024-09-19 04:00:00,3653.4527998859953,4920.619996475698,52.1746161542825,3.6534527998859954
2024-09-19 05:00:00,2276.401805690393,4278.386947968748,43.8166110304409,2.276401805690393
2024-09-19 06:00:00,2947.2232999687517,4920.6199964757,47.88815922291488,2.9472232999687518
2024-09-19 07:00:00,3404.8699054623826,4920.6199964757,50.66584333900592,3.4048699054623826
2024-09-19 08:00:00,2113.088866780671,3461.8222534201436,42.8253838457175,2.113088866780671
2024-09-19 09:00:00,3490.139860976276,4920.6199964757025,51.18338896955911,3.490139860976276
2024-09-19 10:00:00,2819.3183666979126,4920.619996475704,47.111840777085106,2.8193183666979125
2024-09-19 11:00:00,2361.671761204285,4491.561836753478,44.33415666099409,2.361671761204285
2024-09-19 12:00:00,3653.452799885995,4920.619996475698,52.1746161542825,3.653452799885995
2024-09-19 13:00:00,2276.40180569039,4278.386947968738,43.81661103044089,2.2764018056903903
2024-09-19 14:00:00,2947.2232999687544,4920.6199964757,47.8881592229149,2.9472232999687544
2024-09-19 15:00:00,3404.8699054623808,4920.6199964757025,50.66584333900591,3.4048699054623808
2024-09-19 16:00:00,2113.088866780671,3461.8222534201473,42.8253838457175,2.113088866780671
2024-09-19 17:00:00,3490.1398609762764,4920.619996475704,51.18338896955911,3.4901398609762766
2024-09-19 18:00:00,2819.3183666979107,4920.619996475698,47.111840777085085,2.8193183666979107
2024-09-19 19:00:00,1927.4875889094394,4491.561836753482,46.32401537152485,1.9274875889094394
2024-09-19 20:00:00,0.0,0.0,,0.0
2024-09-19 21:00:00,0.0,0.0,,0.0
2024-09-19 22:00:00,0.0,0.0,,0.0
2024-09-19 23:00:00,0.0,0.0,,0.0
2024-09-20 00:00:00,0.0,0.0,,0.0
2024-09-20 01:00:00,106.90082856292815,1283.5373654903926,36.48834122075331,0.10690082856292815
2024-09-20 02:00:00,3444.740293418379,4912.062460898495,50.90783648830133,3.4447402934183793
2024-09-20 03:00:00,2110.966145833333,3367.453085898496,42.8125,2.110966145833333
2024-09-20 04:00:00,3454.5149149149543,4912.062460898498,50.96716351169868,3.454514914914954
2024-09-20 05:00:00,2875.939867210902,4912.062460898495,47.45550473245199,2.875939867210902
2024-09-20 06:00:00,2321.8013732482873,4397.19266923183,44.09216351169868,2.321801373248287
2024-09-20 07:00:00,3655.5755208333335,4912.062460898498,52.1875,3.6555755208333336
2024-09-20 08:00:00,2312.026751751712,4372.756115490387,44.03283648830132,2.312026751751712
2024-09-20 09:00:00,2890.601799455765,4912.0624608985,47.544495267548015,2.890601799455765
2024-09-20 10:00:00,3444.7402934183788,4912.062460898503,50.90783648830132,3.444740293418379
2024-09-20 11:00:00,2110.9661458333335,3367.453085898498,42.8125,2.1109661458333333
2024-09-20 12:00:00,3454.514914914955,4912.062460898495,50.96716351169868,3.454514914914955
2024-09-20 13:00:00,2875.9398672109005,4912.062460898498,47.45550473245198,2.8759398672109007
2024-09-20 14:00:00,2321.801373248288,4397.192669231832,44.09216351169868,2.321801373248288
2024-09-20 15:00:00,3655.5755208333335,4912.0624608985,52.1875,3.6555755208333336
2024-09-20 16:00:00,2312.026751751711,4372.756115490393,44.032836488301314,2.312026751751711
2024-09-20 17:00:00,2783.700970892839,4912.062460898494,48.772956828302995,2.783700970892839
2024-09-20 18:00:00,0.0,0.0,,0.0
2024-09-20 19:00:00,0.0,0.0,,0.0
2024-09-20 20:00:00,0.0,0.0,,0.0
2024-09-20 21:00:00,0.0,0.0,,0.0
2024-09-20 22:00:00,0.0,0.0,,0.0
2024-09-20 23:00:00,0.0,0.0,,0.0
2024-09-21 00:00:00,0.0,0.0,,0.0
2024-09-21 01:00:00,0.0,0.0,,0.0
2024-09-21 02:00:00,0.0,0.0,,0.0
2024-09-21 03:00:00,0.0,0.0,,0.0
2024-09-21 04:00:00,0.0,0.0,,0.0
2024-09-21 05:00:00,0.0,0.0,,0.0
2024-09-21 06:00:00,0.0,0.0,,0.0
2024-09-21 07:00:00,0.0,0.0,,0.0
2024-09-21 08:00:00,0.0,0.0,,0.0
2024-09-21 09:00:00,0.0,0.0,,0.0
2024-09-21 10:00:00,0.0,0.0,,0.0
2024-09-21 11:00:00,0.0,0.0,,0.0
2024-09-21 12:00:00,0.0,0.0,,0.0
2024-09-21 13:00:00,0.0,0.0,,0.0
2024-09-21 14:00:00,0.0,0.0,,0.0
2024-09-21 15:00:00,0.0,0.0,,0.0
2024-09-21 16:00:00,0.0,0.0,,0.0
2024-09-21 17:00:00,0.0,0.0,,0.0
2024-09-21 18:00:00,0.0,0.0,,0.0
2024-09-21 19:00:00,0.0,0.0,,0.0
2024-09-21 20:00:00,0.0,0.0,,0.0
2024-09-21 21:00:00,0.0,0.0,,0.0
2024-09-21 22:00:00,0.0,0.0,,0.0
2024-09-21 23:00:00,0.0,0.0,,0.0
2024-09-22 00:00:00,0.0,0.0,,0.0
2024-09-22 01:00:00,0.0,0.0,,0.0
2024-09-22 02:00:00,0.0,0.0,,0.0
2024-09-22 03:00:00,0.0,0.0,,0.0
2024-09-22 04:00:00,0.0,0.0,,0.0
2024-09-22 05:00:00,0.0,0.0,,0.0
2024-09-22 06:00:00,0.0,0.0,,0.0
2024-09-22 07:00:00,0.0,0.0,,0.0
2024-09-22 08:00:00,0.0,0.0,,0.0
2024-09-22 09:00:00,0.0,0.0,,0.0
2024-09-22 10:00:00,0.0,0.0,,0.0
2024-09-22 11:00:00,0.0,0.0,,0.0
2024-09-22 12:00:00,0.0,0.0,,0.0
2024-09-22 13:00:00,0.0,0.0,,0.0
2024-09-22 14:00:00,0.0,0.0,,0.0
2024-09-22 15:00:00,0.0,0.0,,0.0
2024-09-22 16:00:00,0.0,0.0,,0.0
2024-09-22 17:00:00,0.0,0.0,,0.0
2024-09-22 18:00:00,0.0,0.0,,0.0
2024-09-22 19:00:00,0.0,0.0,,0.0
2024-09-22 20:00:00,0.0,0.0,,0.0
2024-09-22 21:00:00,0.0,0.0,,0.0
2024-09-22 22:00:00,0.0,0.0,,0.0
2024-09-22 23:00:00,0.0,0.0,,0.0
2024-09-23 00:00:00,0.0,0.0,,0.0
2024-09-23 01:00:00,695.1408163122766,2757.3387765513494,41.00648925292071,0.6951408163122765
2024-09-23 02:00:00,3619.3564423340345,4902.629575162459,51.96766845784655,3.6193564423340345
2024-09-23 03:00:00,2525.8705613420607,4816.817943218016,45.33076057665507,2.5258705613420607
2024-09-23 04:00:00,2624.16470281919,4902.629575162459,45.92735644824758,2.62416470281919
2024-09-23 05:00:00,3586.145946010129,4902.6295751624575,51.766097492348166,3.586145946010129
2024-09-23 06:00:00,2147.1852243326325,3787.0783598846806,43.03233154215345,2.1471852243326324
2024-09-23 07:00:00,3240.6711053246063,4902.6295751624575,49.66923942334494,3.2406711053246062
2024-09-23 08:00:00,3142.376963847477,4902.629575162465,49.07264355175243,3.142376963847477
2024-09-23 09:00:00,2180.3957206565365,3953.1308415042054,43.23390250765183,2.1803957206565365
2024-09-23 10:00:00,3619.356442334035,4902.629575162462,51.96766845784656,3.619356442334035
2024-09-23 11:00:00,2525.8705613420607,4816.817943218011,45.33076057665507,2.5258705613420607
2024-09-23 12:00:00,2624.1647028191896,4902.629575162459,45.92735644824757,2.6241647028191895
2024-09-23 13:00:00,3586.14594601013,4902.6295751624575,51.766097492348166,3.58614594601013
2024-09-23 14:00:00,2147.1852243326316,3787.078359884678,43.03233154215345,2.1471852243326315
2024-09-23 15:00:00,3240.671105324606,4902.629575162455,49.66923942334494,3.240671105324606
2024-09-23 16:00:00,3142.3769638474755,4902.629575162462,49.07264355175242,3.1423769638474757
2024-09-23 17:00:00,1485.2549043442616,3953.1308415042076,44.618510747079306,1.4852549043442616
2024-09-23 18:00:00,0.0,0.0,,0.0
2024-09-23 19:00:00,0.0,0.0,,0.0
2024-09-23 20:00:00,0.0,0.0,,0.0
2024-09-23 21:00:00,0.0,0.0,,0.0
2024-09-23 22:00:00,0.0,0.0,,0.0
2024-09-23 23:00:00,0.0,0.0,,0.0
2024-09-24 00:00:00,0.0,0.0,,0.0
2024-09-24 01:00:00,0.0,0.0,,0.0
2024-09-24 02:00:00,0.0,0.0,,0.0
2024-09-24 03:00:00,1650.1896223789013,4169.174272142755,45.40895209265071,1.6501896223789012
2024-09-24 04:00:00,3012.750905464347,4941.478959642755,48.28587874440957,3.012750905464347
2024-09-24 05:00:00,3354.5992888491546,4941.478959642755,50.360726046325354,3.3545992888491547
2024-09-24 06:00:00,2119.6744130635025,3571.034929246135,42.86535479073493,2.1196744130635023
2024-09-24 07:00:00,3527.23938502384,4941.478959642751,51.408564372204786,3.52723938502384
2024-09-24 08:00:00,2753.790761202318,4941.478959642755,46.71412125559042,2.753790761202318
2024-09-24 09:00:00,2411.9423778175124,4600.77451257947,44.63927395367465,2.411942377817512
2024-09-24 10:00:00,3646.867253603164,4941.478959642751,52.13464520926507,3.646867253603164
2024-09-24 11:00:00,2239.302281642825,4169.174272142748,43.59143562779521,2.239302281642825
2024-09-24 12:00:00,3012.750905464349,4941.478959642751,48.28587874440959,3.0127509054643493
2024-09-24 13:00:00,3354.5992888491533,4941.478959642746,50.36072604632535,3.3545992888491534
2024-09-24 14:00:00,2119.6744130635025,3571.0349292461374,42.86535479073493,2.1196744130635023
2024-09-24 15:00:00,3527.239385023842,4941.478959642755,51.40856437220479,3.527239385023842
2024-09-24 16:00:00,2753.790761202317,4941.478959642751,46.71412125559041,2.7537907612023167
2024-09-24 17:00:00,2411.9423778175133,4600.774512579471,44.63927395367465,2.411942377817513
2024-09-24 18:00:00,3646.867253603164,4941.47895964276,52.13464520926507,3.646867253603164
2024-09-24 19:00:00,589.1126592639264,2541.2953459128053,40.216047907349314,0.5891126592639264
2024-09-24 20:00:00,0.0,0.0,,0.0
2024-09-24 21:00:00,0.0,0.0,,0.0
2024-09-24 22:00:00,0.0,0.0,,0.0
2024-09-24 23:00:00,0.0,0.0,,0.0
2024-09-25 00:00:00,0.0,0.0,,0.0
2024-09-25 01:00:00,0.0,0.0,,0.0
2024-09-25 02:00:00,1923.6093302366355,4263.882752815515,45.56711814464932,1.9236093302366355
2024-09-25 03:00:00,3177.7332468936224,4926.543028434487,49.2872383605905,3.1777332468936224
2024-09-25 04:00:00,2985.7983917418946,4907.469992398848,48.122290577564485,2.9857983917418944
2024-09-25 05:00:00,2412.7381868523576,4514.647195101151,44.64410411321041,2.4127381868523576
2024-09-25 06:00:00,3610.5713302928725,4933.213481982184,51.91434725785973,3.6105713302928724
2024-09-25 07:00:00,2013.872188766859,3484.9076117678155,42.22318864255845,2.013872188766859
2024-09-25 08:00:00,3780.638155020632,4926.543028434482,52.94656712369004,3.780638155020632
2024-09-25 09:00:00,2072.3821889452493,3749.0129611488474,42.57831483857316,2.0723821889452494
2024-09-25 10:00:00,3493.011097550574,4907.469992398848,51.20081592767533,3.493011097550574
2024-09-25 11:00:00,2588.808419773047,4778.752544482182,45.71276163940952,2.5888084197730468
2024-09-25 12:00:00,2780.7432749247682,4933.213481982189,46.877709422435494,2.780743274924768
2024-09-25 13:00:00,3353.8034798143112,4926.5430284344775,50.35589588678961,3.353803479814311
2024-09-25 14:00:00,2155.970336373792,3999.7774034344807,43.08565274214026,2.1559703363737923
2024-09-25 15:00:00,3752.6694778998085,4907.469992398851,52.77681135744156,3.7526694778998086
2024-09-25 16:00:00,1985.9035116460343,3234.1431694821913,42.05343287630996,1.9859035116460344
2024-09-25 17:00:00,3694.1594777214173,4933.213481982194,52.421685161426836,3.694159477721417
2024-09-25 18:00:00,349.9212388794533,1940.298236767813,38.495381855350644,0.3499212388794533
2024-09-25 19:00:00,0.0,0.0,,0.0
2024-09-25 20:00:00,0.0,0.0,,0.0
2024-09-25 21:00:00,0.0,0.0,,0.0
2024-09-25 22:00:00,0.0,0.0,,0.0
2024-09-25 23:00:00,0.0,0.0,,0.0
2024-09-26 00:00:00,0.0,0.0,,0.0
2024-09-26 01:00:00,0.0,0.0,,0.0
2024-09-26 02:00:00,743.5760001476907,2845.7737677303385,41.28282838724937,0.7435760001476907
2024-09-26 03:00:00,3603.006791592821,4905.252934397004,51.86843432255013,3.6030067915928212
2024-09-26 04:00:00,2577.594208554869,4905.252934397004,45.64469703234962,2.577594208554869
2024-09-26 05:00:00,2571.1037081117975,4894.435433658552,45.60530296765038,2.5711037081117976
2024-09-26 06:00:00,3605.1702917405114,4905.252934397002,51.88156567744987,3.6051702917405115
2024-09-26 07:00:00,2163.5348750738453,3875.5133510636683,43.13156567744987,2.1635348750738452
2024-09-26 08:00:00,3188.947458111797,4905.252934397006,49.35530296765038,3.188947458111797
2024-09-26 09:00:00,3195.4379585548695,4905.252934397004,49.394697032349626,3.1954379585548693
2024-09-26 10:00:00,2161.3713749261537,3864.6958503252167,43.11843432255012,2.1613713749261536
2024-09-26 11:00:00,3603.0067915928216,4905.252934397002,51.86843432255013,3.6030067915928217
2024-09-26 12:00:00,2577.5942085548686,4905.252934396999,45.64469703234962,2.5775942085548684
2024-09-26 13:00:00,2571.103708111797,4894.435433658552,45.60530296765038,2.571103708111797
2024-09-26 14:00:00,3605.1702917405123,4905.252934397006,51.88156567744988,3.6051702917405124
2024-09-26 15:00:00,2163.5348750738444,3875.5133510636656,43.13156567744987,2.1635348750738443
2024-09-26 16:00:00,3188.947458111798,4905.252934397004,49.35530296765038,3.188947458111798
2024-09-26 17:00:00,3195.437958554868,4905.252934397011,49.39469703234962,3.195437958554868
2024-09-26 18:00:00,1417.7953747784652,3864.69585032522,44.34217161275065,1.4177953747784653
2024-09-26 19:00:00,0.0,0.0,,0.0
2024-09-26 20:00:00,0.0,0.0,,0.0
2024-09-26 21:00:00,0.0,0.0,,0.0
2024-09-26 22:00:00,0.0,0.0,,0.0
2024-09-26 23:00:00,0.0,0.0,,0.0
2024-09-27 00:00:00,0.0,0.0,,0.0
2024-09-27 01:00:00,0.0,0.0,,0.0
2024-09-27 02:00:00,0.0,0.0,,0.0
2024-09-27 03:00:00,2946.753023285105,4913.275273627994,48.50203953164837,2.946753023285105
2024-09-27 04:00:00,2420.223627718463,4527.122929877993,44.68953696455493,2.420223627718463
2024-09-27 05:00:00,3605.5810363821356,4920.737747205341,51.88405869029671,3.6055810363821355
2024-09-27 06:00:00,2015.951477896332,3497.3833465446605,42.235808879043034,2.015951477896332
2024-09-27 07:00:00,3781.4698706724216,4939.018763211325,52.951615218283884,3.7814698706724217
2024-09-27 08:00:00,2069.0553263380907,3736.5372263720037,42.558122460197815,2.069055326338091
2024-09-27 09:00:00,3499.248964938996,4913.275273627992,51.2386766371291,3.499248964938996
2024-09-27 10:00:00,2579.6595476033613,4766.276809705337,45.65723259887731,2.5796595476033612
2024-09-27 11:00:00,2790.308004920349,4920.737747205346,46.93576251026463,2.790308004920349
2024-09-27 12:00:00,3346.318038948205,4939.0187632113175,50.310463035445075,3.346318038948205
2024-09-27 13:00:00,2160.9606302845295,4012.25313821132,43.11594130970328,2.1609606302845297
2024-09-27 14:00:00,3750.590188770335,4913.275273627992,52.764191120956966,3.750590188770335
2024-09-27 15:00:00,1985.071795994245,3221.6674347053345,42.048384781716116,1.985071795994245
2024-09-27 16:00:00,3697.4863403285735,4920.737747205353,52.44187753980218,3.6974863403285734
2024-09-27 17:00:00,2267.292701727674,4251.407018038684,43.76132336287092,2.2672927017276736
2024-09-27 18:00:00,3186.882119063301,4939.01876321132,49.34276740112266,3.186882119063301
2024-09-27 19:00:00,29.480638461210713,923.0343882113191,35.367978274258185,0.029480638461210712
2024-09-27 20:00:00,0.0,0.0,,0.0
2024-09-27 21:00:00,0.0,0.0,,0.0
2024-09-27 22:00:00,0.0,0.0,,0.0
2024-09-27 23:00:00,0.0,0.0,,0.0
2024-09-28 00:00:00,0.0,0.0,,0.0
2024-09-28 01:00:00,0.0,0.0,,0.0
2024-09-28 02:00:00,0.0,0.0,,0.0
2024-09-28 03:00:00,0.0,0.0,,0.0
2024-09-28 04:00:00,0.0,0.0,,0.0
2024-09-28 05:00:00,0.0,0.0,,0.0
2024-09-28 06:00:00,0.0,0.0,,0.0
2024-09-28 07:00:00,0.0,0.0,,0.0
2024-09-28 08:00:00,0.0,0.0,,0.0
2024-09-28 09:00:00,0.0,0.0,,0.0
2024-09-28 10:00:00,0.0,0.0,,0.0
2024-09-28 11:00:00,0.0,0.0,,0.0
2024-09-28 12:00:00,0.0,0.0,,0.0
2024-09-28 13:00:00,0.0,0.0,,0.0
2024-09-28 14:00:00,0.0,0.0,,0.0
2024-09-28 15:00:00,0.0,0.0,,0.0
2024-09-28 16:00:00,0.0,0.0,,0.0
2024-09-28 17:00:00,0.0,0.0,,0.0
2024-09-28 18:00:00,0.0,0.0,,0.0
2024-09-28 19:00:00,0.0,0.0,,0.0
2024-09-28 20:00:00,0.0,0.0,,0.0
2024-09-28 21:00:00,0.0,0.0,,0.0
2024-09-28 22:00:00,0.0,0.0,,0.0
2024-09-28 23:00:00,0.0,0.0,,0.0
2024-09-29 00:00:00,0.0,0.0,,0.0
2024-09-29 01:00:00,0.0,0.0,,0.0
2024-09-29 02:00:00,0.0,0.0,,0.0
2024-09-29 03:00:00,0.0,0.0,,0.0
2024-09-29 04:00:00,0.0,0.0,,0.0
2024-09-29 05:00:00,0.0,0.0,,0.0
2024-09-29 06:00:00,0.0,0.0,,0.0
2024-09-29 07:00:00,0.0,0.0,,0.0
2024-09-29 08:00:00,0.0,0.0,,0.0
2024-09-29 09:00:00,0.0,0.0,,0.0
2024-09-29 10:00:00,0.0,0.0,,0.0
2024-09-29 11:00:00,0.0,0.0,,0.0
2024-09-29 12:00:00,0.0,0.0,,0.0
2024-09-29 13:00:00,0.0,0.0,,0.0
2024-09-29 14:00:00,0.0,0.0,,0.0
2024-09-29 15:00:00,0.0,0.0,,0.0
2024-09-29 16:00:00,0.0,0.0,,0.0
2024-09-29 17:00:00,0.0,0.0,,0.0
2024-09-29 18:00:00,0.0,0.0,,0.0
2024-09-29 19:00:00,0.0,0.0,,0.0
2024-09-29 20:00:00,0.0,0.0,,0.0
2024-09-29 21:00:00,0.0,0.0,,0.0
2024-09-29 22:00:00,0.0,0.0,,0.0
2024-09-29 23:00:00,0.0,0.0,,0.0
2024-09-30 00:00:00,0.0,0.0,,0.0
2024-09-30 01:00:00,0.0,0.0,,0.0
2024-09-30 02:00:00,2849.3687769444737,4901.509101084053,48.866434487610604,2.8493687769444738
2024-09-30 03:00:00,2283.409134000662,4297.49784336039,43.85914197967121,2.283409134000662
2024-09-30 04:00:00,3654.0898297323834,4901.509101084053,52.17848260421253,3.654089829732383
2024-09-30 05:00:00,2353.3903732012377,4472.45094136183,44.28389281190372,2.3533903732012376
2024-09-30 06:00:00,2830.7849039329017,4901.509101084051,47.18143687582561,2.830784903932902
2024-09-30 07:00:00,3483.132532666004,4901.509101084053,51.14085802032879,3.483132532666004
2024-09-30 08:00:00,2112.4518369342827,3442.711358028492,42.82151739578747,2.112451836934283
2024-09-30 09:00:00,3413.1512934654293,4901.509101084055,50.71610718809628,3.4131512934654293
2024-09-30 10:00:00,2935.756762733764,4901.509101084058,47.81856312417438,2.9357567627337637
2024-09-30 11:00:00,2283.4091340006626,4297.497843360389,43.859141979671215,2.2834091340006624
2024-09-30 12:00:00,3654.0898297323834,4901.509101084046,52.17848260421253,3.654089829732383
2024-09-30 13:00:00,2353.390373201236,4472.450941361819,44.28389281190371,2.353390373201236
2024-09-30 14:00:00,2830.7849039329035,4901.509101084053,47.181436875825625,2.8307849039329036
2024-09-30 15:00:00,3483.1325326660035,4901.5091010840415,51.140858020328785,3.4831325326660036
2024-09-30 16:00:00,2112.451836934283,3442.711358028504,42.82151739578747,2.1124518369342833
2024-09-30 17:00:00,3413.1512934654284,4901.509101084049,50.716107188096274,3.4131512934654284
2024-09-30 18:00:00,86.38798578929172,1208.27909336039,36.29197812637601,0.08638798578929172
2024-09-30 19:00:00,0.0,0.0,,0.0
2024-09-30 20:00:00,0.0,0.0,,0.0
2024-09-30 21:00:00,0.0,0.0,,0.0
2024-09-30 22:00:00,0.0,0.0,,0.0
2024-09-30 23:00:00,0.0,0.0,,0.0
2024-10-01 00:00:00,0.0,0.0,,0.0
2024-10-01 01:00:00,264.83531376095505,1796.1405444992201,38.037084024913916,0.26483531376095504
2024-10-01 02:00:00,3601.191563760955,4914.329073556336,51.85741680498278,3.601191563760955
2024-10-01 03:00:00,2159.556147094288,3855.6197111658867,43.10741680498278,2.159556147094288
2024-10-01 04:00:00,3200.883642050468,4914.329073556336,49.42774958505165,3.200883642050468
2024-10-01 05:00:00,3183.501774616198,4914.329073556336,49.32225041494835,3.183501774616198
2024-10-01 06:00:00,2165.350102905711,3884.589490223005,43.14258319501722,2.165350102905711
2024-10-01 07:00:00,3606.985519572379,4914.329073556339,51.89258319501722,3.606985519572379
2024-10-01 08:00:00,2565.6580246161957,4885.359294499211,45.572250414948336,2.5656580246161957
2024-10-01 09:00:00,2583.03989205047,4914.3290735563405,45.677749585051664,2.58303989205047
2024-10-01 10:00:00,3601.1915637609545,4914.329073556343,51.85741680498278,3.6011915637609544
2024-10-01 11:00:00,2159.556147094287,3855.619711165877,43.107416804982776,2.1595561470942872
2024-10-01 12:00:00,3200.8836420504713,4914.329073556345,49.427749585051664,3.200883642050471
2024-10-01 13:00:00,3183.5017746161952,4914.329073556339,49.322250414948336,3.1835017746161953
2024-10-01 14:00:00,2165.3501029057124,3884.5894902230084,43.142583195017224,2.1653501029057125
2024-10-01 15:00:00,3606.9855195723794,4914.3290735563405,51.892583195017224,3.6069855195723792
2024-10-01 16:00:00,2565.6580246161943,4885.359294499218,45.57225041494833,2.5656580246161944
2024-10-01 17:00:00,2318.204578289519,4914.329073556343,47.587915975086126,2.3182045782895186
2024-10-01 18:00:00,0.0,0.0,,0.0
2024-10-01 19:00:00,0.0,0.0,,0.0
2024-10-01 20:00:00,0.0,0.0,,0.0
2024-10-01 21:00:00,0.0,0.0,,0.0
2024-10-01 22:00:00,0.0,0.0,,0.0
2024-10-01 23:00:00,0.0,0.0,,0.0
2024-10-02 00:00:00,0.0,0.0,,0.0
2024-10-02 01:00:00,1771.2595756920311,4093.364833087718,45.00091035964424,1.771259575692031
2024-10-02 02:00:00,3295.0666737748543,4942.600010662283,49.999393093570504,3.2950666737748544
2024-10-02 03:00:00,2853.351753978362,4916.856521078948,47.31840627572725,2.853351753978362
2024-10-02 04:00:00,2522.7619862748543,4685.165114828948,45.311893093570504,2.5227619862748543
2024-10-02 05:00:00,3538.083580093713,4917.156499754387,51.47438316783398,3.538083580093713
2024-10-02 06:00:00,2048.288657001755,3655.425531495612,42.43207924941635,2.048288657001755
2024-10-02 07:00:00,3784.2929687499995,4942.600010662279,52.96875,3.7842929687499995
2024-10-02 08:00:00,2031.1913259925439,3578.4950414210516,42.32830707192885,2.031191325992544
2024-10-02 09:00:00,3572.273242467543,4916.856521078946,51.68189717748749,3.572273242467543
2024-10-02 10:00:00,2471.4749928918145,4608.234624754385,45.00060690642951,2.4714749928918147
2024-10-02 11:00:00,2913.1899126883013,4917.156499754392,47.68159372427273,2.9131899126883014
2024-10-02 12:00:00,3243.7796803918154,4942.600010662274,49.68810690642951,3.2437796803918153
2024-10-02 13:00:00,2228.4580865729517,4170.295323162277,43.525616832166016,2.2284580865729517
2024-10-02 14:00:00,3718.253009664913,4916.856521078941,52.56792075058366,3.718253009664913
2024-10-02 15:00:00,1982.2486979166665,3140.5557398289434,42.03125,1.9822486979166665
2024-10-02 16:00:00,3735.350340674122,4917.156499754387,52.671692928071145,3.735350340674122
2024-10-02 17:00:00,423.00884850708945,2110.81615649561,39.061589640355734,0.4230088485070895
2024-10-02 18:00:00,0.0,0.0,,0.0
2024-10-02 19:00:00,0.0,0.0,,0.0
2024-10-02 20:00:00,0.0,0.0,,0.0
2024-10-02 21:00:00,0.0,0.0,,0.0
2024-10-02 22:00:00,0.0,0.0,,0.0
2024-10-02 23:00:00,0.0,0.0,,0.0
2024-10-03 00:00:00,0.0,0.0,,0.0
2024-10-03 01:00:00,198.93255952746944,1541.132466539817,37.244521918961006,0.19893255952746944
2024-10-03 02:00:00,3548.4046562602475,4939.273091539818,51.53702689551513,3.5484046562602476
2024-10-03 03:00:00,2043.1281189184872,3633.3089397101826,42.400757385575766,2.0431281189184873
2024-10-03 04:00:00,3784.2929687499995,4920.483418876848,52.96875,3.7842929687499995
2024-10-03 05:00:00,2035.6146443496302,3600.6116332064826,42.355154383792204,2.0356146443496304
2024-10-03 06:00:00,3562.68938602719,4913.529601956482,51.62372800178356,3.56268938602719
2024-10-03 07:00:00,2486.2193874154345,4630.351216539816,45.09009794597401,2.4862193874154346
2024-10-03 08:00:00,2896.2338589861374,4939.273091539822,47.57867902879654,2.8962338589861374
2024-10-03 09:00:00,3258.524074915436,4920.483418876844,49.777597945974016,3.258524074915436
2024-10-03 10:00:00,2218.137010406417,4148.178731376846,43.46297310448485,2.218137010406417
2024-10-03 11:00:00,3723.4135477481805,4913.529601956487,52.59924261442424,3.7234135477481805
2024-10-03 12:00:00,1982.2486979166667,3118.4391480435115,42.03125,1.9822486979166667
2024-10-03 13:00:00,3730.927022317036,4939.273091539821,52.644845616207796,3.730927022317036
2024-10-03 14:00:00,2203.852280639478,4115.481424873151,43.376271998216446,2.2038522806394782
2024-10-03 15:00:00,3280.3222792512297,4920.4834188768455,49.90990205402598,3.2803222792512297
2024-10-03 16:00:00,2870.3078076805305,4913.529601956489,47.421320971203464,2.8703078076805304
2024-10-03 17:00:00,2309.085032223759,4663.048523043511,46.817978081038966,2.309085032223759
2024-10-03 18:00:00,0.0,0.0,,0.0
2024-10-03 19:00:00,0.0,0.0,,0.0
2024-10-03 20:00:00,0.0,0.0,,0.0
2024-10-03 21:00:00,0.0,0.0,,0.0
2024-10-03 22:00:00,0.0,0.0,,0.0
2024-10-03 23:00:00,0.0,0.0,,0.0
2024-10-04 00:00:00,0.0,0.0,,0.0
2024-10-04 01:00:00,1076.2494166650808,3396.7674965246065,43.06458246925393,1.076249416665081
2024-10-04 02:00:00,3433.0145291679355,4941.376871524604,50.83666701229843,3.4330145291679357
2024-10-04 03:00:00,2908.1904458314298,4941.376871524604,47.651249481552355,2.90819044583143
2024-10-04 04:00:00,2300.300987501269,4343.441704864283,43.96166701229843,2.300300987501269
2024-10-04 05:00:00,3655.575520833333,4941.376871524604,52.1875,3.655575520833333
2024-10-04 06:00:00,2333.5271374987306,4426.507079857935,44.163332987701565,2.3335271374987308
2024-10-04 07:00:00,2858.351220835237,4941.3768715246,47.34875051844765,2.858351220835237
2024-10-04 08:00:00,3466.2406791653984,4941.376871524609,51.03833298770157,3.4662406791653986
2024-10-04 09:00:00,2110.966145833333,3396.767496524602,42.8125,2.110966145833333
2024-10-04 10:00:00,3433.0145291679355,4941.376871524604,50.836667012298435,3.4330145291679357
2024-10-04 11:00:00,2908.1904458314298,4941.376871524604,47.651249481552355,2.90819044583143
2024-10-04 12:00:00,2300.300987501268,4343.441704864283,43.96166701229843,2.300300987501268
2024-10-04 13:00:00,3655.5755208333335,4941.3768715246,52.1875,3.6555755208333336
2024-10-04 14:00:00,2333.5271374987306,4426.507079857934,44.163332987701565,2.3335271374987308
2024-10-04 15:00:00,2858.351220835237,4941.376871524609,47.34875051844765,2.858351220835237
2024-10-04 16:00:00,3466.2406791653975,4941.376871524604,51.038332987701565,3.4662406791653977
2024-10-04 17:00:00,1034.7167291682536,3313.702121530952,42.560417530746086,1.0347167291682535
2024-10-04 18:00:00,0.0,0.0,,0.0
2024-10-04 19:00:00,0.0,0.0,,0.0
2024-10-04 20:00:00,0.0,0.0,,0.0
2024-10-04 21:00:00,0.0,0.0,,0.0
2024-10-04 22:00:00,0.0,0.0,,0.0
2024-10-04 23:00:00,0.0,0.0,,0.0
2024-10-05 00:00:00,0.0,0.0,,0.0
2024-10-05 01:00:00,0.0,0.0,,0.0
2024-10-05 02:00:00,0.0,0.0,,0.0
2024-10-05 03:00:00,0.0,0.0,,0.0
2024-10-05 04:00:00,0.0,0.0,,0.0
2024-10-05 05:00:00,0.0,0.0,,0.0
2024-10-05 06:00:00,0.0,0.0,,0.0
2024-10-05 07:00:00,0.0,0.0,,0.0
2024-10-05 08:00:00,0.0,0.0,,0.0
2024-10-05 09:00:00,0.0,0.0,,0.0
2024-10-05 10:00:00,0.0,0.0,,0.0
2024-10-05 11:00:00,0.0,0.0,,0.0
2024-10-05 12:00:00,0.0,0.0,,0.0
2024-10-05 13:00:00,0.0,0.0,,0.0
2024-10-05 14:00:00,0.0,0.0,,0.0
2024-10-05 15:00:00,0.0,0.0,,0.0
2024-10-05 16:00:00,0.0,0.0,,0.0
2024-10-05 17:00:00,0.0,0.0,,0.0
2024-10-05 18:00:00,0.0,0.0,,0.0
2024-10-05 19:00:00,0.0,0.0,,0.0
2024-10-05 20:00:00,0.0,0.0,,0.0
2024-10-05 21:00:00,0.0,0.0,,0.0
2024-10-05 22:00:00,0.0,0.0,,0.0
2024-10-05 23:00:00,0.0,0.0,,0.0
2024-10-06 00:00:00,0.0,0.0,,0.0
2024-10-06 01:00:00,0.0,0.0,,0.0
2024-10-06 02:00:00,0.0,0.0,,0.0
2024-10-06 03:00:00,0.0,0.0,,0.0
2024-10-06 04:00:00,0.0,0.0,,0.0
2024-10-06 05:00:00,0.0,0.0,,0.0
2024-10-06 06:00:00,0.0,0.0,,0.0
2024-10-06 07:00:00,0.0,0.0,,0.0
2024-10-06 08:00:00,0.0,0.0,,0.0
2024-10-06 09:00:00,0.0,0.0,,0.0
2024-10-06 10:00:00,0.0,0.0,,0.0
2024-10-06 11:00:00,0.0,0.0,,0.0
2024-10-06 12:00:00,0.0,0.0,,0.0
2024-10-06 13:00:00,0.0,0.0,,0.0
2024-10-06 14:00:00,0.0,0.0,,0.0
2024-10-06 15:00:00,0.0,0.0,,0.0
2024-10-06 16:00:00,0.0,0.0,,0.0
2024-10-06 17:00:00,0.0,0.0,,0.0
2024-10-06 18:00:00,0.0,0.0,,0.0
2024-10-06 19:00:00,0.0,0.0,,0.0
2024-10-06 20:00:00,0.0,0.0,,0.0
2024-10-06 21:00:00,0.0,0.0,,0.0
2024-10-06 22:00:00,0.0,0.0,,0.0
2024-10-06 23:00:00,0.0,0.0,,0.0
2024-10-07 00:00:00,0.0,0.0,,0.0
2024-10-07 01:00:00,0.0,0.0,,0.0
2024-10-07 02:00:00,0.0,0.0,,0.0
2024-10-07 03:00:00,2694.5179286509824,4934.63515746943,47.84112551099827,2.6945179286509826
2024-10-07 04:00:00,2589.850981797028,4780.174219969433,45.719089465158234,2.589850981797028
2024-10-07 05:00:00,3492.3002598069506,4908.891667886099,51.19650150102848,3.492300259806951
2024-10-07 06:00:00,2072.7613024085153,3750.4346366360987,42.580615866118144,2.0727613024085154
2024-10-07 07:00:00,3780.5433766548153,4925.121352947234,52.945991866803794,3.7805433766548155
2024-10-07 08:00:00,2013.6352428523167,3483.485936280565,42.22175050034283,2.0136352428523168
2024-10-07 09:00:00,3611.1400004877723,4934.635157469427,51.91779879917722,3.6111400004877723
2024-10-07 10:00:00,2411.8851815600083,4513.2255196138985,44.638926801234184,2.411885181560008
2024-10-07 11:00:00,2986.8883429487855,4908.891667886099,48.12890603175632,2.9868883429487854
2024-10-07 12:00:00,3176.69068486964,4925.12135294723,49.28091053484177,3.17669068486964
2024-10-07 13:00:00,2274.2414068597145,4265.304428302758,43.803498498971514,2.2742414068597143
2024-10-07 14:00:00,3693.780364258152,4934.635157469427,52.41938413388186,3.693780364258152
2024-10-07 15:00:00,1985.998290011851,3235.5648449694254,42.054008133196206,1.985998290011851
2024-10-07 16:00:00,3752.906423814348,4908.891667886085,52.778249499657164,3.752906423814348
2024-10-07 17:00:00,2155.401666178897,3998.3557279472457,43.0822012008228,2.155401666178897
2024-10-07 18:00:00,3354.656485106655,4925.121352947243,50.361073198765794,3.354656485106655
2024-10-07 19:00:00,85.13539506689636,1176.0856783027575,36.200746997942986,0.08513539506689637
2024-10-07 20:00:00,0.0,0.0,,0.0
2024-10-07 21:00:00,0.0,0.0,,0.0
2024-10-07 22:00:00,0.0,0.0,,0.0
2024-10-07 23:00:00,0.0,0.0,,0.0
2024-10-08 00:00:00,0.0,0.0,,0.0
2024-10-08 01:00:00,0.0,0.0,,0.0
2024-10-08 02:00:00,0.0,0.0,,0.0
2024-10-08 03:00:00,173.18438391727753,1463.4844344485173,37.007612520045626,0.17318438391727753
2024-10-08 04:00:00,3512.039092224258,4938.855528198517,51.316306260022806,3.512039092224258
2024-10-08 05:00:00,2062.2339251192843,3710.9569718014827,42.5167199946545,2.0622339251192843
2024-10-08 06:00:00,3782.446920384395,4920.900982218149,52.95754541733485,3.782446920384395
2024-10-08 07:00:00,2020.2148536580862,3522.963601115186,42.2616854200076,2.020214853658086
2024-10-08 08:00:00,3595.348934553927,4913.1120386151815,51.821954991981755,3.595348934553927
2024-10-08 09:00:00,2436.300081053504,4552.703184448513,44.78711292936222,2.436300081053504
2024-10-08 10:00:00,2956.6221332422488,4938.855528198515,47.94520540129836,2.9566221332422487
2024-10-08 11:00:00,3204.912671822295,4920.9009822181515,49.45220376403194,3.2049126718222953
2024-10-08 12:00:00,2254.5025744424083,4225.826763468151,43.683693739977194,2.2545025744424083
2024-10-08 13:00:00,3704.307741547382,4913.112038615186,52.4832800053455,3.704307741547382
2024-10-08 14:00:00,1984.0947462822717,3196.0871801348158,42.04245458266515,1.9840947462822718
2024-10-08 15:00:00,3746.3268130085803,4938.855528198519,52.7383145799924,3.7463268130085803
2024-10-08 16:00:00,2171.1927321127405,4037.8333927818553,43.17804500801825,2.1711927321127407
2024-10-08 17:00:00,3330.2415856131606,4920.900982218147,50.21288707063776,3.3302415856131606
2024-10-08 18:00:00,2809.9195334244196,4913.1120386151815,47.05479459870165,2.8099195334244196
2024-10-08 19:00:00,2388.444610927093,4740.696555134815,47.05488747995437,2.388444610927093
2024-10-08 20:00:00,0.0,0.0,,0.0
2024-10-08 21:00:00,0.0,0.0,,0.0
2024-10-08 22:00:00,0.0,0.0,,0.0
2024-10-08 23:00:00,0.0,0.0,,0.0
2024-10-09 00:00:00,0.0,0.0,,0.0
2024-10-09 01:00:00,0.0,0.0,,0.0
2024-10-09 02:00:00,84.79152252432249,1189.121534180759,36.17570140281343,0.08479152252432248
2024-10-09 03:00:00,3404.8496844875876,4920.666660263687,50.665720607885824,3.4048496844875875
2024-10-09 04:00:00,2113.090422240271,3461.8689172081304,42.82539328657288,2.113090422240271
2024-10-09 05:00:00,3490.15697103187,4920.666660263687,51.18349281896841,3.49015697103187
2024-10-09 06:00:00,2819.290368425121,4920.666660263687,47.11167084168805,2.819290368425121
2024-10-09 07:00:00,2361.691982179079,4491.6085005414625,44.334279392114176,2.361691982179079
2024-10-09 08:00:00,3653.451244426396,4920.666660263682,52.17460671342712,3.653451244426396
2024-10-09 09:00:00,2276.3846956347966,4278.340284180755,43.81650718103159,2.2763846956347966
2024-10-09 10:00:00,2947.251298241544,4920.666660263682,47.88832915831194,2.947251298241544
2024-10-09 11:00:00,3404.8496844875876,4920.666660263687,50.665720607885824,3.4048496844875875
2024-10-09 12:00:00,2113.090422240271,3461.8689172081304,42.82539328657288,2.113090422240271
2024-10-09 13:00:00,3490.1569710318704,4920.666660263687,51.18349281896841,3.4901569710318703
2024-10-09 14:00:00,2819.290368425121,4920.6666602636915,47.11167084168805,2.819290368425121
2024-10-09 15:00:00,2361.6919821790793,4491.608500541465,44.334279392114176,2.3616919821790794
2024-10-09 16:00:00,3653.4512444263955,4920.6666602636915,52.17460671342712,3.6534512444263956
2024-10-09 17:00:00,2276.3846956347957,4278.340284180761,43.81650718103159,2.2763846956347957
2024-10-09 18:00:00,2862.459775717224,4920.666660263687,48.953113499720914,2.862459775717224
2024-10-09 19:00:00,0.0,0.0,,0.0
2024-10-09 20:00:00,0.0,0.0,,0.0
2024-10-09 21:00:00,0.0,0.0,,0.0
2024-10-09 22:00:00,0.0,0.0,,0.0
2024-10-09 23:00:00,0.0,0.0,,0.0
2024-10-10 00:00:00,0.0,0.0,,0.0
2024-10-10 01:00:00,1562.3037744744738,4054.3106243529705,44.97220433997723,1.5623037744744739
2024-10-10 02:00:00,3081.6690941382176,4912.426943797414,48.70417739601366,3.0816690941382174
2024-10-10 03:00:00,3296.1566964141766,4912.426943797414,50.00600898132119,3.2961566964141764
2024-10-10 04:00:00,2132.1715463825667,3685.898577035919,42.941206088003035,2.132171546382567
2024-10-10 05:00:00,3560.687710820689,4912.426943797412,51.61157884267274,3.560687710820689
2024-10-10 06:00:00,2684.872572528448,4912.426943797414,46.29582260398634,2.684872572528448
2024-10-10 07:00:00,2470.3849702524903,4715.6381603692535,44.99399101867881,2.4703849702524905
2024-10-10 08:00:00,3634.3701202840994,4912.426943797416,52.058793911996965,3.6343701202840992
2024-10-10 09:00:00,2205.853955845976,4054.3106243529633,43.38842115732725,2.205853955845976
2024-10-10 10:00:00,3081.6690941382194,4912.426943797414,48.70417739601367,3.081669094138219
2024-10-10 11:00:00,3296.1566964141753,4912.426943797412,50.00600898132118,3.296156696414175
2024-10-10 12:00:00,2132.1715463825667,3685.8985770359213,42.941206088003035,2.132171546382567
2024-10-10 13:00:00,3560.6877108206904,4912.426943797409,51.61157884267275,3.5606877108206905
2024-10-10 14:00:00,2684.8725725284467,4912.426943797407,46.29582260398633,2.684872572528447
2024-10-10 15:00:00,2470.3849702524913,4715.638160369254,44.99399101867882,2.4703849702524914
2024-10-10 16:00:00,3634.3701202840994,4912.426943797414,52.058793911996965,3.6343701202840992
2024-10-10 17:00:00,643.5501813715049,2656.158993702589,40.6527956600228,0.6435501813715049
2024-10-10 18:00:00,0.0,0.0,,0.0
2024-10-10 19:00:00,0.0,0.0,,0.0
2024-10-10 20:00:00,0.0,0.0,,0.0
2024-10-10 21:00:00,0.0,0.0,,0.0
2024-10-10 22:00:00,0.0,0.0,,0.0
2024-10-10 23:00:00,0.0,0.0,,0.0
2024-10-11 00:00:00,0.0,0.0,,0.0
2024-10-11 01:00:00,0.0,0.0,,0.0
2024-10-11 02:00:00,2222.914536583533,4575.467417245141,46.52077993371185,2.222914536583533
2024-10-11 03:00:00,2938.5405627316636,4923.880239004856,47.835459386363844,2.9385405627316636
2024-10-11 04:00:00,3220.8476347799324,4910.132781828474,49.5489209535983,3.220847634779932
2024-10-11 05:00:00,2243.749450077267,4203.062530671524,43.61842769760113,2.243749450077267
2024-10-11 06:00:00,3710.378203626482,4935.876271411813,52.52012464898983,3.710378203626482
2024-10-11 07:00:00,1983.3359385223841,3173.3229473381894,42.037849002209605,1.983335938522384
2024-10-11 08:00:00,3741.903782175971,4923.880239004856,52.711469013257634,3.7419037821759713
2024-10-11 09:00:00,2180.298425231391,4060.597625578472,43.233311973484746,2.180298425231391
2024-10-11 10:00:00,3315.8242381752984,4910.132781828474,50.125381041982486,3.3158242381752983
2024-10-11 11:00:00,2828.0011039350043,4935.876271411813,47.16454061363616,2.828001103935004
2024-10-11 12:00:00,2545.694031886732,4717.932322338184,45.45107904640169,2.545694031886732
2024-10-11 13:00:00,3522.7922165894006,4923.880239004863,51.38157230239888,3.5227922165894006
2024-10-11 14:00:00,2056.1634630401836,3688.1927390048513,42.479875351010165,2.0561634630401837
2024-10-11 15:00:00,3783.205728144282,4910.132781828482,52.962150997790395,3.7832057281442824
2024-10-11 16:00:00,2024.6378844906965,3545.727833911821,42.28853098674237,2.0246378844906965
2024-10-11 17:00:00,3586.2432414352734,4935.876271411825,51.76668802651524,3.586243241435273
2024-10-11 18:00:00,227.80289190783353,1628.7135723381834,37.54172006628809,0.22780289190783354
2024-10-11 19:00:00,0.0,0.0,,0.0
2024-10-11 20:00:00,0.0,0.0,,0.0
2024-10-11 21:00:00,0.0,0.0,,0.0
2024-10-11 22:00:00,0.0,0.0,,0.0
2024-10-11 23:00:00,0.0,0.0,,0.0
2024-10-12 00:00:00,0.0,0.0,,0.0
2024-10-12 01:00:00,0.0,0.0,,0.0
2024-10-12 02:00:00,0.0,0.0,,0.0
2024-10-12 03:00:00,0.0,0.0,,0.0
2024-10-12 04:00:00,0.0,0.0,,0.0
2024-10-12 05:00:00,0.0,0.0,,0.0
2024-10-12 06:00:00,0.0,0.0,,0.0
2024-10-12 07:00:00,0.0,0.0,,0.0
2024-10-12 08:00:00,0.0,0.0,,0.0
2024-10-12 09:00:00,0.0,0.0,,0.0
2024-10-12 10:00:00,0.0,0.0,,0.0
2024-10-12 11:00:00,0.0,0.0,,0.0
2024-10-12 12:00:00,0.0,0.0,,0.0
2024-10-12 13:00:00,0.0,0.0,,0.0
2024-10-12 14:00:00,0.0,0.0,,0.0
2024-10-12 15:00:00,0.0,0.0,,0.0
2024-10-12 16:00:00,0.0,0.0,,0.0
2024-10-12 17:00:00,0.0,0.0,,0.0
2024-10-12 18:00:00,0.0,0.0,,0.0
2024-10-12 19:00:00,0.0,0.0,,0.0
2024-10-12 20:00:00,0.0,0.0,,0.0
2024-10-12 21:00:00,0.0,0.0,,0.0
2024-10-12 22:00:00,0.0,0.0,,0.0
2024-10-12 23:00:00,0.0,0.0,,0.0
2024-10-13 00:00:00,0.0,0.0,,0.0
2024-10-13 01:00:00,0.0,0.0,,0.0
2024-10-13 02:00:00,0.0,0.0,,0.0
2024-10-13 03:00:00,0.0,0.0,,0.0
2024-10-13 04:00:00,0.0,0.0,,0.0
2024-10-13 05:00:00,0.0,0.0,,0.0
2024-10-13 06:00:00,0.0,0.0,,0.0
2024-10-13 07:00:00,0.0,0.0,,0.0
2024-10-13 08:00:00,0.0,0.0,,0.0
2024-10-13 09:00:00,0.0,0.0,,0.0
2024-10-13 10:00:00,0.0,0.0,,0.0
2024-10-13 11:00:00,0.0,0.0,,0.0
2024-10-13 12:00:00,0.0,0.0,,0.0
2024-10-13 13:00:00,0.0,0.0,,0.0
2024-10-13 14:00:00,0.0,0.0,,0.0
2024-10-13 15:00:00,0.0,0.0,,0.0
2024-10-13 16:00:00,0.0,0.0,,0.0
2024-10-13 17:00:00,0.0,0.0,,0.0
2024-10-13 18:00:00,0.0,0.0,,0.0
2024-10-13 19:00:00,0.0,0.0,,0.0
2024-10-13 20:00:00,0.0,0.0,,0.0
2024-10-13 21:00:00,0.0,0.0,,0.0
2024-10-13 22:00:00,0.0,0.0,,0.0
2024-10-13 23:00:00,0.0,0.0,,0.0
2024-10-14 00:00:00,0.0,0.0,,0.0
2024-10-14 01:00:00,0.0,0.0,,0.0
2024-10-14 02:00:00,0.0,0.0,,0.0
2024-10-14 03:00:00,223.74489004956882,1606.5790167476487,37.40737447573303,0.22374489004956882
2024-10-14 04:00:00,3576.880724965647,4927.489172997649,51.709862272817645,3.576880724965647
2024-10-14 05:00:00,2029.0647956088037,3567.862389502351,42.315400104853396,2.0290647956088037
2024-10-14 06:00:00,3783.943546663967,4932.267337419018,52.96662918414223,3.783943546663967
2024-10-14 07:00:00,2050.7696091161183,3666.058183414313,42.44713737767105,2.0507696091161183
2024-10-14 08:00:00,3533.121675864985,4906.523847835677,51.444266911324576,3.533121675864985
2024-10-14 09:00:00,2530.1998429733558,4695.797766747647,45.35703713301314,2.5301998429733557
2024-10-14 10:00:00,2845.200054174022,4927.489172997651,47.268929568604655,2.8452000541740223
2024-10-14 11:00:00,3301.8056863012907,4932.267337419015,50.0402955012976,3.301805686301291
2024-10-14 12:00:00,2189.6609417010177,4082.732181169014,43.29013772718234,2.1896609417010175
2024-10-14 13:00:00,3737.4768710578637,4906.523847835682,52.68459989514661,3.7374768710578636
2024-10-14 14:00:00,1982.5981200026993,3151.1883917476484,42.033370815857765,1.9825981200026992
2024-10-14 15:00:00,3715.7720575505477,4927.489172997655,52.55286262232895,3.7157720575505477
2024-10-14 16:00:00,2233.4199908016826,4180.927975080991,43.55573308867543,2.2334199908016825
2024-10-14 17:00:00,3236.341823693309,4932.26733741902,49.642962866986856,3.236341823693309
2024-10-14 18:00:00,2921.3416124926453,4906.523847835677,47.73107043139535,2.9213416124926455
2024-10-14 19:00:00,2240.9910903158047,4597.60197283568,46.65512552426693,2.240991090315805
2024-10-14 20:00:00,0.0,0.0,,0.0
2024-10-14 21:00:00,0.0,0.0,,0.0
2024-10-14 22:00:00,0.0,0.0,,0.0
2024-10-14 23:00:00,0.0,0.0,,0.0
2024-10-15 00:00:00,0.0,0.0,,0.0
2024-10-15 01:00:00,0.0,0.0,,0.0
2024-10-15 02:00:00,0.0,0.0,,0.0
2024-10-15 03:00:00,2761.2479189909377,4919.701695588344,48.62153604768559,2.7612479189909376
2024-10-15 04:00:00,2324.857067124226,4404.831903921676,44.11071003261884,2.324857067124226
2024-10-15 05:00:00,3655.5755208333335,4919.701695588344,52.1875,3.6555755208333336
2024-10-15 06:00:00,2308.9710578757736,4365.116880800546,44.01428996738116,2.3089710578757736
2024-10-15 07:00:00,2895.1853402696725,4919.701695588344,47.57231504892827,2.8951853402696726
2024-10-15 08:00:00,3441.6845995424414,4919.7016955883455,50.88928996738117,3.4416845995424414
2024-10-15 09:00:00,2110.9661458333335,3375.0923205883414,42.8125,2.1109661458333333
2024-10-15 10:00:00,3457.570608790892,4919.701695588339,50.98571003261884,3.457570608790892
2024-10-15 11:00:00,2871.356326396994,4919.701695588341,47.42768495107173,2.871356326396994
2024-10-15 12:00:00,2324.857067124226,4404.831903921676,44.11071003261884,2.324857067124226
2024-10-15 13:00:00,3655.5755208333335,4919.701695588344,52.1875,3.6555755208333336
2024-10-15 14:00:00,2308.9710578757736,4365.116880800541,44.01428996738115,2.3089710578757736
2024-10-15 15:00:00,2895.185340269673,4919.7016955883455,47.57231504892827,2.895185340269673
2024-10-15 16:00:00,3441.68459954244,4919.701695588348,50.88928996738116,3.44168459954244
2024-10-15 17:00:00,2110.966145833333,3375.0923205883437,42.8125,2.110966145833333
2024-10-15 18:00:00,3457.5706087908934,4919.701695588341,50.98571003261885,3.4575706087908933
2024-10-15 19:00:00,110.10840740605671,1315.613153921678,36.68302508154712,0.11010840740605671
2024-10-15 20:00:00,0.0,0.0,,0.0
2024-10-15 21:00:00,0.0,0.0,,0.0
2024-10-15 22:00:00,0.0,0.0,,0.0
2024-10-15 23:00:00,0.0,0.0,,0.0
2024-10-16 00:00:00,0.0,0.0,,0.0
2024-10-16 01:00:00,0.0,0.0,,0.0
2024-10-16 02:00:00,0.0,0.0,,0.0
2024-10-16 03:00:00,0.0,0.0,,0.0
2024-10-16 04:00:00,3061.982493187171,4928.012296171462,48.58468965568057,3.0619824931871706
2024-10-16 05:00:00,2355.2994991833925,4416.874422578536,44.29548024389293,2.3552994991833924
2024-10-16 06:00:00,3646.3723712932656,4931.744214245202,52.13164152320024,3.6463723712932654
2024-10-16 07:00:00,1999.6598188438047,3387.1348392452014,42.13692672405323,1.9996598188438046
2024-10-16 08:00:00,3772.894994341187,4906.000724661871,52.89957004303993,3.772894994341187
2024-10-16 09:00:00,2101.762996293266,3846.7857336714615,42.75664152320024,2.101762996293266
2024-10-16 10:00:00,3442.041619125218,4928.012296171465,50.89145689621295,3.442041619125218
2024-10-16 11:00:00,2661.733428800901,4876.525317004795,46.155379670027216,2.661733428800901
2024-10-16 12:00:00,2704.559173479494,4931.744214245202,46.41531034431942,2.704559173479494
2024-10-16 13:00:00,3411.242167483275,4906.000724661868,50.704519756107075,3.411242167483275
2024-10-16 14:00:00,2120.1692953733996,3902.0046309118657,42.86835847679975,2.1201692953733997
2024-10-16 15:00:00,3766.8818478228623,4928.01229617147,52.86307327594677,3.7668818478228623
2024-10-16 16:00:00,1993.64667232548,3331.9159420048054,42.10042995696007,1.99364667232548
2024-10-16 17:00:00,3664.7786703733996,4931.744214245204,52.24335847679975,3.6647786703733995
2024-10-16 18:00:00,2324.5000475414495,4361.655525338138,44.108543103787056,2.3245000475414495
2024-10-16 19:00:00,3104.8082378657637,4906.000724661863,48.84462032997278,3.1048082378657638
2024-10-16 20:00:00,0.0,0.0,,0.0
2024-10-16 21:00:00,0.0,0.0,,0.0
2024-10-16 22:00:00,0.0,0.0,,0.0
2024-10-16 23:00:00,0.0,0.0,,0.0
2024-10-17 00:00:00,0.0,0.0,,0.0
2024-10-17 01:00:00,2118.7463149453965,4463.3489093067465,46.07465212896715,2.1187463149453967
2024-10-17 02:00:00,3025.98519383705,4926.731721806747,48.36620420112518,3.02598519383705
2024-10-17 03:00:00,3140.114503977725,4933.024788609921,49.058911561242574,3.140114503977725
2024-10-17 04:00:00,2299.713654619735,4315.181038609919,43.95810219788418,2.299713654619735
2024-10-17 05:00:00,3679.0878759170237,4907.281299026583,52.330208138690146,3.679087875917024
2024-10-17 06:00:00,1989.3233973656613,3285.4414552765857,42.074189858068856,1.9893233973656612
2024-10-17 07:00:00,3760.685249592433,4926.731721806749,52.82546304947105,3.760685249592433
2024-10-17 08:00:00,2136.843080981919,3948.479117640078,42.96955994728796,2.1368430809819188
2024-10-17 09:00:00,3384.582451290954,4933.024788609926,50.54270872261972,3.384582451290954
2024-10-17 10:00:00,2740.5564728296154,4907.281299026593,46.63379579887481,2.7405564728296152
2024-10-17 11:00:00,2626.4271626889417,4830.0508302765875,45.941088438757426,2.626427162688942
2024-10-17 12:00:00,3466.828012046931,4926.731721806745,51.04189780211581,3.4668280120469306
2024-10-17 13:00:00,2087.453790749643,3800.3112469432544,42.669791861309854,2.0874537907496427
2024-10-17 14:00:00,3777.218269301005,4933.024788609921,52.925810141931144,3.777218269301005
2024-10-17 15:00:00,2005.8564170742325,3433.6093259734093,42.17453695052895,2.0058564170742326
2024-10-17 16:00:00,3629.6985856847487,4907.2812990265875,52.030440052712045,3.6296985856847486
2024-10-17 17:00:00,263.21290043031723,1740.8320802765868,37.98784787103285,0.26321290043031725
2024-10-17 18:00:00,0.0,0.0,,0.0
2024-10-17 19:00:00,0.0,0.0,,0.0
2024-10-17 20:00:00,0.0,0.0,,0.0
2024-10-17 21:00:00,0.0,0.0,,0.0
2024-10-17 22:00:00,0.0,0.0,,0.0
2024-10-17 23:00:00,0.0,0.0,,0.0
2024-10-18 00:00:00,0.0,0.0,,0.0
2024-10-18 01:00:00,0.0,0.0,,0.0
2024-10-18 02:00:00,626.8567155681793,2520.5291461518523,40.37646587998697,0.6268567155681793
2024-10-18 03:00:00,3783.357091330062,4914.673677401853,52.963069695999565,3.783357091330062
2024-10-18 04:00:00,2025.5460636053708,3550.268729485187,42.294043175997395,2.025546063605371
2024-10-18 05:00:00,3584.426883205925,4940.417166985186,51.75566364800521,3.584426883205925
2024-10-18 06:00:00,2453.593329021174,4580.008312818519,44.89207422399175,2.453593329021174
2024-10-18 07:00:00,2934.9078462729613,4919.3393434314785,47.81341062934375,2.9349078462729614
2024-10-18 08:00:00,3224.0262616812993,4914.673677401859,49.56821361599089,3.224026261681299
2024-10-18 09:00:00,2241.6303654763556,4198.521635098144,43.60556592267274,2.2416303654763556
2024-10-18 10:00:00,3711.5891091127173,4940.41716698519,52.527474234663195,3.711589109112717
2024-10-18 11:00:00,1983.184575336605,3168.7820517648106,42.036930304000435,1.9831845753366049
2024-10-18 12:00:00,3740.9956030612952,4919.339343431473,52.7059568240026,3.7409956030612954
2024-10-18 13:00:00,2182.1147834607427,4065.1385211518536,43.2443363519948,2.182114783460743
2024-10-18 14:00:00,3312.94833764549,4914.673677401855,50.10792577600824,3.3129483376454902
2024-10-18 15:00:00,2831.633820393708,4940.4171669851885,47.186589370656264,2.831633820393708
2024-10-18 16:00:00,2542.515404985366,4713.391426764808,45.4317863840091,2.542515404985366
2024-10-18 17:00:00,3524.9113011903114,4919.339343431471,51.39443407732726,3.5249113011903113
2024-10-18 18:00:00,1428.0958419857673,3683.651843431475,43.686034120013,1.4280958419857672
2024-10-18 19:00:00,0.0,0.0,,0.0
2024-10-18 20:00:00,0.0,0.0,,0.0
2024-10-18 21:00:00,0.0,0.0,,0.0
2024-10-18 22:00:00,0.0,0.0,,0.0
2024-10-18 23:00:00,0.0,0.0,,0.0
2024-10-19 00:00:00,0.0,0.0,,0.0
2024-10-19 01:00:00,0.0,0.0,,0.0
2024-10-19 02:00:00,0.0,0.0,,0.0
2024-10-19 03:00:00,0.0,0.0,,0.0
2024-10-19 04:00:00,0.0,0.0,,0.0
2024-10-19 05:00:00,0.0,0.0,,0.0
2024-10-19 06:00:00,0.0,0.0,,0.0
2024-10-19 07:00:00,0.0,0.0,,0.0
2024-10-19 08:00:00,0.0,0.0,,0.0
2024-10-19 09:00:00,0.0,0.0,,0.0
2024-10-19 10:00:00,0.0,0.0,,0.0
2024-10-19 11:00:00,0.0,0.0,,0.0
2024-10-19 12:00:00,0.0,0.0,,0.0
2024-10-19 13:00:00,0.0,0.0,,0.0
2024-10-19 14:00:00,0.0,0.0,,0.0
2024-10-19 15:00:00,0.0,0.0,,0.0
2024-10-19 16:00:00,0.0,0.0,,0.0
2024-10-19 17:00:00,0.0,0.0,,0.0
2024-10-19 18:00:00,0.0,0.0,,0.0
2024-10-19 19:00:00,0.0,0.0,,0.0
2024-10-19 20:00:00,0.0,0.0,,0.0
2024-10-19 21:00:00,0.0,0.0,,0.0
2024-10-19 22:00:00,0.0,0.0,,0.0
2024-10-19 23:00:00,0.0,0.0,,0.0
2024-10-20 00:00:00,0.0,0.0,,0.0
2024-10-20 01:00:00,0.0,0.0,,0.0
2024-10-20 02:00:00,0.0,0.0,,0.0
2024-10-20 03:00:00,0.0,0.0,,0.0
2024-10-20 04:00:00,0.0,0.0,,0.0
2024-10-20 05:00:00,0.0,0.0,,0.0
2024-10-20 06:00:00,0.0,0.0,,0.0
2024-10-20 07:00:00,0.0,0.0,,0.0
2024-10-20 08:00:00,0.0,0.0,,0.0
2024-10-20 09:00:00,0.0,0.0,,0.0
2024-10-20 10:00:00,0.0,0.0,,0.0
2024-10-20 11:00:00,0.0,0.0,,0.0
2024-10-20 12:00:00,0.0,0.0,,0.0
2024-10-20 13:00:00,0.0,0.0,,0.0
2024-10-20 14:00:00,0.0,0.0,,0.0
2024-10-20 15:00:00,0.0,0.0,,0.0
2024-10-20 16:00:00,0.0,0.0,,0.0
2024-10-20 17:00:00,0.0,0.0,,0.0
2024-10-20 18:00:00,0.0,0.0,,0.0
2024-10-20 19:00:00,0.0,0.0,,0.0
2024-10-20 20:00:00,0.0,0.0,,0.0
2024-10-20 21:00:00,0.0,0.0,,0.0
2024-10-20 22:00:00,0.0,0.0,,0.0
2024-10-20 23:00:00,0.0,0.0,,0.0
2024-10-21 00:00:00,0.0,0.0,,0.0
2024-10-21 01:00:00,0.0,0.0,,0.0
2024-10-21 02:00:00,0.0,0.0,,0.0
2024-10-21 03:00:00,85.60931078495159,1198.9349933083083,36.235264151045996,0.08560931078495158
2024-10-21 04:00:00,3409.1021834428593,4910.853201136136,50.691531132119934,3.4091021834428594
2024-10-21 05:00:00,2112.763306936019,3452.055458080581,42.8234078616318,2.112763306936019
2024-10-21 06:00:00,3486.558702685102,4910.8532011361385,51.16165314461647,3.486558702685102
2024-10-21 07:00:00,2825.1784439016506,4910.853201136136,47.1474084906276,2.8251784439016507
2024-10-21 08:00:00,2357.4394832238077,4481.795041413916,44.30846886788007,2.3574394832238075
2024-10-21 09:00:00,3653.7783597306475,4910.853201136134,52.1765921383682,3.6537783597306475
2024-10-21 10:00:00,2279.982963981564,4288.153743308301,43.83834685538353,2.279982963981564
2024-10-21 11:00:00,2941.3632227650164,4910.853201136136,47.85259150937241,2.9413632227650166
2024-10-21 12:00:00,3409.1021834428584,4910.8532011361385,50.69153113211993,3.4091021834428585
2024-10-21 13:00:00,2112.7633069360195,3452.0554580805833,42.8234078616318,2.1127633069360194
2024-10-21 14:00:00,3486.558702685103,4910.853201136141,51.16165314461648,3.486558702685103
2024-10-21 15:00:00,2825.178443901649,4910.853201136143,47.147408490627576,2.8251784439016494
2024-10-21 16:00:00,2357.439483223809,4481.795041413918,44.30846886788008,2.357439483223809
2024-10-21 17:00:00,3653.778359730647,4910.853201136146,52.1765921383682,3.653778359730647
2024-10-21 18:00:00,2279.982963981563,4288.153743308309,43.83834685538352,2.279982963981563
2024-10-21 19:00:00,2855.7539119800667,4910.8532011361385,48.9087121783112,2.8557539119800666
2024-10-21 20:00:00,0.0,0.0,,0.0
2024-10-21 21:00:00,0.0,0.0,,0.0
2024-10-21 22:00:00,0.0,0.0,,0.0
2024-10-21 23:00:00,0.0,0.0,,0.0
2024-10-22 00:00:00,0.0,0.0,,0.0
2024-10-22 01:00:00,0.0,0.0,,0.0
2024-10-22 02:00:00,206.0967227887823,1622.7326804826944,37.50541906873316,0.2060967227887823
2024-10-22 03:00:00,3559.7045828509404,4916.113673683972,51.605611751662174,3.5597045828509404
2024-10-22 04:00:00,2131.6799823976926,3682.2118471493595,42.938222542497755,2.1316799823976926
2024-10-22 05:00:00,3298.1229523536745,4916.113673683972,50.01794316334232,3.2981229523536744
2024-10-22 06:00:00,3079.457056206282,4916.113673683972,48.69075144123989,3.079457056206282
2024-10-22 07:00:00,2206.837083815726,4057.997354239532,43.394388248337826,2.206837083815726
2024-10-22 08:00:00,3634.861684268975,4916.113673683977,52.06177745750225,3.6348616842689747
2024-10-22 09:00:00,2468.41871431299,4711.951430482685,44.98205683665767,2.46841871431299
2024-10-22 10:00:00,2687.084610460386,4916.113673683977,46.309248558760125,2.6870846104603863
2024-10-22 11:00:00,3559.7045828509395,4916.113673683982,51.605611751662174,3.5597045828509395
2024-10-22 12:00:00,2131.6799823976917,3682.2118471493513,42.93822254249775,2.1316799823976917
2024-10-22 13:00:00,3298.122952353677,4916.113673683982,50.01794316334234,3.298122952353677
2024-10-22 14:00:00,3079.4570562062795,4916.113673683977,48.690751441239875,3.0794570562062793
2024-10-22 15:00:00,2206.8370838157275,4057.997354239534,43.39438824833783,2.2068370838157274
2024-10-22 16:00:00,3634.861684268975,4916.113673683977,52.06177745750225,3.6348616842689747
2024-10-22 17:00:00,2468.418714312989,4711.951430482692,44.98205683665766,2.468418714312989
2024-10-22 18:00:00,2480.987887671606,4916.113673683972,48.07001445676553,2.4809878876716063
2024-10-22 19:00:00,0.0,0.0,,0.0
2024-10-22 20:00:00,0.0,0.0,,0.0
2024-10-22 21:00:00,0.0,0.0,,0.0
2024-10-22 22:00:00,0.0,0.0,,0.0
2024-10-22 23:00:00,0.0,0.0,,0.0
2024-10-23 00:00:00,0.0,0.0,,0.0
2024-10-23 01:00:00,0.0,0.0,,0.0
2024-10-23 02:00:00,0.0,0.0,,0.0
2024-10-23 03:00:00,651.2824462302254,2548.53284206798,40.31205919266388,0.6512824462302255
2024-10-23 04:00:00,3784.290547860599,4942.67737331798,52.968735306422126,3.784290547860599
2024-10-23 05:00:00,2031.1468027885962,3578.2724254013133,42.328036838532775,2.031146802788596
2024-10-23 06:00:00,3572.3697094094305,4917.079137098686,51.68248268317898,3.5723697094094304
2024-10-23 07:00:00,2471.3290031013876,4608.012008734647,44.99972082202046,2.4713290031013875
2024-10-23 08:00:00,2913.360584970104,4916.933883734649,47.68262961895769,2.913360584970104
2024-10-23 09:00:00,3243.6288488225864,4942.677373317982,49.68719143486472,3.2436288488225866
2024-10-23 10:00:00,2228.561974048831,4170.517939182018,43.52624737675685,2.228561974048831
2024-10-23 11:00:00,3718.2010659269736,4917.079137098682,52.56760547828824,3.7182010659269737
2024-10-23 12:00:00,1982.2511188060673,3140.7783558486854,42.031264693577874,1.9822511188060674
2024-10-23 13:00:00,3735.3948638780703,4916.933883734647,52.671963161467225,3.7353948638780703
2024-10-23 14:00:00,2194.171957257237,4093.1422170679775,43.317517316821025,2.194171957257237
2024-10-23 15:00:00,3295.2126635652776,4942.67737331798,50.000279177979536,3.2952126635652776
2024-10-23 16:00:00,2853.1810816965644,4917.079137098686,47.31737038104232,2.8531810816965644
2024-10-23 17:00:00,2522.9128178440783,4685.387730848683,45.31280856513527,2.5229128178440785
2024-10-23 18:00:00,3537.9796926178365,4916.933883734641,51.47375262324316,3.5379796926178364
2024-10-23 19:00:00,1397.0581545094658,3655.6481475153496,43.7504408073361,1.3970581545094658
2024-10-23 20:00:00,0.0,0.0,,0.0
2024-10-23 21:00:00,0.0,0.0,,0.0
2024-10-23 22:00:00,0.0,0.0,,0.0
2024-10-23 23:00:00,0.0,0.0,,0.0
2024-10-24 00:00:00,0.0,0.0,,0.0
2024-10-24 01:00:00,0.0,0.0,,0.0
2024-10-24 02:00:00,0.0,0.0,,0.0
2024-10-24 03:00:00,696.3589342890256,2760.5164756211298,41.02577628384345,0.6963589342890256
2024-10-24 04:00:00,3618.8268258224043,4905.807274232244,51.964453952692764,3.618826825822404
2024-10-24 05:00:00,2527.671257481603,4819.995642287795,45.341689894177954,2.527671257481603
2024-10-24 06:00:00,2622.2580833773227,4905.807274232239,45.915784229693934,2.622258083377323
2024-10-24 07:00:00,3586.8874091264106,4905.807274232239,51.77059779956347,3.5868874091264105
2024-10-24 08:00:00,2147.7148408442617,3790.2560589544596,43.035546047307236,2.147714840844262
2024-10-24 09:00:00,3238.8704091850636,4905.807274232239,49.65831010582204,3.2388704091850635
2024-10-24 10:00:00,3144.2835832893447,4905.807274232244,49.08421577030607,3.1442835832893445
2024-10-24 11:00:00,2179.6542575402545,3949.953142434425,43.229402200436525,2.1796542575402547
2024-10-24 12:00:00,3618.8268258224048,4905.807274232244,51.964453952692764,3.6188268258224046
2024-10-24 13:00:00,2527.6712574816024,4819.99564228779,45.341689894177954,2.5276712574816025
2024-10-24 14:00:00,2622.2580833773222,4905.807274232239,45.91578422969393,2.6222580833773224
2024-10-24 15:00:00,3586.887409126412,4905.807274232239,51.770597799563475,3.586887409126412
2024-10-24 16:00:00,2147.7148408442617,3790.2560589544664,43.035546047307236,2.147714840844262
2024-10-24 17:00:00,3238.8704091850645,4905.807274232234,49.658310105822046,3.2388704091850644
2024-10-24 18:00:00,3144.283583289344,4905.807274232244,49.084215770306066,3.1442835832893437
2024-10-24 19:00:00,1483.2953232512307,3949.9531424344286,44.59922371615656,1.4832953232512307
2024-10-24 20:00:00,0.0,0.0,,0.0
2024-10-24 21:00:00,0.0,0.0,,0.0
2024-10-24 22:00:00,0.0,0.0,,0.0
2024-10-24 23:00:00,0.0,0.0,,0.0
2024-10-25 00:00:00,0.0,0.0,,0.0
2024-10-25 01:00:00,0.0,0.0,,0.0
2024-10-25 02:00:00,0.0,0.0,,0.0
2024-10-25 03:00:00,2788.05301903791,4918.279672534316,48.802306536765364,2.78805301903791
2024-10-25 04:00:00,2309.539867097384,4366.538903854572,44.01774235252067,2.309539867097384
2024-10-25 05:00:00,3655.5755208333335,4918.279672534316,52.1875,3.6555755208333336
2024-10-25 06:00:00,2324.2882579026145,4403.409880867649,44.10725764747933,2.3242882579026145
2024-10-25 07:00:00,2872.2095402294103,4918.279672534313,47.432863528781006,2.8722095402294103
2024-10-25 08:00:00,3457.001799569282,4918.279672534316,50.98225764747933,3.457001799569282
2024-10-25 09:00:00,2110.9661458333335,3373.67029753431,42.8125,2.1109661458333333
2024-10-25 10:00:00,3442.253408764052,4918.279672534313,50.89274235252068,3.442253408764052
2024-10-25 11:00:00,2894.332126437255,4918.279672534311,47.56713647121899,2.894332126437255
2024-10-25 12:00:00,2309.5398670973855,4366.538903854575,44.01774235252068,2.3095398670973855
2024-10-25 13:00:00,3655.5755208333335,4918.279672534309,52.1875,3.6555755208333336
2024-10-25 14:00:00,2324.2882579026136,4403.409880867643,44.10725764747932,2.3242882579026136
2024-10-25 15:00:00,2872.2095402294126,4918.279672534316,47.43286352878102,2.8722095402294125
2024-10-25 16:00:00,3457.001799569281,4918.279672534313,50.98225764747932,3.457001799569281
2024-10-25 17:00:00,2110.966145833333,3373.6702975343173,42.8125,2.110966145833333
2024-10-25 18:00:00,3442.2534087640533,4918.2796725343205,50.892742352520685,3.4422534087640533
2024-10-25 19:00:00,106.2791073993466,1277.320153854577,36.4506058813017,0.1062791073993466
2024-10-25 20:00:00,0.0,0.0,,0.0
2024-10-25 21:00:00,0.0,0.0,,0.0
2024-10-25 22:00:00,0.0,0.0,,0.0
2024-10-25 23:00:00,0.0,0.0,,0.0
2024-10-26 00:00:00,0.0,0.0,,0.0
2024-10-26 01:00:00,0.0,0.0,,0.0
2024-10-26 02:00:00,0.0,0.0,,0.0
2024-10-26 03:00:00,0.0,0.0,,0.0
2024-10-26 04:00:00,0.0,0.0,,0.0
2024-10-26 05:00:00,0.0,0.0,,0.0
2024-10-26 06:00:00,0.0,0.0,,0.0
2024-10-26 07:00:00,0.0,0.0,,0.0
2024-10-26 08:00:00,0.0,0.0,,0.0
2024-10-26 09:00:00,0.0,0.0,,0.0
2024-10-26 10:00:00,0.0,0.0,,0.0
2024-10-26 11:00:00,0.0,0.0,,0.0
2024-10-26 12:00:00,0.0,0.0,,0.0
2024-10-26 13:00:00,0.0,0.0,,0.0
2024-10-26 14:00:00,0.0,0.0,,0.0
2024-10-26 15:00:00,0.0,0.0,,0.0
2024-10-26 16:00:00,0.0,0.0,,0.0
2024-10-26 17:00:00,0.0,0.0,,0.0
2024-10-26 18:00:00,0.0,0.0,,0.0
2024-10-26 19:00:00,0.0,0.0,,0.0
2024-10-26 20:00:00,0.0,0.0,,0.0
2024-10-26 21:00:00,0.0,0.0,,0.0
2024-10-26 22:00:00,0.0,0.0,,0.0
2024-10-26 23:00:00,0.0,0.0,,0.0
2024-10-27 00:00:00,0.0,0.0,,0.0
2024-10-27 01:00:00,0.0,0.0,,0.0
2024-10-27 02:00:00,0.0,0.0,,0.0
2024-10-27 03:00:00,0.0,0.0,,0.0
2024-10-27 04:00:00,0.0,0.0,,0.0
2024-10-27 05:00:00,0.0,0.0,,0.0
2024-10-27 06:00:00,0.0,0.0,,0.0
2024-10-27 07:00:00,0.0,0.0,,0.0
2024-10-27 08:00:00,0.0,0.0,,0.0
2024-10-27 09:00:00,0.0,0.0,,0.0
2024-10-27 10:00:00,0.0,0.0,,0.0
2024-10-27 11:00:00,0.0,0.0,,0.0
2024-10-27 12:00:00,0.0,0.0,,0.0
2024-10-27 13:00:00,0.0,0.0,,0.0
2024-10-27 14:00:00,0.0,0.0,,0.0
2024-10-27 15:00:00,0.0,0.0,,0.0
2024-10-27 16:00:00,0.0,0.0,,0.0
2024-10-27 17:00:00,0.0,0.0,,0.0
2024-10-27 18:00:00,0.0,0.0,,0.0
2024-10-27 19:00:00,0.0,0.0,,0.0
2024-10-27 20:00:00,0.0,0.0,,0.0
2024-10-27 21:00:00,0.0,0.0,,0.0
2024-10-27 22:00:00,0.0,0.0,,0.0
2024-10-27 23:00:00,0.0,0.0,,0.0
2024-10-28 00:00:00,0.0,0.0,,0.0
2024-10-28 01:00:00,1706.442835411929,4021.0000885348986,44.79606785186323,1.706442835411929
2024-10-28 02:00:00,3340.902678302897,4937.734286465101,50.27759452715329,3.340902678302897
2024-10-28 03:00:00,2797.014000168422,4911.990796881765,46.97646451976181,2.797014000168422
2024-10-28 04:00:00,2573.4123078172365,4757.529859381766,45.61931500369574,2.5734123078172364
2024-10-28 05:00:00,3503.6224401007835,4922.022223951568,51.265221425931614,3.5036224401007834
2024-10-28 06:00:00,2066.7228062518043,3727.790276048433,42.54396523950314,2.0667228062518044
2024-10-28 07:00:00,3781.88581024283,4937.734286465098,52.954139761728776,3.7818858102428297
2024-10-28 08:00:00,2017.409302950261,3506.130296868231,42.24465714197721,2.017409302950261
2024-10-28 09:00:00,3602.082256252706,4911.990796881762,51.862822859254706,3.602082256252706
2024-10-28 10:00:00,2425.6389883637707,4535.869880201564,44.722405472846724,2.4256389883637706
2024-10-28 11:00:00,2969.5276664982416,4922.022223951568,48.02353548023817,2.9695276664982417
2024-10-28 12:00:00,3193.129358849432,4937.734286465098,49.380684996304275,3.193129358849432
2024-10-28 13:00:00,2262.9192265658826,4242.660067715097,43.73477857406838,2.2629192265658826
2024-10-28 14:00:00,3699.8188604148627,4911.990796881765,52.45603476049687,3.6998188604148625
2024-10-28 15:00:00,1984.6558564238364,3212.920484381763,42.045860238271224,1.9846558564238364
2024-10-28 16:00:00,3749.1323637164046,4922.022223951563,52.75534285802279,3.7491323637164045
2024-10-28 17:00:00,458.0165750020289,2183.1809010484294,39.266432148136744,0.4580165750020289
2024-10-28 18:00:00,0.0,0.0,,0.0
2024-10-28 19:00:00,0.0,0.0,,0.0
2024-10-28 20:00:00,0.0,0.0,,0.0
2024-10-28 21:00:00,0.0,0.0,,0.0
2024-10-28 22:00:00,0.0,0.0,,0.0
2024-10-28 23:00:00,0.0,0.0,,0.0
2024-10-29 00:00:00,0.0,0.0,,0.0
2024-10-29 01:00:00,0.0,0.0,,0.0
2024-10-29 02:00:00,1335.8705574912237,3748.861555897654,43.899532524457626,1.3358705574912237
2024-10-29 03:00:00,3262.3272942505887,4935.275596880123,49.800681569474015,3.2623272942505888
2024-10-29 04:00:00,3119.4468814552583,4935.2755968801275,48.93346951467458,3.1194468814552585
2024-10-29 05:00:00,2189.3129749201776,3991.3476454912366,43.28802574429322,2.1893129749201776
2024-10-29 06:00:00,3625.7259096652056,4935.275596880123,52.0063279125904,3.6257259096652055
2024-10-29 07:00:00,2504.214372416077,4778.601139230985,45.199318430525985,2.504214372416077
2024-10-29 08:00:00,2647.094785211409,4935.275596880123,46.06653048532543,2.6470947852114093
2024-10-29 09:00:00,3577.228691746489,4935.275596880123,51.71197425570678,3.577228691746489
2024-10-29 10:00:00,2140.8157570014596,3748.861555897642,42.99367208740959,2.1408157570014597
2024-10-29 11:00:00,3262.3272942505914,4935.275596880132,49.80068156947402,3.2623272942505914
2024-10-29 12:00:00,3119.446881455257,4935.275596880123,48.93346951467456,3.119446881455257
2024-10-29 13:00:00,2189.3129749201776,3991.347645491233,43.28802574429322,2.1893129749201776
2024-10-29 14:00:00,3625.725909665207,4935.275596880135,52.00632791259041,3.625725909665207
2024-10-29 15:00:00,2504.214372416075,4778.601139230973,45.19931843052597,2.504214372416075
2024-10-29 16:00:00,2647.094785211407,4935.2755968801275,46.066530485325416,2.6470947852114066
2024-10-29 17:00:00,3577.22869174649,4935.275596880123,51.71197425570678,3.5772286917464897
2024-10-29 18:00:00,804.9451995102371,2961.608062157902,41.725467475542374,0.8049451995102371
2024-10-29 19:00:00,0.0,0.0,,0.0
2024-10-29 20:00:00,0.0,0.0,,0.0
2024-10-29 21:00:00,0.0,0.0,,0.0
2024-10-29 22:00:00,0.0,0.0,,0.0
2024-10-29 23:00:00,0.0,0.0,,0.0
2024-10-30 00:00:00,0.0,0.0,,0.0
2024-10-30 01:00:00,0.0,0.0,,0.0
2024-10-30 02:00:00,924.1330398176073,2993.225955226085,41.60487214238683,0.9241330398176073
2024-10-30 03:00:00,3748.804788712319,4923.987673976082,52.75335464293553,3.748804788712319
2024-10-30 04:00:00,2165.245590423767,4022.965538559418,43.141948856954734,2.1652455904237673
2024-10-30 05:00:00,3339.657893287368,4935.768836440581,50.27003930982167,3.339657893287368
2024-10-30 06:00:00,2798.520845187221,4910.025346857248,46.98561030916324,2.798520845187221
2024-10-30 07:00:00,2572.0364928000736,4755.564409357248,45.61096450032922,2.5720364928000734
2024-10-30 08:00:00,3504.6051651130424,4923.987673976082,51.27118607119342,3.5046051651130425
2024-10-30 09:00:00,2066.198686245266,3725.8248260239147,42.540784095363506,2.066198686245266
2024-10-30 10:00:00,3781.951325243647,4935.768836440572,52.954537404746226,3.781951325243647
2024-10-30 11:00:00,2017.7368779543476,3508.0957468927536,42.24664535706447,2.0177368779543476
2024-10-30 12:00:00,3601.2960762428984,4910.025346857248,51.85805114304526,3.6012960762428983
2024-10-30 13:00:00,2426.8837733792993,4537.835330226087,44.72996069017834,2.4268837733792994
2024-10-30 14:00:00,2968.0208214794447,4923.987673976082,48.01438969083675,2.9680208214794446
2024-10-30 15:00:00,3194.5051738665943,4935.768836440577,49.389035499670804,3.1945051738665944
2024-10-30 16:00:00,2261.9365015536246,4240.694617690583,43.72881392880659,2.2619365015536244
2024-10-30 17:00:00,3700.3429804214,4910.025346857251,52.45921590463649,3.7003429804214
2024-10-30 18:00:00,1060.4573016054123,3210.9550343572496,42.457627857613176,1.0604573016054124
2024-10-30 19:00:00,0.0,0.0,,0.0
2024-10-30 20:00:00,0.0,0.0,,0.0
2024-10-30 21:00:00,0.0,0.0,,0.0
2024-10-30 22:00:00,0.0,0.0,,0.0
2024-10-30 23:00:00,0.0,0.0,,0.0
2024-10-31 00:00:00,0.0,0.0,,0.0
2024-10-31 01:00:00,940.8275034164943,3027.766224741023,41.814514160584835,0.9408275034164943
2024-10-31 02:00:00,3742.522145676795,4926.9720565089765,52.71522216788303,3.7425221456767948
2024-10-31 03:00:00,2179.0616982297424,4057.505808074356,43.22580566423393,2.1790616982297424
2024-10-31 04:00:00,3317.7823892612405,4907.040964324358,50.1372660316296,3.3177823892612404
2024-10-31 05:00:00,2825.5276499317074,4932.784453907692,47.14952799513454,2.8255276499317072
2024-10-31 06:00:00,2547.858304139617,4721.024139842309,45.46421508759061,2.547858304139617
2024-10-31 07:00:00,3521.3493684208106,4926.972056508975,51.37281494160626,3.5213493684208106
2024-10-31 08:00:00,2056.987947707949,3691.2845565089756,42.48487955717737,2.056987947707949
2024-10-31 09:00:00,3783.1026675608123,4907.040964324358,52.961525472019495,3.7831026675608124
2024-10-31 10:00:00,2024.0195209898716,3542.6360164076873,42.28477783211697,2.0240195209898717
2024-10-31 11:00:00,3587.4799684369227,4932.784453907692,51.77419433576606,3.5874799684369227
2024-10-31 12:00:00,2448.759277405427,4572.375599741022,44.86273396837041,2.448759277405427
2024-10-31 13:00:00,2941.0140167349573,4926.972056508975,47.85047200486545,2.9410140167349574
2024-10-31 14:00:00,3218.683362527052,4907.040964324363,49.535784912409405,3.218683362527052
2024-10-31 15:00:00,2245.192298245854,4206.15434817564,43.62718505839373,2.245192298245854
2024-10-31 16:00:00,3709.5537189587185,4932.784453907697,52.51512044282263,3.7095537189587184
2024-10-31 17:00:00,1042.6114956893584,3176.4147648423063,42.24798583941514,1.0426114956893584
2024-10-31 18:00:00,0.0,0.0,,0.0
2024-10-31 19:00:00,0.0,0.0,,0.0
2024-10-31 20:00:00,0.0,0.0,,0.0
2024-10-31 21:00:00,0.0,0.0,,0.0
2024-10-31 22:00:00,0.0,0.0,,0.0
2024-10-31 23:00:00,0.0,0.0,,0.0
2024-11-01 00:00:00,0.0,0.0,,0.0
2024-11-01 01:00:00,0.0,0.0,,0.0
2024-11-01 02:00:00,0.0,0.0,,0.0
2024-11-01 03:00:00,3185.6880493954054,4910.685282257659,49.33552000037675,3.1856880493954054
2024-11-01 04:00:00,2164.621344645976,3880.9456989243245,43.138159999874425,2.164621344645976
2024-11-01 05:00:00,3606.2567613126425,4910.685282257657,51.88815999987442,3.6062567613126424
2024-11-01 06:00:00,2567.8442993954045,4889.003085797897,45.58552000037674,2.5678442993954045
2024-11-01 07:00:00,2580.853617271262,4910.685282257657,45.66447999962326,2.580853617271262
2024-11-01 08:00:00,3601.920322020691,4910.685282257659,51.86184000012558,3.601920322020691
2024-11-01 09:00:00,2160.284905354024,3859.26350246456,43.111840000125575,2.160284905354024
2024-11-01 10:00:00,3198.6973672712616,4910.685282257661,49.41447999962325,3.1986973672712615
2024-11-01 11:00:00,3185.6880493954054,4910.685282257654,49.33552000037675,3.1856880493954054
2024-11-01 12:00:00,2164.6213446459756,3880.9456989243245,43.13815999987442,2.1646213446459757
2024-11-01 13:00:00,3606.256761312643,4910.685282257657,51.888159999874425,3.606256761312643
2024-11-01 14:00:00,2567.844299395404,4889.003085797893,45.58552000037674,2.567844299395404
2024-11-01 15:00:00,2580.853617271262,4910.685282257659,45.66447999962326,2.580853617271262
2024-11-01 16:00:00,3601.92032202069,4910.685282257652,51.861840000125575,3.60192032202069
2024-11-01 17:00:00,2160.284905354023,3859.2635024645674,43.111840000125575,2.160284905354023
2024-11-01 18:00:00,3198.697367271263,4910.685282257664,49.41447999962327,3.198697367271263
2024-11-01 19:00:00,0.0,0.0,,0.0
2024-11-01 20:00:00,0.0,0.0,,0.0
2024-11-01 21:00:00,0.0,0.0,,0.0
2024-11-01 22:00:00,0.0,0.0,,0.0
2024-11-01 23:00:00,0.0,0.0,,0.0
2024-11-02 00:00:00,0.0,0.0,,0.0
2024-11-02 01:00:00,0.0,0.0,,0.0
2024-11-02 02:00:00,0.0,0.0,,0.0
2024-11-02 03:00:00,0.0,0.0,,0.0
2024-11-02 04:00:00,0.0,0.0,,0.0
2024-11-02 05:00:00,0.0,0.0,,0.0
2024-11-02 06:00:00,0.0,0.0,,0.0
2024-11-02 07:00:00,0.0,0.0,,0.0
2024-11-02 08:00:00,0.0,0.0,,0.0
2024-11-02 09:00:00,0.0,0.0,,0.0
2024-11-02 10:00:00,0.0,0.0,,0.0
2024-11-02 11:00:00,0.0,0.0,,0.0
2024-11-02 12:00:00,0.0,0.0,,0.0
2024-11-02 13:00:00,0.0,0.0,,0.0
2024-11-02 14:00:00,0.0,0.0,,0.0
2024-11-02 15:00:00,0.0,0.0,,0.0
2024-11-02 16:00:00,0.0,0.0,,0.0
2024-11-02 17:00:00,0.0,0.0,,0.0
2024-11-02 18:00:00,0.0,0.0,,0.0
2024-11-02 19:00:00,0.0,0.0,,0.0
2024-11-02 20:00:00,0.0,0.0,,0.0
2024-11-02 21:00:00,0.0,0.0,,0.0
2024-11-02 22:00:00,0.0,0.0,,0.0
2024-11-02 23:00:00,0.0,0.0,,0.0
2024-11-03 00:00:00,0.0,0.0,,0.0
2024-11-03 01:00:00,0.0,0.0,,0.0
2024-11-03 02:00:00,0.0,0.0,,0.0
2024-11-03 03:00:00,0.0,0.0,,0.0
2024-11-03 04:00:00,0.0,0.0,,0.0
2024-11-03 05:00:00,0.0,0.0,,0.0
2024-11-03 06:00:00,0.0,0.0,,0.0
2024-11-03 07:00:00,0.0,0.0,,0.0
2024-11-03 08:00:00,0.0,0.0,,0.0
2024-11-03 09:00:00,0.0,0.0,,0.0
2024-11-03 10:00:00,0.0,0.0,,0.0
2024-11-03 11:00:00,0.0,0.0,,0.0
2024-11-03 12:00:00,0.0,0.0,,0.0
2024-11-03 13:00:00,0.0,0.0,,0.0
2024-11-03 14:00:00,0.0,0.0,,0.0
2024-11-03 15:00:00,0.0,0.0,,0.0
2024-11-03 16:00:00,0.0,0.0,,0.0
2024-11-03 17:00:00,0.0,0.0,,0.0
2024-11-03 18:00:00,0.0,0.0,,0.0
2024-11-03 19:00:00,0.0,0.0,,0.0
2024-11-03 20:00:00,0.0,0.0,,0.0
2024-11-03 21:00:00,0.0,0.0,,0.0
2024-11-03 22:00:00,0.0,0.0,,0.0
2024-11-03 23:00:00,0.0,0.0,,0.0
2024-11-04 00:00:00,0.0,0.0,,0.0
2024-11-04 01:00:00,2268.2332978586182,4614.026441805342,46.52043876848116,2.268233297858618
2024-11-04 02:00:00,2908.7495196159043,4922.948316805341,47.65464277749778,2.9087495196159043
2024-11-04 03:00:00,3247.640891759117,4936.808193611323,49.711542512320776,3.247640891759117
2024-11-04 04:00:00,2225.75523861584,4164.503506111324,43.509211908042126,2.22575523861584
2024-11-04 05:00:00,3719.604433643469,4911.064704027989,52.576123212645605,3.719604433643469
2024-11-04 06:00:00,1982.2486979166665,3134.763922777992,42.03125,1.9822486979166665
2024-11-04 07:00:00,3734.1919772639308,4922.948316805348,52.66466224630377,3.7341919772639307
2024-11-04 08:00:00,2196.7782115878704,4099.156650138671,43.333335966341835,2.1967782115878705
2024-11-04 09:00:00,3291.2054624075504,4936.808193611328,49.97595748767923,3.29120546240755
2024-11-04 10:00:00,2857.792147050762,4911.064704027995,47.34535722250222,2.857792147050762
2024-11-04 11:00:00,2518.900774907549,4679.373297777991,45.288457487679224,2.518900774907549
2024-11-04 12:00:00,3540.7864280508265,4922.948316805343,51.490788091957874,3.5407864280508266
2024-11-04 13:00:00,2046.9372330231977,3649.6337144446575,42.423876787354395,2.046937233023198
2024-11-04 14:00:00,3784.2929687499995,4936.808193611323,52.96875,3.7842929687499995
2024-11-04 15:00:00,2032.349689402735,3584.2868584720054,42.33533775369623,2.032349689402735
2024-11-04 16:00:00,3569.7634550787957,4911.064704027983,51.666664033658165,3.5697634550787956
2024-11-04 17:00:00,207.10290640049828,1590.1545477779898,37.54206123151883,0.20710290640049828
2024-11-04 18:00:00,0.0,0.0,,0.0
2024-11-04 19:00:00,0.0,0.0,,0.0
2024-11-04 20:00:00,0.0,0.0,,0.0
2024-11-04 21:00:00,0.0,0.0,,0.0
2024-11-04 22:00:00,0.0,0.0,,0.0
2024-11-04 23:00:00,0.0,0.0,,0.0
2024-11-05 00:00:00,0.0,0.0,,0.0
2024-11-05 01:00:00,708.2740608757863,2658.835542814465,40.74716596341793,0.7082740608757863
2024-11-05 02:00:00,3783.1929819061843,4909.750394685534,52.96207363455274,3.7831929819061845
2024-11-05 03:00:00,2056.265432944969,3688.5751261478,42.48049425691145,2.056265432944969
2024-11-05 04:00:00,3522.613769256027,4924.262626147798,51.38048921707163,3.522613769256027
2024-11-05 05:00:00,2545.9617028867933,4718.314709481134,45.45270367439255,2.5459617028867934
2024-11-05 06:00:00,2827.695194220649,4935.493884268865,47.16268389593232,2.8276951942206487
2024-11-05 07:00:00,3316.0664166991623,4909.750394685534,50.12685094349802,3.3160664166991625
2024-11-05 08:00:00,2180.145470374213,4060.2152384355322,43.23238361463282,2.180145470374213
2024-11-05 09:00:00,3741.9802596045606,4924.2626261478035,52.71193319268359,3.741980259604561
2024-11-05 10:00:00,1983.3486847604822,3173.705334481127,42.03792636544726,1.9833486847604822
2024-11-05 11:00:00,3710.2762337216973,4935.493884268858,52.519505743088544,3.7102762337216975
2024-11-05 12:00:00,2243.9278974106405,4203.4449178144605,43.61951078292837,2.2439278974106407
2024-11-05 13:00:00,3220.5799637798723,4909.750394685534,49.54729632560744,3.220579963779872
2024-11-05 14:00:00,2938.846472446019,4924.2626261477935,47.83731610406769,2.938846472446019
2024-11-05 15:00:00,2450.4752499675024,4575.085030102193,44.87314905650196,2.450475249967502
2024-11-05 16:00:00,3586.3961962924564,4935.493884268863,51.76761638536719,3.586396196292456
2024-11-05 17:00:00,1316.2873461863157,3545.34544676886,43.31533403658202,1.3162873461863158
2024-11-05 18:00:00,0.0,0.0,,0.0
2024-11-05 19:00:00,0.0,0.0,,0.0
2024-11-05 20:00:00,0.0,0.0,,0.0
2024-11-05 21:00:00,0.0,0.0,,0.0
2024-11-05 22:00:00,0.0,0.0,,0.0
2024-11-05 23:00:00,0.0,0.0,,0.0
2024-11-06 00:00:00,0.0,0.0,,0.0
2024-11-06 01:00:00,0.0,0.0,,0.0
2024-11-06 02:00:00,1959.5770514632018,4517.100611528103,46.218606189201644,1.9595770514632018
2024-11-06 03:00:00,2803.995101833138,4939.341228749674,47.01883628647901,2.803995101833138
2024-11-06 04:00:00,3499.3904526852934,4939.341228749674,51.23953539640055,3.4993904526852933
2024-11-06 05:00:00,2114.0537849815028,3487.361028194769,42.83124041261344,2.1140537849815026
2024-11-06 06:00:00,3393.6894773517,4939.341228749677,50.59798377837257,3.3936894773517
2024-11-06 07:00:00,2962.546564833528,4939.341228749674,47.981163713520985,2.962546564833528
2024-11-06 08:00:00,2267.151213981373,4252.84817319412,43.76046460359945,2.267151213981373
2024-11-06 09:00:00,3652.4878816851633,4939.341228749677,52.16875958738656,3.6524878816851634
2024-11-06 10:00:00,2372.8521893149655,4517.100611528092,44.40201622162742,2.3728521893149654
2024-11-06 11:00:00,2803.99510183314,4939.341228749674,47.01883628647902,2.8039951018331397
2024-11-06 12:00:00,3499.390452685293,4939.341228749683,51.23953539640055,3.499390452685293
2024-11-06 13:00:00,2114.0537849815023,3487.3610281947576,42.83124041261343,2.114053784981502
2024-11-06 14:00:00,3393.689477351702,4939.3412287496785,50.59798377837258,3.393689477351702
2024-11-06 15:00:00,2962.5465648335257,4939.341228749672,47.98116371352098,2.962546564833526
2024-11-06 16:00:00,2267.151213981372,4252.848173194117,43.760464603599445,2.2671512139813723
2024-11-06 17:00:00,3652.4878816851638,4939.341228749683,52.16875958738656,3.652487881685164
2024-11-06 18:00:00,413.27513785176495,2193.3690065274513,39.406393810798356,0.41327513785176495
2024-11-06 19:00:00,0.0,0.0,,0.0
2024-11-06 20:00:00,0.0,0.0,,0.0
2024-11-06 21:00:00,0.0,0.0,,0.0
2024-11-06 22:00:00,0.0,0.0,,0.0
2024-11-06 23:00:00,0.0,0.0,,0.0
2024-11-07 00:00:00,0.0,0.0,,0.0
2024-11-07 01:00:00,581.3872897187413,2433.4112295535474,40.08207905753,0.5813872897187413
2024-11-07 02:00:00,3779.1877017619026,4904.786229553546,52.937763603835336,3.7791877017619027
2024-11-07 03:00:00,2010.2460556200356,3463.1508128868804,42.20117984292167,2.0102460556200357
2024-11-07 04:00:00,3618.8667071498103,4930.529719136879,51.964696012238996,3.6188667071498104
2024-11-07 05:00:00,2399.6841075237953,4492.890396220215,44.564872434518,2.3996841075237954
2024-11-07 06:00:00,3002.8859469127174,4929.226791279787,48.22600342064266,3.002885946912717
2024-11-07 07:00:00,3161.7782610476015,4904.786229553546,49.19039964218867,3.1617782610476017
2024-11-07 08:00:00,2284.4089685565586,4285.639551696451,43.86521047123499,2.2844089685565585
2024-11-07 09:00:00,3687.9503219910644,4930.529719136879,52.383998717259004,3.6879503219910643
2024-11-07 10:00:00,1987.3539649047634,3255.899968363118,42.062236396164664,1.9873539649047633
2024-11-07 11:00:00,3756.2956110466307,4929.226791279787,52.79882015707833,3.756295611046631
2024-11-07 12:00:00,2147.6749595168567,3978.020604553546,43.035303987761004,2.1476749595168565
2024-11-07 13:00:00,3366.8575591428703,4904.786229553551,50.435127565482,3.36685755914287
2024-11-07 14:00:00,2763.655719753951,4930.529719136884,46.773996579357345,2.763655719753951
2024-11-07 15:00:00,2604.7634056190627,4800.5093433631155,45.80960035781131,2.604763405619063
2024-11-07 16:00:00,3482.1326981101083,4929.226791279782,51.13478952876501,3.4821326981101084
2024-11-07 17:00:00,1497.2040549568587,3770.7697600297824,43.980420942469976,1.4972040549568588
2024-11-07 18:00:00,0.0,0.0,,0.0
2024-11-07 19:00:00,0.0,0.0,,0.0
2024-11-07 20:00:00,0.0,0.0,,0.0
2024-11-07 21:00:00,0.0,0.0,,0.0
2024-11-07 22:00:00,0.0,0.0,,0.0
2024-11-07 23:00:00,0.0,0.0,,0.0
2024-11-08 00:00:00,0.0,0.0,,0.0
2024-11-08 01:00:00,0.0,0.0,,0.0
2024-11-08 02:00:00,0.0,0.0,,0.0
2024-11-08 03:00:00,2799.821551170103,4904.395236404125,48.207326719893445,2.799821551170103
2024-11-08 04:00:00,2514.10716878614,4672.182888595877,45.2593627158129,2.51410716878614
2024-11-08 05:00:00,3544.141952335813,4930.138725987459,51.511154432264306,3.544141952335813
2024-11-08 06:00:00,2045.2594708807046,3642.4433052625423,42.413693617201176,2.045259470880705
2024-11-08 07:00:00,3784.2929687499995,4929.617784429208,52.96875,3.7842929687499995
2024-11-08 08:00:00,2033.787771239158,3591.4772676541206,42.34406618525613,2.033787771239158
2024-11-08 09:00:00,3566.6476110998788,4904.395236404128,51.647752431945044,3.566647611099879
2024-11-08 10:00:00,2480.129810380528,4621.216850987454,45.05313728418711,2.480129810380528
2024-11-08 11:00:00,2903.2368725762817,4930.138725987461,47.621183789851486,2.9032368725762816
2024-11-08 12:00:00,3252.4344978805284,4929.617784429205,49.74063728418711,3.2524344978805284
2024-11-08 13:00:00,2222.399714330852,4157.313096929208,43.48884556773569,2.222399714330852
2024-11-08 14:00:00,3721.282195785963,4904.395236404125,52.586306382798824,3.721282195785963
2024-11-08 15:00:00,1982.2486979166667,3127.5735135958744,42.03125,1.9822486979166667
2024-11-08 16:00:00,3732.753895427508,4930.138725987459,52.65593381474387,3.732753895427508
2024-11-08 17:00:00,2199.894055566788,4106.347059320798,43.35224756805496,2.199894055566788
2024-11-08 18:00:00,3286.4118562861377,4929.617784429201,49.946862715812884,3.2864118562861377
2024-11-08 19:00:00,63.48324292028028,1068.0943469292054,35.77966907371931,0.06348324292028028
2024-11-08 20:00:00,0.0,0.0,,0.0
2024-11-08 21:00:00,0.0,0.0,,0.0
2024-11-08 22:00:00,0.0,0.0,,0.0
2024-11-08 23:00:00,0.0,0.0,,0.0
2024-11-09 00:00:00,0.0,0.0,,0.0
2024-11-09 01:00:00,0.0,0.0,,0.0
2024-11-09 02:00:00,0.0,0.0,,0.0
2024-11-09 03:00:00,0.0,0.0,,0.0
2024-11-09 04:00:00,0.0,0.0,,0.0
2024-11-09 05:00:00,0.0,0.0,,0.0
2024-11-09 06:00:00,0.0,0.0,,0.0
2024-11-09 07:00:00,0.0,0.0,,0.0
2024-11-09 08:00:00,0.0,0.0,,0.0
2024-11-09 09:00:00,0.0,0.0,,0.0
2024-11-09 10:00:00,0.0,0.0,,0.0
2024-11-09 11:00:00,0.0,0.0,,0.0
2024-11-09 12:00:00,0.0,0.0,,0.0
2024-11-09 13:00:00,0.0,0.0,,0.0
2024-11-09 14:00:00,0.0,0.0,,0.0
2024-11-09 15:00:00,0.0,0.0,,0.0
2024-11-09 16:00:00,0.0,0.0,,0.0
2024-11-09 17:00:00,0.0,0.0,,0.0
2024-11-09 18:00:00,0.0,0.0,,0.0
2024-11-09 19:00:00,0.0,0.0,,0.0
2024-11-09 20:00:00,0.0,0.0,,0.0
2024-11-09 21:00:00,0.0,0.0,,0.0
2024-11-09 22:00:00,0.0,0.0,,0.0
2024-11-09 23:00:00,0.0,0.0,,0.0
2024-11-10 00:00:00,0.0,0.0,,0.0
2024-11-10 01:00:00,0.0,0.0,,0.0
2024-11-10 02:00:00,0.0,0.0,,0.0
2024-11-10 03:00:00,0.0,0.0,,0.0
2024-11-10 04:00:00,0.0,0.0,,0.0
2024-11-10 05:00:00,0.0,0.0,,0.0
2024-11-10 06:00:00,0.0,0.0,,0.0
2024-11-10 07:00:00,0.0,0.0,,0.0
2024-11-10 08:00:00,0.0,0.0,,0.0
2024-11-10 09:00:00,0.0,0.0,,0.0
2024-11-10 10:00:00,0.0,0.0,,0.0
2024-11-10 11:00:00,0.0,0.0,,0.0
2024-11-10 12:00:00,0.0,0.0,,0.0
2024-11-10 13:00:00,0.0,0.0,,0.0
2024-11-10 14:00:00,0.0,0.0,,0.0
2024-11-10 15:00:00,0.0,0.0,,0.0
2024-11-10 16:00:00,0.0,0.0,,0.0
2024-11-10 17:00:00,0.0,0.0,,0.0
2024-11-10 18:00:00,0.0,0.0,,0.0
2024-11-10 19:00:00,0.0,0.0,,0.0
2024-11-10 20:00:00,0.0,0.0,,0.0
2024-11-10 21:00:00,0.0,0.0,,0.0
2024-11-10 22:00:00,0.0,0.0,,0.0
2024-11-10 23:00:00,0.0,0.0,,0.0
2024-11-11 00:00:00,0.0,0.0,,0.0
2024-11-11 01:00:00,0.0,0.0,,0.0
2024-11-11 02:00:00,0.0,0.0,,0.0
2024-11-11 03:00:00,487.43407011549425,2234.3397033252445,39.3425652799064,0.4874340701154943
2024-11-11 04:00:00,3757.6588307625407,4937.406109575244,52.80709421331773,3.7576588307625407
2024-11-11 05:00:00,1987.8992527911275,3264.079286658579,42.06554601866042,1.9878992527911274
2024-11-11 06:00:00,3685.496526502426,4922.350400841422,52.36910541602808,3.685496526502426
2024-11-11 07:00:00,2288.4986277042894,4293.818869991915,43.890032639953205,2.2884986277042896
2024-11-11 08:00:00,3155.7800942975996,4911.662619991914,49.15399379473532,3.1557800942975995
2024-11-11 09:00:00,3009.429401549084,4937.406109575247,48.26571889059178,3.009429401549084
2024-11-11 10:00:00,2394.7765165465194,4484.711077924755,44.53508583205616,2.3947765165465196
2024-11-11 11:00:00,3621.865790524812,4922.350400841419,51.98289893596568,3.621865790524812
2024-11-11 12:00:00,2008.8828359041258,3454.971494591422,42.19290578668227,2.0088828359041258
2024-11-11 13:00:00,3778.6424138755388,4911.662619991908,52.934453981339566,3.778642413875539
2024-11-11 14:00:00,2081.04514016424,3778.949078325242,42.630894583971916,2.08104514016424
2024-11-11 15:00:00,3478.043038962377,4937.406109575242,51.109967360046795,3.478043038962377
2024-11-11 16:00:00,2610.7615723690687,4808.688661658584,45.84600620526469,2.6107615723690687
2024-11-11 17:00:00,2757.1122651175806,4922.350400841424,46.73428110940821,2.7571122651175806
2024-11-11 18:00:00,3371.765150120148,4911.66261999192,50.46491416794384,3.371765150120148
2024-11-11 19:00:00,1657.2418060263592,3969.8412862580863,44.71993472009359,1.6572418060263592
2024-11-11 20:00:00,0.0,0.0,,0.0
2024-11-11 21:00:00,0.0,0.0,,0.0
2024-11-11 22:00:00,0.0,0.0,,0.0
2024-11-11 23:00:00,0.0,0.0,,0.0
2024-11-12 00:00:00,0.0,0.0,,0.0
2024-11-12 01:00:00,843.097954675477,3018.256063941272,41.808875613589905,0.843097954675477
2024-11-12 02:00:00,3562.371704708253,4906.11196671905,51.62179983637603,3.5623717047082533
2024-11-12 03:00:00,2681.0835862814292,4906.111966719052,46.27282536815394,2.6810835862814293
2024-11-12 04:00:00,2473.7529580276178,4721.953137447616,45.01443300608538,2.473752958027618
2024-11-12 05:00:00,3633.5281233403175,4906.111966719048,52.05368341514532,3.6335281233403176
2024-11-12 06:00:00,2204.169961958413,4047.995647274605,43.37820016362397,2.2041699619584127
2024-11-12 07:00:00,3085.458080385237,4906.111966719052,48.72717463184606,3.0854580803852367
2024-11-12 08:00:00,3292.7887086390483,4906.111966719048,49.98556699391462,3.292788708639048
2024-11-12 09:00:00,2133.0135433263467,3692.2135541142843,42.946316584854664,2.1330135433263466
2024-11-12 10:00:00,3562.371704708255,4906.111966719042,51.621799836376034,3.562371704708255
2024-11-12 11:00:00,2681.083586281426,4906.1119667190405,46.27282536815392,2.681083586281426
2024-11-12 12:00:00,2473.7529580276214,4721.953137447624,45.014433006085405,2.4737529580276214
2024-11-12 13:00:00,3633.528123340317,4906.111966719048,52.053683415145315,3.633528123340317
2024-11-12 14:00:00,2204.169961958411,4047.9956472745944,43.378200163623966,2.204169961958411
2024-11-12 15:00:00,3085.4580803852414,4906.111966719042,48.72717463184608,3.085458080385241
2024-11-12 16:00:00,3292.7887086390447,4906.111966719042,49.985566993914595,3.2927887086390446
2024-11-12 17:00:00,1289.9155886508763,3692.213554114291,43.816124386410145,1.2899155886508764
2024-11-12 18:00:00,0.0,0.0,,0.0
2024-11-12 19:00:00,0.0,0.0,,0.0
2024-11-12 20:00:00,0.0,0.0,,0.0
2024-11-12 21:00:00,0.0,0.0,,0.0
2024-11-12 22:00:00,0.0,0.0,,0.0
2024-11-12 23:00:00,0.0,0.0,,0.0
2024-11-13 00:00:00,0.0,0.0,,0.0
2024-11-13 01:00:00,0.0,0.0,,0.0
2024-11-13 02:00:00,0.0,0.0,,0.0
2024-11-13 03:00:00,1377.802712421328,3624.4231062913427,43.560920553080834,1.377802712421328
2024-11-13 04:00:00,3552.3710810237517,4937.34107504134,51.56110109366497,3.5523710810237517
2024-11-13 05:00:00,2502.0937028053395,4654.162689624676,45.186447035387225,2.5020937028053396
2024-11-13 06:00:00,2877.300577466925,4922.415435375324,47.46376355753534,2.877300577466925
2024-11-13 07:00:00,3274.3983903053395,4911.597585458007,49.873947035387225,3.2743983903053393
2024-11-13 08:00:00,2207.7028084543067,4124.36725829199,43.39964276033164,2.207702808454307
2024-11-13 09:00:00,3728.969558134647,4937.34107504134,52.63296479571886,3.7289695581346467
2024-11-13 10:00:00,1982.2486979166667,3109.553314624674,42.03125,1.9822486979166667
2024-11-13 11:00:00,3725.486908879242,4922.415435375324,52.6118268709478,3.725486908879242
2024-11-13 12:00:00,2214.170585642916,4139.292897958007,43.43889890633503,2.214170585642916
2024-11-13 13:00:00,3264.4479638613257,4911.597585458012,49.81355296461277,3.2644479638613255
2024-11-13 14:00:00,2889.241089199743,4937.341075041345,47.53623644246468,2.889241089199743
2024-11-13 15:00:00,2492.143276361325,4639.237049958654,45.12605296461277,2.4921432763613254
2024-11-13 16:00:00,3558.8388582123607,4922.415435375328,51.60035723966837,3.558838858212361
2024-11-13 17:00:00,2037.572108532019,3609.497466625321,42.36703520428113,2.037572108532019
2024-11-13 18:00:00,3784.29296875,4911.5975854580165,52.96875,3.78429296875
2024-11-13 19:00:00,663.252045366095,2579.757883291988,40.501579446919145,0.6632520453660949
2024-11-13 20:00:00,0.0,0.0,,0.0
2024-11-13 21:00:00,0.0,0.0,,0.0
2024-11-13 22:00:00,0.0,0.0,,0.0
2024-11-13 23:00:00,0.0,0.0,,0.0
2024-11-14 00:00:00,0.0,0.0,,0.0
2024-11-14 01:00:00,0.0,0.0,,0.0
2024-11-14 02:00:00,1858.5339365243915,4194.819537021897,45.382314251561766,1.8585339365243916
2024-11-14 03:00:00,3226.6177303346713,4918.375775478103,49.583942523906764,3.226617730334671
2024-11-14 04:00:00,2931.991809980677,4915.637245355233,47.79571175953069,2.9319918099806768
2024-11-14 05:00:00,2455.937991136131,4583.710410894769,44.906305140677546,2.455937991136131
2024-11-14 06:00:00,3582.900401806711,4941.380734938566,51.74639867567677,3.5829004018067114
2024-11-14 07:00:00,2026.2864832206205,3553.970827561435,42.29853714968765,2.0262864832206207
2024-11-14 08:00:00,3783.48049459927,4918.3757754781045,52.963818691614605,3.78348049459927
2024-11-14 09:00:00,2054.0109735689985,3679.949745355228,42.46681082536441,2.0540109735689986
2024-11-14 10:00:00,3526.6389469592245,4915.637245355233,51.40492001593783,3.5266389469592245
2024-11-14 11:00:00,2539.9239363319966,4709.689328688566,45.41605747609324,2.5399239363319968
2024-11-14 12:00:00,2834.5498566859874,4941.380734938571,47.204288240469296,2.8345498566859875
2024-11-14 13:00:00,3310.603675530537,4918.3757754781045,50.09369485932246,3.3106036755305372
2024-11-14 14:00:00,2183.6412648599544,4068.8406192281036,43.25360132432323,2.1836412648599546
2024-11-14 15:00:00,3740.2551834460464,4915.637245355239,52.70146285031236,3.7402551834460462
2024-11-14 16:00:00,1983.0611720673965,3165.0799536885684,42.036181308385395,1.9830611720673965
2024-11-14 17:00:00,3712.5306930976685,4941.380734938566,52.53318917463559,3.7125306930976687
2024-11-14 18:00:00,381.36878318304963,2009.361452561436,38.680185748438234,0.3813687831830496
2024-11-14 19:00:00,0.0,0.0,,0.0
2024-11-14 20:00:00,0.0,0.0,,0.0
2024-11-14 21:00:00,0.0,0.0,,0.0
2024-11-14 22:00:00,0.0,0.0,,0.0
2024-11-14 23:00:00,0.0,0.0,,0.0
2024-11-15 00:00:00,0.0,0.0,,0.0
2024-11-15 01:00:00,3054.342160824526,4907.038624904258,49.17756899075151,3.0543421608245263
2024-11-15 02:00:00,2204.417070807802,4048.9223054598124,43.37969998972921,2.2044170708078017
2024-11-15 03:00:00,3633.6516777650118,4907.038624904258,52.05443332819794,3.6336516777650116
2024-11-15 04:00:00,2473.2587403288403,4721.026479262409,45.011433353874914,2.4732587403288404
2024-11-15 05:00:00,2681.6395811925545,4907.038624904258,46.27619997689073,2.6816395811925546
2024-11-15 06:00:00,3562.1245958588643,4907.038624904262,51.62030001027078,3.5621245958588643
2024-11-15 07:00:00,2132.8899889016543,3691.2868959290745,42.94556667180206,2.1328899889016544
2024-11-15 08:00:00,3293.282926337827,4907.038624904262,49.9885666461251,3.293282926337827
2024-11-15 09:00:00,3084.902085474111,4907.038624904258,48.72380002310926,3.084902085474111
2024-11-15 10:00:00,2204.4170708078022,4048.9223054598147,43.37969998972922,2.204417070807802
2024-11-15 11:00:00,3633.651677765012,4907.038624904258,52.05443332819794,3.633651677765012
2024-11-15 12:00:00,2473.258740328839,4721.026479262402,45.0114333538749,2.473258740328839
2024-11-15 13:00:00,2681.639581192556,4907.038624904262,46.27619997689074,2.681639581192556
2024-11-15 14:00:00,3562.124595858864,4907.038624904262,51.62030001027078,3.562124595858864
2024-11-15 15:00:00,2132.8899889016534,3691.2868959290686,42.94556667180206,2.1328899889016535
2024-11-15 16:00:00,3293.2829263378285,4907.038624904258,49.98856664612511,3.2932829263378283
2024-11-15 17:00:00,30.559924649586574,959.7035554598174,35.564499961484586,0.030559924649586574
2024-11-15 18:00:00,0.0,0.0,,0.0
2024-11-15 19:00:00,0.0,0.0,,0.0
2024-11-15 20:00:00,0.0,0.0,,0.0
2024-11-15 21:00:00,0.0,0.0,,0.0
2024-11-15 22:00:00,0.0,0.0,,0.0
2024-11-15 23:00:00,0.0,0.0,,0.0
2024-11-16 00:00:00,0.0,0.0,,0.0
2024-11-16 01:00:00,0.0,0.0,,0.0
2024-11-16 02:00:00,0.0,0.0,,0.0
2024-11-16 03:00:00,0.0,0.0,,0.0
2024-11-16 04:00:00,0.0,0.0,,0.0
2024-11-16 05:00:00,0.0,0.0,,0.0
2024-11-16 06:00:00,0.0,0.0,,0.0
2024-11-16 07:00:00,0.0,0.0,,0.0
2024-11-16 08:00:00,0.0,0.0,,0.0
2024-11-16 09:00:00,0.0,0.0,,0.0
2024-11-16 10:00:00,0.0,0.0,,0.0
2024-11-16 11:00:00,0.0,0.0,,0.0
2024-11-16 12:00:00,0.0,0.0,,0.0
2024-11-16 13:00:00,0.0,0.0,,0.0
2024-11-16 14:00:00,0.0,0.0,,0.0
2024-11-16 15:00:00,0.0,0.0,,0.0
2024-11-16 16:00:00,0.0,0.0,,0.0
2024-11-16 17:00:00,0.0,0.0,,0.0
2024-11-16 18:00:00,0.0,0.0,,0.0
2024-11-16 19:00:00,0.0,0.0,,0.0
2024-11-16 20:00:00,0.0,0.0,,0.0
2024-11-16 21:00:00,0.0,0.0,,0.0
2024-11-16 22:00:00,0.0,0.0,,0.0
2024-11-16 23:00:00,0.0,0.0,,0.0
2024-11-17 00:00:00,0.0,0.0,,0.0
2024-11-17 01:00:00,0.0,0.0,,0.0
2024-11-17 02:00:00,0.0,0.0,,0.0
2024-11-17 03:00:00,0.0,0.0,,0.0
2024-11-17 04:00:00,0.0,0.0,,0.0
2024-11-17 05:00:00,0.0,0.0,,0.0
2024-11-17 06:00:00,0.0,0.0,,0.0
2024-11-17 07:00:00,0.0,0.0,,0.0
2024-11-17 08:00:00,0.0,0.0,,0.0
2024-11-17 09:00:00,0.0,0.0,,0.0
2024-11-17 10:00:00,0.0,0.0,,0.0
2024-11-17 11:00:00,0.0,0.0,,0.0
2024-11-17 12:00:00,0.0,0.0,,0.0
2024-11-17 13:00:00,0.0,0.0,,0.0
2024-11-17 14:00:00,0.0,0.0,,0.0
2024-11-17 15:00:00,0.0,0.0,,0.0
2024-11-17 16:00:00,0.0,0.0,,0.0
2024-11-17 17:00:00,0.0,0.0,,0.0
2024-11-17 18:00:00,0.0,0.0,,0.0
2024-11-17 19:00:00,0.0,0.0,,0.0
2024-11-17 20:00:00,0.0,0.0,,0.0
2024-11-17 21:00:00,0.0,0.0,,0.0
2024-11-17 22:00:00,0.0,0.0,,0.0
2024-11-17 23:00:00,0.0,0.0,,0.0
2024-11-18 00:00:00,0.0,0.0,,0.0
2024-11-18 01:00:00,0.0,0.0,,0.0
2024-11-18 02:00:00,0.0,0.0,,0.0
2024-11-18 03:00:00,1573.9766270481423,3866.9590811972143,44.329866616188646,1.5739766270481423
2024-11-18 04:00:00,3431.101312321579,4937.314356302784,50.82505475082643,3.4311013123215788
2024-11-18 05:00:00,2677.1996619039755,4896.698664530546,46.24925190574463,2.6771996619039755
2024-11-18 06:00:00,2688.6016835821356,4911.570866719453,46.3184564275887,2.6886016835821356
2024-11-18 07:00:00,3422.6737310811995,4922.442154113882,50.773903582506904,3.4226737310811997
2024-11-18 08:00:00,2113.444846198151,3881.831283386121,42.827544461270456,2.113444846198151
2024-11-18 09:00:00,3769.390439369721,4937.314356302782,52.87829916161886,3.769390439369721
2024-11-18 10:00:00,1995.6640070780545,3352.089289530543,42.11267416161886,1.9956640070780545
2024-11-18 11:00:00,3658.054221198151,4911.570866719451,52.202544461270456,3.658054221198151
2024-11-18 12:00:00,2335.440354345088,4381.828872863877,44.17494524917356,2.335440354345088
2024-11-18 13:00:00,3089.3420047626914,4922.44215411388,48.75074809425538,3.0893420047626914
2024-11-18 14:00:00,3077.939983084531,4937.314356302787,48.6815435724113,3.077939983084531
2024-11-18 15:00:00,2343.8679355854674,4396.701075052785,44.226096417493096,2.3438679355854672
2024-11-18 16:00:00,3653.0968204685155,4911.570866719447,52.17245553872955,3.6530968204685155
2024-11-18 17:00:00,1997.1512272969449,3366.961491719451,42.12170083838113,1.997151227296945
2024-11-18 18:00:00,3770.8776595886116,4922.442154113882,52.88732583838114,3.7708776595886118
2024-11-18 19:00:00,534.5108184203726,2337.221908386118,39.73263338381135,0.5345108184203726
2024-11-18 20:00:00,0.0,0.0,,0.0
2024-11-18 21:00:00,0.0,0.0,,0.0
2024-11-18 22:00:00,0.0,0.0,,0.0
2024-11-18 23:00:00,0.0,0.0,,0.0
2024-11-19 00:00:00,0.0,0.0,,0.0
2024-11-19 01:00:00,0.0,0.0,,0.0
2024-11-19 02:00:00,2919.898915131299,4938.820807532559,48.33342826130343,2.919898915131299
2024-11-19 03:00:00,2441.2550684238236,4560.526848717441,44.817187204029075,2.4412550684238234
2024-11-19 04:00:00,3592.219468846357,4920.935702884105,51.8029607132448,3.592219468846357
2024-11-19 05:00:00,2021.6497707851547,3530.787265384106,42.2703946433776,2.021649770785155
2024-11-19 06:00:00,3782.707709193359,4913.077317949231,52.95912827389626,3.782707709193359
2024-11-19 07:00:00,2060.147614647572,3703.1333075325592,42.504057142163205,2.060147614647572
2024-11-19 08:00:00,3515.8199512764704,4938.820807532564,51.339254167881066,3.5158199512764705
2024-11-19 09:00:00,2556.152429856127,4732.872890865892,45.51455624817841,2.556152429856127
2024-11-19 10:00:00,2816.0486491128386,4920.935702884105,47.09199524017706,2.8160486491128385
2024-11-19 11:00:00,3325.2865982428457,4913.077317949233,50.18281279597094,3.3252865982428457
2024-11-19 12:00:00,2174.3221978203073,4045.6570570507693,43.19703928675519,2.1743221978203073
2024-11-19 13:00:00,3744.891895881513,4938.820807532566,52.72960535662241,3.744891895881513
2024-11-19 14:00:00,1983.8339574733077,3188.2635158658936,42.04087172610374,1.9838339574733077
2024-11-19 15:00:00,3706.394052019094,4920.9357028841005,52.495942857836795,3.706394052019094
2024-11-19 16:00:00,2250.7217153901966,4218.003099199235,43.66074583211894,2.2507217153901964
2024-11-19 17:00:00,3210.389236810538,4913.077317949231,49.485443751821585,3.210389236810538
2024-11-19 18:00:00,30.594102422525687,956.4383070507682,35.57072321688799,0.030594102422525686
2024-11-19 19:00:00,0.0,0.0,,0.0
2024-11-19 20:00:00,0.0,0.0,,0.0
2024-11-19 21:00:00,0.0,0.0,,0.0
2024-11-19 22:00:00,0.0,0.0,,0.0
2024-11-19 23:00:00,0.0,0.0,,0.0
2024-11-20 00:00:00,0.0,0.0,,0.0
2024-11-20 01:00:00,0.0,0.0,,0.0
2024-11-20 02:00:00,493.5134146903487,2253.537633561627,39.45908703542539,0.4935134146903487
2024-11-20 03:00:00,3760.3966844748834,4928.895960188373,52.823711604723385,3.7603966844748835
2024-11-20 04:00:00,1989.1791148068864,3283.2772168949614,42.07331413569502,1.9891791148068865
2024-11-20 05:00:00,3679.737147431511,4905.1170606449605,52.33414888937238,3.679737147431511
2024-11-20 06:00:00,2298.559394149535,4313.016800228294,43.95109641889355,2.298559394149535
2024-11-20 07:00:00,3141.7016121242496,4930.8605502282935,49.06854450735471,3.1417016121242494
2024-11-20 08:00:00,3024.3259444111377,4928.895960188368,48.356133393826134,3.024325944411138
2024-11-20 09:00:00,2383.257758404689,4465.51314768837,44.465172778744765,2.383257758404689
2024-11-20 10:00:00,3628.9050316114863,4905.1170606449605,52.02562357965598,3.6289050316114864
2024-11-20 11:00:00,2006.1449821917827,3435.773564355037,42.176288395276615,2.0061449821917825
2024-11-20 12:00:00,3777.3625518597796,4930.8605502282935,52.92668586430497,3.7773625518597798
2024-11-20 13:00:00,2086.804519235155,3798.147008561627,42.66585111062762,2.086804519235155
2024-11-20 14:00:00,3467.9822725171307,4928.895960188373,51.04890358110645,3.4679822725171308
2024-11-20 15:00:00,2624.8400545424174,4827.8865918949605,45.9314554926453,2.6248400545424175
2024-11-20 16:00:00,2742.215722255527,4905.117060644962,46.64386660617386,2.742215722255527
2024-11-20 17:00:00,3383.2839082619785,4930.860550228305,50.53482722125524,3.3832839082619786
2024-11-20 18:00:00,1644.1232203648296,3950.6433560217024,44.60341296457459,1.6441232203648297
2024-11-20 19:00:00,0.0,0.0,,0.0
2024-11-20 20:00:00,0.0,0.0,,0.0
2024-11-20 21:00:00,0.0,0.0,,0.0
2024-11-20 22:00:00,0.0,0.0,,0.0
2024-11-20 23:00:00,0.0,0.0,,0.0
2024-11-21 00:00:00,0.0,0.0,,0.0
2024-11-21 01:00:00,0.0,0.0,,0.0
2024-11-21 02:00:00,14.678438152031541,880.7062891218925,35.34544305774251,0.01467843815203154
2024-11-21 03:00:00,3250.187817307961,4913.852990510781,49.727001066054086,3.250187817307961
2024-11-21 04:00:00,2144.386191396351,3770.284162266997,43.01534282370958,2.144386191396351
2024-11-21 05:00:00,3582.2272998993362,4913.852990510779,51.74231328652675,3.582227299899336
2024-11-21 06:00:00,2634.241221389801,4913.852990510781,45.9885158346455,2.634241221389801
2024-11-21 07:00:00,2516.3538493587057,4800.0237456003315,45.27299893394592,2.5163538493587057
2024-11-21 08:00:00,3622.1554752703155,4913.852990510779,51.98465717629042,3.6221554752703153
2024-11-21 09:00:00,2184.3143667673294,3969.9250391218866,43.25768671347325,2.1843143667673295
2024-11-21 10:00:00,3132.300445276866,4913.852990510776,49.01148416535451,3.132300445276866
2024-11-21 11:00:00,3250.18781730796,4913.8529905107835,49.72700106605408,3.25018781730796
2024-11-21 12:00:00,2144.3861913963515,3770.2841622669994,43.01534282370959,2.1443861913963516
2024-11-21 13:00:00,3582.227299899337,4913.852990510781,51.74231328652675,3.582227299899337
2024-11-21 14:00:00,2634.2412213897996,4913.852990510779,45.98851583464549,2.6342412213897997
2024-11-21 15:00:00,2516.353849358707,4800.023745600333,45.27299893394593,2.516353849358707
2024-11-21 16:00:00,3622.155475270315,4913.852990510776,51.98465717629041,3.622155475270315
2024-11-21 17:00:00,2184.314366767329,3969.9250391218925,43.25768671347324,2.184314366767329
2024-11-21 18:00:00,3117.6220071248363,4913.8529905107835,49.243111980737766,3.117622007124836
2024-11-21 19:00:00,0.0,0.0,,0.0
2024-11-21 20:00:00,0.0,0.0,,0.0
2024-11-21 21:00:00,0.0,0.0,,0.0
2024-11-21 22:00:00,0.0,0.0,,0.0
2024-11-21 23:00:00,0.0,0.0,,0.0
2024-11-22 00:00:00,0.0,0.0,,0.0
2024-11-22 01:00:00,0.0,0.0,,0.0
2024-11-22 02:00:00,0.0,0.0,,0.0
2024-11-22 03:00:00,3002.303112334283,4938.68203079666,48.53132126304392,3.002303112334283
2024-11-22 04:00:00,2389.1294007696624,4475.299218296659,44.50081068698394,2.3891294007696624
2024-11-22 05:00:00,3625.31680572178,4912.938541213324,52.00384485795426,3.6253168057217797
2024-11-22 06:00:00,2007.4497916062212,3445.5596349633256,42.18420793044087,2.0074497916062213
2024-11-22 07:00:00,3778.014956566999,4921.074479620009,52.93064563188711,3.778014956566999
2024-11-22 08:00:00,2083.868698052669,3788.3609379533373,42.64803215650804,2.0838686980526693
2024-11-22 09:00:00,3473.201510174884,4938.682030796662,51.080581721763494,3.473201510174884
2024-11-22 10:00:00,2617.6636027630066,4818.100521286673,45.887898049241855,2.6176636027630065
2024-11-22 11:00:00,2749.718376388548,4912.93854121332,46.689403933368354,2.7497183763885484
2024-11-22 12:00:00,3377.412265897006,4921.074479620009,50.49918931301607,3.377412265897006
2024-11-22 13:00:00,2141.2248609448848,3960.42942662999,42.99615514204573,2.141224860944885
2024-11-22 14:00:00,3759.091875060446,4938.682030796657,52.81579206955913,3.759091875060446
2024-11-22 15:00:00,1988.5267100996673,3273.491146286673,42.069354368112904,1.9885267100996673
2024-11-22 16:00:00,3682.672968613996,4912.938541213315,52.35196784349196,3.6826729686139963
2024-11-22 17:00:00,2293.3401564917835,4303.230729620016,43.91941827823651,2.2933401564917837
2024-11-22 18:00:00,3148.8780639036586,4921.074479620013,49.11210195075814,3.1488780639036587
2024-11-22 19:00:00,14.520177943833145,871.2106766299887,35.28780947830654,0.014520177943833146
2024-11-22 20:00:00,0.0,0.0,,0.0
2024-11-22 21:00:00,0.0,0.0,,0.0
2024-11-22 22:00:00,0.0,0.0,,0.0
2024-11-22 23:00:00,0.0,0.0,,0.0
2024-11-23 00:00:00,0.0,0.0,,0.0
2024-11-23 01:00:00,0.0,0.0,,0.0
2024-11-23 02:00:00,0.0,0.0,,0.0
2024-11-23 03:00:00,0.0,0.0,,0.0
2024-11-23 04:00:00,0.0,0.0,,0.0
2024-11-23 05:00:00,0.0,0.0,,0.0
2024-11-23 06:00:00,0.0,0.0,,0.0
2024-11-23 07:00:00,0.0,0.0,,0.0
2024-11-23 08:00:00,0.0,0.0,,0.0
2024-11-23 09:00:00,0.0,0.0,,0.0
2024-11-23 10:00:00,0.0,0.0,,0.0
2024-11-23 11:00:00,0.0,0.0,,0.0
2024-11-23 12:00:00,0.0,0.0,,0.0
2024-11-23 13:00:00,0.0,0.0,,0.0
2024-11-23 14:00:00,0.0,0.0,,0.0
2024-11-23 15:00:00,0.0,0.0,,0.0
2024-11-23 16:00:00,0.0,0.0,,0.0
2024-11-23 17:00:00,0.0,0.0,,0.0
2024-11-23 18:00:00,0.0,0.0,,0.0
2024-11-23 19:00:00,0.0,0.0,,0.0
2024-11-23 20:00:00,0.0,0.0,,0.0
2024-11-23 21:00:00,0.0,0.0,,0.0
2024-11-23 22:00:00,0.0,0.0,,0.0
2024-11-23 23:00:00,0.0,0.0,,0.0
2024-11-24 00:00:00,0.0,0.0,,0.0
2024-11-24 01:00:00,0.0,0.0,,0.0
2024-11-24 02:00:00,0.0,0.0,,0.0
2024-11-24 03:00:00,0.0,0.0,,0.0
2024-11-24 04:00:00,0.0,0.0,,0.0
2024-11-24 05:00:00,0.0,0.0,,0.0
2024-11-24 06:00:00,0.0,0.0,,0.0
2024-11-24 07:00:00,0.0,0.0,,0.0
2024-11-24 08:00:00,0.0,0.0,,0.0
2024-11-24 09:00:00,0.0,0.0,,0.0
2024-11-24 10:00:00,0.0,0.0,,0.0
2024-11-24 11:00:00,0.0,0.0,,0.0
2024-11-24 12:00:00,0.0,0.0,,0.0
2024-11-24 13:00:00,0.0,0.0,,0.0
2024-11-24 14:00:00,0.0,0.0,,0.0
2024-11-24 15:00:00,0.0,0.0,,0.0
2024-11-24 16:00:00,0.0,0.0,,0.0
2024-11-24 17:00:00,0.0,0.0,,0.0
2024-11-24 18:00:00,0.0,0.0,,0.0
2024-11-24 19:00:00,0.0,0.0,,0.0
2024-11-24 20:00:00,0.0,0.0,,0.0
2024-11-24 21:00:00,0.0,0.0,,0.0
2024-11-24 22:00:00,0.0,0.0,,0.0
2024-11-24 23:00:00,0.0,0.0,,0.0
2024-11-25 00:00:00,0.0,0.0,,0.0
2024-11-25 01:00:00,0.0,0.0,,0.0
2024-11-25 02:00:00,0.0,0.0,,0.0
2024-11-25 03:00:00,921.3845611899692,2987.5394477206264,41.57035790938623,0.9213845611899691
2024-11-25 04:00:00,3749.7525399632286,4918.301166470628,52.75910701510229,3.7497525399632288
2024-11-25 05:00:00,2162.9709874215837,4017.27903105396,43.128143163754494,2.1629709874215837
2024-11-25 06:00:00,3343.259348040825,4941.45534394604,50.29189832405539,3.343259348040825
2024-11-25 07:00:00,2794.1611894330363,4915.711854362704,46.959149397196114,2.7941611894330363
2024-11-25 08:00:00,2576.0170480538936,4761.250916862706,45.635124463429634,2.5760170480538935
2024-11-25 09:00:00,3501.7619113603137,4918.301166470624,51.25392895469312,3.5017619113603136
2024-11-25 10:00:00,2067.7150882467213,3731.511333529372,42.54998789083034,2.0677150882467212
2024-11-25 11:00:00,3781.761774993465,4941.455343946031,52.953386930312874,3.7817617749934653
2024-11-25 12:00:00,2016.7891267034381,3502.409239387295,42.24089298489771,2.016789126703438
2024-11-25 13:00:00,3603.5706792450815,4915.711854362704,51.8718568362455,3.6035706792450815
2024-11-25 14:00:00,2423.2823186258424,4532.148822720628,44.70810167594462,2.4232823186258425
2024-11-25 15:00:00,2972.380477233629,4918.301166470624,48.04085060280388,2.972380477233629
2024-11-25 16:00:00,3190.5246186127706,4941.455343946035,49.36487553657036,3.1905246186127707
2024-11-25 17:00:00,2264.7797553063533,4246.3811251960415,43.746071045306884,2.2647797553063533
2024-11-25 18:00:00,3698.826578419945,4915.711854362709,52.45001210916966,3.6988265784199448
2024-11-25 19:00:00,1063.3953304832323,3216.641541862708,42.49214209061377,1.0633953304832324
2024-11-25 20:00:00,0.0,0.0,,0.0
2024-11-25 21:00:00,0.0,0.0,,0.0
2024-11-25 22:00:00,0.0,0.0,,0.0
2024-11-25 23:00:00,0.0,0.0,,0.0
2024-11-26 00:00:00,0.0,0.0,,0.0
2024-11-26 01:00:00,0.0,0.0,,0.0
2024-11-26 02:00:00,0.0,0.0,,0.0
2024-11-26 03:00:00,1900.0691941025461,4232.4959046367285,45.37661580377358,1.900069194102546
2024-11-26 04:00:00,3200.2442730042894,4927.57012338673,49.42386893735849,3.2002442730042895
2024-11-26 05:00:00,2961.735141471492,4932.186387029936,47.976238782893084,2.9617351414714923
2024-11-26 06:00:00,2432.076291646738,4546.034043279938,44.76147665761006,2.4320762916467378
2024-11-26 07:00:00,3598.0165910213586,4906.4428974466055,51.83814632150943,3.598016591021359
2024-11-26 08:00:00,2019.1033301299892,3516.294459946602,42.25493903270441,2.0191033301299894
2024-11-26 09:00:00,3782.224615678775,4927.570123386732,52.956196139874216,3.782224615678775
2024-11-26 10:00:00,2064.0123627642392,3717.626112970061,42.527514214339625,2.064012362764239
2024-11-26 11:00:00,3508.704521639967,4932.186387029934,51.2960670981132,3.508704521639967
2024-11-26 12:00:00,2566.2973936623794,4747.365696303395,45.57613106264152,2.566297393662379
2024-11-26 13:00:00,2804.8065251951707,4906.442897446601,47.0237612171069,2.8048065251951706
2024-11-26 14:00:00,3334.465375019931,4927.570123386737,50.23852334238995,3.334465375019931
2024-11-26 15:00:00,2168.5250756453065,4031.1642516132674,43.16185367849055,2.1685250756453067
2024-11-26 16:00:00,3747.438336536678,4932.1863870299385,52.7450609672956,3.747438336536678
2024-11-26 17:00:00,1984.3170509878912,3202.756321303405,42.043803860125784,1.9843170509878911
2024-11-26 18:00:00,3702.5293039024264,4906.442897446595,52.472485785660375,3.7025293039024265
2024-11-26 19:00:00,357.76795092414983,1971.6850849465995,38.68588419622639,0.3577679509241498
2024-11-26 20:00:00,0.0,0.0,,0.0
2024-11-26 21:00:00,0.0,0.0,,0.0
2024-11-26 22:00:00,0.0,0.0,,0.0
2024-11-26 23:00:00,0.0,0.0,,0.0
2024-11-27 00:00:00,0.0,0.0,,0.0
2024-11-27 01:00:00,0.0,0.0,,0.0
2024-11-27 02:00:00,609.0033481174063,2598.125885494177,40.56098062444833,0.6090033481174063
2024-11-27 03:00:00,3641.1841996450266,4915.039947994177,52.10015193755517,3.6411841996450267
2024-11-27 04:00:00,2440.3576476081994,4657.605052160843,44.81174031222416,2.440357647608199
2024-11-27 05:00:00,2719.6924374534947,4915.039947994177,46.50716162533101,2.7196924374534945
2024-11-27 06:00:00,3544.288546898252,4915.0399479941725,51.512044187334496,3.5442885468982523
2024-11-27 07:00:00,2125.3574670216394,3627.865468827509,42.899848062444825,2.1253574670216393
2024-11-27 08:00:00,3326.1840190584685,4915.0399479941725,50.18825968777584,3.3261840190584686
2024-11-27 09:00:00,3046.8492292131714,4915.039947994177,48.49283837466899,3.0468492292131715
2024-11-27 10:00:00,2222.253119768414,4112.34373256138,43.487955812665504,2.2222531197684137
2024-11-27 11:00:00,3641.184199645027,4915.039947994177,52.100151937555175,3.641184199645027
2024-11-27 12:00:00,2440.3576476081976,4657.605052160837,44.81174031222416,2.4403576476081974
2024-11-27 13:00:00,2719.692437453495,4915.0399479941725,46.507161625331015,2.719692437453495
2024-11-27 14:00:00,3544.288546898252,4915.0399479941725,51.512044187334496,3.5442885468982523
2024-11-27 15:00:00,2125.357467021639,3627.865468827502,42.899848062444825,2.125357467021639
2024-11-27 16:00:00,3326.184019058469,4915.039947994177,50.18825968777585,3.326184019058469
2024-11-27 17:00:00,3046.84922921317,4915.039947994167,48.49283837466898,3.04684922921317
2024-11-27 18:00:00,1613.2497716510102,4112.343732561384,45.0640193755517,1.6132497716510101
2024-11-27 19:00:00,0.0,0.0,,0.0
2024-11-27 20:00:00,0.0,0.0,,0.0
2024-11-27 21:00:00,0.0,0.0,,0.0
2024-11-27 22:00:00,0.0,0.0,,0.0
2024-11-27 23:00:00,0.0,0.0,,0.0
2024-11-28 00:00:00,0.0,0.0,,0.0
2024-11-28 01:00:00,0.0,0.0,,0.0
2024-11-28 02:00:00,929.0647268928037,3149.3100174488645,42.08347369095462,0.9290647268928037
2024-11-28 03:00:00,3523.9899768226005,4934.1457117178015,51.38884210301513,3.5239899768226004
2024-11-28 04:00:00,2759.7159583859852,4934.1457117178015,46.75008421457277,2.759715958385985
2024-11-28 05:00:00,2407.2915231071966,4590.899183940025,44.61104561088784,2.4072915231071965
2024-11-28 06:00:00,3647.567976857702,4934.145711717804,52.13889824606364,3.647567976857702
2024-11-28 07:00:00,2242.551689844065,4179.049600782198,43.61115789698487,2.242551689844065
2024-11-28 08:00:00,3006.825708280682,4934.145711717806,48.249915785427234,3.006825708280682
2024-11-28 09:00:00,3359.2501435594695,4934.145711717809,50.38895438911216,3.3592501435594695
2024-11-28 10:00:00,2118.973689808964,3561.1596006066925,42.86110175393636,2.118973689808964
2024-11-28 11:00:00,3523.989976822602,4934.145711717806,51.388842103015136,3.5239899768226017
2024-11-28 12:00:00,2759.7159583859834,4934.1457117178,46.75008421457276,2.7597159583859834
2024-11-28 13:00:00,2407.291523107197,4590.899183940022,44.61104561088785,2.407291523107197
2024-11-28 14:00:00,3647.567976857702,4934.145711717811,52.13889824606364,3.647567976857702
2024-11-28 15:00:00,2242.551689844064,4179.049600782187,43.611157896984864,2.2425516898440643
2024-11-28 16:00:00,3006.8257082806804,4934.145711717804,48.24991578542723,3.0068257082806804
2024-11-28 17:00:00,3359.2501435594704,4934.145711717797,50.38895438911216,3.3592501435594704
2024-11-28 18:00:00,1189.9089629161608,3561.15960060669,43.54152630904538,1.1899089629161608
2024-11-28 19:00:00,0.0,0.0,,0.0
2024-11-28 20:00:00,0.0,0.0,,0.0
2024-11-28 21:00:00,0.0,0.0,,0.0
2024-11-28 22:00:00,0.0,0.0,,0.0
2024-11-28 23:00:00,0.0,0.0,,0.0
2024-11-29 00:00:00,0.0,0.0,,0.0
2024-11-29 01:00:00,2645.215365534458,4910.15842958303,47.83902595069855,2.645215365534458
2024-11-29 02:00:00,2619.70235129189,4820.880632916972,45.90027222472443,2.61970235129189
2024-11-29 03:00:00,3471.7187839720596,4935.901919166364,51.07158232141253,3.4717187839720594
2024-11-29 04:00:00,2084.7027315417577,3791.1410495836362,42.65309431920545,2.0847027315417574
2024-11-29 05:00:00,3777.829615791646,4923.854591250303,52.929520706843235,3.7778296157916462
2024-11-29 06:00:00,2007.0791100555155,3442.7795233330276,42.18195808035314,2.0070791100555154
2024-11-29 07:00:00,3626.336179986222,4910.158429583028,52.010031945695545,3.6263361799862217
2024-11-29 08:00:00,2387.4613337914857,4472.519106666361,44.49068636158911,2.3874613337914856
2024-11-29 09:00:00,3018.9547091946747,4935.901919166368,48.323532704636136,3.018954709194675
2024-11-29 10:00:00,3146.8393153747797,4923.854591250298,49.09972777527559,3.1468393153747796
2024-11-29 11:00:00,2294.8228826946042,4306.0108412503,43.92841767858746,2.2948228826946044
2024-11-29 12:00:00,3681.83893512491,4910.15842958303,52.346905680794556,3.6818389351249103
2024-11-29 13:00:00,1988.71205087502,3276.271257916966,42.070479293156765,1.98871205087502
2024-11-29 14:00:00,3759.462556611151,4935.901919166364,52.81804191964686,3.759462556611151
2024-11-29 15:00:00,2140.2054866804456,3957.649314999697,42.989968054304455,2.1402054866804456
2024-11-29 16:00:00,3379.0803328751795,4923.854591250303,50.50931363841088,3.3790803328751795
2024-11-29 17:00:00,102.3715919375299,1216.7920912502984,36.21343939735147,0.1023715919375299
2024-11-29 18:00:00,0.0,0.0,,0.0
2024-11-29 19:00:00,0.0,0.0,,0.0
2024-11-29 20:00:00,0.0,0.0,,0.0
2024-11-29 21:00:00,0.0,0.0,,0.0
2024-11-29 22:00:00,0.0,0.0,,0.0
2024-11-29 23:00:00,0.0,0.0,,0.0
2024-11-30 00:00:00,0.0,0.0,,0.0
2024-11-30 01:00:00,0.0,0.0,,0.0
2024-11-30 02:00:00,0.0,0.0,,0.0
2024-11-30 03:00:00,0.0,0.0,,0.0
2024-11-30 04:00:00,0.0,0.0,,0.0
2024-11-30 05:00:00,0.0,0.0,,0.0
2024-11-30 06:00:00,0.0,0.0,,0.0
2024-11-30 07:00:00,0.0,0.0,,0.0
2024-11-30 08:00:00,0.0,0.0,,0.0
2024-11-30 09:00:00,0.0,0.0,,0.0
2024-11-30 10:00:00,0.0,0.0,,0.0
2024-11-30 11:00:00,0.0,0.0,,0.0
2024-11-30 12:00:00,0.0,0.0,,0.0
2024-11-30 13:00:00,0.0,0.0,,0.0
2024-11-30 14:00:00,0.0,0.0,,0.0
2024-11-30 15:00:00,0.0,0.0,,0.0
2024-11-30 16:00:00,0.0,0.0,,0.0
2024-11-30 17:00:00,0.0,0.0,,0.0
2024-11-30 18:00:00,0.0,0.0,,0.0
2024-11-30 19:00:00,0.0,0.0,,0.0
2024-11-30 20:00:00,0.0,0.0,,0.0
2024-11-30 21:00:00,0.0,0.0,,0.0
2024-11-30 22:00:00,0.0,0.0,,0.0
2024-11-30 23:00:00,0.0,0.0,,0.0
2024-12-01 00:00:00,0.0,0.0,,0.0
2024-12-01 01:00:00,0.0,0.0,,0.0
2024-12-01 02:00:00,0.0,0.0,,0.0
2024-12-01 03:00:00,0.0,0.0,,0.0
2024-12-01 04:00:00,0.0,0.0,,0.0
2024-12-01 05:00:00,0.0,0.0,,0.0
2024-12-01 06:00:00,0.0,0.0,,0.0
2024-12-01 07:00:00,0.0,0.0,,0.0
2024-12-01 08:00:00,0.0,0.0,,0.0
2024-12-01 09:00:00,0.0,0.0,,0.0
2024-12-01 10:00:00,0.0,0.0,,0.0
2024-12-01 11:00:00,0.0,0.0,,0.0
2024-12-01 12:00:00,0.0,0.0,,0.0
2024-12-01 13:00:00,0.0,0.0,,0.0
2024-12-01 14:00:00,0.0,0.0,,0.0
2024-12-01 15:00:00,0.0,0.0,,0.0
2024-12-01 16:00:00,0.0,0.0,,0.0
2024-12-01 17:00:00,0.0,0.0,,0.0
2024-12-01 18:00:00,0.0,0.0,,0.0
2024-12-01 19:00:00,0.0,0.0,,0.0
2024-12-01 20:00:00,0.0,0.0,,0.0
2024-12-01 21:00:00,0.0,0.0,,0.0
2024-12-01 22:00:00,0.0,0.0,,0.0
2024-12-01 23:00:00,0.0,0.0,,0.0
2024-12-02 00:00:00,0.0,0.0,,0.0
2024-12-02 01:00:00,108.48300345761145,1277.9062064511147,36.58437125836497,0.10848300345761144
2024-12-02 02:00:00,3414.341511780631,4907.7382377011145,50.72333121307348,3.414341511780631
2024-12-02 03:00:00,2118.3461516690727,3896.535199798885,42.85729291387835,2.1183461516690727
2024-12-02 04:00:00,3767.6111053045925,4933.4817272844475,52.867499501115326,3.7676111053045926
2024-12-02 05:00:00,1994.1936154367784,3337.3853731177824,42.1037496258365,1.9941936154367783
2024-12-02 06:00:00,3662.9555266690722,4926.2747831322185,52.23229291387835,3.662955526669072
2024-12-02 07:00:00,2327.417077468373,4367.124956451117,44.126248004461324,2.327417077468373
2024-12-02 08:00:00,3100.615007345811,4907.7382377011145,48.81916953525352,3.100615007345811
2024-12-02 09:00:00,3066.3580380775597,4933.4817272844475,48.61124700669198,3.06635803807756
2024-12-02 10:00:00,2352.200154886034,4411.404991465554,44.276668786926514,2.352200154886034
2024-12-02 11:00:00,3648.1955149975943,4926.274783132214,52.14270708612166,3.648195514997594
2024-12-02 12:00:00,1998.930561362073,3381.6654081322195,42.132500498884674,1.998930561362073
2024-12-02 13:00:00,3772.348051229888,4907.7382377011145,52.8962503741635,3.772348051229888
2024-12-02 14:00:00,2103.586139997595,3852.2551647844516,42.76770708612166,2.1035861399975953
2024-12-02 15:00:00,3439.1245891982917,4933.481727284455,50.87375199553867,3.4391245891982916
2024-12-02 16:00:00,2665.926659320854,4881.994748117786,46.18083046474647,2.665926659320854
2024-12-02 17:00:00,2591.700625131497,4926.2747831322185,47.47812874163504,2.591700625131497
2024-12-02 18:00:00,0.0,0.0,,0.0
2024-12-02 19:00:00,0.0,0.0,,0.0
2024-12-02 20:00:00,0.0,0.0,,0.0
2024-12-02 21:00:00,0.0,0.0,,0.0
2024-12-02 22:00:00,0.0,0.0,,0.0
2024-12-02 23:00:00,0.0,0.0,,0.0
2024-12-03 00:00:00,0.0,0.0,,0.0
2024-12-03 01:00:00,0.0,0.0,,0.0
2024-12-03 02:00:00,0.0,0.0,,0.0
2024-12-03 03:00:00,2241.5796876770287,4835.258625373748,47.368414894450616,2.241579687677029
2024-12-03 04:00:00,2613.100293525751,4921.070257318192,45.86020106332963,2.613100293525751
2024-12-03 05:00:00,3590.4487718464666,4921.070257318192,51.79221347537181,3.5904487718464666
2024-12-03 06:00:00,2150.2586713585874,3805.5190420404147,43.05098581574177,2.1502586713585874
2024-12-03 07:00:00,3230.2213854363577,4921.070257318192,49.60581489314465,3.2302213854363577
2024-12-03 08:00:00,3153.4413731409163,4921.070257318196,49.139798936670374,3.1534413731409163
2024-12-03 09:00:00,2176.092894820199,3934.6901593484736,43.20778652462819,2.176092894820199
2024-12-03 10:00:00,3616.282995308079,4921.070257318196,51.94901418425823,3.616282995308079
2024-12-03 11:00:00,2536.320281230309,4835.258625373743,45.39418510685535,2.5363202812303087
2024-12-03 12:00:00,2613.1002935257507,4921.070257318192,45.86020106332963,2.6131002935257506
2024-12-03 13:00:00,3590.448771846467,4921.070257318192,51.79221347537181,3.590448771846467
2024-12-03 14:00:00,2150.258671358587,3805.5190420404097,43.05098581574177,2.150258671358587
2024-12-03 15:00:00,3230.221385436358,4921.070257318187,49.605814893144654,3.230221385436358
2024-12-03 16:00:00,3153.441373140915,4921.070257318196,49.13979893667037,3.153441373140915
2024-12-03 17:00:00,2176.0928948201995,3934.690159348475,43.20778652462819,2.1760928948201994
2024-12-03 18:00:00,3616.2829953080795,4921.070257318182,51.94901418425823,3.6162829953080795
2024-12-03 19:00:00,294.74059355328086,1875.2109926818096,38.2565851055494,0.29474059355328086
2024-12-03 20:00:00,0.0,0.0,,0.0
2024-12-03 21:00:00,0.0,0.0,,0.0
2024-12-03 22:00:00,0.0,0.0,,0.0
2024-12-03 23:00:00,0.0,0.0,,0.0
2024-12-04 00:00:00,0.0,0.0,,0.0
2024-12-04 01:00:00,2170.0017177811533,4527.4181628514425,46.46352018952876,2.1700017177811532
2024-12-04 02:00:00,2976.0073164666724,4913.570506601443,48.06286368802795,2.9760073164666725
2024-12-04 03:00:00,3187.0986232438354,4939.313996184776,49.34408147232109,3.1870986232438354
2024-12-04 04:00:00,2267.1450852409453,4251.1117850652245,43.760427405235625,2.267145085240945
2024-12-04 05:00:00,3697.5650691214955,4920.442514231892,52.442355383874336,3.6975650691214956
2024-12-04 06:00:00,1985.0521137960147,3221.3722017318896,42.048265320698086,1.9850521137960147
2024-12-04 07:00:00,3750.540983274759,4913.570506601443,52.763892468411875,3.750540983274759
2024-12-04 08:00:00,2161.0787234739105,4012.5483711847733,43.11665807581151,2.1610787234739104
2024-12-04 09:00:00,3346.140899164134,4939.313996184776,50.30938788628274,3.3461408991641344
2024-12-04 10:00:00,2790.534350199996,4920.442514231887,46.937136311972054,2.790534350199996
2024-12-04 11:00:00,2579.443043422829,4765.981576731889,45.6559185276789,2.579443043422829
2024-12-04 12:00:00,3499.396581425722,4913.570506601441,51.23957259476438,3.499396581425722
2024-12-04 13:00:00,2068.97659754517,3736.241993398555,42.557644616125664,2.06897659754517
2024-12-04 14:00:00,3781.489552870652,4939.313996184781,52.95173467930192,3.781489552870652
2024-12-04 15:00:00,2016.0006833919072,3497.6785795181077,42.236107531588125,2.016000683391907
2024-12-04 16:00:00,3605.462943192755,4920.442514231885,51.883341924188485,3.605462943192755
2024-12-04 17:00:00,250.39904972137748,1676.7628267318876,37.59897981047122,0.2503990497213775
2024-12-04 18:00:00,0.0,0.0,,0.0
2024-12-04 19:00:00,0.0,0.0,,0.0
2024-12-04 20:00:00,0.0,0.0,,0.0
2024-12-04 21:00:00,0.0,0.0,,0.0
2024-12-04 22:00:00,0.0,0.0,,0.0
2024-12-04 23:00:00,0.0,0.0,,0.0
2024-12-05 00:00:00,0.0,0.0,,0.0
2024-12-05 01:00:00,412.5918075124144,2074.05012945558,38.83843839637194,0.41259180751241437
2024-12-05 02:00:00,3727.624717706302,4931.577473205581,52.62480229248679,3.727624717706302
2024-12-05 03:00:00,1982.2486979166667,3103.789712788915,42.03125,1.9822486979166667
2024-12-05 04:00:00,3726.831749307586,4928.179037211084,52.61998937417988,3.726831749307586
2024-12-05 05:00:00,2211.6730248474187,4133.529296122249,43.42373997176117,2.2116730248474186
2024-12-05 06:00:00,3268.2903650851677,4905.833983622247,49.83687440241871,3.268290365085168
2024-12-05 07:00:00,2884.630207731132,4931.577473205581,47.50825071709756,2.884630207731132
2024-12-05 08:00:00,2495.9856775851686,4645.000651794419,45.14937440241871,2.4959856775851685
2024-12-05 09:00:00,3556.3412974168623,4928.179037211086,51.58519830509451,3.5563412974168624
2024-12-05 10:00:00,2038.9169489603644,3615.261068461086,42.37519770751321,2.0389169489603645
2024-12-05 11:00:00,3784.2929687499995,4905.833983622242,52.96875,3.7842929687499995
2024-12-05 12:00:00,2039.7099173590796,3618.659504455577,42.38001062582012,2.0397099173590796
2024-12-05 13:00:00,3554.868641819248,4931.577473205585,51.57626002823883,3.554868641819248
2024-12-05 14:00:00,2498.2513015814984,4648.399087788911,45.16312559758129,2.498251301581498
2024-12-05 15:00:00,2881.9114589355345,4928.179037211081,47.49174928290244,2.8819114589355346
2024-12-05 16:00:00,3270.5559890814993,4905.833983622247,49.8506255975813,3.2705559890814992
2024-12-05 17:00:00,1797.6085617373885,4130.1308601277515,45.224061603628044,1.7976085617373885
2024-12-05 18:00:00,0.0,0.0,,0.0
2024-12-05 19:00:00,0.0,0.0,,0.0
2024-12-05 20:00:00,0.0,0.0,,0.0
2024-12-05 21:00:00,0.0,0.0,,0.0
2024-12-05 22:00:00,0.0,0.0,,0.0
2024-12-05 23:00:00,0.0,0.0,,0.0
2024-12-06 00:00:00,0.0,0.0,,0.0
2024-12-06 01:00:00,0.0,0.0,,0.0
2024-12-06 02:00:00,444.53232293500736,2255.430665914406,39.5226601205332,0.4445323229350074
2024-12-06 03:00:00,3654.6702293730727,4915.591256192183,52.18200533735111,3.654670229373073
2024-12-06 04:00:00,2289.7935300482445,4314.909832581071,43.89789204419551,2.2897935300482444
2024-12-06 05:00:00,2925.309569201357,4915.5912561921805,47.755153927680084,2.925309569201357
2024-12-06 06:00:00,3420.69648879439,4915.591256192183,50.76190271889772,3.42069648879439
2024-12-06 07:00:00,2111.8714372935938,3425.299368807816,42.81799466264889,2.1118714372935936
2024-12-06 08:00:00,3476.748136618422,4915.591256192188,51.10210795580449,3.476748136618422
2024-12-06 09:00:00,2841.2320974653103,4915.591256192185,47.24484607231992,2.8412320974653102
2024-12-06 10:00:00,2345.8451778722756,4455.03895214115,44.23809728110227,2.3458451778722758
2024-12-06 11:00:00,3654.6702293730727,4915.591256192183,52.18200533735111,3.654670229373073
2024-12-06 12:00:00,2289.793530048244,4314.909832581067,43.8978920441955,2.289793530048244
2024-12-06 13:00:00,2925.309569201357,4915.5912561921805,47.755153927680084,2.925309569201357
2024-12-06 14:00:00,3420.69648879439,4915.591256192178,50.76190271889772,3.42069648879439
2024-12-06 15:00:00,2111.8714372935938,3425.299368807818,42.81799466264889,2.1118714372935936
2024-12-06 16:00:00,3476.7481366184224,4915.591256192185,51.1021079558045,3.4767481366184225
2024-12-06 17:00:00,2841.232097465308,4915.591256192173,47.24484607231991,2.841232097465308
2024-12-06 18:00:00,1901.3128549372702,4455.038952141153,46.10233987946681,1.9013128549372702
2024-12-06 19:00:00,0.0,0.0,,0.0
2024-12-06 20:00:00,0.0,0.0,,0.0
2024-12-06 21:00:00,0.0,0.0,,0.0
2024-12-06 22:00:00,0.0,0.0,,0.0
2024-12-06 23:00:00,0.0,0.0,,0.0
2024-12-07 00:00:00,0.0,0.0,,0.0
2024-12-07 01:00:00,0.0,0.0,,0.0
2024-12-07 02:00:00,0.0,0.0,,0.0
2024-12-07 03:00:00,0.0,0.0,,0.0
2024-12-07 04:00:00,0.0,0.0,,0.0
2024-12-07 05:00:00,0.0,0.0,,0.0
2024-12-07 06:00:00,0.0,0.0,,0.0
2024-12-07 07:00:00,0.0,0.0,,0.0
2024-12-07 08:00:00,0.0,0.0,,0.0
2024-12-07 09:00:00,0.0,0.0,,0.0
2024-12-07 10:00:00,0.0,0.0,,0.0
2024-12-07 11:00:00,0.0,0.0,,0.0
2024-12-07 12:00:00,0.0,0.0,,0.0
2024-12-07 13:00:00,0.0,0.0,,0.0
2024-12-07 14:00:00,0.0,0.0,,0.0
2024-12-07 15:00:00,0.0,0.0,,0.0
2024-12-07 16:00:00,0.0,0.0,,0.0
2024-12-07 17:00:00,0.0,0.0,,0.0
2024-12-07 18:00:00,0.0,0.0,,0.0
2024-12-07 19:00:00,0.0,0.0,,0.0
2024-12-07 20:00:00,0.0,0.0,,0.0
2024-12-07 21:00:00,0.0,0.0,,0.0
2024-12-07 22:00:00,0.0,0.0,,0.0
2024-12-07 23:00:00,0.0,0.0,,0.0
2024-12-08 00:00:00,0.0,0.0,,0.0
2024-12-08 01:00:00,0.0,0.0,,0.0
2024-12-08 02:00:00,0.0,0.0,,0.0
2024-12-08 03:00:00,0.0,0.0,,0.0
2024-12-08 04:00:00,0.0,0.0,,0.0
2024-12-08 05:00:00,0.0,0.0,,0.0
2024-12-08 06:00:00,0.0,0.0,,0.0
2024-12-08 07:00:00,0.0,0.0,,0.0
2024-12-08 08:00:00,0.0,0.0,,0.0
2024-12-08 09:00:00,0.0,0.0,,0.0
2024-12-08 10:00:00,0.0,0.0,,0.0
2024-12-08 11:00:00,0.0,0.0,,0.0
2024-12-08 12:00:00,0.0,0.0,,0.0
2024-12-08 13:00:00,0.0,0.0,,0.0
2024-12-08 14:00:00,0.0,0.0,,0.0
2024-12-08 15:00:00,0.0,0.0,,0.0
2024-12-08 16:00:00,0.0,0.0,,0.0
2024-12-08 17:00:00,0.0,0.0,,0.0
2024-12-08 18:00:00,0.0,0.0,,0.0
2024-12-08 19:00:00,0.0,0.0,,0.0
2024-12-08 20:00:00,0.0,0.0,,0.0
2024-12-08 21:00:00,0.0,0.0,,0.0
2024-12-08 22:00:00,0.0,0.0,,0.0
2024-12-08 23:00:00,0.0,0.0,,0.0
2024-12-09 00:00:00,0.0,0.0,,0.0
2024-12-09 01:00:00,1026.211305765129,3144.6724617631535,42.05532606654081,1.026211305765129
2024-12-09 02:00:00,3717.292441213597,4920.9732430131535,52.56209058447381,3.7172924412135973
2024-12-09 03:00:00,2230.3792234755824,4174.4120450964865,43.53727716438571,2.2303792234755826
2024-12-09 04:00:00,3240.9029746824585,4938.783267403511,49.67064675342143,3.2409029746824585
2024-12-09 05:00:00,2916.346066171195,4913.03977782018,47.70074998434795,2.916346066171195
2024-12-09 06:00:00,2468.862736022225,4604.117902820181,44.984751824524146,2.468862736022225
2024-12-09 07:00:00,3574.0571553057,4920.973243013156,51.69272462883435,3.5740571553056997
2024-12-09 08:00:00,2030.3679816057024,3574.3783194868474,42.32330978669184,2.0303679816057025
2024-12-09 09:00:00,3784.1607443301173,4938.783267403517,52.96794746444864,3.784160744330117
2024-12-09 10:00:00,2049.249225453069,3659.5422534298154,42.437909415526185,2.0492492254530688
2024-12-09 11:00:00,3536.1624431910836,4913.039777820175,51.46272283561429,3.536162443191084
2024-12-09 12:00:00,2525.638691984207,4689.281836763149,45.32935324657856,2.525638691984207
2024-12-09 13:00:00,2850.195600495471,4920.9732430131535,47.29925001565205,2.850195600495471
2024-12-09 14:00:00,3297.678930644442,4938.783267403513,50.015248175475854,3.297678930644442
2024-12-09 15:00:00,2192.484511360966,4089.2481111535117,43.30727537116564,2.192484511360966
2024-12-09 16:00:00,3736.173685060964,4913.039777820172,52.67669021330816,3.736173685060964
2024-12-09 17:00:00,956.1696165714199,3059.5085278201796,42.00717393345918,0.9561696165714199
2024-12-09 18:00:00,0.0,0.0,,0.0
2024-12-09 19:00:00,0.0,0.0,,0.0
2024-12-09 20:00:00,0.0,0.0,,0.0
2024-12-09 21:00:00,0.0,0.0,,0.0
2024-12-09 22:00:00,0.0,0.0,,0.0
2024-12-09 23:00:00,0.0,0.0,,0.0
2024-12-10 00:00:00,0.0,0.0,,0.0
2024-12-10 01:00:00,3127.7221482530626,4902.213984779741,49.30545377403649,3.1277221482530626
2024-12-10 02:00:00,2180.492691745838,3953.5464318869253,43.234491073263904,2.180492691745838
2024-12-10 03:00:00,3619.425707397821,4902.213984779739,51.96808886185517,3.619425707397821
2024-12-10 04:00:00,2525.6350601251856,4816.402352835295,45.32933120302576,2.5256350601251856
2024-12-10 05:00:00,2624.4140570488225,4902.213984779739,45.928869902678606,2.6244140570488224
2024-12-10 06:00:00,3586.0489749208277,4902.213984779739,51.765508926736096,3.5860489749208275
2024-12-10 07:00:00,2147.1159592688455,3786.6627695019615,43.03191113814483,2.1471159592688456
2024-12-10 08:00:00,3240.906606541481,4902.213984779733,49.67066879697425,3.240906606541481
2024-12-10 09:00:00,3142.1276096178435,4902.213984779739,49.071130097321394,3.1421276096178437
2024-12-10 10:00:00,2180.4926917458383,3953.5464318869326,43.234491073263904,2.1804926917458385
2024-12-10 11:00:00,3619.4257073978215,4902.213984779743,51.96808886185517,3.6194257073978213
2024-12-10 12:00:00,2525.6350601251847,4816.402352835293,45.32933120302575,2.5256350601251847
2024-12-10 13:00:00,2624.4140570488235,4902.213984779733,45.92886990267861,2.6244140570488232
2024-12-10 14:00:00,3586.0489749208277,4902.213984779739,51.765508926736096,3.5860489749208275
2024-12-10 15:00:00,2147.1159592688446,3786.6627695019592,43.03191113814482,2.1471159592688447
2024-12-10 16:00:00,3240.9066065414854,4902.213984779729,49.67066879697427,3.2409066065414853
2024-12-10 17:00:00,14.405461364782248,864.3276818869349,35.24603317113106,0.014405461364782247
2024-12-10 18:00:00,0.0,0.0,,0.0
2024-12-10 19:00:00,0.0,0.0,,0.0
2024-12-10 20:00:00,0.0,0.0,,0.0
2024-12-10 21:00:00,0.0,0.0,,0.0
2024-12-10 22:00:00,0.0,0.0,,0.0
2024-12-10 23:00:00,0.0,0.0,,0.0
2024-12-11 00:00:00,0.0,0.0,,0.0
2024-12-11 01:00:00,0.0,0.0,,0.0
2024-12-11 02:00:00,0.0,0.0,,0.0
2024-12-11 03:00:00,2756.995164136733,4925.777059665777,48.592855961672704,2.756995164136733
2024-12-11 04:00:00,2327.2872127551996,4410.907267999111,44.12545979113975,2.3272872127551993
2024-12-11 05:00:00,3655.5755208333335,4925.777059665777,52.1875,3.6555755208333336
2024-12-11 06:00:00,2306.5409122447995,4359.041516723109,43.999540208860246,2.3065409122447997
2024-12-11 07:00:00,2898.8305587161335,4925.77705966578,47.59443968670963,2.8988305587161336
2024-12-11 08:00:00,3439.2544539114665,4925.777059665783,50.874540208860246,3.4392544539114667
2024-12-11 09:00:00,2110.9661458333335,3381.16768466578,42.8125,2.1109661458333333
2024-12-11 10:00:00,3460.0007544218674,4925.777059665776,51.000459791139754,3.4600007544218676
2024-12-11 11:00:00,2867.7111079505316,4925.777059665777,47.405560313290366,2.8677111079505315
2024-12-11 12:00:00,2327.287212755201,4410.907267999113,44.125459791139754,2.327287212755201
2024-12-11 13:00:00,3655.5755208333335,4925.77705966578,52.1875,3.6555755208333336
2024-12-11 14:00:00,2306.540912244798,4359.041516723103,43.99954020886024,2.306540912244798
2024-12-11 15:00:00,2898.830558716136,4925.777059665783,47.59443968670964,2.898830558716136
2024-12-11 16:00:00,3439.254453911465,4925.777059665785,50.87454020886024,3.4392544539114653
2024-12-11 17:00:00,2110.966145833333,3381.1676846657815,42.8125,2.110966145833333
2024-12-11 18:00:00,3460.000754421869,4925.777059665777,51.00045979113976,3.460000754421869
2024-12-11 19:00:00,110.71594381380051,1321.688517999116,36.7198994778494,0.11071594381380051
2024-12-11 20:00:00,0.0,0.0,,0.0
2024-12-11 21:00:00,0.0,0.0,,0.0
2024-12-11 22:00:00,0.0,0.0,,0.0
2024-12-11 23:00:00,0.0,0.0,,0.0
2024-12-12 00:00:00,0.0,0.0,,0.0
2024-12-12 01:00:00,0.0,0.0,,0.0
2024-12-12 02:00:00,1099.6671774782844,3415.5625646085077,42.91824238799357,1.0996671774782845
2024-12-12 03:00:00,3424.915770614091,4925.328060391492,50.78751163186946,3.4249157706140907
2024-12-12 04:00:00,2919.467486681771,4925.328060391495,47.719695432796144,2.919467486681771
2024-12-12 05:00:00,2293.363691587992,4324.646636780381,43.91956112440236,2.293363691587992
2024-12-12 06:00:00,3654.9947895130495,4925.328060391492,52.18397525373355,3.6549947895130495
2024-12-12 07:00:00,2341.6258960525747,4445.302147941839,44.21248836813054,2.341625896052575
2024-12-12 08:00:00,2847.0741799848965,4925.328060391492,47.28030456720386,2.8470741799848964
2024-12-12 09:00:00,3473.1779750786745,4925.328060391492,51.08043887559764,3.4731779750786744
2024-12-12 10:00:00,2111.546877153616,3415.5625646085005,42.81602474626645,2.111546877153616
2024-12-12 11:00:00,3424.9157706140923,4925.328060391495,50.787511631869464,3.4249157706140925
2024-12-12 12:00:00,2919.46748668177,4925.328060391496,47.71969543279614,2.91946748668177
2024-12-12 13:00:00,2293.363691587992,4324.646636780384,43.91956112440236,2.293363691587992
2024-12-12 14:00:00,3654.9947895130504,4925.328060391499,52.18397525373355,3.6549947895130503
2024-12-12 15:00:00,2341.625896052574,4445.302147941833,44.212488368130536,2.341625896052574
2024-12-12 16:00:00,2847.0741799848975,4925.328060391502,47.28030456720387,2.8470741799848973
2024-12-12 17:00:00,3473.1779750786736,4925.328060391495,51.080438875597636,3.4731779750786735
2024-12-12 18:00:00,1011.8796996753347,3294.907053447052,42.70675761200646,1.0118796996753348
2024-12-12 19:00:00,0.0,0.0,,0.0
2024-12-12 20:00:00,0.0,0.0,,0.0
2024-12-12 21:00:00,0.0,0.0,,0.0
2024-12-12 22:00:00,0.0,0.0,,0.0
2024-12-12 23:00:00,0.0,0.0,,0.0
2024-12-13 00:00:00,0.0,0.0,,0.0
2024-12-13 01:00:00,441.5970689195664,2245.0709458599076,39.45978184393921,0.4415970689195664
2024-12-13 02:00:00,3654.324905371256,4905.231536137687,52.179909394797974,3.654324905371256
2024-12-13 03:00:00,2285.9949660282623,4304.550112526574,43.874836676111045,2.2859949660282624
2024-12-13 04:00:00,2931.525401234055,4905.231536137682,47.79288089363647,2.931525401234055
2024-12-13 05:00:00,3416.207276770774,4905.231536137687,50.73465546570699,3.4162072767707743
2024-12-13 06:00:00,2112.21676129541,3435.6590888623177,42.820090605202026,2.11221676129541
2024-12-13 07:00:00,3480.546700638405,4905.231536137687,51.12516332388896,3.480546700638405
2024-12-13 08:00:00,2835.016265432609,4905.231536137682,47.207119106363514,2.835016265432609
2024-12-13 09:00:00,2350.3343898958933,4465.398672195652,44.265344534293014,2.3503343898958935
2024-12-13 10:00:00,3654.324905371256,4905.231536137682,52.179909394797974,3.654324905371256
2024-12-13 11:00:00,2285.99496602826,4304.550112526565,43.87483667611103,2.28599496602826
2024-12-13 12:00:00,2931.5254012340583,4905.231536137678,47.792880893636486,2.931525401234058
2024-12-13 13:00:00,3416.2072767707728,4905.231536137678,50.73465546570698,3.416207276770773
2024-12-13 14:00:00,2112.2167612954104,3435.65908886232,42.820090605202026,2.1122167612954104
2024-12-13 15:00:00,3480.5467006384065,4905.231536137682,51.12516332388897,3.4805467006384063
2024-12-13 16:00:00,2835.016265432607,4905.231536137672,47.20711910636351,2.835016265432607
2024-12-13 17:00:00,1908.7373209763302,4465.398672195654,46.165218156060824,1.9087373209763303
2024-12-13 18:00:00,0.0,0.0,,0.0
2024-12-13 19:00:00,0.0,0.0,,0.0
2024-12-13 20:00:00,0.0,0.0,,0.0
2024-12-13 21:00:00,0.0,0.0,,0.0
2024-12-13 22:00:00,0.0,0.0,,0.0
2024-12-13 23:00:00,0.0,0.0,,0.0
2024-12-14 00:00:00,0.0,0.0,,0.0
2024-12-14 01:00:00,0.0,0.0,,0.0
2024-12-14 02:00:00,0.0,0.0,,0.0
2024-12-14 03:00:00,0.0,0.0,,0.0
2024-12-14 04:00:00,0.0,0.0,,0.0
2024-12-14 05:00:00,0.0,0.0,,0.0
2024-12-14 06:00:00,0.0,0.0,,0.0
2024-12-14 07:00:00,0.0,0.0,,0.0
2024-12-14 08:00:00,0.0,0.0,,0.0
2024-12-14 09:00:00,0.0,0.0,,0.0
2024-12-14 10:00:00,0.0,0.0,,0.0
2024-12-14 11:00:00,0.0,0.0,,0.0
2024-12-14 12:00:00,0.0,0.0,,0.0
2024-12-14 13:00:00,0.0,0.0,,0.0
2024-12-14 14:00:00,0.0,0.0,,0.0
2024-12-14 15:00:00,0.0,0.0,,0.0
2024-12-14 16:00:00,0.0,0.0,,0.0
2024-12-14 17:00:00,0.0,0.0,,0.0
2024-12-14 18:00:00,0.0,0.0,,0.0
2024-12-14 19:00:00,0.0,0.0,,0.0
2024-12-14 20:00:00,0.0,0.0,,0.0
2024-12-14 21:00:00,0.0,0.0,,0.0
2024-12-14 22:00:00,0.0,0.0,,0.0
2024-12-14 23:00:00,0.0,0.0,,0.0
2024-12-15 00:00:00,0.0,0.0,,0.0
2024-12-15 01:00:00,0.0,0.0,,0.0
2024-12-15 02:00:00,0.0,0.0,,0.0
2024-12-15 03:00:00,0.0,0.0,,0.0
2024-12-15 04:00:00,0.0,0.0,,0.0
2024-12-15 05:00:00,0.0,0.0,,0.0
2024-12-15 06:00:00,0.0,0.0,,0.0
2024-12-15 07:00:00,0.0,0.0,,0.0
2024-12-15 08:00:00,0.0,0.0,,0.0
2024-12-15 09:00:00,0.0,0.0,,0.0
2024-12-15 10:00:00,0.0,0.0,,0.0
2024-12-15 11:00:00,0.0,0.0,,0.0
2024-12-15 12:00:00,0.0,0.0,,0.0
2024-12-15 13:00:00,0.0,0.0,,0.0
2024-12-15 14:00:00,0.0,0.0,,0.0
2024-12-15 15:00:00,0.0,0.0,,0.0
2024-12-15 16:00:00,0.0,0.0,,0.0
2024-12-15 17:00:00,0.0,0.0,,0.0
2024-12-15 18:00:00,0.0,0.0,,0.0
2024-12-15 19:00:00,0.0,0.0,,0.0
2024-12-15 20:00:00,0.0,0.0,,0.0
2024-12-15 21:00:00,0.0,0.0,,0.0
2024-12-15 22:00:00,0.0,0.0,,0.0
2024-12-15 23:00:00,0.0,0.0,,0.0
2024-12-16 00:00:00,0.0,0.0,,0.0
2024-12-16 01:00:00,0.0,0.0,,0.0
2024-12-16 02:00:00,1897.1749664731033,4228.636934464138,45.35319380080403,1.8971749664731032
2024-12-16 03:00:00,3202.945552125103,4923.711153214138,49.44026433943717,3.202945552125103
2024-12-16 04:00:00,2958.776597672506,4936.045357202526,47.95828191394976,2.958776597672506
2024-12-16 05:00:00,2434.5203060893787,4549.893013452528,44.77631059282411,2.4345203060893787
2024-12-16 06:00:00,3596.4730029523216,4910.301867619192,51.828777520321616,3.5964730029523215
2024-12-16 07:00:00,2019.7464918254213,3520.1534301191973,42.258842699865994,2.0197464918254213
2024-12-16 08:00:00,3782.353248017862,4923.711153214138,52.95697687330653,3.782353248017862
2024-12-16 09:00:00,2062.9833040515473,3713.767142797467,42.52126834688108,2.0629833040515475
2024-12-16 10:00:00,3510.6340067262645,4936.045357202528,51.30777809959798,3.5106340067262645
2024-12-16 11:00:00,2563.596114541563,4743.5067261308,45.55973566056282,2.5635961145415633
2024-12-16 12:00:00,2807.76506899416,4910.301867619195,47.04171808605023,2.80776506899416
2024-12-16 13:00:00,3332.021360577288,4923.7111532141425,50.2236894071759,3.3320213605772877
2024-12-16 14:00:00,2170.0686637143444,4035.0232217858616,43.171222479678384,2.1700686637143445
2024-12-16 15:00:00,3746.795174841245,4936.0453572025235,52.741157300134006,3.746795174841245
2024-12-16 16:00:00,1984.1884186488048,3198.8973511308104,42.04302312669347,1.9841884186488048
2024-12-16 17:00:00,3703.5583626151188,4910.301867619192,52.47873165311892,3.703558362615119
2024-12-16 18:00:00,358.7326934672985,1975.544055119194,38.70930619919596,0.35873269346729847
2024-12-16 19:00:00,0.0,0.0,,0.0
2024-12-16 20:00:00,0.0,0.0,,0.0
2024-12-16 21:00:00,0.0,0.0,,0.0
2024-12-16 22:00:00,0.0,0.0,,0.0
2024-12-16 23:00:00,0.0,0.0,,0.0
2024-12-17 00:00:00,0.0,0.0,,0.0
2024-12-17 01:00:00,0.0,0.0,,0.0
2024-12-17 02:00:00,2279.1028467714,4865.4519091586935,47.291256234672495,2.2791028467714
2024-12-17 03:00:00,2594.9843232547832,4934.236458896859,45.7502462591965,2.594984323254783
2024-12-17 04:00:00,3597.21008669285,4934.236458896864,51.8332512469345,3.59721008669285
2024-12-17 05:00:00,2155.5746700261834,3835.7123258253605,43.0832512469345,2.1555746700261835
2024-12-17 06:00:00,3212.8280732547837,4934.236458896859,49.5002462591965,3.2128280732547836
2024-12-17 07:00:00,3171.557343411883,4934.236458896864,49.2497537408035,3.171557343411883
2024-12-17 08:00:00,2169.3315799738166,3904.4968755635286,43.1667487530655,2.1693315799738166
2024-12-17 09:00:00,3610.9669966404836,4934.236458896859,51.9167487530655,3.6109669966404834
2024-12-17 10:00:00,2553.713593411882,4865.451909158692,45.49975374080349,2.553713593411882
2024-12-17 11:00:00,2594.9843232547846,4934.236458896869,45.75024625919651,2.5949843232547845
2024-12-17 12:00:00,3597.21008669285,4934.236458896859,51.8332512469345,3.59721008669285
2024-12-17 13:00:00,2155.5746700261825,3835.712325825358,43.083251246934495,2.1555746700261826
2024-12-17 14:00:00,3212.8280732547855,4934.236458896874,49.500246259196516,3.2128280732547854
2024-12-17 15:00:00,3171.557343411881,4934.236458896864,49.24975374080349,3.171557343411881
2024-12-17 16:00:00,2169.331579973818,3904.496875563536,43.166748753065505,2.169331579973818
2024-12-17 17:00:00,3610.9669966404854,4934.2364588968785,51.91674875306551,3.6109669966404856
2024-12-17 18:00:00,274.610746640485,1845.0177088968703,38.33374376532755,0.274610746640485
2024-12-17 19:00:00,0.0,0.0,,0.0
2024-12-17 20:00:00,0.0,0.0,,0.0
2024-12-17 21:00:00,0.0,0.0,,0.0
2024-12-17 22:00:00,0.0,0.0,,0.0
2024-12-17 23:00:00,0.0,0.0,,0.0
2024-12-18 00:00:00,0.0,0.0,,0.0
2024-12-18 01:00:00,0.0,0.0,,0.0
2024-12-18 02:00:00,0.0,0.0,,0.0
2024-12-18 03:00:00,940.5403233269991,3173.900581236426,42.232726012764715,0.9405403233269991
2024-12-18 04:00:00,3515.793122226746,4909.555147930242,51.33909132907843,3.515793122226746
2024-12-18 05:00:00,2774.4702966585223,4909.55514793024,46.83963560765883,2.774470296658522
2024-12-18 06:00:00,2395.8159266730013,4566.308620152463,44.54139452737647,2.3958159266730013
2024-12-18 07:00:00,3649.2073477768727,4909.555147930242,52.14884840085098,3.6492073477768727
2024-12-18 08:00:00,2250.748544439919,4203.640164569755,43.660908670921565,2.250748544439919
2024-12-18 09:00:00,2992.071370008145,4909.555147930245,48.16036439234118,2.992071370008145
2024-12-18 10:00:00,3370.725739993665,4909.555147930247,50.458605472623525,3.3707257399936648
2024-12-18 11:00:00,2117.3343188897934,3536.569036819131,42.85115159914902,2.1173343188897933
2024-12-18 12:00:00,3515.793122226748,4909.55514793024,51.339091329078435,3.515793122226748
2024-12-18 13:00:00,2774.4702966585205,4909.555147930242,46.83963560765882,2.7744702966585204
2024-12-18 14:00:00,2395.8159266730017,4566.308620152466,44.541394527376475,2.3958159266730017
2024-12-18 15:00:00,3649.2073477768727,4909.555147930245,52.14884840085098,3.6492073477768727
2024-12-18 16:00:00,2250.7485444399185,4203.640164569761,43.660908670921565,2.2507485444399187
2024-12-18 17:00:00,2992.071370008146,4909.555147930247,48.16036439234119,2.992071370008146
2024-12-18 18:00:00,3370.725739993664,4909.55514793024,50.45860547262352,3.370725739993664
2024-12-18 19:00:00,1176.7939955627974,3536.569036819133,43.39227398723531,1.1767939955627973
2024-12-18 20:00:00,0.0,0.0,,0.0
2024-12-18 21:00:00,0.0,0.0,,0.0
2024-12-18 22:00:00,0.0,0.0,,0.0
2024-12-18 23:00:00,0.0,0.0,,0.0
2024-12-19 00:00:00,0.0,0.0,,0.0
2024-12-19 01:00:00,209.98676945209178,1646.0729604625515,37.64708279831602,0.20998676945209177
2024-12-19 02:00:00,3565.928657512236,4906.91497435144,51.64338874621761,3.565928657512236
2024-12-19 03:00:00,2134.79201972834,3705.552127129217,42.95711103977547,2.1347920197283403
2024-12-19 04:00:00,3285.6748030310846,4906.91497435144,49.94238917423146,3.2856748030310845
2024-12-19 05:00:00,3093.4612241941963,4906.914974351437,48.77574967898961,3.0934612241941966
2024-12-19 06:00:00,2200.613009154431,4034.6570742596723,43.3566112537824,2.200613009154431
2024-12-19 07:00:00,3631.749646938327,4906.91497435144,52.04288896022453,3.631749646938327
2024-12-19 08:00:00,2480.8668636355815,4735.291710462544,45.057610825768535,2.4808668636355815
2024-12-19 09:00:00,2673.0804424724706,4906.914974351442,46.22425032101039,2.673080442472471
2024-12-19 10:00:00,3565.9286575122355,4906.914974351435,51.64338874621761,3.5659286575122353
2024-12-19 11:00:00,2134.7920197283397,3705.5521271292146,42.95711103977546,2.13479201972834
2024-12-19 12:00:00,3285.674803031085,4906.914974351442,49.942389174231465,3.285674803031085
2024-12-19 13:00:00,3093.461224194195,4906.914974351431,48.775749678989605,3.093461224194195
2024-12-19 14:00:00,2200.6130091544314,4034.6570742596796,43.3566112537824,2.2006130091544316
2024-12-19 15:00:00,3631.749646938327,4906.914974351437,52.04288896022454,3.631749646938327
2024-12-19 16:00:00,2480.866863635578,4735.291710462547,45.05761082576852,2.480866863635578
2024-12-19 17:00:00,2463.0936730203844,4906.914974351425,47.93968382554931,2.4630936730203845
2024-12-19 18:00:00,0.0,0.0,,0.0
2024-12-19 19:00:00,0.0,0.0,,0.0
2024-12-19 20:00:00,0.0,0.0,,0.0
2024-12-19 21:00:00,0.0,0.0,,0.0
2024-12-19 22:00:00,0.0,0.0,,0.0
2024-12-19 23:00:00,0.0,0.0,,0.0
2024-12-20 00:00:00,0.0,0.0,,0.0
2024-12-20 01:00:00,635.1775711665905,2633.3246022346407,40.514202418600824,0.6351775711665905
2024-12-20 02:00:00,3637.414705813159,4935.261335265358,52.077273010853226,3.6374147058131587
2024-12-20 03:00:00,2458.206628136252,4692.803768901306,44.92007462325377,2.458206628136252
2024-12-20 04:00:00,2698.5732074092157,4935.26133526536,46.37897854883951,2.6985732074092157
2024-12-20 05:00:00,3554.59853976257,4935.26133526536,51.57462064496021,3.55459853976257
2024-12-20 06:00:00,2129.1269608535076,3663.0641855679705,42.922726989146774,2.1291269608535077
2024-12-20 07:00:00,3308.3350385304147,4935.2613352653625,50.07992537674623,3.308335038530415
2024-12-20 08:00:00,3067.968459257451,4935.261335265355,48.621021451160495,3.0679684592574508
2024-12-20 09:00:00,2211.943126904095,4077.145015820914,43.42537935503978,2.211943126904095
2024-12-20 10:00:00,3637.4147058131593,4935.261335265358,52.077273010853226,3.637414705813159
2024-12-20 11:00:00,2458.206628136252,4692.803768901303,44.92007462325377,2.458206628136252
2024-12-20 12:00:00,2698.5732074092157,4935.26133526536,46.37897854883951,2.6985732074092157
2024-12-20 13:00:00,3554.598539762571,4935.2613352653625,51.57462064496022,3.554598539762571
2024-12-20 14:00:00,2129.126960853507,3663.0641855679683,42.922726989146774,2.1291269608535073
2024-12-20 15:00:00,3308.3350385304147,4935.261335265365,50.07992537674623,3.308335038530415
2024-12-20 16:00:00,3067.9684592574504,4935.261335265367,48.62102145116049,3.0679684592574503
2024-12-20 17:00:00,1576.7655557375067,4077.1450158209163,45.11079758139919,1.5767655557375067
2024-12-20 18:00:00,0.0,0.0,,0.0
2024-12-20 19:00:00,0.0,0.0,,0.0
2024-12-20 20:00:00,0.0,0.0,,0.0
2024-12-20 21:00:00,0.0,0.0,,0.0
2024-12-20 22:00:00,0.0,0.0,,0.0
2024-12-20 23:00:00,0.0,0.0,,0.0
2024-12-21 00:00:00,0.0,0.0,,0.0
2024-12-21 01:00:00,0.0,0.0,,0.0
2024-12-21 02:00:00,0.0,0.0,,0.0
2024-12-21 03:00:00,0.0,0.0,,0.0
2024-12-21 04:00:00,0.0,0.0,,0.0
2024-12-21 05:00:00,0.0,0.0,,0.0
2024-12-21 06:00:00,0.0,0.0,,0.0
2024-12-21 07:00:00,0.0,0.0,,0.0
2024-12-21 08:00:00,0.0,0.0,,0.0
2024-12-21 09:00:00,0.0,0.0,,0.0
2024-12-21 10:00:00,0.0,0.0,,0.0
2024-12-21 11:00:00,0.0,0.0,,0.0
2024-12-21 12:00:00,0.0,0.0,,0.0
2024-12-21 13:00:00,0.0,0.0,,0.0
2024-12-21 14:00:00,0.0,0.0,,0.0
2024-12-21 15:00:00,0.0,0.0,,0.0
2024-12-21 16:00:00,0.0,0.0,,0.0
2024-12-21 17:00:00,0.0,0.0,,0.0
2024-12-21 18:00:00,0.0,0.0,,0.0
2024-12-21 19:00:00,0.0,0.0,,0.0
2024-12-21 20:00:00,0.0,0.0,,0.0
2024-12-21 21:00:00,0.0,0.0,,0.0
2024-12-21 22:00:00,0.0,0.0,,0.0
2024-12-21 23:00:00,0.0,0.0,,0.0
2024-12-22 00:00:00,0.0,0.0,,0.0
2024-12-22 01:00:00,0.0,0.0,,0.0
2024-12-22 02:00:00,0.0,0.0,,0.0
2024-12-22 03:00:00,0.0,0.0,,0.0
2024-12-22 04:00:00,0.0,0.0,,0.0
2024-12-22 05:00:00,0.0,0.0,,0.0
2024-12-22 06:00:00,0.0,0.0,,0.0
2024-12-22 07:00:00,0.0,0.0,,0.0
2024-12-22 08:00:00,0.0,0.0,,0.0
2024-12-22 09:00:00,0.0,0.0,,0.0
2024-12-22 10:00:00,0.0,0.0,,0.0
2024-12-22 11:00:00,0.0,0.0,,0.0
2024-12-22 12:00:00,0.0,0.0,,0.0
2024-12-22 13:00:00,0.0,0.0,,0.0
2024-12-22 14:00:00,0.0,0.0,,0.0
2024-12-22 15:00:00,0.0,0.0,,0.0
2024-12-22 16:00:00,0.0,0.0,,0.0
2024-12-22 17:00:00,0.0,0.0,,0.0
2024-12-22 18:00:00,0.0,0.0,,0.0
2024-12-22 19:00:00,0.0,0.0,,0.0
2024-12-22 20:00:00,0.0,0.0,,0.0
2024-12-22 21:00:00,0.0,0.0,,0.0
2024-12-22 22:00:00,0.0,0.0,,0.0
2024-12-22 23:00:00,0.0,0.0,,0.0
2024-12-23 00:00:00,0.0,0.0,,0.0
2024-12-23 01:00:00,0.0,0.0,,0.0
2024-12-23 02:00:00,0.0,0.0,,0.0
2024-12-23 03:00:00,0.0,0.0,,0.0
2024-12-23 04:00:00,0.0,0.0,,0.0
2024-12-23 05:00:00,0.0,0.0,,0.0
2024-12-23 06:00:00,0.0,0.0,,0.0
2024-12-23 07:00:00,0.0,0.0,,0.0
2024-12-23 08:00:00,0.0,0.0,,0.0
2024-12-23 09:00:00,0.0,0.0,,0.0
2024-12-23 10:00:00,0.0,0.0,,0.0
2024-12-23 11:00:00,0.0,0.0,,0.0
2024-12-23 12:00:00,0.0,0.0,,0.0
2024-12-23 13:00:00,0.0,0.0,,0.0
2024-12-23 14:00:00,0.0,0.0,,0.0
2024-12-23 15:00:00,0.0,0.0,,0.0
2024-12-23 16:00:00,0.0,0.0,,0.0
2024-12-23 17:00:00,0.0,0.0,,0.0
2024-12-23 18:00:00,0.0,0.0,,0.0
2024-12-23 19:00:00,0.0,0.0,,0.0
2024-12-23 20:00:00,0.0,0.0,,0.0
2024-12-23 21:00:00,0.0,0.0,,0.0
2024-12-23 22:00:00,0.0,0.0,,0.0
2024-12-23 23:00:00,0.0,0.0,,0.0
2024-12-24 00:00:00,0.0,0.0,,0.0
2024-12-24 01:00:00,0.0,0.0,,0.0
2024-12-24 02:00:00,0.0,0.0,,0.0
2024-12-24 03:00:00,0.0,0.0,,0.0
2024-12-24 04:00:00,0.0,0.0,,0.0
2024-12-24 05:00:00,0.0,0.0,,0.0
2024-12-24 06:00:00,0.0,0.0,,0.0
2024-12-24 07:00:00,0.0,0.0,,0.0
2024-12-24 08:00:00,0.0,0.0,,0.0
2024-12-24 09:00:00,0.0,0.0,,0.0
2024-12-24 10:00:00,0.0,0.0,,0.0
2024-12-24 11:00:00,0.0,0.0,,0.0
2024-12-24 12:00:00,0.0,0.0,,0.0
2024-12-24 13:00:00,0.0,0.0,,0.0
2024-12-24 14:00:00,0.0,0.0,,0.0
2024-12-24 15:00:00,0.0,0.0,,0.0
2024-12-24 16:00:00,0.0,0.0,,0.0
2024-12-24 17:00:00,0.0,0.0,,0.0
2024-12-24 18:00:00,0.0,0.0,,0.0
2024-12-24 19:00:00,0.0,0.0,,0.0
2024-12-24 20:00:00,0.0,0.0,,0.0
2024-12-24 21:00:00,0.0,0.0,,0.0
2024-12-24 22:00:00,0.0,0.0,,0.0
2024-12-24 23:00:00,0.0,0.0,,0.0
2024-12-25 00:00:00,0.0,0.0,,0.0
2024-12-25 01:00:00,0.0,0.0,,0.0
2024-12-25 02:00:00,0.0,0.0,,0.0
2024-12-25 03:00:00,0.0,0.0,,0.0
2024-12-25 04:00:00,0.0,0.0,,0.0
2024-12-25 05:00:00,0.0,0.0,,0.0
2024-12-25 06:00:00,0.0,0.0,,0.0
2024-12-25 07:00:00,0.0,0.0,,0.0
2024-12-25 08:00:00,0.0,0.0,,0.0
2024-12-25 09:00:00,0.0,0.0,,0.0
2024-12-25 10:00:00,0.0,0.0,,0.0
2024-12-25 11:00:00,0.0,0.0,,0.0
2024-12-25 12:00:00,0.0,0.0,,0.0
2024-12-25 13:00:00,0.0,0.0,,0.0
2024-12-25 14:00:00,0.0,0.0,,0.0
2024-12-25 15:00:00,0.0,0.0,,0.0
2024-12-25 16:00:00,0.0,0.0,,0.0
2024-12-25 17:00:00,0.0,0.0,,0.0
2024-12-25 18:00:00,0.0,0.0,,0.0
2024-12-25 19:00:00,0.0,0.0,,0.0
2024-12-25 20:00:00,0.0,0.0,,0.0
2024-12-25 21:00:00,0.0,0.0,,0.0
2024-12-25 22:00:00,0.0,0.0,,0.0
2024-12-25 23:00:00,0.0,0.0,,0.0
2024-12-26 00:00:00,0.0,0.0,,0.0
2024-12-26 01:00:00,0.0,0.0,,0.0
2024-12-26 02:00:00,0.0,0.0,,0.0
2024-12-26 03:00:00,0.0,0.0,,0.0
2024-12-26 04:00:00,0.0,0.0,,0.0
2024-12-26 05:00:00,0.0,0.0,,0.0
2024-12-26 06:00:00,0.0,0.0,,0.0
2024-12-26 07:00:00,0.0,0.0,,0.0
2024-12-26 08:00:00,0.0,0.0,,0.0
2024-12-26 09:00:00,0.0,0.0,,0.0
2024-12-26 10:00:00,0.0,0.0,,0.0
2024-12-26 11:00:00,0.0,0.0,,0.0
2024-12-26 12:00:00,0.0,0.0,,0.0
2024-12-26 13:00:00,0.0,0.0,,0.0
2024-12-26 14:00:00,0.0,0.0,,0.0
2024-12-26 15:00:00,0.0,0.0,,0.0
2024-12-26 16:00:00,0.0,0.0,,0.0
2024-12-26 17:00:00,0.0,0.0,,0.0
2024-12-26 18:00:00,0.0,0.0,,0.0
2024-12-26 19:00:00,0.0,0.0,,0.0
2024-12-26 20:00:00,0.0,0.0,,0.0
2024-12-26 21:00:00,0.0,0.0,,0.0
2024-12-26 22:00:00,0.0,0.0,,0.0
2024-12-26 23:00:00,0.0,0.0,,0.0
2024-12-27 00:00:00,0.0,0.0,,0.0
2024-12-27 01:00:00,0.0,0.0,,0.0
2024-12-27 02:00:00,0.0,0.0,,0.0
2024-12-27 03:00:00,0.0,0.0,,0.0
2024-12-27 04:00:00,0.0,0.0,,0.0
2024-12-27 05:00:00,0.0,0.0,,0.0
2024-12-27 06:00:00,0.0,0.0,,0.0
2024-12-27 07:00:00,0.0,0.0,,0.0
2024-12-27 08:00:00,0.0,0.0,,0.0
2024-12-27 09:00:00,0.0,0.0,,0.0
2024-12-27 10:00:00,0.0,0.0,,0.0
2024-12-27 11:00:00,0.0,0.0,,0.0
2024-12-27 12:00:00,0.0,0.0,,0.0
2024-12-27 13:00:00,0.0,0.0,,0.0
2024-12-27 14:00:00,0.0,0.0,,0.0
2024-12-27 15:00:00,0.0,0.0,,0.0
2024-12-27 16:00:00,0.0,0.0,,0.0
2024-12-27 17:00:00,0.0,0.0,,0.0
2024-12-27 18:00:00,0.0,0.0,,0.0
2024-12-27 19:00:00,0.0,0.0,,0.0
2024-12-27 20:00:00,0.0,0.0,,0.0
2024-12-27 21:00:00,0.0,0.0,,0.0
2024-12-27 22:00:00,0.0,0.0,,0.0
2024-12-27 23:00:00,0.0,0.0,,0.0
2024-12-28 00:00:00,0.0,0.0,,0.0
2024-12-28 01:00:00,0.0,0.0,,0.0
2024-12-28 02:00:00,0.0,0.0,,0.0
2024-12-28 03:00:00,0.0,0.0,,0.0
2024-12-28 04:00:00,0.0,0.0,,0.0
2024-12-28 05:00:00,0.0,0.0,,0.0
2024-12-28 06:00:00,0.0,0.0,,0.0
2024-12-28 07:00:00,0.0,0.0,,0.0
2024-12-28 08:00:00,0.0,0.0,,0.0
2024-12-28 09:00:00,0.0,0.0,,0.0
2024-12-28 10:00:00,0.0,0.0,,0.0
2024-12-28 11:00:00,0.0,0.0,,0.0
2024-12-28 12:00:00,0.0,0.0,,0.0
2024-12-28 13:00:00,0.0,0.0,,0.0
2024-12-28 14:00:00,0.0,0.0,,0.0
2024-12-28 15:00:00,0.0,0.0,,0.0
2024-12-28 16:00:00,0.0,0.0,,0.0
2024-12-28 17:00:00,0.0,0.0,,0.0
2024-12-28 18:00:00,0.0,0.0,,0.0
2024-12-28 19:00:00,0.0,0.0,,0.0
2024-12-28 20:00:00,0.0,0.0,,0.0
2024-12-28 21:00:00,0.0,0.0,,0.0
2024-12-28 22:00:00,0.0,0.0,,0.0
2024-12-28 23:00:00,0.0,0.0,,0.0
2024-12-29 00:00:00,0.0,0.0,,0.0
2024-12-29 01:00:00,0.0,0.0,,0.0
2024-12-29 02:00:00,0.0,0.0,,0.0
2024-12-29 03:00:00,0.0,0.0,,0.0
2024-12-29 04:00:00,0.0,0.0,,0.0
2024-12-29 05:00:00,0.0,0.0,,0.0
2024-12-29 06:00:00,0.0,0.0,,0.0
2024-12-29 07:00:00,0.0,0.0,,0.0
2024-12-29 08:00:00,0.0,0.0,,0.0
2024-12-29 09:00:00,0.0,0.0,,0.0
2024-12-29 10:00:00,0.0,0.0,,0.0
2024-12-29 11:00:00,0.0,0.0,,0.0
2024-12-29 12:00:00,0.0,0.0,,0.0
2024-12-29 13:00:00,0.0,0.0,,0.0
2024-12-29 14:00:00,0.0,0.0,,0.0
2024-12-29 15:00:00,0.0,0.0,,0.0
2024-12-29 16:00:00,0.0,0.0,,0.0
2024-12-29 17:00:00,0.0,0.0,,0.0
2024-12-29 18:00:00,0.0,0.0,,0.0
2024-12-29 19:00:00,0.0,0.0,,0.0
2024-12-29 20:00:00,0.0,0.0,,0.0
2024-12-29 21:00:00,0.0,0.0,,0.0
2024-12-29 22:00:00,0.0,0.0,,0.0
2024-12-29 23:00:00,0.0,0.0,,0.0
2024-12-30 00:00:00,0.0,0.0,,0.0
2024-12-30 01:00:00,0.0,0.0,,0.0
2024-12-30 02:00:00,0.0,0.0,,0.0
2024-12-30 03:00:00,0.0,0.0,,0.0
2024-12-30 04:00:00,0.0,0.0,,0.0
2024-12-30 05:00:00,0.0,0.0,,0.0
2024-12-30 06:00:00,0.0,0.0,,0.0
2024-12-30 07:00:00,0.0,0.0,,0.0
2024-12-30 08:00:00,0.0,0.0,,0.0
2024-12-30 09:00:00,0.0,0.0,,0.0
2024-12-30 10:00:00,0.0,0.0,,0.0
2024-12-30 11:00:00,0.0,0.0,,0.0
2024-12-30 12:00:00,0.0,0.0,,0.0
2024-12-30 13:00:00,0.0,0.0,,0.0
2024-12-30 14:00:00,0.0,0.0,,0.0
2024-12-30 15:00:00,0.0,0.0,,0.0
2024-12-30 16:00:00,0.0,0.0,,0.0
2024-12-30 17:00:00,0.0,0.0,,0.0
2024-12-30 18:00:00,0.0,0.0,,0.0
2024-12-30 19:00:00,0.0,0.0,,0.0
2024-12-30 20:00:00,0.0,0.0,,0.0
2024-12-30 21:00:00,0.0,0.0,,0.0
2024-12-30 22:00:00,0.0,0.0,,0.0
2024-12-30 23:00:00,0.0,0.0,,0.0
2024-12-31 00:00:00,0.0,0.0,,0.0
2024-12-31 01:00:00,0.0,0.0,,0.0
2024-12-31 02:00:00,0.0,0.0,,0.0
2024-12-31 03:00:00,0.0,0.0,,0.0
2024-12-31 04:00:00,0.0,0.0,,0.0
2024-12-31 05:00:00,0.0,0.0,,0.0
2024-12-31 06:00:00,0.0,0.0,,0.0
2024-12-31 07:00:00,0.0,0.0,,0.0
2024-12-31 08:00:00,0.0,0.0,,0.0
2024-12-31 09:00:00,0.0,0.0,,0.0
2024-12-31 10:00:00,0.0,0.0,,0.0
2024-12-31 11:00:00,0.0,0.0,,0.0
2024-12-31 12:00:00,0.0,0.0,,0.0
2024-12-31 13:00:00,0.0,0.0,,0.0
2024-12-31 14:00:00,0.0,0.0,,0.0
2024-12-31 15:00:00,0.0,0.0,,0.0
2024-12-31 16:00:00,0.0,0.0,,0.0
2024-12-31 17:00:00,0.0,0.0,,0.0
2024-12-31 18:00:00,0.0,0.0,,0.0
2024-12-31 19:00:00,0.0,0.0,,0.0
2024-12-31 20:00:00,0.0,0.0,,0.0
2024-12-31 21:00:00,0.0,0.0,,0.0
2024-12-31 22:00:00,0.0,0.0,,0.0
2024-12-31 23:00:00,0.0,0.0,,0.0
