edificio,nome,via,cluster,anello,lat,lon,MWh_SH,MWh_ACS,consumo_annuo_MWh,tipo_utenza,area_m2
PRIV_0001,Via Polcenigo 6,Via Polcenigo,Zona 3 - Sud,1,46.163935,12.714091,49.385,8.715,58.099999999999994,Privato (potenziale),
PRIV_0002,Via Polcenigo 14,Via Polcenigo,Zona 3 - Sud,1,46.1635,12.714352,46.648,8.232,54.88,Privato (potenziale),
PRIV_0003,Via Polcenigo 18,Via Polcenigo,Zona 3 - Sud,1,46.163346,12.714449,51.646,9.114,60.760000000000005,Privato (potenziale),
PRIV_0004,Via Polcenigo 20,Via Polcenigo,Zona 3 - Sud,1,46.163108,12.714576,44.149,7.79,51.939,Privato (potenziale),
PRIV_0005,Edificio 4,,Zona 3 - Sud,1,46.162666,12.714791,33.558,5.922,39.48,Privato (potenziale),
PRIV_0006,Via Polcenigo 26,Via Polcenigo,Zona 3 - Sud,1,46.162459,12.71492,41.055,7.245,48.3,Privato (potenziale),
PRIV_0007,Via Polcenigo 32,Via Polcenigo,Zona 3 - Sud,1,46.162146,12.715533,45.815,8.085,53.9,Privato (potenziale),
PRIV_0008,Via Polcenigo 36,Via Polcenigo,Zona 3 - Sud,1,46.162257,12.715909,38.437,6.783,45.22,Privato (potenziale),
PRIV_0009,Edificio 8,,Zona 3 - Sud,1,46.162363,12.716234,42.483,7.497,49.98,Privato (potenziale),
PRIV_0010,Via Polcenigo 40,Via Polcenigo,Zona 3 - Sud,1,46.162485,12.716603,60.69,10.71,71.4,Privato (potenziale),
PRIV_0011,Edificio 10,,Zona 3 - Sud,1,46.162378,12.716463,5.474,0.968,6.442,Privato (potenziale),
PRIV_0012,Via Polcenigo 42,Via Polcenigo,Zona 3 - Sud,1,46.16262,12.717049,43.435,7.665,51.1,Privato (potenziale),
PRIV_0013,Via Polcenigo 44,Via Polcenigo,Zona 3 - Sud,1,46.162701,12.717323,33.439,5.901,39.34,Privato (potenziale),
PRIV_0014,Via Polcenigo 46,Via Polcenigo,Zona 3 - Sud,1,46.162764,12.717544,29.75,5.25,35.0,Privato (potenziale),
PRIV_0015,Via Polcenigo 48,Via Polcenigo,Zona 3 - Sud,1,46.162818,12.717773,24.276,4.284,28.56,Privato (potenziale),
PRIV_0016,Edificio 15,,Zona 3 - Sud,1,46.162807,12.717856,5.117,0.905,6.022,Privato (potenziale),
PRIV_0017,Via Sacile 4,Via Sacile,Zona 3 - Sud,1,46.164177,12.714608,53.43,9.429,62.859,Privato (potenziale),
PRIV_0018,Via Polcenigo 3,Via Polcenigo,Zona 3 - Sud,1,46.163926,12.714784,67.473,11.907,79.38,Privato (potenziale),
PRIV_0019,Via Polcenigo 5,Via Polcenigo,Zona 3 - Sud,1,46.163568,12.71492,44.149,7.79,51.939,Privato (potenziale),
PRIV_0020,Via San Daniele 16,Via San Daniele,Zona 3 - Sud,1,46.163352,12.71503,32.13,5.67,37.800000000000004,Privato (potenziale),
PRIV_0021,Via San Daniele 18,Via San Daniele,Zona 3 - Sud,1,46.163292,12.715001,6.664,1.178,7.842,Privato (potenziale),
PRIV_0022,Via San Daniele 8,Via San Daniele,Zona 3 - Sud,1,46.163428,12.716157,27.727,4.893,32.62,Privato (potenziale),
PRIV_0023,Via San Daniele 4,Via San Daniele,Zona 3 - Sud,1,46.163991,12.716243,56.05,9.891,65.941,Privato (potenziale),
PRIV_0024,Edificio 23,,Zona 3 - Sud,1,46.164114,12.716048,7.973,1.406,9.379,Privato (potenziale),
PRIV_0025,Edificio 24,,Zona 3 - Sud,1,46.164072,12.716015,15.113,2.667,17.78,Privato (potenziale),
PRIV_0026,Via Sacile 20,Via Sacile,Zona 3 - Sud,1,46.164319,12.716269,32.963,5.817,38.78,Privato (potenziale),
PRIV_0027,Via Sacile 16,Via Sacile,Zona 3 - Sud,1,46.164334,12.715743,38.912,6.867,45.778999999999996,Privato (potenziale),
PRIV_0028,Via Sacile 12,Via Sacile,Zona 3 - Sud,1,46.164294,12.715409,30.821,5.439,36.260000000000005,Privato (potenziale),
PRIV_0029,Via Polcenigo 13,Via Polcenigo,Zona 3 - Sud,1,46.162867,12.71531,39.984,7.056,47.04,Privato (potenziale),
PRIV_0030,Via Polcenigo 15,Via Polcenigo,Zona 3 - Sud,1,46.162674,12.7154,35.581,6.279,41.86,Privato (potenziale),
PRIV_0031,Via Polcenigo 17,Via Polcenigo,Zona 3 - Sud,1,46.162477,12.715432,33.796,5.964,39.76,Privato (potenziale),
PRIV_0032,Via Polcenigo 19,Via Polcenigo,Zona 3 - Sud,1,46.162648,12.715782,78.778,13.902,92.68,Privato (potenziale),
PRIV_0033,Via Polcenigo 21,Via Polcenigo,Zona 3 - Sud,1,46.162758,12.716118,41.055,7.245,48.3,Privato (potenziale),
PRIV_0034,Via Polcenigo 23,Via Polcenigo,Zona 3 - Sud,1,46.163026,12.716493,62.594,11.046,73.64,Privato (potenziale),
PRIV_0035,Edificio 34,,Zona 3 - Sud,1,46.163037,12.716179,42.245,7.455,49.699999999999996,Privato (potenziale),
PRIV_0036,Edificio 35,,Zona 3 - Sud,1,46.163025,12.71552,20.23,3.57,23.8,Privato (potenziale),
PRIV_0037,Via San Daniele 21,Via San Daniele,Zona 3 - Sud,1,46.163079,12.715517,21.063,3.718,24.781,Privato (potenziale),
PRIV_0038,Via Polcenigo 66,Via Polcenigo,Zona 3 - Sud,1,46.163499,12.719925,32.606,5.753,38.359,Privato (potenziale),
PRIV_0039,Via Polcenigo 68,Via Polcenigo,Zona 3 - Sud,1,46.163608,12.720203,64.617,11.403,76.02000000000001,Privato (potenziale),
PRIV_0040,Edificio 39,,Zona 3 - Sud,1,46.163774,12.720577,6.783,1.199,7.982,Privato (potenziale),
PRIV_0041,Via Polcenigo 76,Via Polcenigo,Zona 3 - Sud,1,46.164081,12.720977,31.059,5.481,36.54,Privato (potenziale),
PRIV_0042,Via Polcenigo 82,Via Polcenigo,Zona 3 - Sud,1,46.164504,12.72119,25.108,4.431,29.539,Privato (potenziale),
PRIV_0043,Via Polcenigo 57,Via Polcenigo,Zona 3 - Sud,1,46.164884,12.720759,41.412,7.308,48.72,Privato (potenziale),
PRIV_0044,Via Sacile 50,Via Sacile,Zona 3 - Sud,1,46.16485,12.720311,25.823,4.557,30.380000000000003,Privato (potenziale),
PRIV_0045,Edificio 44,,Zona 3 - Sud,1,46.164582,12.720627,30.94,5.46,36.4,Privato (potenziale),
PRIV_0046,Via Latisana 31,Via Latisana,Zona 3 - Sud,1,46.164606,12.720067,36.295,6.405,42.7,Privato (potenziale),
PRIV_0047,Via Latisana 34,Via Latisana,Zona 3 - Sud,1,46.164395,12.720136,40.222,7.098,47.32,Privato (potenziale),
PRIV_0048,Edificio 47,,Zona 3 - Sud,1,46.164017,12.720257,21.896,3.865,25.761000000000003,Privato (potenziale),
PRIV_0049,Via Polcenigo 47,Via Polcenigo,Zona 3 - Sud,1,46.164162,12.720456,21.658,3.823,25.481,Privato (potenziale),
PRIV_0050,Via Latisana 30,Via Latisana,Zona 3 - Sud,1,46.16418,12.719872,39.39,6.951,46.341,Privato (potenziale),
PRIV_0051,Via Sacile 48,Via Sacile,Zona 3 - Sud,1,46.164846,12.720016,24.752,4.368,29.119999999999997,Privato (potenziale),
PRIV_0052,Edificio 51,,Zona 3 - Sud,1,46.164242,12.719192,38.08,6.72,44.8,Privato (potenziale),
PRIV_0053,Via Tolmezzo 29,Via Tolmezzo,Zona 3 - Sud,1,46.164233,12.718878,45.815,8.085,53.9,Privato (potenziale),
PRIV_0054,Via Tolmezzo 31,Via Tolmezzo,Zona 3 - Sud,1,46.163981,12.71887,46.648,8.232,54.88,Privato (potenziale),
PRIV_0055,Edificio 54,,Zona 3 - Sud,1,46.16381,12.718982,40.46,7.14,47.6,Privato (potenziale),
PRIV_0056,Edificio 55,,Zona 3 - Sud,1,46.163683,12.719068,11.781,2.079,13.860000000000001,Privato (potenziale),
PRIV_0057,Edificio 56,,Zona 3 - Sud,1,46.163661,12.718945,8.925,1.574,10.499,Privato (potenziale),
PRIV_0058,Via Tolmezzo 38,Via Tolmezzo,Zona 3 - Sud,1,46.163457,12.718446,33.439,5.901,39.34,Privato (potenziale),
PRIV_0059,Via Tolmezzo 34,Via Tolmezzo,Zona 3 - Sud,1,46.16364,12.718153,28.203,4.977,33.18,Privato (potenziale),
PRIV_0060,Via Polcenigo 37,Via Polcenigo,Zona 3 - Sud,1,46.163364,12.718124,33.082,5.838,38.92,Privato (potenziale),
PRIV_0061,Via Polcenigo 33,Via Polcenigo,Zona 3 - Sud,1,46.163314,12.717846,56.763,10.017,66.78,Privato (potenziale),
PRIV_0062,Via Latisana 6,Via Latisana,Zona 3 - Sud,1,46.16339,12.717469,35.224,6.216,41.44,Privato (potenziale),
PRIV_0063,Via Tolmezzo 32,Via Tolmezzo,Zona 3 - Sud,1,46.163666,12.717729,31.416,5.544,36.96,Privato (potenziale),
PRIV_0064,Via Latisana 8,Via Latisana,Zona 3 - Sud,1,46.163595,12.717441,31.773,5.607,37.38,Privato (potenziale),
PRIV_0065,Edificio 64,,Zona 3 - Sud,1,46.16364,12.717575,12.138,2.143,14.280999999999999,Privato (potenziale),
PRIV_0066,Edificio 65,,Zona 3 - Sud,1,46.163459,12.717627,9.639,1.7,11.338999999999999,Privato (potenziale),
PRIV_0067,Edificio 66,,Zona 3 - Sud,1,46.163674,12.717656,8.449,1.49,9.939,Privato (potenziale),
PRIV_0068,Via Latisana 10,Via Latisana,Zona 3 - Sud,1,46.163918,12.717517,55.573,9.807,65.38,Privato (potenziale),
PRIV_0069,Via Tolmezzo 30,Via Tolmezzo,Zona 3 - Sud,1,46.163887,12.717784,26.299,4.641,30.939999999999998,Privato (potenziale),
PRIV_0070,Via Tolmezzo 28,Via Tolmezzo,Zona 3 - Sud,1,46.163981,12.71809,35.462,6.258,41.720000000000006,Privato (potenziale),
PRIV_0071,Via Tolmezzo 26,Via Tolmezzo,Zona 3 - Sud,1,46.164008,12.718398,32.249,5.691,37.940000000000005,Privato (potenziale),
PRIV_0072,Edificio 71,,Zona 3 - Sud,1,46.16424,12.718318,35.462,6.258,41.720000000000006,Privato (potenziale),
PRIV_0073,Via Latisana 16,Via Latisana,Zona 3 - Sud,1,46.164196,12.71788,48.314,8.526,56.84,Privato (potenziale),
PRIV_0074,Via Latisana 14,Via Latisana,Zona 3 - Sud,1,46.164197,12.717508,37.485,6.615,44.1,Privato (potenziale),
PRIV_0075,Via San Daniele 5,Via San Daniele,Zona 3 - Sud,1,46.164221,12.716722,38.794,6.846,45.64,Privato (potenziale),
PRIV_0076,Via Latisana 11,Via Latisana,Zona 3 - Sud,1,46.164114,12.717052,69.139,12.201,81.34,Privato (potenziale),
PRIV_0077,Via San Daniele 11,Via San Daniele,Zona 3 - Sud,1,46.163864,12.716753,97.58,17.22,114.8,Privato (potenziale),
PRIV_0078,Via Latisana 7,Via Latisana,Zona 3 - Sud,1,46.163835,12.716981,16.065,2.835,18.900000000000002,Privato (potenziale),
PRIV_0079,Via Latisana 7,Via Latisana,Zona 3 - Sud,1,46.163762,12.717012,13.566,2.395,15.961,Privato (potenziale),
PRIV_0080,Via Latisana 5,Via Latisana,Zona 3 - Sud,1,46.163495,12.716954,35.224,6.216,41.44,Privato (potenziale),
PRIV_0081,Via Latisana 3,Via Latisana,Zona 3 - Sud,1,46.163311,12.716898,16.779,2.961,19.74,Privato (potenziale),
PRIV_0082,Edificio 81,,Zona 3 - Sud,1,46.163239,12.716901,15.113,2.667,17.78,Privato (potenziale),
PRIV_0083,Via Latisana 1,Via Latisana,Zona 3 - Sud,1,46.163049,12.716902,33.796,5.964,39.76,Privato (potenziale),
PRIV_0084,Edificio 83,,Zona 3 - Sud,1,46.163892,12.71688,7.378,1.302,8.68,Privato (potenziale),
PRIV_0085,Via Latisana 17,Via Latisana,Zona 3 - Sud,1,46.16454,12.717565,30.464,5.376,35.839999999999996,Privato (potenziale),
PRIV_0086,Edificio 85,,Zona 3 - Sud,1,46.164526,12.71787,30.821,5.439,36.260000000000005,Privato (potenziale),
PRIV_0087,Via Latisana 19,Via Latisana,Zona 3 - Sud,1,46.164484,12.717792,10.115,1.784,11.899000000000001,Privato (potenziale),
PRIV_0088,Via Latisana 21,Via Latisana,Zona 3 - Sud,1,46.164538,12.718299,37.247,6.573,43.82,Privato (potenziale),
PRIV_0089,Edificio 88,,Zona 3 - Sud,1,46.164765,12.718077,34.748,6.132,40.879999999999995,Privato (potenziale),
PRIV_0090,Edificio 89,,Zona 3 - Sud,1,46.16473,12.718399,37.247,6.573,43.82,Privato (potenziale),
PRIV_0091,Via Tolmezzo 23,Via Tolmezzo,Zona 3 - Sud,1,46.164752,12.718807,35.105,6.195,41.3,Privato (potenziale),
PRIV_0092,Via Sacile 42,Via Sacile,Zona 3 - Sud,1,46.164779,12.719065,34.986,6.174,41.16,Privato (potenziale),
PRIV_0093,Via Sacile 44,Via Sacile,Zona 3 - Sud,1,46.164802,12.719373,36.89,6.51,43.4,Privato (potenziale),
PRIV_0094,Edificio 93,,Zona 3 - Sud,1,46.165482,12.7188,29.274,5.166,34.44,Privato (potenziale),
PRIV_0095,Via Sacile 43,Via Sacile,Zona 3 - Sud,1,46.165155,12.719008,38.794,6.846,45.64,Privato (potenziale),
PRIV_0096,Via Tolmezzo 21,Via Tolmezzo,Zona 3 - Sud,1,46.165069,12.718778,25.108,4.431,29.539,Privato (potenziale),
PRIV_0097,Edificio 96,,Zona 3 - Sud,1,46.165187,12.718833,10.829,1.91,12.739,Privato (potenziale),
PRIV_0098,Edificio 97,,Zona 3 - Sud,1,46.16519,12.719273,25.466,4.494,29.96,Privato (potenziale),
PRIV_0099,Edificio 98,,Zona 3 - Sud,1,46.165251,12.719266,5.474,0.968,6.442,Privato (potenziale),
PRIV_0100,Via Sacile 45,Via Sacile,Zona 3 - Sud,1,46.16509,12.71926,14.28,2.521,16.801,Privato (potenziale),
PRIV_0101,Via Pontebba 22,Via Pontebba,Zona 3 - Sud,1,46.165073,12.719522,32.606,5.753,38.359,Privato (potenziale),
PRIV_0102,Via Pontebba 20,Via Pontebba,Zona 3 - Sud,1,46.165272,12.71952,32.249,5.691,37.940000000000005,Privato (potenziale),
PRIV_0103,Via Pontebba 15,Via Pontebba,Zona 3 - Sud,1,46.165235,12.719913,40.222,7.098,47.32,Privato (potenziale),
PRIV_0104,Edificio 103,,Zona 3 - Sud,1,46.165456,12.720244,8.568,1.511,10.078999999999999,Privato (potenziale),
PRIV_0105,Edificio 104,,Zona 3 - Sud,1,46.165413,12.720214,13.804,2.437,16.241,Privato (potenziale),
PRIV_0106,Via Pontebba 13,Via Pontebba,Zona 3 - Sud,1,46.165566,12.719999,43.316,7.644,50.96,Privato (potenziale),
PRIV_0107,Via Pontebba 11,Via Pontebba,Zona 3 - Sud,1,46.165778,12.719976,43.911,7.748,51.659,Privato (potenziale),
PRIV_0108,Via Pontebba 9,Via Pontebba,Zona 3 - Sud,1,46.166018,12.719904,32.725,5.775,38.5,Privato (potenziale),
PRIV_0109,Edificio 108,,Zona 3 - Sud,1,46.165933,12.720128,10.591,1.867,12.457999999999998,Privato (potenziale),
PRIV_0110,Edificio 109,,Zona 3 - Sud,1,46.166145,12.720201,16.898,2.981,19.878999999999998,Privato (potenziale),
PRIV_0111,Via Pontebba 7,Via Pontebba,Zona 3 - Sud,1,46.166234,12.719973,33.32,5.88,39.2,Privato (potenziale),
PRIV_0112,Via Pontebba 1,Via Pontebba,Zona 3 - Sud,1,46.166676,12.720087,40.579,7.161,47.74,Privato (potenziale),
PRIV_0113,Via Pontebba 10,Via Pontebba,Zona 3 - Sud,1,46.166242,12.719511,23.562,4.159,27.721,Privato (potenziale),
PRIV_0114,Edificio 113,,Zona 3 - Sud,1,46.166213,12.719401,20.944,3.697,24.641,Privato (potenziale),
PRIV_0115,Edificio 114,,Zona 3 - Sud,1,46.16603,12.719177,19.992,3.528,23.52,Privato (potenziale),
PRIV_0116,Via Pontebba 12,Via Pontebba,Zona 3 - Sud,1,46.166013,12.719482,33.558,5.922,39.48,Privato (potenziale),
PRIV_0117,Via Pontebba 14,Via Pontebba,Zona 3 - Sud,1,46.165844,12.719494,34.629,6.111,40.739999999999995,Privato (potenziale),
PRIV_0118,Via Pontebba 16,Via Pontebba,Zona 3 - Sud,1,46.165665,12.719472,34.271,6.048,40.319,Privato (potenziale),
PRIV_0119,Via Pontebba 18,Via Pontebba,Zona 3 - Sud,1,46.165479,12.719502,19.992,3.528,23.52,Privato (potenziale),
PRIV_0120,Edificio 119,,Zona 3 - Sud,1,46.165454,12.719425,17.969,3.17,21.139000000000003,Privato (potenziale),
PRIV_0121,Via Tolmezzo 11,Via Tolmezzo,Zona 3 - Sud,1,46.165842,12.718826,35.462,6.258,41.720000000000006,Privato (potenziale),
PRIV_0122,Via Tolmezzo 9,Via Tolmezzo,Zona 3 - Sud,1,46.166022,12.718827,44.268,7.812,52.08,Privato (potenziale),
PRIV_0123,Via Tolmezzo 7,Via Tolmezzo,Zona 3 - Sud,1,46.166221,12.718784,37.247,6.573,43.82,Privato (potenziale),
PRIV_0124,Via Tolmezzo 3,Via Tolmezzo,Zona 3 - Sud,1,46.166461,12.718835,32.963,5.817,38.78,Privato (potenziale),
PRIV_0125,Via Tolmezzo 1,Via Tolmezzo,Zona 3 - Sud,1,46.166676,12.718838,28.798,5.082,33.879999999999995,Privato (potenziale),
PRIV_0126,Edificio 125,,Zona 3 - Sud,1,46.166567,12.719095,27.608,4.872,32.480000000000004,Privato (potenziale),
PRIV_0127,Edificio 126,,Zona 3 - Sud,1,46.16639,12.719096,11.781,2.079,13.860000000000001,Privato (potenziale),
PRIV_0128,Edificio 127,,Zona 3 - Sud,1,46.166237,12.719094,27.37,4.83,32.2,Privato (potenziale),
PRIV_0129,Edificio 128,,Zona 3 - Sud,1,46.165895,12.719124,5.236,0.925,6.161,Privato (potenziale),
PRIV_0130,Via Sacile 35,Via Sacile,Zona 3 - Sud,1,46.165336,12.717867,29.869,5.271,35.14,Privato (potenziale),
PRIV_0131,Via Sacile 39,Via Sacile,Zona 3 - Sud,1,46.165248,12.718131,37.961,6.699,44.66,Privato (potenziale),
PRIV_0132,Via Tolmezzo 20,Via Tolmezzo,Zona 3 - Sud,1,46.165189,12.718383,21.301,3.76,25.061,Privato (potenziale),
PRIV_0133,Edificio 132,,Zona 3 - Sud,1,46.165093,12.718392,13.328,2.353,15.681,Privato (potenziale),
PRIV_0134,Via Tolmezzo 18,Via Tolmezzo,Zona 3 - Sud,1,46.165468,12.718335,29.75,5.25,35.0,Privato (potenziale),
PRIV_0135,Via Tolmezzo 16,Via Tolmezzo,Zona 3 - Sud,1,46.165663,12.718318,36.652,6.468,43.120000000000005,Privato (potenziale),
PRIV_0136,Via Tolmezzo 12,Via Tolmezzo,Zona 3 - Sud,1,46.165842,12.718313,26.894,4.746,31.64,Privato (potenziale),
PRIV_0137,Via Tolmezzo 10,Via Tolmezzo,Zona 3 - Sud,1,46.166025,12.718303,27.132,4.788,31.92,Privato (potenziale),
PRIV_0138,Edificio 137,,Zona 3 - Sud,1,46.165985,12.718073,14.875,2.626,17.501,Privato (potenziale),
PRIV_0139,Via Tolmezzo 8,Via Tolmezzo,Zona 3 - Sud,1,46.166219,12.718297,30.583,5.397,35.98,Privato (potenziale),
PRIV_0140,Via Tolmezzo 4,Via Tolmezzo,Zona 3 - Sud,1,46.166414,12.718261,49.147,8.673,57.82,Privato (potenziale),
PRIV_0141,Edificio 140,,Zona 3 - Sud,1,46.166661,12.718317,39.39,6.951,46.341,Privato (potenziale),
PRIV_0142,Via Gemona 6,Via Gemona,Zona 3 - Sud,1,46.166571,12.717885,48.076,8.484,56.56,Privato (potenziale),
PRIV_0143,Via Gemona 4,Via Gemona,Zona 3 - Sud,1,46.166659,12.717618,29.274,5.166,34.44,Privato (potenziale),
PRIV_0144,Via Gemona 2,Via Gemona,Zona 3 - Sud,1,46.166651,12.717371,29.393,5.187,34.58,Privato (potenziale),
PRIV_0145,Edificio 144,,Zona 3 - Sud,1,46.166325,12.718004,18.564,3.275,21.839,Privato (potenziale),
PRIV_0146,Edificio 145,,Zona 3 - Sud,1,46.165699,12.718003,14.28,2.521,16.801,Privato (potenziale),
PRIV_0147,Edificio 146,,Zona 3 - Sud,1,46.165621,12.718045,9.639,1.7,11.338999999999999,Privato (potenziale),
PRIV_0148,Via Campagna 61,Via Campagna,Zona 3 - Sud,1,46.165776,12.717594,40.103,7.077,47.18,Privato (potenziale),
PRIV_0149,Via Campagna 63,Via Campagna,Zona 3 - Sud,1,46.165522,12.717606,78.064,13.776,91.83999999999999,Privato (potenziale),
PRIV_0150,Via Campagna 60,Via Campagna,Zona 3 - Sud,1,46.167247,12.716492,29.274,5.166,34.44,Privato (potenziale),
PRIV_0151,Via Campagna 58,Via Campagna,Zona 3 - Sud,1,46.166928,12.716514,33.32,5.88,39.2,Privato (potenziale),
PRIV_0152,Via Travesio 3,Via Travesio,Zona 3 - Sud,1,46.166942,12.716143,37.128,6.552,43.68,Privato (potenziale),
PRIV_0153,Edificio 152,,Zona 3 - Sud,1,46.167117,12.716245,14.28,2.521,16.801,Privato (potenziale),
PRIV_0154,Via Travesio 1,Via Travesio,Zona 3 - Sud,1,46.167157,12.716068,38.794,6.846,45.64,Privato (potenziale),
PRIV_0155,Edificio 154,,Zona 3 - Sud,1,46.166448,12.716578,28.084,4.956,33.04,Privato (potenziale),
PRIV_0156,Via Travesio 11,Via Travesio,Zona 3 - Sud,1,46.166207,12.716265,31.892,5.628,37.519999999999996,Privato (potenziale),
PRIV_0157,Edificio 156,,Zona 3 - Sud,1,46.166307,12.716392,9.282,1.637,10.919,Privato (potenziale),
PRIV_0158,Edificio 157,,Zona 3 - Sud,1,46.166349,12.71641,7.616,1.343,8.959,Privato (potenziale),
PRIV_0159,Via Travesio 13,Via Travesio,Zona 3 - Sud,1,46.165976,12.716271,36.652,6.468,43.120000000000005,Privato (potenziale),
PRIV_0160,Via Sequals 7,Via Sequals,Zona 3 - Sud,1,46.166087,12.716943,28.798,5.082,33.879999999999995,Privato (potenziale),
PRIV_0161,Via Travesio 2,Via Travesio,Zona 3 - Sud,1,46.167087,12.715659,52.122,9.198,61.32,Privato (potenziale),
PRIV_0162,Via Travesio 4,Via Travesio,Zona 3 - Sud,1,46.166797,12.715718,48.552,8.568,57.12,Privato (potenziale),
PRIV_0163,Via Claut 1,Via Claut,Zona 3 - Sud,1,46.167017,12.715346,39.746,7.014,46.760000000000005,Privato (potenziale),
PRIV_0164,Via Claut 11,Via Claut,Zona 3 - Sud,1,46.166783,12.715398,39.627,6.993,46.620000000000005,Privato (potenziale),
PRIV_0165,Edificio 164,,Zona 3 - Sud,1,46.166895,12.715391,11.662,2.058,13.72,Privato (potenziale),
PRIV_0166,Edificio 165,,Zona 3 - Sud,1,46.166678,12.715443,6.069,1.073,7.1419999999999995,Privato (potenziale),
PRIV_0167,Edificio 166,,Zona 3 - Sud,1,46.167103,12.715329,6.426,1.136,7.562,Privato (potenziale),
PRIV_0168,Via Claut 13,Via Claut,Zona 3 - Sud,1,46.166528,12.715405,17.493,3.086,20.578999999999997,Privato (potenziale),
PRIV_0169,Via Claut 15,Via Claut,Zona 3 - Sud,1,46.166378,12.715532,27.251,4.809,32.06,Privato (potenziale),
PRIV_0170,Via Claut 19,Via Claut,Zona 3 - Sud,1,46.165924,12.71559,38.556,6.804,45.36,Privato (potenziale),
PRIV_0171,Via Travesio 12,Via Travesio,Zona 3 - Sud,1,46.165965,12.715871,28.798,5.082,33.879999999999995,Privato (potenziale),
PRIV_0172,Via Claut 21,Via Claut,Zona 3 - Sud,1,46.165579,12.715724,40.936,7.224,48.16,Privato (potenziale),
PRIV_0173,Edificio 172,,Zona 3 - Sud,1,46.165594,12.71581,7.139,1.26,8.399000000000001,Privato (potenziale),
PRIV_0174,Via Claut 23,Via Claut,Zona 3 - Sud,1,46.165374,12.71574,16.065,2.835,18.900000000000002,Privato (potenziale),
PRIV_0175,Via Claut 25,Via Claut,Zona 3 - Sud,1,46.165282,12.715796,15.946,2.814,18.759999999999998,Privato (potenziale),
PRIV_0176,Via Claut 25,Via Claut,Zona 3 - Sud,1,46.165309,12.715726,11.781,2.079,13.860000000000001,Privato (potenziale),
PRIV_0177,Via Dignano 3,Via Dignano,Zona 3 - Sud,1,46.165377,12.71607,28.084,4.956,33.04,Privato (potenziale),
PRIV_0178,Edificio 177,,Zona 3 - Sud,1,46.165536,12.716155,7.735,1.365,9.1,Privato (potenziale),
PRIV_0179,Via Sequals 4,Via Sequals,Zona 3 - Sud,1,46.165583,12.715994,39.151,6.909,46.06,Privato (potenziale),
PRIV_0180,Via Sequals 10,Via Sequals,Zona 3 - Sud,1,46.165662,12.716318,35.462,6.258,41.720000000000006,Privato (potenziale),
PRIV_0181,Via Dignano 5,Via Dignano,Zona 3 - Sud,1,46.165403,12.716348,38.08,6.72,44.8,Privato (potenziale),
PRIV_0182,Via Sequals 12,Via Sequals,Zona 3 - Sud,1,46.165582,12.716668,58.786,10.374,69.16,Privato (potenziale),
PRIV_0183,Via Campagna 82,Via Campagna,Zona 3 - Sud,1,46.165467,12.716954,31.297,5.523,36.82,Privato (potenziale),
PRIV_0184,Via Campagna 80,Via Campagna,Zona 3 - Sud,1,46.165726,12.716926,30.464,5.376,35.839999999999996,Privato (potenziale),
PRIV_0185,Via Sacile 23,Via Sacile,Zona 3 - Sud,1,46.165093,12.716833,55.097,9.723,64.82000000000001,Privato (potenziale),
PRIV_0186,Via Sacile 21,Via Sacile,Zona 3 - Sud,1,46.164967,12.716507,26.775,4.725,31.5,Privato (potenziale),
PRIV_0187,Via Dignano 4,Via Dignano,Zona 3 - Sud,1,46.164991,12.716145,38.794,6.846,45.64,Privato (potenziale),
PRIV_0188,Via Sacile 19,Via Sacile,Zona 3 - Sud,1,46.164769,12.71617,38.912,6.867,45.778999999999996,Privato (potenziale),
PRIV_0189,Via Claut 10,Via Claut,Zona 3 - Sud,1,46.166968,12.714807,21.301,3.76,25.061,Privato (potenziale),
PRIV_0190,Edificio 189,,Zona 3 - Sud,1,46.166911,12.714848,18.802,3.317,22.119,Privato (potenziale),
PRIV_0191,Via Claut 12,Via Claut,Zona 3 - Sud,1,46.166703,12.714963,34.986,6.174,41.16,Privato (potenziale),
PRIV_0192,Via Barcis 14,Via Barcis,Zona 3 - Sud,1,46.166687,12.714371,58.191,10.269,68.46000000000001,Privato (potenziale),
PRIV_0193,Edificio 192,,Zona 3 - Sud,1,46.166755,12.714404,6.069,1.073,7.1419999999999995,Privato (potenziale),
PRIV_0194,Edificio 193,,Zona 3 - Sud,1,46.166485,12.714792,5.117,0.905,6.022,Privato (potenziale),
PRIV_0195,Via Claut 14,Via Claut,Zona 3 - Sud,1,46.166465,12.715055,24.633,4.346,28.979,Privato (potenziale),
PRIV_0196,Via Claut 14,Via Claut,Zona 3 - Sud,1,46.166528,12.715057,7.139,1.26,8.399000000000001,Privato (potenziale),
PRIV_0197,Via Claut 18,Via Claut,Zona 3 - Sud,1,46.166122,12.715106,38.794,6.846,45.64,Privato (potenziale),
PRIV_0198,Via Claut 20,Via Claut,Zona 3 - Sud,1,46.165973,12.715247,18.802,3.317,22.119,Privato (potenziale),
PRIV_0199,Edificio 198,,Zona 3 - Sud,1,46.165719,12.715094,20.111,3.549,23.66,Privato (potenziale),
PRIV_0200,Via Claut 22,Via Claut,Zona 3 - Sud,1,46.165756,12.715186,18.326,3.233,21.559,Privato (potenziale),
PRIV_0201,Via Claut 24,Via Claut,Zona 3 - Sud,1,46.165567,12.715237,31.416,5.544,36.96,Privato (potenziale),
PRIV_0202,Via Claut 28,Via Claut,Zona 3 - Sud,1,46.165344,12.715295,40.222,7.098,47.32,Privato (potenziale),
PRIV_0203,Via Claut 30,Via Claut,Zona 3 - Sud,1,46.164667,12.715366,32.963,5.817,38.78,Privato (potenziale),
PRIV_0204,Via Sacile 13,Via Sacile,Zona 3 - Sud,1,46.164633,12.714861,37.604,6.636,44.24,Privato (potenziale),
PRIV_0205,Via Pinzano 25,Via Pinzano,Zona 3 - Sud,1,46.16492,12.714787,50.218,8.862,59.080000000000005,Privato (potenziale),
PRIV_0206,Edificio 205,,Zona 3 - Sud,1,46.164825,12.714526,33.082,5.838,38.92,Privato (potenziale),
PRIV_0207,Edificio 206,,Zona 3 - Sud,1,46.164587,12.714586,36.057,6.363,42.42,Privato (potenziale),
PRIV_0208,Via Sacile 3,Via Sacile,Zona 3 - Sud,1,46.164513,12.713884,58.548,10.332,68.88,Privato (potenziale),
PRIV_0209,Via Pinzano 23,Via Pinzano,Zona 3 - Sud,1,46.165218,12.714735,50.099,8.841,58.94,Privato (potenziale),
PRIV_0210,Via Pinzano 21,Via Pinzano,Zona 3 - Sud,1,46.165496,12.714695,37.247,6.573,43.82,Privato (potenziale),
PRIV_0211,Via Pinzano 19,Via Pinzano,Zona 3 - Sud,1,46.165794,12.714617,32.606,5.753,38.359,Privato (potenziale),
PRIV_0212,Via Pinzano 17,Via Pinzano,Zona 3 - Sud,1,46.166028,12.714561,50.932,8.988,59.92,Privato (potenziale),
PRIV_0213,Via Pinzano 6,Via Pinzano,Zona 3 - Sud,1,46.166126,12.713956,35.462,6.258,41.720000000000006,Privato (potenziale),
PRIV_0214,Via Pinzano 10,Via Pinzano,Zona 3 - Sud,1,46.165931,12.714047,48.314,8.526,56.84,Privato (potenziale),
PRIV_0215,Via Pinzano 10,Via Pinzano,Zona 3 - Sud,1,46.165848,12.714092,7.616,1.343,8.959,Privato (potenziale),
PRIV_0216,Via Pinzano 2,Via Pinzano,Zona 3 - Sud,1,46.16586,12.713715,51.646,9.114,60.760000000000005,Privato (potenziale),
PRIV_0217,Via Pinzano 4,Via Pinzano,Zona 3 - Sud,1,46.166036,12.713616,31.773,5.607,37.38,Privato (potenziale),
PRIV_0218,Via Pinzano 20,Via Pinzano,Zona 3 - Sud,1,46.16537,12.713933,33.796,5.964,39.76,Privato (potenziale),
PRIV_0219,Via Pinzano 14,Via Pinzano,Zona 3 - Sud,1,46.165404,12.714249,39.27,6.93,46.2,Privato (potenziale),
PRIV_0220,Via Pinzano 18,Via Pinzano,Zona 3 - Sud,1,46.165181,12.714165,77.469,13.672,91.14099999999999,Privato (potenziale),
PRIV_0221,Via Pinzano 39,Via Pinzano,Zona 3 - Sud,1,46.165114,12.713484,44.625,7.875,52.5,Privato (potenziale),
PRIV_0222,Via Pinzano 43,Via Pinzano,Zona 3 - Sud,1,46.165287,12.713396,57.715,10.185,67.9,Privato (potenziale),
PRIV_0223,Via Pinzano 5,Via Pinzano,Zona 3 - Sud,1,46.166297,12.713121,35.224,6.216,41.44,Privato (potenziale),
PRIV_0224,Via Pinzano 7,Via Pinzano,Zona 3 - Sud,1,46.166322,12.713344,12.495,2.206,14.700999999999999,Privato (potenziale),
PRIV_0225,Via Pinzano 9,Via Pinzano,Zona 3 - Sud,1,46.166352,12.713454,13.328,2.353,15.681,Privato (potenziale),
PRIV_0226,Via Pinzano 11,Via Pinzano,Zona 3 - Sud,1,46.166407,12.713685,39.984,7.056,47.04,Privato (potenziale),
PRIV_0227,Via Pinzano 13,Via Pinzano,Zona 3 - Sud,1,46.166491,12.713924,33.082,5.838,38.92,Privato (potenziale),
PRIV_0228,Via Barcis 12,Via Barcis,Zona 3 - Sud,1,46.166705,12.713794,29.869,5.271,35.14,Privato (potenziale),
PRIV_0229,Via Barcis 8,Via Barcis,Zona 3 - Sud,1,46.166776,12.713587,20.587,3.633,24.22,Privato (potenziale),
PRIV_0230,Via Barcis 6,Via Barcis,Zona 3 - Sud,1,46.166716,12.713345,23.443,4.137,27.580000000000002,Privato (potenziale),
PRIV_0231,Edificio 230,,Zona 3 - Sud,1,46.16666,12.713113,24.157,4.263,28.42,Privato (potenziale),
PRIV_0232,Via Arba 1,Via Arba,Zona 3 - Sud,1,46.166542,12.712618,58.905,10.395,69.3,Privato (potenziale),
PRIV_0233,Via Barcis 2,Via Barcis,Zona 3 - Sud,1,46.166554,12.712855,32.249,5.691,37.940000000000005,Privato (potenziale),
PRIV_0234,Edificio 233,,Zona 3 - Sud,1,46.166534,12.713511,8.925,1.574,10.499,Privato (potenziale),
PRIV_0235,Edificio 234,,Zona 3 - Sud,1,46.166483,12.713532,6.069,1.073,7.1419999999999995,Privato (potenziale),
PRIV_0236,Via Campagna 2,Via Campagna,Zona 3 - Sud,1,46.167584,12.712165,62.237,10.983,73.22,Privato (potenziale),
PRIV_0237,Edificio 236,,Zona 3 - Sud,1,46.167549,12.712483,21.301,3.76,25.061,Privato (potenziale),
PRIV_0238,Edificio 237,,Zona 3 - Sud,1,46.167673,12.71246,26.656,4.704,31.36,Privato (potenziale),
PRIV_0239,Edificio 238,,Zona 3 - Sud,1,46.167793,12.712556,26.06,4.598,30.657999999999998,Privato (potenziale),
PRIV_0240,Via Cavasso Nuovo 1,Via Cavasso Nuovo,Zona 3 - Sud,1,46.167735,12.712522,6.664,1.178,7.842,Privato (potenziale),
PRIV_0241,Via Campagna 4,Via Campagna,Zona 3 - Sud,1,46.16807,12.712527,92.225,16.275,108.5,Privato (potenziale),
PRIV_0242,Edificio 241,,Zona 3 - Sud,1,46.168107,12.712833,22.134,3.906,26.04,Privato (potenziale),
PRIV_0243,Via Campagna 10,Via Campagna,Zona 3 - Sud,1,46.168383,12.712944,49.623,8.757,58.379999999999995,Privato (potenziale),
PRIV_0244,Via Campagna 18,Via Campagna,Zona 3 - Sud,1,46.168727,12.71333,22.61,3.99,26.6,Privato (potenziale),
PRIV_0245,Via Campagna 22,Via Campagna,Zona 3 - Sud,1,46.168839,12.713536,23.324,4.116,27.44,Privato (potenziale),
PRIV_0246,Via Cavasso Nuovo 27,Via Cavasso Nuovo,Zona 3 - Sud,1,46.168437,12.713978,27.37,4.83,32.2,Privato (potenziale),
PRIV_0247,Via Cavasso Nuovo 25,Via Cavasso Nuovo,Zona 3 - Sud,1,46.168203,12.714173,30.107,5.313,35.42,Privato (potenziale),
PRIV_0248,Via Cavasso Nuovo 21,Via Cavasso Nuovo,Zona 3 - Sud,1,46.168112,12.713877,26.299,4.641,30.939999999999998,Privato (potenziale),
PRIV_0249,Via Cavasso Nuovo 17,Via Cavasso Nuovo,Zona 3 - Sud,1,46.168023,12.713699,28.084,4.956,33.04,Privato (potenziale),
PRIV_0250,Edificio 249,,Zona 3 - Sud,1,46.168454,12.714278,32.13,5.67,37.800000000000004,Privato (potenziale),
PRIV_0251,Via Campagna 46,Via Campagna,Zona 3 - Sud,1,46.168642,12.714572,22.61,3.99,26.6,Privato (potenziale),
PRIV_0252,Via Campagna 48,Via Campagna,Zona 3 - Sud,1,46.168516,12.714801,52.479,9.261,61.739999999999995,Privato (potenziale),
PRIV_0253,Edificio 252,,Zona 3 - Sud,1,46.1683,12.714428,11.662,2.058,13.72,Privato (potenziale),
PRIV_0254,Via Cavasso Nuovo 29,Via Cavasso Nuovo,Zona 3 - Sud,1,46.168283,12.714462,36.89,6.51,43.4,Privato (potenziale),
PRIV_0255,Edificio 254,,Zona 3 - Sud,1,46.16875,12.714764,16.66,2.939,19.599,Privato (potenziale),
PRIV_0256,Edificio 255,,Zona 3 - Sud,1,46.168747,12.714676,5.593,0.989,6.582,Privato (potenziale),
PRIV_0257,Via Campagna 42,Via Campagna,Zona 3 - Sud,1,46.168847,12.714637,19.635,3.465,23.1,Privato (potenziale),
PRIV_0258,Edificio 257,,Zona 3 - Sud,1,46.168901,12.714635,10.234,1.805,12.039,Privato (potenziale),
PRIV_0259,Via Campagna 24,Via Campagna,Zona 3 - Sud,1,46.168714,12.714011,25.108,4.431,29.539,Privato (potenziale),
PRIV_0260,Edificio 259,,Zona 3 - Sud,1,46.16889,12.714124,12.733,2.248,14.981000000000002,Privato (potenziale),
PRIV_0261,Edificio 260,,Zona 3 - Sud,1,46.168852,12.71387,14.042,2.479,16.521,Privato (potenziale),
PRIV_0262,Via Campagna 30,Via Campagna,Zona 3 - Sud,1,46.169015,12.713724,26.775,4.725,31.5,Privato (potenziale),
PRIV_0263,Edificio 262,,Zona 3 - Sud,1,46.168953,12.713719,5.117,0.905,6.022,Privato (potenziale),
PRIV_0264,Via Campagna 32,Via Campagna,Zona 3 - Sud,1,46.169138,12.713942,31.773,5.607,37.38,Privato (potenziale),
PRIV_0265,Edificio 264,,Zona 3 - Sud,1,46.169147,12.713835,7.735,1.365,9.1,Privato (potenziale),
PRIV_0266,Edificio 265,,Zona 3 - Sud,1,46.169018,12.714209,9.401,1.658,11.059,Privato (potenziale),
PRIV_0267,Via Campagna 36,Via Campagna,Zona 3 - Sud,1,46.169145,12.714351,26.299,4.641,30.939999999999998,Privato (potenziale),
PRIV_0268,Edificio 267,,Zona 3 - Sud,1,46.169129,12.714225,15.47,2.73,18.2,Privato (potenziale),
PRIV_0269,Via Campagna 34,Via Campagna,Zona 3 - Sud,1,46.169262,12.714175,34.986,6.174,41.16,Privato (potenziale),
PRIV_0270,Via Campagna 11,Via Campagna,Zona 3 - Sud,1,46.168874,12.715263,24.99,4.41,29.4,Privato (potenziale),
PRIV_0271,Edificio 270,,Zona 3 - Sud,1,46.16899,12.715407,8.33,1.469,9.799,Privato (potenziale),
PRIV_0272,Via Meduno 6,Via Meduno,Zona 3 - Sud,1,46.169064,12.715737,27.727,4.893,32.62,Privato (potenziale),
PRIV_0273,Edificio 272,,Zona 3 - Sud,1,46.168028,12.715147,115.995,3.136,119.131,Privato (potenziale),
PRIV_0274,Via Campagna 52,Via Campagna,Zona 3 - Sud,1,46.16756,12.715507,157.556,27.803,185.359,Privato (potenziale),
PRIV_0275,Via Cavasso Nuovo 2,Via Cavasso Nuovo,Zona 3 - Sud,1,46.16719,12.712299,31.059,5.481,36.54,Privato (potenziale),
PRIV_0276,Edificio 275,,Zona 3 - Sud,1,46.167103,12.712452,7.139,1.26,8.399000000000001,Privato (potenziale),
PRIV_0277,Via Barcis 1,Via Barcis,Zona 3 - Sud,1,46.166901,12.71254,54.859,9.681,64.54,Privato (potenziale),
PRIV_0278,Via Barcis 3,Via Barcis,Zona 3 - Sud,1,46.166948,12.712853,38.318,6.762,45.08,Privato (potenziale),
PRIV_0279,Via Barcis 5,Via Barcis,Zona 3 - Sud,1,46.167016,12.713103,51.408,9.072,60.480000000000004,Privato (potenziale),
PRIV_0280,Via Barcis 7,Via Barcis,Zona 3 - Sud,1,46.167039,12.713376,20.587,3.633,24.22,Privato (potenziale),
PRIV_0281,Via Barcis 9,Via Barcis,Zona 3 - Sud,1,46.167063,12.71356,27.132,4.788,31.92,Privato (potenziale),
PRIV_0282,Via Barcis 13,Via Barcis,Zona 3 - Sud,1,46.167043,12.713816,21.658,3.823,25.481,Privato (potenziale),
PRIV_0283,Edificio 282,,Zona 3 - Sud,1,46.167189,12.713831,5.236,0.925,6.161,Privato (potenziale),
PRIV_0284,Via Cavasso Nuovo 20,Via Cavasso Nuovo,Zona 3 - Sud,1,46.167444,12.713797,74.256,13.104,87.36,Privato (potenziale),
PRIV_0285,Via Barcis 15,Via Barcis,Zona 3 - Sud,1,46.167088,12.71406,24.157,4.263,28.42,Privato (potenziale),
PRIV_0286,Via Barcis 17,Via Barcis,Zona 3 - Sud,1,46.167154,12.714227,34.153,6.027,40.18,Privato (potenziale),
PRIV_0287,Via Barcis 19,Via Barcis,Zona 3 - Sud,1,46.167206,12.714443,32.13,5.67,37.800000000000004,Privato (potenziale),
PRIV_0288,Via Claut 8,Via Claut,Zona 3 - Sud,1,46.167267,12.714784,21.063,3.718,24.781,Privato (potenziale),
PRIV_0289,Edificio 288,,Zona 3 - Sud,1,46.167774,12.714422,8.568,1.511,10.078999999999999,Privato (potenziale),
PRIV_0290,Via Cavasso Nuovo 26,Via Cavasso Nuovo,Zona 3 - Sud,1,46.167589,12.714234,27.37,4.83,32.2,Privato (potenziale),
PRIV_0291,Via Cavasso Nuovo 30,Via Cavasso Nuovo,Zona 3 - Sud,1,46.167743,12.714185,34.391,6.069,40.46,Privato (potenziale),
PRIV_0292,Via Cavasso Nuovo 24,Via Cavasso Nuovo,Zona 3 - Sud,1,46.167726,12.713951,25.108,4.431,29.539,Privato (potenziale),
PRIV_0293,Via Cavasso Nuovo 18,Via Cavasso Nuovo,Zona 3 - Sud,1,46.167615,12.713568,24.633,4.346,28.979,Privato (potenziale),
PRIV_0294,Via Cavasso Nuovo 16,Via Cavasso Nuovo,Zona 3 - Sud,1,46.167527,12.713359,25.108,4.431,29.539,Privato (potenziale),
PRIV_0295,Edificio 294,,Zona 3 - Sud,1,46.167431,12.713401,14.637,2.584,17.221,Privato (potenziale),
PRIV_0296,Via Cavasso Nuovo 14,Via Cavasso Nuovo,Zona 3 - Sud,1,46.167493,12.713077,28.917,5.103,34.02,Privato (potenziale),
PRIV_0297,Via Cavasso Nuovo 8,Via Cavasso Nuovo,Zona 3 - Sud,1,46.167377,12.712865,35.938,6.342,42.28,Privato (potenziale),
PRIV_0298,Via Cavasso Nuovo 4,Via Cavasso Nuovo,Zona 3 - Sud,1,46.16731,12.71262,27.37,4.83,32.2,Privato (potenziale),
PRIV_0299,Edificio 298,,Zona 3 - Sud,1,46.167162,12.712773,52.717,9.303,62.019999999999996,Privato (potenziale),
PRIV_0300,Edificio 299,,Zona 3 - Sud,1,46.167248,12.713252,28.084,4.956,33.04,Privato (potenziale),
PRIV_0301,Edificio 300,,Zona 3 - Sud,1,46.164616,12.714014,5.474,0.968,6.442,Privato (potenziale),
PRIV_0302,Via Campagna 47,Via Campagna,Zona 3 - Sud,1,46.167222,12.717579,55.454,9.786,65.24,Privato (potenziale),
PRIV_0303,Via Gemona 9,Via Gemona,Zona 3 - Sud,1,46.167085,12.718307,43.554,7.686,51.24,Privato (potenziale),
PRIV_0304,Via Gemona 11,Via Gemona,Zona 3 - Sud,1,46.167081,12.718664,36.652,6.468,43.120000000000005,Privato (potenziale),
PRIV_0305,Via Gemona 17,Via Gemona,Zona 3 - Sud,1,46.167075,12.719209,38.556,6.804,45.36,Privato (potenziale),
PRIV_0306,Edificio 305,,Zona 3 - Sud,1,46.167241,12.719204,32.725,5.775,38.5,Privato (potenziale),
PRIV_0307,Edificio 306,,Zona 3 - Sud,1,46.167288,12.719048,11.067,1.952,13.019,Privato (potenziale),
PRIV_0308,Via Gemona 21,Via Gemona,Zona 3 - Sud,1,46.16699,12.719956,36.652,6.468,43.120000000000005,Privato (potenziale),
PRIV_0309,Edificio 308,,Zona 3 - Sud,1,46.167126,12.719853,18.088,3.191,21.279,Privato (potenziale),
PRIV_0310,Via Cesiol Nuovo 43,Via Cesiol Nuovo,Zona 3 - Sud,1,46.167544,12.717998,28.917,5.103,34.02,Privato (potenziale),
PRIV_0311,Edificio 310,,Zona 3 - Sud,1,46.167751,12.718192,20.944,3.697,24.641,Privato (potenziale),
PRIV_0312,Via Campagna 19,Via Campagna,Zona 3 - Sud,1,46.168312,12.715705,33.915,5.986,39.900999999999996,Privato (potenziale),
PRIV_0313,Via Campagna 21,Via Campagna,Zona 3 - Sud,1,46.168178,12.715879,24.276,4.284,28.56,Privato (potenziale),
PRIV_0314,Via Campagna 23,Via Campagna,Zona 3 - Sud,1,46.168013,12.715984,25.585,4.515,30.1,Privato (potenziale),
PRIV_0315,Edificio 314,,Zona 3 - Sud,1,46.168053,12.716243,15.113,2.667,17.78,Privato (potenziale),
PRIV_0316,Via Campagna 25,Via Campagna,Zona 3 - Sud,1,46.167859,12.716175,43.554,7.686,51.24,Privato (potenziale),
PRIV_0317,Edificio 316,,Zona 3 - Sud,1,46.167701,12.716318,22.967,4.053,27.02,Privato (potenziale),
PRIV_0318,Via Campagna 37,Via Campagna,Zona 3 - Sud,1,46.167571,12.716597,68.068,12.012,80.08,Privato (potenziale),
PRIV_0319,Edificio 318,,Zona 3 - Sud,1,46.167583,12.716662,45.102,7.959,53.06099999999999,Privato (potenziale),
PRIV_0320,Via Campagna 41,Via Campagna,Zona 3 - Sud,1,46.167497,12.71687,28.798,5.082,33.879999999999995,Privato (potenziale),
PRIV_0321,Via Cesiol Nuovo 38,Via Cesiol Nuovo,Zona 3 - Sud,1,46.167593,12.717023,22.967,4.053,27.02,Privato (potenziale),
PRIV_0322,Edificio 321,,Zona 3 - Sud,1,46.167539,12.71699,6.307,1.115,7.422000000000001,Privato (potenziale),
PRIV_0323,Via Meduno 26,Via Meduno,Zona 3 - Sud,1,46.167765,12.716951,34.153,6.027,40.18,Privato (potenziale),
PRIV_0324,Via Meduno 24,Via Meduno,Zona 3 - Sud,1,46.167869,12.716773,28.441,5.019,33.46,Privato (potenziale),
PRIV_0325,Edificio 324,,Zona 3 - Sud,1,46.167858,12.716606,6.664,1.178,7.842,Privato (potenziale),
PRIV_0326,Via Meduno 16,Via Meduno,Zona 3 - Sud,1,46.168223,12.716504,37.604,6.636,44.24,Privato (potenziale),
PRIV_0327,Via Meduno 12,Via Meduno,Zona 3 - Sud,1,46.168402,12.716381,33.082,5.838,38.92,Privato (potenziale),
PRIV_0328,Via Cimolais 4,Via Cimolais,Zona 3 - Sud,1,46.168537,12.716222,36.652,6.468,43.120000000000005,Privato (potenziale),
PRIV_0329,Edificio 328,,Zona 3 - Sud,1,46.168333,12.716436,5.831,1.031,6.862,Privato (potenziale),
PRIV_0330,Via Meduno 21,Via Meduno,Zona 3 - Sud,1,46.16803,12.71721,36.652,6.468,43.120000000000005,Privato (potenziale),
PRIV_0331,Edificio 330,,Zona 3 - Sud,1,46.168461,12.717371,17.136,3.023,20.159,Privato (potenziale),
PRIV_0332,Edificio 331,,Zona 3 - Sud,1,46.168422,12.717407,14.28,2.521,16.801,Privato (potenziale),
PRIV_0333,Edificio 332,,Zona 3 - Sud,1,46.168522,12.717358,9.282,1.637,10.919,Privato (potenziale),
PRIV_0334,Via Tramonti 22,Via Tramonti,Zona 3 - Sud,1,46.168558,12.717583,31.773,5.607,37.38,Privato (potenziale),
PRIV_0335,Via Tramonti 13,Via Tramonti,Zona 3 - Sud,1,46.169129,12.717559,28.441,5.019,33.46,Privato (potenziale),
PRIV_0336,Edificio 335,,Zona 3 - Sud,1,46.169011,12.716492,61.761,10.898,72.659,Privato (potenziale),
PRIV_0337,Edificio 336,,Zona 3 - Sud,1,46.169296,12.716175,38.437,6.783,45.22,Privato (potenziale),
PRIV_0338,Via Meduno 8,Via Meduno,Zona 3 - Sud,1,46.168954,12.715889,23.086,4.074,27.159999999999997,Privato (potenziale),
PRIV_0339,Edificio 338,,Zona 3 - Sud,1,46.168881,12.715595,16.898,2.981,19.878999999999998,Privato (potenziale),
PRIV_0340,Edificio 339,,Zona 3 - Sud,1,46.168739,12.715605,7.735,1.365,9.1,Privato (potenziale),
PRIV_0341,Via Cimolais 1,Via Cimolais,Zona 3 - Sud,1,46.16854,12.715536,31.892,5.628,37.519999999999996,Privato (potenziale),
PRIV_0342,Via Campagna 13,Via Campagna,Zona 3 - Sud,1,46.168721,12.715396,32.725,5.775,38.5,Privato (potenziale),
PRIV_0343,Edificio 342,,Zona 3 - Sud,1,46.169441,12.714791,41.055,7.245,48.3,Privato (potenziale),
PRIV_0344,Edificio 343,,Zona 3 - Sud,1,46.169582,12.714737,29.393,5.187,34.58,Privato (potenziale),
PRIV_0345,Via Andreis 7,Via Andreis,Zona 3 - Sud,1,46.16969,12.715215,42.483,7.497,49.98,Privato (potenziale),
PRIV_0346,Via Andreis 9,Via Andreis,Zona 3 - Sud,1,46.169733,12.715529,24.752,4.368,29.119999999999997,Privato (potenziale),
PRIV_0347,Via Andreis 13,Via Andreis,Zona 3 - Sud,1,46.169944,12.716056,32.13,5.67,37.800000000000004,Privato (potenziale),
PRIV_0348,Via Andreis 15,Via Andreis,Zona 3 - Sud,1,46.170134,12.716648,25.466,4.494,29.96,Privato (potenziale),
PRIV_0349,Edificio 348,,Zona 3 - Sud,1,46.170261,12.716833,22.61,3.99,26.6,Privato (potenziale),
PRIV_0350,Via Tramonti 1,Via Tramonti,Zona 3 - Sud,1,46.169902,12.716912,37.485,6.615,44.1,Privato (potenziale),
PRIV_0351,Via Tramonti 3,Via Tramonti,Zona 3 - Sud,1,46.170009,12.717165,31.059,5.481,36.54,Privato (potenziale),
PRIV_0352,Edificio 351,,Zona 3 - Sud,1,46.170063,12.717086,5.236,0.925,6.161,Privato (potenziale),
PRIV_0353,Via Cesiol Nuovo 22,Via Cesiol Nuovo,Zona 3 - Sud,1,46.169914,12.717345,21.301,3.76,25.061,Privato (potenziale),
PRIV_0354,Edificio 353,,Zona 3 - Sud,1,46.169921,12.717253,9.282,1.637,10.919,Privato (potenziale),
PRIV_0355,Via Cesiol Nuovo 20,Via Cesiol Nuovo,Zona 3 - Sud,1,46.170043,12.717573,20.944,3.697,24.641,Privato (potenziale),
PRIV_0356,Via Cesiol Nuovo 18,Via Cesiol Nuovo,Zona 3 - Sud,1,46.170158,12.717446,33.558,5.922,39.48,Privato (potenziale),
PRIV_0357,Via Tramonti 9,Via Tramonti,Zona 3 - Sud,1,46.169554,12.717257,33.915,5.986,39.900999999999996,Privato (potenziale),
PRIV_0358,Edificio 357,,Zona 3 - Sud,1,46.169548,12.71734,7.259,1.281,8.540000000000001,Privato (potenziale),
PRIV_0359,Via Cimolais 17,Via Cimolais,Zona 3 - Sud,1,46.169569,12.717712,39.27,6.93,46.2,Privato (potenziale),
PRIV_0360,Via Tramonti 11,Via Tramonti,Zona 3 - Sud,1,46.16939,12.717381,51.289,9.051,60.34,Privato (potenziale),
PRIV_0361,Edificio 360,,Zona 3 - Sud,1,46.169506,12.717516,4.998,0.884,5.882000000000001,Privato (potenziale),
PRIV_0362,Via Cesiol Nuovo 27,Via Cesiol Nuovo,Zona 3 - Sud,1,46.169702,12.718231,40.817,7.203,48.02,Privato (potenziale),
PRIV_0363,Edificio 362,,Zona 3 - Sud,1,46.169795,12.718554,22.967,4.053,27.02,Privato (potenziale),
PRIV_0364,Via Meduno 7,Via Meduno,Zona 3 - Sud,1,46.169432,12.716072,19.992,3.528,23.52,Privato (potenziale),
PRIV_0365,Edificio 364,,Zona 3 - Sud,1,46.169453,12.71614,11.781,2.079,13.860000000000001,Privato (potenziale),
PRIV_0366,Via Andreis 14,Via Andreis,Zona 3 - Sud,1,46.169798,12.716452,15.589,2.751,18.34,Privato (potenziale),
PRIV_0367,Via Andreis 12,Via Andreis,Zona 3 - Sud,1,46.169717,12.716268,15.232,2.688,17.919999999999998,Privato (potenziale),
PRIV_0368,Edificio 367,,Zona 3 - Sud,1,46.169737,12.716389,7.735,1.365,9.1,Privato (potenziale),
PRIV_0369,Edificio 368,,Zona 3 - Sud,1,46.169735,12.716229,6.783,1.199,7.982,Privato (potenziale),
PRIV_0370,Edificio 369,,Zona 3 - Sud,1,46.169832,12.716466,6.426,1.136,7.562,Privato (potenziale),
PRIV_0371,Via Tramonti 6,Via Tramonti,Zona 3 - Sud,1,46.16961,12.71646,66.402,11.718,78.12,Privato (potenziale),
PRIV_0372,Via Tramonti 10,Via Tramonti,Zona 3 - Sud,1,46.169332,12.716783,40.579,7.161,47.74,Privato (potenziale),
PRIV_0373,Edificio 372,,Zona 3 - Sud,1,46.167942,12.716222,6.426,1.136,7.562,Privato (potenziale),
PRIV_0374,Via Cavasso Nuovo 34,Via Cavasso Nuovo,Zona 3 - Sud,1,46.16788,12.714337,20.825,3.675,24.5,Privato (potenziale),
PRIV_0375,Via Claut 2,Via Claut,Zona 3 - Sud,1,46.16794,12.714479,19.159,3.381,22.54,Privato (potenziale),
PRIV_0376,Edificio 375,,Zona 3 - Sud,1,46.167457,12.714256,16.779,2.961,19.74,Privato (potenziale),
PRIV_0377,Via Barcis 21,Via Barcis,Zona 3 - Sud,1,46.167435,12.714462,32.725,5.775,38.5,Privato (potenziale),
PRIV_0378,Via Cesiol Nuovo 24,Via Cesiol Nuovo,Zona 3 - Sud,1,46.169779,12.717651,33.439,5.901,39.34,Privato (potenziale),
PRIV_0379,Edificio 378,,Zona 3 - Sud,1,46.167505,12.712336,9.639,1.7,11.338999999999999,Privato (potenziale),
PRIV_0380,Edificio 379,,Zona 3 - Sud,1,46.166215,12.712883,9.163,1.616,10.779,Privato (potenziale),
PRIV_0381,Via Claut 17,Via Claut,Zona 3 - Sud,1,46.166254,12.715457,4.998,0.884,5.882000000000001,Privato (potenziale),
PRIV_0382,Via Campagna 55,Via Campagna,Zona 3 - Sud,1,46.166256,12.71748,46.053,8.127,54.18,Privato (potenziale),
PRIV_0383,Edificio 382,,Zona 3 - Sud,1,46.165775,12.719209,10.115,1.784,11.899000000000001,Privato (potenziale),
PRIV_0384,Edificio 383,,Zona 3 - Sud,1,46.163748,12.714198,61.761,10.898,72.659,Privato (potenziale),
PRIV_0385,Via Pinzano 1,Via Pinzano,Zona 3 - Sud,1,46.166035,12.713019,187.663,33.116,220.779,Privato (potenziale),
PRIV_0386,Via Campagna 12,Via Campagna,Zona 3 - Sud,1,46.168231,12.713165,99.96,17.64,117.6,Privato (potenziale),
PRIV_0387,Edificio 386,,Zona 3 - Sud,1,46.169778,12.717554,33.439,5.901,39.34,Privato (potenziale),
PRIV_0388,Edificio 387,,Zona 3 - Sud,1,46.166248,12.715631,33.32,5.88,39.2,Privato (potenziale),
PRIV_0389,Edificio 388,,Zona 3 - Sud,1,46.163791,12.718767,5.474,0.968,6.442,Privato (potenziale),
PRIV_0390,Edificio 389,,Zona 3 - Sud,1,46.165686,12.72021,6.426,1.136,7.562,Privato (potenziale),
PRIV_0391,Edificio 390,,Zona 3 - Sud,1,46.165575,12.719183,7.735,1.365,9.1,Privato (potenziale),
PRIV_0392,Edificio 391,,Zona 3 - Sud,1,46.165828,12.719166,13.328,2.353,15.681,Privato (potenziale),
PRIV_0393,Edificio 392,,Zona 3 - Sud,1,46.166179,12.71795,13.09,2.311,15.401,Privato (potenziale),
PRIV_0394,Edificio 393,,Zona 3 - Sud,1,46.166243,12.715764,7.259,1.281,8.540000000000001,Privato (potenziale),
PRIV_0395,Edificio 394,,Zona 3 - Sud,1,46.166311,12.714953,12.97,2.29,15.260000000000002,Privato (potenziale),
PRIV_0396,Edificio 395,,Zona 3 - Sud,1,46.166558,12.713579,5.95,1.052,7.002000000000001,Privato (potenziale),
PRIV_0397,Edificio 396,,Zona 3 - Sud,1,46.168507,12.713779,18.921,3.339,22.259999999999998,Privato (potenziale),
PRIV_0398,Edificio 397,,Zona 3 - Sud,1,46.167586,12.714563,9.282,1.637,10.919,Privato (potenziale),
PRIV_0399,Edificio 398,,Zona 3 - Sud,1,46.167187,12.713382,7.139,1.26,8.399000000000001,Privato (potenziale),
PRIV_0400,Edificio 399,,Zona 3 - Sud,1,46.167167,12.71973,6.069,1.073,7.1419999999999995,Privato (potenziale),
PRIV_0401,Edificio 400,,Zona 3 - Sud,1,46.167028,12.720323,18.326,3.233,21.559,Privato (potenziale),
PRIV_0402,Edificio 401,,Zona 3 - Sud,1,46.167727,12.718217,9.282,1.637,10.919,Privato (potenziale),
PRIV_0403,Edificio 402,,Zona 3 - Sud,1,46.16833,12.715952,6.664,1.178,7.842,Privato (potenziale),
PRIV_0404,Edificio 403,,Zona 3 - Sud,1,46.168792,12.715482,18.088,3.191,21.279,Privato (potenziale),
PRIV_0405,Edificio 404,,Zona 3 - Sud,1,46.16873,12.715656,5.236,0.925,6.161,Privato (potenziale),
PRIV_0406,Edificio 405,,Zona 3 - Sud,1,46.170295,12.716805,7.139,1.26,8.399000000000001,Privato (potenziale),
PRIV_0407,Edificio 406,,Zona 3 - Sud,1,46.16999,12.717405,5.117,0.905,6.022,Privato (potenziale),
PRIV_0408,Edificio 407,,Zona 3 - Sud,1,46.169623,12.717493,8.33,1.469,9.799,Privato (potenziale),
PRIV_0409,Edificio 408,,Zona 3 - Sud,1,46.167374,12.71435,6.664,1.178,7.842,Privato (potenziale),
PRIV_0410,Edificio 409,,Zona 3 - Sud,1,46.163553,12.716001,17.255,3.044,20.299,Privato (potenziale),
PRIV_0411,Edificio 410,,Zona 3 - Sud,1,46.16429,12.71586,5.593,0.989,6.582,Privato (potenziale),
PRIV_0412,Edificio 411,,Zona 3 - Sud,1,46.164033,12.715451,18.564,3.275,21.839,Privato (potenziale),
PRIV_0413,Edificio 412,,Zona 3 - Sud,1,46.162866,12.716269,7.259,1.281,8.540000000000001,Privato (potenziale),
PRIV_0414,Edificio 413,,Zona 3 - Sud,1,46.163905,12.721038,9.163,1.616,10.779,Privato (potenziale),
PRIV_0415,Edificio 414,,Zona 3 - Sud,1,46.164023,12.717657,6.426,1.136,7.562,Privato (potenziale),
PRIV_0416,Edificio 415,,Zona 3 - Sud,1,46.164614,12.717713,14.756,2.605,17.361,Privato (potenziale),
PRIV_0417,Edificio 416,,Zona 3 - Sud,1,46.166255,12.717731,19.635,3.465,23.1,Privato (potenziale),
PRIV_0418,Edificio 417,,Zona 3 - Sud,1,46.166208,12.717782,14.399,2.542,16.941,Privato (potenziale),
PRIV_0419,Edificio 418,,Zona 3 - Sud,1,46.16674,12.716545,30.821,5.439,36.260000000000005,Privato (potenziale),
PRIV_0420,Edificio 419,,Zona 3 - Sud,1,46.164242,12.719506,40.936,7.224,48.16,Privato (potenziale),
PRIV_0421,Edificio 420,,Zona 3 - Sud,1,46.164548,12.718769,31.416,5.544,36.96,Privato (potenziale),
PRIV_0422,Edificio 421,,Zona 3 - Sud,1,46.164572,12.719086,34.986,6.174,41.16,Privato (potenziale),
PRIV_0423,Edificio 422,,Zona 3 - Sud,1,46.164572,12.71939,39.746,7.014,46.760000000000005,Privato (potenziale),
PRIV_0424,Edificio 423,,Zona 3 - Sud,1,46.164578,12.719665,43.554,7.686,51.24,Privato (potenziale),
PRIV_0425,Edificio 424,,Zona 3 - Sud,1,46.164803,12.719675,35.581,6.279,41.86,Privato (potenziale),
PRIV_0426,Edificio 425,,Zona 3 - Sud,1,46.164604,12.720315,35.938,6.342,42.28,Privato (potenziale),
PRIV_0427,Edificio 426,,Zona 3 - Sud,1,46.164026,12.715664,41.65,7.35,49.0,Privato (potenziale),
PRIV_0428,Edificio 427,,Zona 3 - Sud,1,46.163185,12.717325,46.648,8.232,54.88,Privato (potenziale),
PRIV_0429,Via Polcenigo 54,Via Polcenigo,Zona 3 - Sud,1,46.162993,12.718145,62.475,11.025,73.5,Privato (potenziale),
PRIV_0430,Via Polcenigo 56,Via Polcenigo,Zona 3 - Sud,1,46.163092,12.718457,62.475,11.025,73.5,Privato (potenziale),
PRIV_0431,Via Polcenigo 62,Via Polcenigo,Zona 3 - Sud,1,46.163278,12.719074,91.035,16.065,107.1,Privato (potenziale),
PRIV_0432,Via Polcenigo 64,Via Polcenigo,Zona 3 - Sud,1,46.163416,12.719498,50.575,8.925,59.5,Privato (potenziale),
PRIV_0433,Edificio 432,,Zona 3 - Sud,1,46.163879,12.720666,53.788,9.492,63.28,Privato (potenziale),
PRIV_0434,Edificio 433,,Zona 3 - Sud,1,46.162127,12.715005,11.305,1.994,13.299,Privato (potenziale),
PRIV_0435,Edificio 434,,Zona 3 - Sud,1,46.162329,12.715067,5.593,0.989,6.582,Privato (potenziale),
PRIV_0436,Edificio 435,,Zona 3 - Sud,1,46.165068,12.71522,35.938,6.342,42.28,Privato (potenziale),
PRIV_0437,Edificio 436,,Zona 3 - Sud,1,46.164983,12.715754,59.619,10.521,70.14,Privato (potenziale),
PRIV_0438,Edificio 437,,Zona 3 - Sud,1,46.164744,12.715813,59.619,10.521,70.14,Privato (potenziale),
PRIV_0439,Edificio 438,,Zona 3 - Sud,1,46.167042,12.719525,53.074,9.366,62.44,Privato (potenziale),
PRIV_0440,Edificio 439,,Zona 3 - Sud,1,46.168015,12.713302,43.554,7.686,51.24,Privato (potenziale),
PRIV_0441,Edificio 440,,Zona 3 - Sud,1,46.169108,12.714939,70.925,12.516,83.441,Privato (potenziale),
PRIV_0442,Edificio 441,,Zona 3 - Sud,1,46.169274,12.71541,71.758,12.663,84.42099999999999,Privato (potenziale),
PRIV_0443,Edificio 442,,Zona 3 - Sud,1,46.168598,12.716794,35.581,6.279,41.86,Privato (potenziale),
PRIV_0444,Edificio 443,,Zona 3 - Sud,1,46.168458,12.716951,43.316,7.644,50.96,Privato (potenziale),
PRIV_0445,Via Vovida 7,Via Vovida,Zona 1 - Comune NE,2,46.176517,12.707605,43.435,7.665,51.1,Privato (potenziale),
PRIV_0446,Via Vovida 9,Via Vovida,Zona 1 - Comune NE,2,46.176757,12.707818,36.652,6.468,43.120000000000005,Privato (potenziale),
PRIV_0447,Via Vovida 11,Via Vovida,Zona 1 - Comune NE,2,46.176961,12.708125,32.13,5.67,37.800000000000004,Privato (potenziale),
PRIV_0448,Edificio 447,,Zona 1 - Comune NE,2,46.178377,12.708584,55.454,9.786,65.24,Privato (potenziale),
PRIV_0449,Via Battiferri 39,Via Battiferri,Zona 1 - Comune NE,2,46.18076,12.708647,137.921,24.34,162.261,Privato (potenziale),
PRIV_0450,Via Battiferri 37,Via Battiferri,Zona 1 - Comune NE,2,46.180533,12.708736,11.305,1.994,13.299,Privato (potenziale),
PRIV_0451,Via Mantellin 11,Via Mantellin,Zona 1 - Comune NE,2,46.176414,12.708105,47.719,8.421,56.14,Privato (potenziale),
PRIV_0452,Via Mantellin 9,Via Mantellin,Zona 1 - Comune NE,2,46.176146,12.70828,36.89,6.51,43.4,Privato (potenziale),
PRIV_0453,Via Mantellin 5,Via Mantellin,Zona 1 - Comune NE,2,46.17598,12.707738,47.124,8.316,55.440000000000005,Privato (potenziale),
PRIV_0454,Via Mantellin 4,Via Mantellin,Zona 1 - Comune NE,2,46.175593,12.707677,29.631,5.229,34.86,Privato (potenziale),
PRIV_0455,Via Monte Canin 15,Via Monte Canin,Zona 1 - Comune NE,2,46.175663,12.708027,41.65,7.35,49.0,Privato (potenziale),
PRIV_0456,Via Mantellin 10,Via Mantellin,Zona 1 - Comune NE,2,46.175719,12.708574,57.953,10.228,68.181,Privato (potenziale),
PRIV_0457,Via Monte Jouf 12,Via Monte Jouf,Zona 1 - Comune NE,2,46.175366,12.707642,56.406,9.954,66.36,Privato (potenziale),
PRIV_0458,Via Monte Canin 5,Via Monte Canin,Zona 1 - Comune NE,2,46.175174,12.708172,45.458,8.022,53.48,Privato (potenziale),
PRIV_0459,Via Monte Canin 1,Via Monte Canin,Zona 1 - Comune NE,2,46.175116,12.707731,76.635,13.524,90.159,Privato (potenziale),
PRIV_0460,Via Monte Canin 10,Via Monte Canin,Zona 1 - Comune NE,2,46.174916,12.708468,61.642,10.878,72.52000000000001,Privato (potenziale),
PRIV_0461,Via Monte Canin 4,Via Monte Canin,Zona 1 - Comune NE,2,46.174804,12.708131,26.775,4.725,31.5,Privato (potenziale),
PRIV_0462,Via Monte Canin 6,Via Monte Canin,Zona 1 - Comune NE,2,46.174571,12.708208,39.627,6.993,46.620000000000005,Privato (potenziale),
PRIV_0463,Via Monte Jouf 4,Via Monte Jouf,Zona 1 - Comune NE,2,46.174527,12.70788,55.216,9.744,64.96000000000001,Privato (potenziale),
PRIV_0464,Via Trieste 56,Via Trieste,Zona 1 - Comune NE,2,46.174347,12.707945,25.228,4.452,29.68,Privato (potenziale),
PRIV_0465,Via Monte Jouf 2,Via Monte Jouf,Zona 1 - Comune NE,2,46.174235,12.707687,27.132,4.788,31.92,Privato (potenziale),
PRIV_0466,Via Trieste 38,Via Trieste,Zona 1 - Comune NE,2,46.174348,12.708277,21.42,3.781,25.201,Privato (potenziale),
PRIV_0467,Edificio 466,,Zona 1 - Comune NE,2,46.174412,12.708789,27.37,4.83,32.2,Privato (potenziale),
PRIV_0468,Edificio 467,,Zona 1 - Comune NE,2,46.174285,12.708641,21.896,3.865,25.761000000000003,Privato (potenziale),
PRIV_0469,Edificio 468,,Zona 1 - Comune NE,2,46.174258,12.708706,13.804,2.437,16.241,Privato (potenziale),
PRIV_0470,Via Monte Jouf 8,Via Monte Jouf,Zona 1 - Comune NE,2,46.174757,12.707821,43.435,7.665,51.1,Privato (potenziale),
PRIV_0471,Via Europa 16,Via Europa,Zona 1 - Comune NE,2,46.174337,12.711582,30.226,5.334,35.56,Privato (potenziale),
PRIV_0472,Edificio 471,,Zona 1 - Comune NE,2,46.174392,12.712836,14.875,2.626,17.501,Privato (potenziale),
PRIV_0473,Via Colle 79,Via Colle,Zona 1 - Comune NE,2,46.174421,12.713093,33.439,5.901,39.34,Privato (potenziale),
PRIV_0474,Edificio 473,,Zona 1 - Comune NE,2,46.174661,12.713194,19.278,3.402,22.68,Privato (potenziale),
PRIV_0475,Via Colle 87,Via Colle,Zona 1 - Comune NE,2,46.174695,12.712927,34.986,6.174,41.16,Privato (potenziale),
PRIV_0476,Via Europa 26,Via Europa,Zona 1 - Comune NE,2,46.174681,12.712679,28.441,5.019,33.46,Privato (potenziale),
PRIV_0477,Edificio 476,,Zona 1 - Comune NE,2,46.174512,12.712345,8.806,1.553,10.358999999999998,Privato (potenziale),
PRIV_0478,Edificio 477,,Zona 1 - Comune NE,2,46.17482,12.713211,25.108,4.431,29.539,Privato (potenziale),
PRIV_0479,Edificio 478,,Zona 1 - Comune NE,2,46.174823,12.713107,23.8,4.2,28.0,Privato (potenziale),
PRIV_0480,Via Colle 89,Via Colle,Zona 1 - Comune NE,2,46.174968,12.712989,29.393,5.187,34.58,Privato (potenziale),
PRIV_0481,Edificio 480,,Zona 1 - Comune NE,2,46.175093,12.7132,42.602,7.518,50.12,Privato (potenziale),
PRIV_0482,Via Colle 101,Via Colle,Zona 1 - Comune NE,2,46.175382,12.713176,153.391,27.069,180.45999999999998,Privato (potenziale),
PRIV_0483,Via Colle 91,Via Colle,Zona 1 - Comune NE,2,46.175185,12.712892,42.245,7.455,49.699999999999996,Privato (potenziale),
PRIV_0484,Edificio 483,,Zona 1 - Comune NE,2,46.17569,12.713231,15.47,2.73,18.2,Privato (potenziale),
PRIV_0485,Edificio 484,,Zona 1 - Comune NE,2,46.17571,12.713437,24.633,4.346,28.979,Privato (potenziale),
PRIV_0486,Via Colle 103,Via Colle,Zona 1 - Comune NE,2,46.175659,12.713528,12.138,2.143,14.280999999999999,Privato (potenziale),
PRIV_0487,Edificio 486,,Zona 1 - Comune NE,2,46.175609,12.712985,49.266,8.694,57.96,Privato (potenziale),
PRIV_0488,Edificio 487,,Zona 1 - Comune NE,2,46.175565,12.712754,5.593,0.989,6.582,Privato (potenziale),
PRIV_0489,Via Molini 16,Via Molini,Zona 1 - Comune NE,2,46.175396,12.712321,32.249,5.691,37.940000000000005,Privato (potenziale),
PRIV_0490,Edificio 489,,Zona 1 - Comune NE,2,46.175306,12.712582,5.95,1.052,7.002000000000001,Privato (potenziale),
PRIV_0491,Via Molini 14,Via Molini,Zona 1 - Comune NE,2,46.175203,12.712288,18.326,3.233,21.559,Privato (potenziale),
PRIV_0492,Edificio 491,,Zona 1 - Comune NE,2,46.175101,12.712302,11.781,2.079,13.860000000000001,Privato (potenziale),
PRIV_0493,Via Molini 12,Via Molini,Zona 1 - Comune NE,2,46.175229,12.71213,47.481,8.379,55.86,Privato (potenziale),
PRIV_0494,Edificio 493,,Zona 1 - Comune NE,2,46.175274,12.711769,25.823,4.557,30.380000000000003,Privato (potenziale),
PRIV_0495,Via Europa 25,Via Europa,Zona 1 - Comune NE,2,46.175212,12.711697,5.474,0.968,6.442,Privato (potenziale),
PRIV_0496,Via Molini 8,Via Molini,Zona 1 - Comune NE,2,46.175177,12.711441,37.961,6.699,44.66,Privato (potenziale),
PRIV_0497,Via Europa 30,Via Europa,Zona 1 - Comune NE,2,46.174996,12.712285,31.416,5.544,36.96,Privato (potenziale),
PRIV_0498,Via Europa 20,Via Europa,Zona 1 - Comune NE,2,46.174754,12.711938,39.27,6.93,46.2,Privato (potenziale),
PRIV_0499,Via Europa 24,Via Europa,Zona 1 - Comune NE,2,46.17468,12.712167,31.892,5.628,37.519999999999996,Privato (potenziale),
PRIV_0500,Via Colle 61,Via Colle,Zona 1 - Comune NE,2,46.174346,12.712033,105.196,18.564,123.75999999999999,Privato (potenziale),
PRIV_0501,Via Europa 23,Via Europa,Zona 1 - Comune NE,2,46.174893,12.711442,49.147,8.673,57.82,Privato (potenziale),
PRIV_0502,Edificio 501,,Zona 1 - Comune NE,2,46.17514,12.71097,10.591,1.867,12.457999999999998,Privato (potenziale),
PRIV_0503,Via Molini 2,Via Molini,Zona 1 - Comune NE,2,46.175382,12.711079,84.609,14.931,99.53999999999999,Privato (potenziale),
PRIV_0504,Edificio 503,,Zona 1 - Comune NE,2,46.175262,12.710835,27.965,4.935,32.9,Privato (potenziale),
PRIV_0505,Via Colvera 44,Via Colvera,Zona 1 - Comune NE,2,46.174887,12.710874,19.992,3.528,23.52,Privato (potenziale),
PRIV_0506,Edificio 505,,Zona 1 - Comune NE,2,46.174839,12.710904,6.307,1.115,7.422000000000001,Privato (potenziale),
PRIV_0507,Via Colvera 60,Via Colvera,Zona 1 - Comune NE,2,46.17528,12.710619,113.764,20.076,133.84,Privato (potenziale),
PRIV_0508,Edificio 507,,Zona 1 - Comune NE,2,46.175023,12.710571,21.301,3.76,25.061,Privato (potenziale),
PRIV_0509,Via Colvera 46,Via Colvera,Zona 1 - Comune NE,2,46.174805,12.710513,55.573,9.807,65.38,Privato (potenziale),
PRIV_0510,Edificio 509,,Zona 1 - Comune NE,2,46.174942,12.710739,4.998,0.884,5.882000000000001,Privato (potenziale),
PRIV_0511,Via Colvera 42,Via Colvera,Zona 1 - Comune NE,2,46.174604,12.710498,77.112,13.608,90.72,Privato (potenziale),
PRIV_0512,Edificio 511,,Zona 1 - Comune NE,2,46.174538,12.71011,23.562,4.159,27.721,Privato (potenziale),
PRIV_0513,Edificio 512,,Zona 1 - Comune NE,2,46.174616,12.710197,29.75,5.25,35.0,Privato (potenziale),
PRIV_0514,Via Colvera 49,Via Colvera,Zona 1 - Comune NE,2,46.175009,12.709287,22.61,3.99,26.6,Privato (potenziale),
PRIV_0515,Edificio 514,,Zona 1 - Comune NE,2,46.175048,12.709353,5.831,1.031,6.862,Privato (potenziale),
PRIV_0516,Edificio 515,,Zona 1 - Comune NE,2,46.17499,12.709481,6.783,1.199,7.982,Privato (potenziale),
PRIV_0517,Edificio 516,,Zona 1 - Comune NE,2,46.17499,12.709756,6.426,1.136,7.562,Privato (potenziale),
PRIV_0518,Edificio 517,,Zona 1 - Comune NE,2,46.174797,12.709329,19.754,3.486,23.240000000000002,Privato (potenziale),
PRIV_0519,Edificio 518,,Zona 1 - Comune NE,2,46.174773,12.709174,5.95,1.052,7.002000000000001,Privato (potenziale),
PRIV_0520,Edificio 519,,Zona 1 - Comune NE,2,46.174517,12.709175,8.33,1.469,9.799,Privato (potenziale),
PRIV_0521,Via Colvera 37,Via Colvera,Zona 1 - Comune NE,2,46.174577,12.709748,131.019,23.121,154.14000000000001,Privato (potenziale),
PRIV_0522,Edificio 521,,Zona 1 - Comune NE,2,46.174694,12.709564,32.13,5.67,37.800000000000004,Privato (potenziale),
PRIV_0523,Via Colvera 47,Via Colvera,Zona 1 - Comune NE,2,46.174637,12.709411,6.901,1.219,8.12,Privato (potenziale),
PRIV_0524,Via Colvera 39,Via Colvera,Zona 1 - Comune NE,2,46.174784,12.709866,45.22,7.98,53.2,Privato (potenziale),
PRIV_0525,Via Colvera 45,Via Colvera,Zona 1 - Comune NE,2,46.174849,12.709664,7.616,1.343,8.959,Privato (potenziale),
PRIV_0526,Edificio 525,,Zona 1 - Comune NE,2,46.177132,12.709197,11.781,2.079,13.860000000000001,Privato (potenziale),
PRIV_0527,Via Battiferri 21,Via Battiferri,Zona 1 - Comune NE,2,46.17887,12.709724,21.42,3.781,25.201,Privato (potenziale),
PRIV_0528,Via Battiferri 19,Via Battiferri,Zona 1 - Comune NE,2,46.178618,12.709833,31.416,5.544,36.96,Privato (potenziale),
PRIV_0529,Via medaglia d'oro Pietro Venuti 32,Via medaglia d'oro Pietro Venuti,Zona 1 - Comune NE,2,46.178419,12.709345,17.255,3.044,20.299,Privato (potenziale),
PRIV_0530,Edificio 529,,Zona 1 - Comune NE,2,46.178282,12.709507,13.328,2.353,15.681,Privato (potenziale),
PRIV_0531,Via medaglia d'oro Pietro Venuti 36,Via medaglia d'oro Pietro Venuti,Zona 1 - Comune NE,2,46.178644,12.709191,30.464,5.376,35.839999999999996,Privato (potenziale),
PRIV_0532,Via medaglia d'oro Pietro Venuti 26,Via medaglia d'oro Pietro Venuti,Zona 1 - Comune NE,2,46.178008,12.709818,38.556,6.804,45.36,Privato (potenziale),
PRIV_0533,Via medaglia d'oro Pietro Venuti 61,Via medaglia d'oro Pietro Venuti,Zona 1 - Comune NE,2,46.178113,12.709119,22.253,3.927,26.18,Privato (potenziale),
PRIV_0534,Edificio 533,,Zona 1 - Comune NE,2,46.177926,12.709022,13.566,2.395,15.961,Privato (potenziale),
PRIV_0535,Edificio 534,,Zona 1 - Comune NE,2,46.177979,12.709063,12.257,2.164,14.421,Privato (potenziale),
PRIV_0536,Via medaglia d'oro Pietro Venuti 55,Via medaglia d'oro Pietro Venuti,Zona 1 - Comune NE,2,46.177922,12.709571,29.869,5.271,35.14,Privato (potenziale),
PRIV_0537,Via medaglia d'oro Pietro Venuti 57,Via medaglia d'oro Pietro Venuti,Zona 1 - Comune NE,2,46.177818,12.709263,73.423,12.957,86.38,Privato (potenziale),
PRIV_0538,Edificio 537,,Zona 1 - Comune NE,2,46.178514,12.709558,26.775,4.725,31.5,Privato (potenziale),
PRIV_0539,Edificio 538,,Zona 1 - Comune NE,2,46.174269,12.71687,19.159,3.381,22.54,Privato (potenziale),
PRIV_0540,Via Molini 60,Via Molini,Zona 1 - Comune NE,2,46.174785,12.716019,31.059,5.481,36.54,Privato (potenziale),
PRIV_0541,Via Molini 62,Via Molini,Zona 1 - Comune NE,2,46.174729,12.716324,43.435,7.665,51.1,Privato (potenziale),
PRIV_0542,Edificio 541,,Zona 1 - Comune NE,2,46.174928,12.71527,15.827,2.793,18.62,Privato (potenziale),
PRIV_0543,Via Alessandro Volta 30,Via Alessandro Volta,Zona 1 - Comune NE,2,46.174888,12.714884,124.593,21.987,146.58,Privato (potenziale),
PRIV_0544,Edificio 543,,Zona 1 - Comune NE,2,46.174583,12.714794,5.95,1.052,7.002000000000001,Privato (potenziale),
PRIV_0545,Edificio 544,,Zona 1 - Comune NE,2,46.174419,12.715378,29.75,5.25,35.0,Privato (potenziale),
PRIV_0546,Edificio 545,,Zona 1 - Comune NE,2,46.174745,12.715015,19.396,3.423,22.819000000000003,Privato (potenziale),
PRIV_0547,Edificio 546,,Zona 1 - Comune NE,2,46.174216,12.713753,25.108,4.431,29.539,Privato (potenziale),
PRIV_0548,Edificio 547,,Zona 1 - Comune NE,2,46.174485,12.713962,7.139,1.26,8.399000000000001,Privato (potenziale),
PRIV_0549,Via Colle 46,Via Colle,Zona 1 - Comune NE,2,46.174786,12.713543,94.605,16.695,111.30000000000001,Privato (potenziale),
PRIV_0550,Edificio 549,,Zona 1 - Comune NE,2,46.174771,12.713731,12.495,2.206,14.700999999999999,Privato (potenziale),
PRIV_0551,Edificio 550,,Zona 1 - Comune NE,2,46.174904,12.714374,40.936,7.224,48.16,Privato (potenziale),
PRIV_0552,Edificio 551,,Zona 1 - Comune NE,2,46.174924,12.714189,35.938,6.342,42.28,Privato (potenziale),
PRIV_0553,Via Alessandro Volta 31,Via Alessandro Volta,Zona 1 - Comune NE,2,46.175058,12.714486,16.065,2.835,18.900000000000002,Privato (potenziale),
PRIV_0554,Edificio 553,,Zona 1 - Comune NE,2,46.175116,12.71444,14.637,2.584,17.221,Privato (potenziale),
PRIV_0555,Edificio 554,,Zona 1 - Comune NE,2,46.175279,12.714459,13.804,2.437,16.241,Privato (potenziale),
PRIV_0556,Via Alessandro Volta 25,Via Alessandro Volta,Zona 1 - Comune NE,2,46.175164,12.714234,30.464,5.376,35.839999999999996,Privato (potenziale),
PRIV_0557,Edificio 556,,Zona 1 - Comune NE,2,46.175149,12.713841,29.869,5.271,35.14,Privato (potenziale),
PRIV_0558,Edificio 557,,Zona 1 - Comune NE,2,46.17512,12.714061,5.95,1.052,7.002000000000001,Privato (potenziale),
PRIV_0559,Via Colle 56,Via Colle,Zona 1 - Comune NE,2,46.175142,12.713592,17.731,3.128,20.859,Privato (potenziale),
PRIV_0560,Edificio 559,,Zona 1 - Comune NE,2,46.175249,12.71438,6.664,1.178,7.842,Privato (potenziale),
PRIV_0561,Via Alessandro Volta 35,Via Alessandro Volta,Zona 1 - Comune NE,2,46.175331,12.714935,91.392,16.128,107.52,Privato (potenziale),
PRIV_0562,Edificio 561,,Zona 1 - Comune NE,2,46.175392,12.713765,23.919,4.221,28.14,Privato (potenziale),
PRIV_0563,Edificio 562,,Zona 1 - Comune NE,2,46.175486,12.713825,10.472,1.847,12.318999999999999,Privato (potenziale),
PRIV_0564,Edificio 563,,Zona 1 - Comune NE,2,46.175612,12.713979,16.779,2.961,19.74,Privato (potenziale),
PRIV_0565,Via Molini 46,Via Molini,Zona 1 - Comune NE,2,46.17569,12.714716,27.37,4.83,32.2,Privato (potenziale),
PRIV_0566,Edificio 565,,Zona 1 - Comune NE,2,46.175427,12.714233,21.063,3.718,24.781,Privato (potenziale),
PRIV_0567,Edificio 566,,Zona 1 - Comune NE,2,46.175685,12.714507,5.236,0.925,6.161,Privato (potenziale),
PRIV_0568,Via Molini 42,Via Molini,Zona 1 - Comune NE,2,46.175812,12.714481,33.796,5.964,39.76,Privato (potenziale),
PRIV_0569,Edificio 568,,Zona 1 - Comune NE,2,46.175753,12.71405,26.418,4.662,31.08,Privato (potenziale),
PRIV_0570,Via Molini 32,Via Molini,Zona 1 - Comune NE,2,46.175644,12.713766,85.918,15.163,101.081,Privato (potenziale),
PRIV_0571,Via Molini 45,Via Molini,Zona 1 - Comune NE,2,46.175829,12.715063,83.895,14.805,98.69999999999999,Privato (potenziale),
PRIV_0572,Via dei Fabbri 2,Via dei Fabbri,Zona 1 - Comune NE,2,46.176151,12.715248,46.648,8.232,54.88,Privato (potenziale),
PRIV_0573,Edificio 572,,Zona 1 - Comune NE,2,46.175903,12.71547,85.561,15.099,100.66000000000001,Privato (potenziale),
PRIV_0574,Edificio 573,,Zona 1 - Comune NE,2,46.176059,12.715333,5.474,0.968,6.442,Privato (potenziale),
PRIV_0575,Via Molini 69,Via Molini,Zona 1 - Comune NE,2,46.175608,12.715674,63.07,11.13,74.2,Privato (potenziale),
PRIV_0576,Via Molini 79,Via Molini,Zona 1 - Comune NE,2,46.175203,12.716162,26.299,4.641,30.939999999999998,Privato (potenziale),
PRIV_0577,Via Molini 83,Via Molini,Zona 1 - Comune NE,2,46.175168,12.716391,23.086,4.074,27.159999999999997,Privato (potenziale),
PRIV_0578,Via Molini 85,Via Molini,Zona 1 - Comune NE,2,46.175161,12.716684,44.625,7.875,52.5,Privato (potenziale),
PRIV_0579,Via Molini 89,Via Molini,Zona 1 - Comune NE,2,46.174972,12.717097,35.581,6.279,41.86,Privato (potenziale),
PRIV_0580,Via Molini 87,Via Molini,Zona 1 - Comune NE,2,46.175198,12.716963,38.912,6.867,45.778999999999996,Privato (potenziale),
PRIV_0581,Via Molini 81,Via Molini,Zona 1 - Comune NE,2,46.175932,12.715966,30.821,5.439,36.260000000000005,Privato (potenziale),
PRIV_0582,Edificio 581,,Zona 1 - Comune NE,2,46.175956,12.715878,11.305,1.994,13.299,Privato (potenziale),
PRIV_0583,Edificio 582,,Zona 1 - Comune NE,2,46.175985,12.716017,13.09,2.311,15.401,Privato (potenziale),
PRIV_0584,Edificio 583,,Zona 1 - Comune NE,2,46.176595,12.7158,36.89,6.51,43.4,Privato (potenziale),
PRIV_0585,Edificio 584,,Zona 1 - Comune NE,2,46.176371,12.715921,57.359,10.122,67.481,Privato (potenziale),
PRIV_0586,Via dei Fabbri 12,Via dei Fabbri,Zona 1 - Comune NE,2,46.176503,12.716167,50.218,8.862,59.080000000000005,Privato (potenziale),
PRIV_0587,Edificio 586,,Zona 1 - Comune NE,2,46.176394,12.716095,9.163,1.616,10.779,Privato (potenziale),
PRIV_0588,Via dei Fabbri 24,Via dei Fabbri,Zona 1 - Comune NE,2,46.174298,12.717639,34.748,6.132,40.879999999999995,Privato (potenziale),
PRIV_0589,Via dei Fabbri 22,Via dei Fabbri,Zona 1 - Comune NE,2,46.174326,12.717269,21.42,3.781,25.201,Privato (potenziale),
PRIV_0590,Edificio 589,,Zona 1 - Comune NE,2,46.174279,12.717299,13.447,2.375,15.822,Privato (potenziale),
PRIV_0591,Via dei Fabbri 20,Via dei Fabbri,Zona 1 - Comune NE,2,46.174543,12.717202,12.257,2.164,14.421,Privato (potenziale),
PRIV_0592,Via Molini 68,Via Molini,Zona 1 - Comune NE,2,46.174679,12.716981,25.108,4.431,29.539,Privato (potenziale),
PRIV_0593,Via Molini 66,Via Molini,Zona 1 - Comune NE,2,46.174811,12.716739,19.754,3.486,23.240000000000002,Privato (potenziale),
PRIV_0594,Edificio 593,,Zona 1 - Comune NE,2,46.174696,12.716673,8.092,1.428,9.52,Privato (potenziale),
PRIV_0595,Via dei Fabbri 1,Via dei Fabbri,Zona 1 - Comune NE,2,46.176123,12.714423,32.13,5.67,37.800000000000004,Privato (potenziale),
PRIV_0596,Via Molini 41,Via Molini,Zona 1 - Comune NE,2,46.176032,12.714207,29.869,5.271,35.14,Privato (potenziale),
PRIV_0597,Edificio 596,,Zona 1 - Comune NE,2,46.176316,12.714877,7.973,1.406,9.379,Privato (potenziale),
PRIV_0598,Edificio 597,,Zona 1 - Comune NE,2,46.176032,12.713963,17.612,3.107,20.718999999999998,Privato (potenziale),
PRIV_0599,Via Molini 39,Via Molini,Zona 1 - Comune NE,2,46.176021,12.713919,30.583,5.397,35.98,Privato (potenziale),
PRIV_0600,Via Molini 27,Via Molini,Zona 1 - Comune NE,2,46.176077,12.713618,63.546,11.214,74.76,Privato (potenziale),
PRIV_0601,Edificio 600,,Zona 1 - Comune NE,2,46.177142,12.709129,6.069,1.073,7.1419999999999995,Privato (potenziale),
PRIV_0602,Via medaglia d'oro Pietro Venuti 45,Via medaglia d'oro Pietro Venuti,Zona 1 - Comune NE,2,46.177208,12.709563,207.417,36.603,244.02,Privato (potenziale),
PRIV_0603,Edificio 602,,Zona 1 - Comune NE,2,46.17757,12.70911,13.09,2.311,15.401,Privato (potenziale),
PRIV_0604,Edificio 603,,Zona 1 - Comune NE,2,46.177641,12.70951,29.274,5.166,34.44,Privato (potenziale),
PRIV_0605,Via medaglia d'oro Pietro Venuti 53,Via medaglia d'oro Pietro Venuti,Zona 1 - Comune NE,2,46.177641,12.709668,19.635,3.465,23.1,Privato (potenziale),
PRIV_0606,Edificio 605,,Zona 1 - Comune NE,2,46.177683,12.709416,18.445,3.254,21.699,Privato (potenziale),
PRIV_0607,Edificio 606,,Zona 1 - Comune NE,2,46.177381,12.709406,14.756,2.605,17.361,Privato (potenziale),
PRIV_0608,Via medaglia d'oro Pietro Venuti 39,Via medaglia d'oro Pietro Venuti,Zona 1 - Comune NE,2,46.176838,12.709561,59.262,10.458,69.72,Privato (potenziale),
PRIV_0609,Via medaglia d'oro Pietro Venuti 31,Via medaglia d'oro Pietro Venuti,Zona 1 - Comune NE,2,46.176683,12.709734,13.566,2.395,15.961,Privato (potenziale),
PRIV_0610,Edificio 609,,Zona 1 - Comune NE,2,46.176928,12.709086,13.09,2.311,15.401,Privato (potenziale),
PRIV_0611,Edificio 610,,Zona 1 - Comune NE,2,46.176883,12.709164,40.936,7.224,48.16,Privato (potenziale),
PRIV_0612,Via medaglia d'oro Pietro Venuti 25,Via medaglia d'oro Pietro Venuti,Zona 1 - Comune NE,2,46.176663,12.709255,26.775,4.725,31.5,Privato (potenziale),
PRIV_0613,Edificio 612,,Zona 1 - Comune NE,2,46.176736,12.709221,8.568,1.511,10.078999999999999,Privato (potenziale),
PRIV_0614,Edificio 613,,Zona 1 - Comune NE,2,46.176561,12.709234,7.139,1.26,8.399000000000001,Privato (potenziale),
PRIV_0615,Edificio 614,,Zona 1 - Comune NE,2,46.17655,12.709112,11.067,1.952,13.019,Privato (potenziale),
PRIV_0616,Edificio 615,,Zona 1 - Comune NE,2,46.176333,12.70909,22.729,4.011,26.74,Privato (potenziale),
PRIV_0617,Edificio 616,,Zona 1 - Comune NE,2,46.176382,12.709106,5.95,1.052,7.002000000000001,Privato (potenziale),
PRIV_0618,Edificio 617,,Zona 1 - Comune NE,2,46.176245,12.708698,29.631,5.229,34.86,Privato (potenziale),
PRIV_0619,Via medaglia d'oro Pietro Venuti 15,Via medaglia d'oro Pietro Venuti,Zona 1 - Comune NE,2,46.176414,12.709316,19.159,3.381,22.54,Privato (potenziale),
PRIV_0620,Via Mantellin 23,Via Mantellin,Zona 1 - Comune NE,2,46.17622,12.709554,31.773,5.607,37.38,Privato (potenziale),
PRIV_0621,Via medaglia d'oro Pietro Venuti 11,Via medaglia d'oro Pietro Venuti,Zona 1 - Comune NE,2,46.176463,12.709648,138.516,24.444,162.95999999999998,Privato (potenziale),
PRIV_0622,Via medaglia d'oro Pietro Venuti 1,Via medaglia d'oro Pietro Venuti,Zona 1 - Comune NE,2,46.176263,12.709993,27.251,4.809,32.06,Privato (potenziale),
PRIV_0623,Via Colvera 73,Via Colvera,Zona 1 - Comune NE,2,46.175925,12.710502,67.115,11.844,78.95899999999999,Privato (potenziale),
PRIV_0624,Vicolo Frisanco 4,Vicolo Frisanco,Zona 1 - Comune NE,2,46.175896,12.710194,29.274,5.166,34.44,Privato (potenziale),
PRIV_0625,Edificio 624,,Zona 1 - Comune NE,2,46.175921,12.710279,27.608,4.872,32.480000000000004,Privato (potenziale),
PRIV_0626,Vicolo Frisanco 10,Vicolo Frisanco,Zona 1 - Comune NE,2,46.17599,12.709496,22.61,3.99,26.6,Privato (potenziale),
PRIV_0627,Vicolo Frisanco 8,Vicolo Frisanco,Zona 1 - Comune NE,2,46.175957,12.70969,26.418,4.662,31.08,Privato (potenziale),
PRIV_0628,Vicolo Frisanco 6,Vicolo Frisanco,Zona 1 - Comune NE,2,46.175966,12.709904,35.938,6.342,42.28,Privato (potenziale),
PRIV_0629,Vicolo Poffabro 18,Vicolo Poffabro,Zona 1 - Comune NE,2,46.175836,12.708858,32.13,5.67,37.800000000000004,Privato (potenziale),
PRIV_0630,Edificio 629,,Zona 1 - Comune NE,2,46.175904,12.708784,7.735,1.365,9.1,Privato (potenziale),
PRIV_0631,Vicolo Poffabro 12,Vicolo Poffabro,Zona 1 - Comune NE,2,46.175526,12.709486,20.944,3.697,24.641,Privato (potenziale),
PRIV_0632,Edificio 631,,Zona 1 - Comune NE,2,46.175289,12.709454,10.115,1.784,11.899000000000001,Privato (potenziale),
PRIV_0633,Vicolo Poffabro 4,Vicolo Poffabro,Zona 1 - Comune NE,2,46.175159,12.70976,30.821,5.439,36.260000000000005,Privato (potenziale),
PRIV_0634,Via Colvera 57,Via Colvera,Zona 1 - Comune NE,2,46.175145,12.710224,32.249,5.691,37.940000000000005,Privato (potenziale),
PRIV_0635,Edificio 634,,Zona 1 - Comune NE,2,46.175209,12.710299,5.831,1.031,6.862,Privato (potenziale),
PRIV_0636,Via Colvera 55,Via Colvera,Zona 1 - Comune NE,2,46.175168,12.710054,13.328,2.353,15.681,Privato (potenziale),
PRIV_0637,Via Colvera 59,Via Colvera,Zona 1 - Comune NE,2,46.175386,12.710364,46.41,8.19,54.599999999999994,Privato (potenziale),
PRIV_0638,Via Colvera 65,Via Colvera,Zona 1 - Comune NE,2,46.175612,12.710432,98.77,17.43,116.19999999999999,Privato (potenziale),
PRIV_0639,Edificio 638,,Zona 1 - Comune NE,2,46.175389,12.71023,6.664,1.178,7.842,Privato (potenziale),
PRIV_0640,Vicolo Poffabro 8,Vicolo Poffabro,Zona 1 - Comune NE,2,46.175499,12.709976,61.046,10.773,71.819,Privato (potenziale),
PRIV_0641,Vicolo Frisanco 5,Vicolo Frisanco,Zona 1 - Comune NE,2,46.175743,12.709709,15.47,2.73,18.2,Privato (potenziale),
PRIV_0642,Edificio 641,,Zona 1 - Comune NE,2,46.17571,12.709753,6.426,1.136,7.562,Privato (potenziale),
PRIV_0643,Vicolo Frisanco 7,Vicolo Frisanco,Zona 1 - Comune NE,2,46.175746,12.709478,48.909,8.631,57.54,Privato (potenziale),
PRIV_0644,Via Battiferri 15,Via Battiferri,Zona 1 - Comune NE,2,46.178391,12.709708,35.462,6.258,41.720000000000006,Privato (potenziale),
PRIV_0645,Edificio 644,,Zona 1 - Comune NE,2,46.178268,12.709761,9.758,1.721,11.479,Privato (potenziale),
PRIV_0646,Edificio 645,,Zona 1 - Comune NE,2,46.178215,12.709718,6.307,1.115,7.422000000000001,Privato (potenziale),
PRIV_0647,Edificio 646,,Zona 1 - Comune NE,2,46.178318,12.709935,32.487,5.733,38.22,Privato (potenziale),
PRIV_0648,Edificio 647,,Zona 1 - Comune NE,2,46.178297,12.710058,7.616,1.343,8.959,Privato (potenziale),
PRIV_0649,Via medaglia d'oro Pietro Venuti 22,Via medaglia d'oro Pietro Venuti,Zona 1 - Comune NE,2,46.178106,12.710171,54.74,9.66,64.4,Privato (potenziale),
PRIV_0650,Edificio 649,,Zona 1 - Comune NE,2,46.177844,12.710341,32.963,5.817,38.78,Privato (potenziale),
PRIV_0651,Via Battiferri 11,Via Battiferri,Zona 1 - Comune NE,2,46.177691,12.710322,15.113,2.667,17.78,Privato (potenziale),
PRIV_0652,Edificio 651,,Zona 1 - Comune NE,2,46.177693,12.710094,15.946,2.814,18.759999999999998,Privato (potenziale),
PRIV_0653,Via medaglia d'oro Pietro Venuti 16,Via medaglia d'oro Pietro Venuti,Zona 1 - Comune NE,2,46.17749,12.7101,68.068,12.012,80.08,Privato (potenziale),
PRIV_0654,Via medaglia d'oro Pietro Venuti 14,Via medaglia d'oro Pietro Venuti,Zona 1 - Comune NE,2,46.177207,12.710132,34.271,6.048,40.319,Privato (potenziale),
PRIV_0655,Edificio 654,,Zona 1 - Comune NE,2,46.177254,12.710226,7.735,1.365,9.1,Privato (potenziale),
PRIV_0656,Via medaglia d'oro Pietro Venuti 10,Via medaglia d'oro Pietro Venuti,Zona 1 - Comune NE,2,46.177059,12.70991,50.456,8.904,59.36,Privato (potenziale),
PRIV_0657,Edificio 656,,Zona 1 - Comune NE,2,46.177172,12.710476,17.969,3.17,21.139000000000003,Privato (potenziale),
PRIV_0658,Edificio 657,,Zona 1 - Comune NE,2,46.17721,12.710475,5.474,0.968,6.442,Privato (potenziale),
PRIV_0659,Via Battiferri 5,Via Battiferri,Zona 1 - Comune NE,2,46.177159,12.710599,7.259,1.281,8.540000000000001,Privato (potenziale),
PRIV_0660,Edificio 659,,Zona 1 - Comune NE,2,46.176862,12.709898,26.894,4.746,31.64,Privato (potenziale),
PRIV_0661,Edificio 660,Via Battiferri,Zona 1 - Comune NE,2,46.176685,12.710212,344.148,60.732,404.88,Privato (potenziale),
PRIV_0662,Edificio 661,,Zona 1 - Comune NE,2,46.177001,12.710219,13.328,2.353,15.681,Privato (potenziale),
PRIV_0663,Edificio 662,,Zona 1 - Comune NE,2,46.177048,12.710986,13.923,2.458,16.381,Privato (potenziale),
PRIV_0664,Via Battiferri 4,Via Battiferri,Zona 1 - Comune NE,2,46.17686,12.711061,77.469,13.672,91.14099999999999,Privato (potenziale),
PRIV_0665,Edificio 664,,Zona 1 - Comune NE,2,46.176769,12.711251,7.378,1.302,8.68,Privato (potenziale),
PRIV_0666,Via Battiferri 2,Via Battiferri,Zona 1 - Comune NE,2,46.176541,12.711149,39.984,7.056,47.04,Privato (potenziale),
PRIV_0667,Edificio 666,,Zona 1 - Comune NE,2,46.176523,12.711306,27.251,4.809,32.06,Privato (potenziale),
PRIV_0668,Via Colvera 76,Via Colvera,Zona 1 - Comune NE,2,46.176193,12.710805,40.103,7.077,47.18,Privato (potenziale),
PRIV_0669,Via Molini 1,Via Molini,Zona 1 - Comune NE,2,46.175711,12.710972,24.99,4.41,29.4,Privato (potenziale),
PRIV_0670,Edificio 669,,Zona 1 - Comune NE,2,46.175897,12.710953,4.998,0.884,5.882000000000001,Privato (potenziale),
PRIV_0671,Edificio 670,,Zona 1 - Comune NE,2,46.176393,12.711775,5.474,0.968,6.442,Privato (potenziale),
PRIV_0672,Via Molini 15,Via Molini,Zona 1 - Comune NE,2,46.175571,12.712382,21.42,3.781,25.201,Privato (potenziale),
PRIV_0673,Edificio 672,,Zona 1 - Comune NE,2,46.176335,12.713595,5.593,0.989,6.582,Privato (potenziale),
PRIV_0674,Via Molini 31,Via Molini,Zona 1 - Comune NE,2,46.176383,12.713878,89.131,15.729,104.86,Privato (potenziale),
PRIV_0675,Edificio 674,,Zona 1 - Comune NE,2,46.176502,12.71418,11.781,2.079,13.860000000000001,Privato (potenziale),
PRIV_0676,Via dei Fabbri 7,Via dei Fabbri,Zona 1 - Comune NE,2,46.176808,12.715136,41.65,7.35,49.0,Privato (potenziale),
PRIV_0677,Edificio 676,,Zona 1 - Comune NE,2,46.177278,12.711332,23.919,4.221,28.14,Privato (potenziale),
PRIV_0678,Edificio 677,,Zona 1 - Comune NE,2,46.177448,12.711181,8.925,1.574,10.499,Privato (potenziale),
PRIV_0679,Via medaglia d'oro Pietro Venuti 33,Via medaglia d'oro Pietro Venuti,Zona 1 - Comune NE,2,46.176661,12.70958,30.821,5.439,36.260000000000005,Privato (potenziale),
PRIV_0680,Via Molini 5,Via Molini,Zona 1 - Comune NE,2,46.175605,12.711433,165.886,29.274,195.16,Privato (potenziale),
PRIV_0681,Via Colle 44,Via Colle,Zona 1 - Comune NE,2,46.174633,12.713715,106.029,18.711,124.74,Privato (potenziale),
PRIV_0682,Edificio 681,,Zona 1 - Comune NE,2,46.174462,12.712973,8.33,1.469,9.799,Privato (potenziale),
PRIV_0683,Edificio 682,,Zona 1 - Comune NE,2,46.17899,12.70957,17.493,3.086,20.578999999999997,Privato (potenziale),
PRIV_0684,Via Battiferri 31,Via Battiferri,Zona 1 - Comune NE,2,46.179821,12.709174,64.379,11.361,75.74000000000001,Privato (potenziale),
PRIV_0685,Vicolo Poffabro 14,Vicolo Poffabro,Zona 1 - Comune NE,2,46.175714,12.709097,9.639,1.7,11.338999999999999,Privato (potenziale),
PRIV_0686,Edificio 685,,Zona 1 - Comune NE,2,46.176233,12.710983,9.758,1.721,11.479,Privato (potenziale),
PRIV_0687,Via dei Fabbri 9,Via dei Fabbri,Zona 1 - Comune NE,2,46.17701,12.715501,14.756,2.605,17.361,Privato (potenziale),
PRIV_0688,Edificio 687,,Zona 1 - Comune NE,2,46.177129,12.715886,24.752,4.368,29.119999999999997,Privato (potenziale),
PRIV_0689,Via dei Fabbri 13,Via dei Fabbri,Zona 1 - Comune NE,2,46.17721,12.716363,13.923,2.458,16.381,Privato (potenziale),
PRIV_0690,Edificio 689,,Zona 1 - Comune NE,2,46.177026,12.716709,10.115,1.784,11.899000000000001,Privato (potenziale),
PRIV_0691,Edificio 690,,Zona 1 - Comune NE,2,46.174897,12.717641,23.443,4.137,27.580000000000002,Privato (potenziale),
PRIV_0692,Edificio 691,,Zona 1 - Comune NE,2,46.175099,12.718074,23.8,4.2,28.0,Privato (potenziale),
PRIV_0693,Via dei Fabbri 27,Via dei Fabbri,Zona 1 - Comune NE,2,46.174714,12.717887,35.224,6.216,41.44,Privato (potenziale),
PRIV_0694,Edificio 693,,Zona 1 - Comune NE,2,46.174463,12.717224,6.426,1.136,7.562,Privato (potenziale),
PRIV_0695,Via Colle 81,Via Colle,Zona 1 - Comune NE,2,46.174333,12.713058,36.414,6.426,42.84,Privato (potenziale),
PRIV_0696,Edificio 695,Via Fabio di Maniago,Zona 1 - Comune NE,2,46.171118,12.70933,278.817,49.203,328.02,Privato (potenziale),
PRIV_0697,Edificio 696,,Zona 1 - Comune NE,2,46.171228,12.708801,43.792,7.728,51.52,Privato (potenziale),
PRIV_0698,Edificio 697,,Zona 1 - Comune NE,2,46.171369,12.708585,13.447,2.375,15.822,Privato (potenziale),
PRIV_0699,Vicolo Chiuso 11,Vicolo Chiuso,Zona 1 - Comune NE,2,46.17266,12.707688,35.462,6.258,41.720000000000006,Privato (potenziale),
PRIV_0700,Vicolo Chiuso 19,Vicolo Chiuso,Zona 1 - Comune NE,2,46.172842,12.707824,39.984,7.056,47.04,Privato (potenziale),
PRIV_0701,Edificio 700,,Zona 1 - Comune NE,2,46.173078,12.707567,10.591,1.867,12.457999999999998,Privato (potenziale),
PRIV_0702,Edificio 701,,Zona 1 - Comune NE,2,46.173051,12.707508,7.259,1.281,8.540000000000001,Privato (potenziale),
PRIV_0703,Edificio 702,,Zona 1 - Comune NE,2,46.173029,12.707663,9.282,1.637,10.919,Privato (potenziale),
PRIV_0704,Via Trieste 13,Via Trieste,Zona 1 - Comune NE,2,46.173358,12.707733,20.825,3.675,24.5,Privato (potenziale),
PRIV_0705,Via Trieste 11,Via Trieste,Zona 1 - Comune NE,2,46.173337,12.707925,25.108,4.431,29.539,Privato (potenziale),
PRIV_0706,Edificio 705,,Zona 1 - Comune NE,2,46.173151,12.708101,35.462,6.258,41.720000000000006,Privato (potenziale),
PRIV_0707,Vicolo Chiuso 10,Vicolo Chiuso,Zona 1 - Comune NE,2,46.172899,12.708044,123.403,21.777,145.18,Privato (potenziale),
PRIV_0708,Edificio 707,,Zona 1 - Comune NE,2,46.173105,12.707789,10.234,1.805,12.039,Privato (potenziale),
PRIV_0709,Via Trieste 15,Via Trieste,Zona 1 - Comune NE,2,46.173543,12.707688,27.37,4.83,32.2,Privato (potenziale),
PRIV_0710,Via Trieste 17,Via Trieste,Zona 1 - Comune NE,2,46.173762,12.707649,22.134,3.906,26.04,Privato (potenziale),
PRIV_0711,Edificio 710,,Zona 1 - Comune NE,2,46.173905,12.707527,12.97,2.29,15.260000000000002,Privato (potenziale),
PRIV_0712,Via Trieste 21,Via Trieste,Zona 1 - Comune NE,2,46.173955,12.707513,7.259,1.281,8.540000000000001,Privato (potenziale),
PRIV_0713,Via Trieste 44,Via Trieste,Zona 1 - Comune NE,2,46.17411,12.708009,107.933,19.047,126.98,Privato (potenziale),
PRIV_0714,Via Trieste 46,Via Trieste,Zona 1 - Comune NE,2,46.174011,12.70815,20.468,3.612,24.08,Privato (potenziale),
PRIV_0715,Edificio 714,,Zona 1 - Comune NE,2,46.173917,12.708182,4.998,0.884,5.882000000000001,Privato (potenziale),
PRIV_0716,Edificio 715,,Zona 1 - Comune NE,2,46.174128,12.708318,9.282,1.637,10.919,Privato (potenziale),
PRIV_0717,Via Trieste 34,Via Trieste,Zona 1 - Comune NE,2,46.174121,12.708522,41.769,7.371,49.14,Privato (potenziale),
PRIV_0718,Edificio 717,,Zona 1 - Comune NE,2,46.173669,12.708192,22.967,4.053,27.02,Privato (potenziale),
PRIV_0719,Via Trieste 26,Via Trieste,Zona 1 - Comune NE,2,46.173623,12.708111,6.307,1.115,7.422000000000001,Privato (potenziale),
PRIV_0720,Via Trieste 22,Via Trieste,Zona 1 - Comune NE,2,46.173813,12.708306,46.648,8.232,54.88,Privato (potenziale),
PRIV_0721,Via Trieste 20,Via Trieste,Zona 1 - Comune NE,2,46.173647,12.708479,13.328,2.353,15.681,Privato (potenziale),
PRIV_0722,Edificio 721,,Zona 1 - Comune NE,2,46.173818,12.708753,28.56,5.041,33.601,Privato (potenziale),
PRIV_0723,Edificio 722,,Zona 1 - Comune NE,2,46.173521,12.708867,41.888,7.392,49.28,Privato (potenziale),
PRIV_0724,Edificio 723,,Zona 1 - Comune NE,2,46.173595,12.708859,27.251,4.809,32.06,Privato (potenziale),
PRIV_0725,Edificio 724,,Zona 1 - Comune NE,2,46.173415,12.70862,33.082,5.838,38.92,Privato (potenziale),
PRIV_0726,Edificio 725,,Zona 1 - Comune NE,2,46.173384,12.708717,6.664,1.178,7.842,Privato (potenziale),
PRIV_0727,Via Trieste 14,Via Trieste,Zona 1 - Comune NE,2,46.173391,12.708457,93.296,16.464,109.76,Privato (potenziale),
PRIV_0728,Edificio 727,,Zona 1 - Comune NE,2,46.173193,12.70861,8.449,1.49,9.939,Privato (potenziale),
PRIV_0729,Edificio 728,Via Trieste,Zona 1 - Comune NE,2,46.172993,12.708915,191.59,33.81,225.4,Privato (potenziale),
PRIV_0730,Edificio 729,,Zona 1 - Comune NE,2,46.17318,12.708869,46.291,8.169,54.459999999999994,Privato (potenziale),
PRIV_0731,Edificio 730,,Zona 1 - Comune NE,2,46.173084,12.708692,45.577,8.043,53.62,Privato (potenziale),
PRIV_0732,Edificio 731,,Zona 1 - Comune NE,2,46.173344,12.709006,14.042,2.479,16.521,Privato (potenziale),
PRIV_0733,Via Roma 30,Via Roma,Zona 1 - Comune NE,2,46.172165,12.708283,37.247,6.573,43.82,Privato (potenziale),
PRIV_0734,Edificio 733,,Zona 1 - Comune NE,2,46.172075,12.708327,5.95,1.052,7.002000000000001,Privato (potenziale),
PRIV_0735,Edificio 734,,Zona 1 - Comune NE,2,46.172197,12.708877,238.476,42.084,280.56,Privato (potenziale),
PRIV_0736,Edificio 735,,Zona 1 - Comune NE,2,46.172301,12.709321,23.324,4.116,27.44,Privato (potenziale),
PRIV_0737,Edificio 736,,Zona 1 - Comune NE,2,46.172195,12.709506,17.612,3.107,20.718999999999998,Privato (potenziale),
PRIV_0738,Via San Rocco 14,Via San Rocco,Zona 1 - Comune NE,2,46.171937,12.709738,78.064,13.776,91.83999999999999,Privato (potenziale),
PRIV_0739,Edificio 738,,Zona 1 - Comune NE,2,46.171734,12.709703,21.42,3.781,25.201,Privato (potenziale),
PRIV_0740,Edificio 739,,Zona 1 - Comune NE,2,46.171788,12.709853,27.965,4.935,32.9,Privato (potenziale),
PRIV_0741,Via San Rocco 18,Via San Rocco,Zona 1 - Comune NE,2,46.171727,12.710067,12.614,2.227,14.841000000000001,Privato (potenziale),
PRIV_0742,Edificio 741,,Zona 1 - Comune NE,2,46.171597,12.71005,18.802,3.317,22.119,Privato (potenziale),
PRIV_0743,Via San Rocco 30,Via San Rocco,Zona 1 - Comune NE,2,46.171426,12.710108,111.741,19.719,131.46,Privato (potenziale),
PRIV_0744,Via Unità d'Italia 3,Via Unità d'Italia,Zona 1 - Comune NE,2,46.171299,12.712504,23.086,4.074,27.159999999999997,Privato (potenziale),
PRIV_0745,Edificio 744,,Zona 1 - Comune NE,2,46.171363,12.712469,17.969,3.17,21.139000000000003,Privato (potenziale),
PRIV_0746,Via Unità d'Italia 5,Via Unità d'Italia,Zona 1 - Comune NE,2,46.171392,12.712677,40.579,7.161,47.74,Privato (potenziale),
PRIV_0747,Edificio 746,,Zona 1 - Comune NE,2,46.171447,12.712634,18.921,3.339,22.259999999999998,Privato (potenziale),
PRIV_0748,Via Unità d'Italia 9,Via Unità d'Italia,Zona 1 - Comune NE,2,46.171469,12.71295,65.569,11.571,77.14,Privato (potenziale),
PRIV_0749,Edificio 748,,Zona 1 - Comune NE,2,46.171997,12.712397,459.395,95.845,555.24,Privato (potenziale),
PRIV_0750,Edificio 749,,Zona 1 - Comune NE,2,46.171937,12.712025,9.758,1.721,11.479,Privato (potenziale),
PRIV_0751,Edificio 750,,Zona 1 - Comune NE,2,46.171442,12.712202,11.9,2.1,14.0,Privato (potenziale),
PRIV_0752,Edificio 751,,Zona 1 - Comune NE,2,46.172243,12.713,57.953,10.228,68.181,Privato (potenziale),
PRIV_0753,Edificio 752,,Zona 1 - Comune NE,2,46.172395,12.712885,64.141,11.319,75.46000000000001,Privato (potenziale),
PRIV_0754,Edificio 753,,Zona 1 - Comune NE,2,46.172654,12.712573,20.111,3.549,23.66,Privato (potenziale),
PRIV_0755,Edificio 754,,Zona 1 - Comune NE,2,46.172815,12.712935,54.026,9.534,63.56,Privato (potenziale),
PRIV_0756,Edificio 755,,Zona 1 - Comune NE,2,46.172354,12.713356,427.21,75.39,502.59999999999997,Privato (potenziale),
PRIV_0757,Edificio 756,,Zona 1 - Comune NE,2,46.172632,12.714169,21.776,3.843,25.619,Privato (potenziale),
PRIV_0758,Edificio 757,,Zona 1 - Comune NE,2,46.172393,12.714051,59.262,10.458,69.72,Privato (potenziale),
PRIV_0759,Edificio 758,,Zona 1 - Comune NE,2,46.172466,12.714262,59.381,10.479,69.86,Privato (potenziale),
PRIV_0760,Edificio 759,,Zona 1 - Comune NE,2,46.17245,12.714166,7.139,1.26,8.399000000000001,Privato (potenziale),
PRIV_0761,Edificio 760,,Zona 1 - Comune NE,2,46.172318,12.71418,39.27,6.93,46.2,Privato (potenziale),
PRIV_0762,Via Unità d'Italia 25,Via Unità d'Italia,Zona 1 - Comune NE,2,46.171992,12.714579,33.796,5.964,39.76,Privato (potenziale),
PRIV_0763,Edificio 762,,Zona 1 - Comune NE,2,46.172091,12.714439,34.986,6.174,41.16,Privato (potenziale),
PRIV_0764,Via Unità d'Italia 27,Via Unità d'Italia,Zona 1 - Comune NE,2,46.172072,12.714728,38.912,6.867,45.778999999999996,Privato (potenziale),
PRIV_0765,Via Unità d'Italia 29,Via Unità d'Italia,Zona 1 - Comune NE,2,46.172164,12.714984,20.468,3.612,24.08,Privato (potenziale),
PRIV_0766,Via Unità d'Italia 31,Via Unità d'Italia,Zona 1 - Comune NE,2,46.172244,12.715201,34.986,6.174,41.16,Privato (potenziale),
PRIV_0767,Edificio 766,,Zona 1 - Comune NE,2,46.172365,12.714973,8.449,1.49,9.939,Privato (potenziale),
PRIV_0768,Edificio 767,,Zona 1 - Comune NE,2,46.172365,12.715187,9.996,1.762,11.758000000000001,Privato (potenziale),
PRIV_0769,Via Unità d'Italia 33,Via Unità d'Italia,Zona 1 - Comune NE,2,46.172342,12.715481,35.581,6.279,41.86,Privato (potenziale),
PRIV_0770,Via Unità d'Italia 35,Via Unità d'Italia,Zona 1 - Comune NE,2,46.172474,12.715794,35.581,6.279,41.86,Privato (potenziale),
PRIV_0771,Via Pietro Zorutti 3,Via Pietro Zorutti,Zona 1 - Comune NE,2,46.17254,12.71496,55.097,9.723,64.82000000000001,Privato (potenziale),
PRIV_0772,Via Pietro Zorutti 1,Via Pietro Zorutti,Zona 1 - Comune NE,2,46.172656,12.715287,48.076,8.484,56.56,Privato (potenziale),
PRIV_0773,Edificio 772,,Zona 1 - Comune NE,2,46.17244,12.714796,14.399,2.542,16.941,Privato (potenziale),
PRIV_0774,Edificio 773,,Zona 1 - Comune NE,2,46.172724,12.714993,12.733,2.248,14.981000000000002,Privato (potenziale),
PRIV_0775,Via Pietro Zorutti 5,Via Pietro Zorutti,Zona 1 - Comune NE,2,46.172917,12.715161,47.481,8.379,55.86,Privato (potenziale),
PRIV_0776,Via Pietro Zorutti 7,Via Pietro Zorutti,Zona 1 - Comune NE,2,46.17293,12.714866,28.084,4.956,33.04,Privato (potenziale),
PRIV_0777,Via Pietro Zorutti 9,Via Pietro Zorutti,Zona 1 - Comune NE,2,46.172986,12.714564,41.412,7.308,48.72,Privato (potenziale),
PRIV_0778,Via Pietro Zorutti 11,Via Pietro Zorutti,Zona 1 - Comune NE,2,46.173094,12.714411,21.42,3.781,25.201,Privato (potenziale),
PRIV_0779,Edificio 778,,Zona 1 - Comune NE,2,46.173061,12.714304,8.806,1.553,10.358999999999998,Privato (potenziale),
PRIV_0780,Via Arturo Zardini 5,Via Arturo Zardini,Zona 1 - Comune NE,2,46.173065,12.713955,70.925,12.516,83.441,Privato (potenziale),
PRIV_0781,Via Arturo Zardini 3,Via Arturo Zardini,Zona 1 - Comune NE,2,46.173277,12.714442,35.819,6.321,42.14,Privato (potenziale),
PRIV_0782,Via Arturo Zardini 1,Via Arturo Zardini,Zona 1 - Comune NE,2,46.173437,12.714693,33.439,5.901,39.34,Privato (potenziale),
PRIV_0783,Via Arturo Zardini 10,Via Arturo Zardini,Zona 1 - Comune NE,2,46.173249,12.713523,37.604,6.636,44.24,Privato (potenziale),
PRIV_0784,Edificio 783,,Zona 1 - Comune NE,2,46.173385,12.71389,22.967,4.053,27.02,Privato (potenziale),
PRIV_0785,Edificio 784,,Zona 1 - Comune NE,2,46.173459,12.713841,9.996,1.762,11.758000000000001,Privato (potenziale),
PRIV_0786,Via Arturo Zardini 8,Via Arturo Zardini,Zona 1 - Comune NE,2,46.17336,12.7138,6.664,1.178,7.842,Privato (potenziale),
PRIV_0787,Via Arturo Zardini 4,Via Arturo Zardini,Zona 1 - Comune NE,2,46.17357,12.714284,24.99,4.41,29.4,Privato (potenziale),
PRIV_0788,Edificio 787,,Zona 1 - Comune NE,2,46.173558,12.71418,6.426,1.136,7.562,Privato (potenziale),
PRIV_0789,Edificio 788,,Zona 1 - Comune NE,2,46.173716,12.714287,5.236,0.925,6.161,Privato (potenziale),
PRIV_0790,Via Arturo Zardini 2,Via Arturo Zardini,Zona 1 - Comune NE,2,46.173756,12.714592,18.088,3.191,21.279,Privato (potenziale),
PRIV_0791,Edificio 790,,Zona 1 - Comune NE,2,46.17372,12.714438,6.664,1.178,7.842,Privato (potenziale),
PRIV_0792,Via Alessandro Volta 18,Via Alessandro Volta,Zona 1 - Comune NE,2,46.173801,12.714151,25.942,4.578,30.52,Privato (potenziale),
PRIV_0793,Via Alessandro Volta 16,Via Alessandro Volta,Zona 1 - Comune NE,2,46.173842,12.713811,21.896,3.865,25.761000000000003,Privato (potenziale),
PRIV_0794,Edificio 793,,Zona 1 - Comune NE,2,46.173707,12.713789,17.136,3.023,20.159,Privato (potenziale),
PRIV_0795,Via Alessandro Volta 2,Via Alessandro Volta,Zona 1 - Comune NE,2,46.173791,12.712807,90.44,15.96,106.4,Privato (potenziale),
PRIV_0796,Edificio 795,,Zona 1 - Comune NE,2,46.17368,12.712882,22.134,3.906,26.04,Privato (potenziale),
PRIV_0797,Edificio 796,,Zona 1 - Comune NE,2,46.173664,12.713064,29.631,5.229,34.86,Privato (potenziale),
PRIV_0798,Edificio 797,,Zona 1 - Comune NE,2,46.173456,12.713199,38.556,6.804,45.36,Privato (potenziale),
PRIV_0799,Edificio 798,,Zona 1 - Comune NE,2,46.173196,12.713213,11.9,2.1,14.0,Privato (potenziale),
PRIV_0800,Edificio 799,,Zona 1 - Comune NE,2,46.173302,12.712463,75.446,13.314,88.75999999999999,Privato (potenziale),
PRIV_0801,Edificio 800,,Zona 1 - Comune NE,2,46.173518,12.712083,38.437,6.783,45.22,Privato (potenziale),
PRIV_0802,Edificio 801,,Zona 1 - Comune NE,2,46.173687,12.712049,5.593,0.989,6.582,Privato (potenziale),
PRIV_0803,Via Colle 18,Via Colle,Zona 1 - Comune NE,2,46.173405,12.711233,252.161,44.499,296.66,Privato (potenziale),
PRIV_0804,Edificio 803,,Zona 1 - Comune NE,2,46.173341,12.711298,11.424,2.015,13.439,Privato (potenziale),
PRIV_0805,Edificio 804,,Zona 1 - Comune NE,2,46.173035,12.710591,33.558,5.922,39.48,Privato (potenziale),
PRIV_0806,Via San Francesco d'Assisi 5,Via San Francesco d'Assisi,Zona 1 - Comune NE,2,46.172666,12.710574,31.892,5.628,37.519999999999996,Privato (potenziale),
PRIV_0807,Edificio 806,,Zona 1 - Comune NE,2,46.172793,12.710516,9.639,1.7,11.338999999999999,Privato (potenziale),
PRIV_0808,Via San Francesco d'Assisi 13,Via San Francesco d'Assisi,Zona 1 - Comune NE,2,46.172559,12.710807,32.249,5.691,37.940000000000005,Privato (potenziale),
PRIV_0809,Via San Francesco d'Assisi 17,Via San Francesco d'Assisi,Zona 1 - Comune NE,2,46.172427,12.711001,28.917,5.103,34.02,Privato (potenziale),
PRIV_0810,Edificio 809,,Zona 1 - Comune NE,2,46.172417,12.711097,10.591,1.867,12.457999999999998,Privato (potenziale),
PRIV_0811,Via San Francesco d'Assisi 23,Via San Francesco d'Assisi,Zona 1 - Comune NE,2,46.172278,12.71114,48.909,8.631,57.54,Privato (potenziale),
PRIV_0812,Via San Francesco d'Assisi 25,Via San Francesco d'Assisi,Zona 1 - Comune NE,2,46.172151,12.711396,31.416,5.544,36.96,Privato (potenziale),
PRIV_0813,Via San Francesco d'Assisi 27,Via San Francesco d'Assisi,Zona 1 - Comune NE,2,46.171849,12.711626,67.711,11.949,79.66,Privato (potenziale),
PRIV_0814,Edificio 813,,Zona 1 - Comune NE,2,46.172671,12.711006,14.875,2.626,17.501,Privato (potenziale),
PRIV_0815,Edificio 814,,Zona 1 - Comune NE,2,46.172831,12.711191,14.28,2.521,16.801,Privato (potenziale),
PRIV_0816,Edificio 815,,Zona 1 - Comune NE,2,46.172806,12.711274,9.282,1.637,10.919,Privato (potenziale),
PRIV_0817,Via San Francesco d'Assisi 3,Via San Francesco d'Assisi,Zona 1 - Comune NE,2,46.172822,12.710701,37.604,6.636,44.24,Privato (potenziale),
PRIV_0818,Edificio 817,,Zona 1 - Comune NE,2,46.173023,12.711337,13.328,2.353,15.681,Privato (potenziale),
PRIV_0819,Via San Francesco d'Assisi 1,Via San Francesco d'Assisi,Zona 1 - Comune NE,2,46.172956,12.710207,23.8,4.2,28.0,Privato (potenziale),
PRIV_0820,Via San Rocco 41,Via San Rocco,Zona 1 - Comune NE,2,46.171152,12.711719,32.725,5.775,38.5,Privato (potenziale),
PRIV_0821,Edificio 820,,Zona 1 - Comune NE,2,46.17131,12.711304,45.815,8.085,53.9,Privato (potenziale),
PRIV_0822,Edificio 821,,Zona 1 - Comune NE,2,46.173398,12.71163,41.769,7.371,49.14,Privato (potenziale),
PRIV_0823,Edificio 822,,Zona 1 - Comune NE,2,46.173415,12.711427,5.831,1.031,6.862,Privato (potenziale),
PRIV_0824,Edificio 823,,Zona 1 - Comune NE,2,46.173345,12.711774,9.639,1.7,11.338999999999999,Privato (potenziale),
PRIV_0825,Edificio 824,,Zona 1 - Comune NE,2,46.173199,12.711482,6.069,1.073,7.1419999999999995,Privato (potenziale),
PRIV_0826,Edificio 825,,Zona 1 - Comune NE,2,46.173168,12.711022,84.728,14.952,99.67999999999999,Privato (potenziale),
PRIV_0827,Edificio 826,,Zona 1 - Comune NE,2,46.173093,12.711259,5.236,0.925,6.161,Privato (potenziale),
PRIV_0828,Piazza Trento 13,Piazza Trento,Zona 1 - Comune NE,2,46.172818,12.709392,300.713,53.067,353.78000000000003,Privato (potenziale),
PRIV_0829,Edificio 828,,Zona 1 - Comune NE,2,46.173025,12.709913,6.069,1.073,7.1419999999999995,Privato (potenziale),
PRIV_0830,Via Colle 15,Via Colle,Zona 1 - Comune NE,2,46.172842,12.709855,10.234,1.805,12.039,Privato (potenziale),
PRIV_0831,Edificio 830,,Zona 1 - Comune NE,2,46.173285,12.710345,19.754,3.486,23.240000000000002,Privato (potenziale),
PRIV_0832,Via Colle 31,Via Colle,Zona 1 - Comune NE,2,46.173394,12.710395,52.241,9.22,61.461,Privato (potenziale),
PRIV_0833,Edificio 832,,Zona 1 - Comune NE,2,46.173511,12.710491,6.664,1.178,7.842,Privato (potenziale),
PRIV_0834,Via Colle 37,Via Colle,Zona 1 - Comune NE,2,46.173562,12.710662,28.203,4.977,33.18,Privato (potenziale),
PRIV_0835,Via Europa 8,Via Europa,Zona 1 - Comune NE,2,46.173833,12.710757,39.984,7.056,47.04,Privato (potenziale),
PRIV_0836,Via Europa 10,Via Europa,Zona 1 - Comune NE,2,46.173935,12.710978,25.823,4.557,30.380000000000003,Privato (potenziale),
PRIV_0837,Via Europa 12,Via Europa,Zona 1 - Comune NE,2,46.174094,12.711231,23.086,4.074,27.159999999999997,Privato (potenziale),
PRIV_0838,Via Europa 14,Via Europa,Zona 1 - Comune NE,2,46.174171,12.711396,25.228,4.452,29.68,Privato (potenziale),
PRIV_0839,Via Colle 45,Via Colle,Zona 1 - Comune NE,2,46.173731,12.711388,82.229,14.511,96.74,Privato (potenziale),
PRIV_0840,Via San Rocco 11,Via San Rocco,Zona 1 - Comune NE,2,46.172365,12.70964,31.297,5.523,36.82,Privato (potenziale),
PRIV_0841,Edificio 840,,Zona 1 - Comune NE,2,46.172666,12.710253,8.568,1.511,10.078999999999999,Privato (potenziale),
PRIV_0842,Via San Rocco 13,Via San Rocco,Zona 1 - Comune NE,2,46.172182,12.709846,42.72,7.539,50.259,Privato (potenziale),
PRIV_0843,Via San Rocco 19,Via San Rocco,Zona 1 - Comune NE,2,46.172104,12.71007,35.462,6.258,41.720000000000006,Privato (potenziale),
PRIV_0844,Edificio 843,,Zona 1 - Comune NE,2,46.172112,12.710342,11.9,2.1,14.0,Privato (potenziale),
PRIV_0845,Edificio 844,,Zona 1 - Comune NE,2,46.171968,12.710231,20.944,3.697,24.641,Privato (potenziale),
PRIV_0846,Via San Rocco 25,Via San Rocco,Zona 1 - Comune NE,2,46.171855,12.710384,21.063,3.718,24.781,Privato (potenziale),
PRIV_0847,Via San Rocco 31,Via San Rocco,Zona 1 - Comune NE,2,46.171751,12.710586,36.771,6.489,43.26,Privato (potenziale),
PRIV_0848,Edificio 847,,Zona 1 - Comune NE,2,46.171924,12.710623,42.483,7.497,49.98,Privato (potenziale),
PRIV_0849,Via San Rocco 33,Via San Rocco,Zona 1 - Comune NE,2,46.171633,12.710781,42.959,7.58,50.539,Privato (potenziale),
PRIV_0850,Via San Rocco 33,Via San Rocco,Zona 1 - Comune NE,2,46.17158,12.710701,5.474,0.968,6.442,Privato (potenziale),
PRIV_0851,Via San Rocco 37,Via San Rocco,Zona 1 - Comune NE,2,46.171494,12.710921,16.779,2.961,19.74,Privato (potenziale),
PRIV_0852,Edificio 851,,Zona 1 - Comune NE,2,46.171501,12.710985,10.115,1.784,11.899000000000001,Privato (potenziale),
PRIV_0853,Via San Francesco d'Assisi 28,Via San Francesco d'Assisi,Zona 1 - Comune NE,2,46.171641,12.711307,55.216,9.744,64.96000000000001,Privato (potenziale),
PRIV_0854,Edificio 853,,Zona 1 - Comune NE,2,46.171559,12.71119,7.616,1.343,8.959,Privato (potenziale),
PRIV_0855,Via San Francesco d'Assisi 24,Via San Francesco d'Assisi,Zona 1 - Comune NE,2,46.171953,12.710905,27.608,4.872,32.480000000000004,Privato (potenziale),
PRIV_0856,Via San Francesco d'Assisi 22,Via San Francesco d'Assisi,Zona 1 - Comune NE,2,46.172148,12.710765,21.658,3.823,25.481,Privato (potenziale),
PRIV_0857,Via San Francesco d'Assisi 14,Via San Francesco d'Assisi,Zona 1 - Comune NE,2,46.172317,12.710452,41.65,7.35,49.0,Privato (potenziale),
PRIV_0858,Via Colle 71,Via Colle,Zona 1 - Comune NE,2,46.174136,12.712603,42.72,7.539,50.259,Privato (potenziale),
PRIV_0859,Via Colle 75,Via Colle,Zona 1 - Comune NE,2,46.174107,12.712878,20.111,3.549,23.66,Privato (potenziale),
PRIV_0860,Edificio 859,,Zona 1 - Comune NE,2,46.174171,12.71238,15.589,2.751,18.34,Privato (potenziale),
PRIV_0861,Via Colvera 26,Via Colvera,Zona 1 - Comune NE,2,46.173919,12.709738,255.017,45.003,300.02,Privato (potenziale),
PRIV_0862,Edificio 861,,Zona 1 - Comune NE,2,46.174161,12.710325,49.266,8.694,57.96,Privato (potenziale),
PRIV_0863,Via Europa 7,Via Europa,Zona 1 - Comune NE,2,46.173793,12.709977,34.629,6.111,40.739999999999995,Privato (potenziale),
PRIV_0864,Edificio 863,,Zona 1 - Comune NE,2,46.174089,12.71003,28.441,5.019,33.46,Privato (potenziale),
PRIV_0865,Edificio 864,,Zona 1 - Comune NE,2,46.173715,12.71076,5.117,0.905,6.022,Privato (potenziale),
PRIV_0866,Via Colvera 23,Via Colvera,Zona 1 - Comune NE,2,46.173802,12.709334,73.304,12.936,86.24000000000001,Privato (potenziale),
PRIV_0867,Via Pietro Zorutti 26,Via Pietro Zorutti,Zona 1 - Comune NE,2,46.173828,12.71493,38.556,6.804,45.36,Privato (potenziale),
PRIV_0868,Via Pietro Zorutti 20,Via Pietro Zorutti,Zona 1 - Comune NE,2,46.173608,12.715114,28.917,5.103,34.02,Privato (potenziale),
PRIV_0869,Edificio 868,,Zona 1 - Comune NE,2,46.173724,12.71512,10.591,1.867,12.457999999999998,Privato (potenziale),
PRIV_0870,Via Pietro Zorutti 18,Via Pietro Zorutti,Zona 1 - Comune NE,2,46.17336,12.715258,32.606,5.753,38.359,Privato (potenziale),
PRIV_0871,Edificio 870,,Zona 1 - Comune NE,2,46.17318,12.715387,33.796,5.964,39.76,Privato (potenziale),
PRIV_0872,Via Pietro Zorutti 12,Via Pietro Zorutti,Zona 1 - Comune NE,2,46.173,12.715504,23.562,4.159,27.721,Privato (potenziale),
PRIV_0873,Via Pietro Zorutti 10,Via Pietro Zorutti,Zona 1 - Comune NE,2,46.172882,12.715661,14.875,2.626,17.501,Privato (potenziale),
PRIV_0874,Edificio 873,,Zona 1 - Comune NE,2,46.172865,12.715727,5.474,0.968,6.442,Privato (potenziale),
PRIV_0875,Via Pietro Zorutti 8,Via Pietro Zorutti,Zona 1 - Comune NE,2,46.172759,12.715821,13.923,2.458,16.381,Privato (potenziale),
PRIV_0876,Via Pietro Zorutti 2,Via Pietro Zorutti,Zona 1 - Comune NE,2,46.172665,12.716133,46.41,8.19,54.599999999999994,Privato (potenziale),
PRIV_0877,Edificio 876,,Zona 1 - Comune NE,2,46.172958,12.717111,32.249,5.691,37.940000000000005,Privato (potenziale),
PRIV_0878,Via dei Fabbri 40,Via dei Fabbri,Zona 1 - Comune NE,2,46.17308,12.717308,49.98,8.82,58.8,Privato (potenziale),
PRIV_0879,Via dei Fabbri 38,Via dei Fabbri,Zona 1 - Comune NE,2,46.173257,12.71756,8.806,1.553,10.358999999999998,Privato (potenziale),
PRIV_0880,Edificio 879,,Zona 1 - Comune NE,2,46.17384,12.71773,20.468,3.612,24.08,Privato (potenziale),
PRIV_0881,Edificio 880,,Zona 1 - Comune NE,2,46.173966,12.717876,6.901,1.219,8.12,Privato (potenziale),
PRIV_0882,Via dei Fabbri 26,Via dei Fabbri,Zona 1 - Comune NE,2,46.174102,12.717726,21.896,3.865,25.761000000000003,Privato (potenziale),
PRIV_0883,Edificio 882,,Zona 1 - Comune NE,2,46.17407,12.717769,5.117,0.905,6.022,Privato (potenziale),
PRIV_0884,Edificio 883,,Zona 1 - Comune NE,2,46.174054,12.717486,13.328,2.353,15.681,Privato (potenziale),
PRIV_0885,Via Unità d'Italia 43,Via Unità d'Italia,Zona 1 - Comune NE,2,46.174133,12.720495,39.984,7.056,47.04,Privato (potenziale),
PRIV_0886,Edificio 885,,Zona 1 - Comune NE,2,46.173278,12.709073,8.092,1.428,9.52,Privato (potenziale),
PRIV_0887,Via Colle 17,Via Colle,Zona 1 - Comune NE,2,46.173095,12.709685,81.039,14.301,95.34,Privato (potenziale),
PRIV_0888,Via Colle 12,Via Colle,Zona 1 - Comune NE,2,46.172562,12.70984,178.5,31.5,210.0,Privato (potenziale),
PRIV_0889,Edificio 888,,Zona 1 - Comune NE,2,46.173124,12.715621,20.111,3.549,23.66,Privato (potenziale),
PRIV_0890,Via dei Fabbri 46,Via dei Fabbri,Zona 1 - Comune NE,2,46.172781,12.71645,54.74,9.66,64.4,Privato (potenziale),
PRIV_0891,Via dei Fabbri 42,Via dei Fabbri,Zona 1 - Comune NE,2,46.172873,12.716786,47.957,8.462,56.419,Privato (potenziale),
PRIV_0892,Edificio 891,,Zona 1 - Comune NE,2,46.173625,12.718262,21.063,3.718,24.781,Privato (potenziale),
PRIV_0893,Edificio 892,Via Roma,Zona 1 - Comune NE,2,46.172064,12.707634,414.001,73.059,487.05999999999995,Privato (potenziale),
PRIV_0894,Edificio 893,,Zona 1 - Comune NE,2,46.172236,12.707374,41.888,7.392,49.28,Privato (potenziale),
PRIV_0895,Edificio 894,,Zona 1 - Comune NE,2,46.17199,12.70719,11.781,2.079,13.860000000000001,Privato (potenziale),
PRIV_0896,Edificio 895,,Zona 1 - Comune NE,2,46.172068,12.706909,12.257,2.164,14.421,Privato (potenziale),
PRIV_0897,Edificio 896,Via Castello,Zona 1 - Comune NE,2,46.171981,12.706909,39.746,7.014,46.760000000000005,Privato (potenziale),
PRIV_0898,Via Castello 14,Via Castello,Zona 1 - Comune NE,2,46.172133,12.706926,103.887,18.333,122.22,Privato (potenziale),
PRIV_0899,Vicolo Pomponio Amalteo 10,Vicolo Pomponio Amalteo,Zona 1 - Comune NE,2,46.172373,12.707067,32.606,5.753,38.359,Privato (potenziale),
PRIV_0900,Vicolo Pomponio Amalteo 13,Vicolo Pomponio Amalteo,Zona 1 - Comune NE,2,46.17251,12.707367,64.379,11.361,75.74000000000001,Privato (potenziale),
PRIV_0901,Vicolo Pomponio Amalteo 9,Vicolo Pomponio Amalteo,Zona 1 - Comune NE,2,46.172536,12.706778,30.583,5.397,35.98,Privato (potenziale),
PRIV_0902,Edificio 901,,Zona 1 - Comune NE,2,46.172963,12.707139,41.769,7.371,49.14,Privato (potenziale),
PRIV_0903,Vicolo Chiuso 15,Vicolo Chiuso,Zona 1 - Comune NE,2,46.172844,12.707399,36.89,6.51,43.4,Privato (potenziale),
PRIV_0904,Vicolo Chiuso 35,Vicolo Chiuso,Zona 1 - Comune NE,2,46.173277,12.707194,17.136,3.023,20.159,Privato (potenziale),
PRIV_0905,Vicolo Chiuso 37,Vicolo Chiuso,Zona 1 - Comune NE,2,46.173383,12.706896,42.483,7.497,49.98,Privato (potenziale),
PRIV_0906,Vicolo Chiuso 22,Vicolo Chiuso,Zona 1 - Comune NE,2,46.173719,12.706865,40.936,7.224,48.16,Privato (potenziale),
PRIV_0907,Vicolo Chiuso 43,Vicolo Chiuso,Zona 1 - Comune NE,2,46.173647,12.706581,27.727,4.893,32.62,Privato (potenziale),
PRIV_0908,Edificio 907,,Zona 1 - Comune NE,2,46.173834,12.707364,8.449,1.49,9.939,Privato (potenziale),
PRIV_0909,Edificio 908,,Zona 1 - Comune NE,2,46.173704,12.707395,34.271,6.048,40.319,Privato (potenziale),
PRIV_0910,Edificio 909,,Zona 1 - Comune NE,2,46.17393,12.706859,25.466,4.494,29.96,Privato (potenziale),
PRIV_0911,Edificio 910,,Zona 1 - Comune NE,2,46.174018,12.707438,22.253,3.927,26.18,Privato (potenziale),
PRIV_0912,Vicolo Pomponio Amalteo 11,Vicolo Pomponio Amalteo,Zona 1 - Comune NE,2,46.172704,12.706913,26.894,4.746,31.64,Privato (potenziale),
PRIV_0913,Edificio 912,,Zona 1 - Comune NE,2,46.172842,12.703977,32.249,5.691,37.940000000000005,Privato (potenziale),
PRIV_0914,Via Castello 36,Via Castello,Zona 1 - Comune NE,2,46.173003,12.703165,41.412,7.308,48.72,Privato (potenziale),
PRIV_0915,Edificio 914,,Zona 1 - Comune NE,2,46.173184,12.703711,173.74,30.66,204.4,Privato (potenziale),
PRIV_0916,Edificio 915,,Zona 1 - Comune NE,2,46.173278,12.704213,33.796,5.964,39.76,Privato (potenziale),
PRIV_0917,Edificio 916,,Zona 1 - Comune NE,2,46.1735,12.704631,16.66,2.939,19.599,Privato (potenziale),
PRIV_0918,Edificio 917,,Zona 1 - Comune NE,2,46.173675,12.704571,52.598,9.282,61.879999999999995,Privato (potenziale),
PRIV_0919,Edificio 918,,Zona 1 - Comune NE,2,46.173866,12.704576,20.23,3.57,23.8,Privato (potenziale),
PRIV_0920,Edificio 919,,Zona 1 - Comune NE,2,46.174022,12.704906,9.401,1.658,11.059,Privato (potenziale),
PRIV_0921,Edificio 920,,Zona 1 - Comune NE,2,46.173933,12.705053,36.295,6.405,42.7,Privato (potenziale),
PRIV_0922,Edificio 921,,Zona 1 - Comune NE,2,46.173772,12.705177,22.967,4.053,27.02,Privato (potenziale),
PRIV_0923,Edificio 922,,Zona 1 - Comune NE,2,46.173589,12.704852,64.974,11.466,76.44,Privato (potenziale),
PRIV_0924,Edificio 923,,Zona 1 - Comune NE,2,46.173843,12.705139,6.664,1.178,7.842,Privato (potenziale),
PRIV_0925,Via Castello 18,Via Castello,Zona 1 - Comune NE,2,46.172293,12.706594,97.461,17.199,114.66,Privato (potenziale),
PRIV_0926,Edificio 925,,Zona 1 - Comune NE,2,46.173554,12.705122,10.829,1.91,12.739,Privato (potenziale),
PRIV_0927,Edificio 926,,Zona 1 - Comune NE,2,46.174096,12.706631,13.328,2.353,15.681,Privato (potenziale),
PRIV_0928,Edificio 927,,Zona 1 - Comune NE,2,46.174114,12.706392,9.639,1.7,11.338999999999999,Privato (potenziale),
PRIV_0929,Via Trieste 23,Via Trieste,Zona 1 - Comune NE,2,46.174149,12.707033,63.427,11.193,74.62,Privato (potenziale),
PRIV_0930,Edificio 929,,Zona 1 - Comune NE,2,46.174254,12.706851,9.758,1.721,11.479,Privato (potenziale),
PRIV_0931,Edificio 930,,Zona 1 - Comune NE,2,46.174246,12.706581,9.282,1.637,10.919,Privato (potenziale),
PRIV_0932,Via Trieste 27,Via Trieste,Zona 1 - Comune NE,2,46.1744,12.706364,27.965,4.935,32.9,Privato (potenziale),
PRIV_0933,Via Trieste 66,Via Trieste,Zona 1 - Comune NE,2,46.174585,12.706851,148.75,26.25,175.0,Privato (potenziale),
PRIV_0934,Via Trieste 62,Via Trieste,Zona 1 - Comune NE,2,46.1744,12.707036,7.735,1.365,9.1,Privato (potenziale),
PRIV_0935,Edificio 934,,Zona 1 - Comune NE,2,46.174452,12.707014,11.9,2.1,14.0,Privato (potenziale),
PRIV_0936,Edificio 935,,Zona 1 - Comune NE,2,46.174328,12.707065,10.948,1.93,12.878,Privato (potenziale),
PRIV_0937,Via Trieste 60,Via Trieste,Zona 1 - Comune NE,2,46.174327,12.707297,33.082,5.838,38.92,Privato (potenziale),
PRIV_0938,Edificio 937,,Zona 1 - Comune NE,2,46.174792,12.707263,31.654,5.586,37.24,Privato (potenziale),
PRIV_0939,Via Giovanni Pascoli 32,Via Giovanni Pascoli,Zona 1 - Comune NE,2,46.175407,12.70636,44.149,7.79,51.939,Privato (potenziale),
PRIV_0940,Edificio 939,,Zona 1 - Comune NE,2,46.175377,12.706469,10.948,1.93,12.878,Privato (potenziale),
PRIV_0941,Via Monte Jouf 15,Via Monte Jouf,Zona 1 - Comune NE,2,46.175081,12.706471,76.756,13.545,90.301,Privato (potenziale),
PRIV_0942,Via Giovanni Pascoli 30,Via Giovanni Pascoli,Zona 1 - Comune NE,2,46.175218,12.706035,55.93,9.87,65.8,Privato (potenziale),
PRIV_0943,Via Mantellin 1,Via Mantellin,Zona 1 - Comune NE,2,46.17568,12.70717,61.285,10.815,72.1,Privato (potenziale),
PRIV_0944,Via Monte Jouf 18,Via Monte Jouf,Zona 1 - Comune NE,2,46.175869,12.706847,103.292,18.228,121.52000000000001,Privato (potenziale),
PRIV_0945,Via Vovida 1,Via Vovida,Zona 1 - Comune NE,2,46.176169,12.707302,36.652,6.468,43.120000000000005,Privato (potenziale),
PRIV_0946,Via Giovanni Pascoli 51,Via Giovanni Pascoli,Zona 1 - Comune NE,2,46.176982,12.707398,47.124,8.316,55.440000000000005,Privato (potenziale),
PRIV_0947,Edificio 946,,Zona 1 - Comune NE,2,46.176855,12.706861,42.72,7.539,50.259,Privato (potenziale),
PRIV_0948,Via Giovanni Pascoli 41,Via Giovanni Pascoli,Zona 1 - Comune NE,2,46.176475,12.706868,25.823,4.557,30.380000000000003,Privato (potenziale),
PRIV_0949,Via Giovanni Pascoli 39,Via Giovanni Pascoli,Zona 1 - Comune NE,2,46.176128,12.706508,92.106,16.254,108.36,Privato (potenziale),
PRIV_0950,Via Giovanni Pascoli 49,Via Giovanni Pascoli,Zona 1 - Comune NE,2,46.176786,12.707197,29.869,5.271,35.14,Privato (potenziale),
PRIV_0951,Via Monte Jouf 13,Via Monte Jouf,Zona 1 - Comune NE,2,46.175313,12.706718,27.608,4.872,32.480000000000004,Privato (potenziale),
PRIV_0952,Edificio 951,,Zona 1 - Comune NE,2,46.174131,12.705145,15.827,2.793,18.62,Privato (potenziale),
PRIV_0953,Via Giovanni Pascoli 20,Via Giovanni Pascoli,Zona 1 - Comune NE,2,46.174235,12.705378,53.312,9.408,62.72,Privato (potenziale),
PRIV_0954,Edificio 953,,Zona 1 - Comune NE,2,46.176075,12.705881,126.616,22.344,148.96,Privato (potenziale),
PRIV_0955,Edificio 954,,Zona 1 - Comune NE,2,46.175693,12.705978,83.776,14.784,98.56,Privato (potenziale),
PRIV_0956,Edificio 955,,Zona 1 - Comune NE,2,46.175716,12.705483,41.888,7.392,49.28,Privato (potenziale),
PRIV_0957,Via Giovanni Pascoli 25,Via Giovanni Pascoli,Zona 1 - Comune NE,2,46.175228,12.705284,59.619,10.521,70.14,Privato (potenziale),
PRIV_0958,Edificio 957,,Zona 1 - Comune NE,2,46.174239,12.70491,65.926,11.634,77.56,Privato (potenziale),
PRIV_0959,Edificio 958,,Zona 1 - Comune NE,2,46.174268,12.704711,43.078,7.602,50.68000000000001,Privato (potenziale),
PRIV_0960,Edificio 959,,Zona 1 - Comune NE,2,46.174393,12.70475,14.042,2.479,16.521,Privato (potenziale),
PRIV_0961,Edificio 960,,Zona 1 - Comune NE,2,46.174471,12.704947,20.468,3.612,24.08,Privato (potenziale),
PRIV_0962,Edificio 961,,Zona 1 - Comune NE,2,46.174594,12.705077,32.487,5.733,38.22,Privato (potenziale),
PRIV_0963,Edificio 962,,Zona 1 - Comune NE,2,46.174458,12.704869,6.069,1.073,7.1419999999999995,Privato (potenziale),
PRIV_0964,Via Giovanni Pascoli 28,Via Giovanni Pascoli,Zona 1 - Comune NE,2,46.174772,12.705738,31.059,5.481,36.54,Privato (potenziale),
PRIV_0965,Via Colvera 27,Via Colvera,Zona 1 - Comune NE,2,46.17415,12.709451,106.029,18.711,124.74,Privato (potenziale),
PRIV_0966,Via dei Fabbri 29,Via dei Fabbri,Zona 1 - Comune NE,2,46.17445,12.71828,74.256,13.104,87.36,Privato (potenziale),
PRIV_0967,Edificio 966,,Zona 1 - Comune NE,2,46.174779,12.718087,136.85,24.15,161.0,Privato (potenziale),
PRIV_0968,Edificio 967,,Zona 1 - Comune NE,2,46.175015,12.717767,122.094,21.546,143.64,Privato (potenziale),
PRIV_0969,Via dei Fabbri 23,Via dei Fabbri,Zona 1 - Comune NE,2,46.175372,12.71778,171.836,30.324,202.16000000000003,Privato (potenziale),
PRIV_0970,Via dei Fabbri 21,Via dei Fabbri,Zona 1 - Comune NE,2,46.175744,12.717657,179.214,31.626,210.84,Privato (potenziale),
PRIV_0971,Via dei Fabbri 19,Via dei Fabbri,Zona 1 - Comune NE,2,46.176024,12.717239,249.067,43.953,293.02,Privato (potenziale),
PRIV_0972,Via dei Fabbri 17,Via dei Fabbri,Zona 1 - Comune NE,2,46.176541,12.716839,45.815,8.085,53.9,Privato (potenziale),
PRIV_0973,Via dei Fabbri 15,Via dei Fabbri,Zona 1 - Comune NE,2,46.176928,12.716656,103.768,18.312,122.08,Privato (potenziale),
PRIV_0974,Edificio 973,,Zona 1 - Comune NE,2,46.180197,12.708928,92.462,16.317,108.779,Privato (potenziale),
PRIV_0975,Via Alessandro Volta 33,Via Alessandro Volta,Zona 1 - Comune NE,2,46.175207,12.71457,47.957,8.462,56.419,Privato (potenziale),
PRIV_0976,Via Alessandro Volta 29,Via Alessandro Volta,Zona 1 - Comune NE,2,46.17558,12.714591,92.582,16.338,108.91999999999999,Privato (potenziale),
PRIV_0977,Edificio 976,,Zona 1 - Comune NE,2,46.176053,12.716497,53.907,9.513,63.419999999999995,Privato (potenziale),
PRIV_0978,Edificio 977,,Zona 1 - Comune NE,2,46.176379,12.714705,54.383,9.597,63.980000000000004,Privato (potenziale),
PRIV_0979,Via Molini 11,Via Molini,Zona 1 - Comune NE,2,46.17589,12.712029,708.169,124.971,833.14,Privato (potenziale),
PRIV_0980,Edificio 979,,Zona 1 - Comune NE,2,46.1762,12.71257,29.75,5.25,35.0,Privato (potenziale),
PRIV_0981,Edificio 980,,Zona 1 - Comune NE,2,46.176944,12.714841,26.299,4.641,30.939999999999998,Privato (potenziale),
PRIV_0982,Edificio 981,,Zona 1 - Comune NE,2,46.176377,12.716257,95.437,16.842,112.279,Privato (potenziale),
PRIV_0983,Via Battiferri 25,Via Battiferri,Zona 1 - Comune NE,2,46.179147,12.709479,99.246,17.514,116.75999999999999,Privato (potenziale),
PRIV_0984,Edificio 983,,Zona 1 - Comune NE,2,46.175731,12.709202,73.423,12.957,86.38,Privato (potenziale),
PRIV_0985,Edificio 984,,Zona 1 - Comune NE,2,46.177035,12.715388,42.483,7.497,49.98,Privato (potenziale),
PRIV_0986,Edificio 985,,Zona 1 - Comune NE,2,46.177202,12.715837,70.091,12.369,82.46,Privato (potenziale),
PRIV_0987,Edificio 986,,Zona 1 - Comune NE,2,46.177297,12.716382,67.949,11.991,79.94,Privato (potenziale),
PRIV_0988,Edificio 987,,Zona 1 - Comune NE,2,46.174426,12.717157,61.046,10.773,71.819,Privato (potenziale),
PRIV_0989,Edificio 988,,Zona 1 - Comune NE,2,46.173301,12.715703,87.703,15.477,103.18,Privato (potenziale),
PRIV_0990,Edificio 989,,Zona 1 - Comune NE,2,46.173458,12.716162,53.43,9.429,62.859,Privato (potenziale),
PRIV_0991,Edificio 990,,Zona 1 - Comune NE,2,46.173598,12.716881,91.273,16.107,107.38,Privato (potenziale),
PRIV_0992,Edificio 991,,Zona 1 - Comune NE,2,46.173954,12.717087,75.089,13.251,88.34,Privato (potenziale),
PRIV_0993,Via dei Fabbri 30,Via dei Fabbri,Zona 1 - Comune NE,2,46.173617,12.718016,43.316,7.644,50.96,Privato (potenziale),
PRIV_0994,Via dei Fabbri 30,Via dei Fabbri,Zona 1 - Comune NE,2,46.173651,12.718107,37.961,6.699,44.66,Privato (potenziale),
PRIV_0995,Edificio 994,,Zona 1 - Comune NE,2,46.173487,12.715839,14.637,2.584,17.221,Privato (potenziale),
PRIV_0996,Edificio 995,,Zona 1 - Comune NE,2,46.172938,12.716384,31.654,5.586,37.24,Privato (potenziale),
PRIV_0997,Edificio 996,,Zona 1 - Comune NE,2,46.17306,12.716677,87.227,15.393,102.62,Privato (potenziale),
PRIV_0998,Via dei Fabbri 36,Via dei Fabbri,Zona 1 - Comune NE,2,46.173939,12.716443,134.708,23.772,158.48,Privato (potenziale),
PRIV_0999,Edificio 998,,Zona 1 - Comune NE,2,46.173389,12.717431,31.892,5.628,37.519999999999996,Privato (potenziale),
PRIV_1000,Edificio 999,,Zona 1 - Comune NE,2,46.174387,12.707363,5.593,0.989,6.582,Privato (potenziale),
PRIV_1001,Edificio 1000,,Zona 1 - Comune NE,2,46.175245,12.706632,6.664,1.178,7.842,Privato (potenziale),
PRIV_1002,Edificio 1001,,Zona 1 - Comune NE,2,46.174518,12.704764,6.307,1.115,7.422000000000001,Privato (potenziale),
PRIV_1003,Edificio 1002,,Zona 1 - Comune NE,2,46.174389,12.704414,5.95,1.052,7.002000000000001,Privato (potenziale),
PRIV_1004,Edificio 1003,,Zona 1 - Comune NE,2,46.174218,12.706731,6.901,1.219,8.12,Privato (potenziale),
PRIV_1005,Edificio 1004,,Zona 1 - Comune NE,2,46.173666,12.706359,15.113,2.667,17.78,Privato (potenziale),
PRIV_1006,Edificio 1005,,Zona 1 - Comune NE,2,46.172846,12.703093,17.493,3.086,20.578999999999997,Privato (potenziale),
PRIV_1007,Edificio 1006,,Zona 1 - Comune NE,2,46.173508,12.703799,32.487,5.733,38.22,Privato (potenziale),
PRIV_1008,Edificio 1007,,Zona 1 - Comune NE,2,46.173472,12.70458,5.117,0.905,6.022,Privato (potenziale),
PRIV_1009,Edificio 1008,,Zona 1 - Comune NE,2,46.17393,12.704556,5.117,0.905,6.022,Privato (potenziale),
PRIV_1010,Edificio 1009,,Zona 1 - Comune NE,2,46.173718,12.70438,23.8,4.2,28.0,Privato (potenziale),
PRIV_1011,Edificio 1010,,Zona 1 - Comune NE,2,46.173958,12.704753,5.831,1.031,6.862,Privato (potenziale),
PRIV_1012,Edificio 1011,,Zona 1 - Comune NE,2,46.173687,12.705303,8.33,1.469,9.799,Privato (potenziale),
PRIV_1013,Edificio 1012,,Zona 1 - Comune NE,2,46.173551,12.704531,8.092,1.428,9.52,Privato (potenziale),
PRIV_1014,Edificio 1013,,Zona 1 - Comune NE,2,46.172394,12.706401,24.395,4.305,28.7,Privato (potenziale),
PRIV_1015,Edificio 1014,,Zona 1 - Comune NE,2,46.172177,12.71034,5.95,1.052,7.002000000000001,Privato (potenziale),
PRIV_1016,Edificio 1015,,Zona 1 - Comune NE,2,46.173874,12.710015,16.66,2.939,19.599,Privato (potenziale),
PRIV_1017,Edificio 1016,,Zona 1 - Comune NE,2,46.172968,12.715871,5.236,0.925,6.161,Privato (potenziale),
PRIV_1018,Edificio 1017,,Zona 1 - Comune NE,2,46.173004,12.715837,5.95,1.052,7.002000000000001,Privato (potenziale),
PRIV_1019,Edificio 1018,,Zona 1 - Comune NE,2,46.173228,12.716148,5.117,0.905,6.022,Privato (potenziale),
PRIV_1020,Edificio 1019,,Zona 1 - Comune NE,2,46.174046,12.716906,6.664,1.178,7.842,Privato (potenziale),
PRIV_1021,Edificio 1020,,Zona 1 - Comune NE,2,46.173933,12.716015,17.731,3.128,20.859,Privato (potenziale),
PRIV_1022,Edificio 1021,,Zona 1 - Comune NE,2,46.174036,12.716647,17.731,3.128,20.859,Privato (potenziale),
PRIV_1023,Edificio 1022,,Zona 1 - Comune NE,2,46.173385,12.717873,9.401,1.658,11.059,Privato (potenziale),
PRIV_1024,Edificio 1023,,Zona 1 - Comune NE,2,46.17364,12.717809,12.495,2.206,14.700999999999999,Privato (potenziale),
PRIV_1025,Edificio 1024,,Zona 1 - Comune NE,2,46.174066,12.717376,8.449,1.49,9.939,Privato (potenziale),
PRIV_1026,Edificio 1025,,Zona 1 - Comune NE,2,46.173035,12.716286,6.307,1.115,7.422000000000001,Privato (potenziale),
PRIV_1027,Edificio 1026,,Zona 1 - Comune NE,2,46.173036,12.71649,12.614,2.227,14.841000000000001,Privato (potenziale),
PRIV_1028,Edificio 1027,,Zona 1 - Comune NE,2,46.171435,12.708456,21.301,3.76,25.061,Privato (potenziale),
PRIV_1029,Edificio 1028,,Zona 1 - Comune NE,2,46.171625,12.70826,40.579,7.161,47.74,Privato (potenziale),
PRIV_1030,Edificio 1029,,Zona 1 - Comune NE,2,46.171625,12.708492,26.06,4.598,30.657999999999998,Privato (potenziale),
PRIV_1031,Edificio 1030,,Zona 1 - Comune NE,2,46.172659,12.707529,11.305,1.994,13.299,Privato (potenziale),
PRIV_1032,Edificio 1031,,Zona 1 - Comune NE,2,46.173161,12.707659,5.117,0.905,6.022,Privato (potenziale),
PRIV_1033,Edificio 1032,,Zona 1 - Comune NE,2,46.173787,12.708536,6.426,1.136,7.562,Privato (potenziale),
PRIV_1034,Edificio 1033,,Zona 1 - Comune NE,2,46.172389,12.709106,6.426,1.136,7.562,Privato (potenziale),
PRIV_1035,Edificio 1034,,Zona 1 - Comune NE,2,46.171608,12.709596,18.326,3.233,21.559,Privato (potenziale),
PRIV_1036,Edificio 1035,,Zona 1 - Comune NE,2,46.172253,12.715547,13.447,2.375,15.822,Privato (potenziale),
PRIV_1037,Edificio 1036,,Zona 1 - Comune NE,2,46.172746,12.7146,5.117,0.905,6.022,Privato (potenziale),
PRIV_1038,Edificio 1037,,Zona 1 - Comune NE,2,46.172875,12.71039,6.783,1.199,7.982,Privato (potenziale),
PRIV_1039,Edificio 1038,,Zona 1 - Comune NE,2,46.172741,12.71149,4.998,0.884,5.882000000000001,Privato (potenziale),
PRIV_1040,Edificio 1039,,Zona 1 - Comune NE,2,46.173037,12.710988,5.474,0.968,6.442,Privato (potenziale),
PRIV_1041,Edificio 1040,,Zona 1 - Comune NE,2,46.172911,12.709738,11.424,2.015,13.439,Privato (potenziale),
PRIV_1042,Edificio 1041,,Zona 1 - Comune NE,2,46.174028,12.711437,5.474,0.968,6.442,Privato (potenziale),
PRIV_1043,Edificio 1042,,Zona 1 - Comune NE,2,46.179551,12.708552,5.95,1.052,7.002000000000001,Privato (potenziale),
PRIV_1044,Edificio 1043,,Zona 1 - Comune NE,2,46.174758,12.708234,6.069,1.073,7.1419999999999995,Privato (potenziale),
PRIV_1045,Edificio 1044,,Zona 1 - Comune NE,2,46.174503,12.70859,15.232,2.688,17.919999999999998,Privato (potenziale),
PRIV_1046,Edificio 1045,,Zona 1 - Comune NE,2,46.174826,12.712861,7.378,1.302,8.68,Privato (potenziale),
PRIV_1047,Edificio 1046,,Zona 1 - Comune NE,2,46.174464,12.712252,5.831,1.031,6.862,Privato (potenziale),
PRIV_1048,Edificio 1047,,Zona 1 - Comune NE,2,46.17491,12.71118,5.95,1.052,7.002000000000001,Privato (potenziale),
PRIV_1049,Edificio 1048,,Zona 1 - Comune NE,2,46.175356,12.710852,11.305,1.994,13.299,Privato (potenziale),
PRIV_1050,Edificio 1049,,Zona 1 - Comune NE,2,46.175731,12.717868,16.422,2.897,19.319,Privato (potenziale),
PRIV_1051,Edificio 1050,,Zona 1 - Comune NE,2,46.175869,12.717767,8.33,1.469,9.799,Privato (potenziale),
PRIV_1052,Edificio 1051,,Zona 1 - Comune NE,2,46.174666,12.710415,5.117,0.905,6.022,Privato (potenziale),
PRIV_1053,Edificio 1052,,Zona 1 - Comune NE,2,46.174837,12.709737,6.069,1.073,7.1419999999999995,Privato (potenziale),
PRIV_1054,Edificio 1053,,Zona 1 - Comune NE,2,46.18024,12.70881,6.307,1.115,7.422000000000001,Privato (potenziale),
PRIV_1055,Edificio 1054,,Zona 1 - Comune NE,2,46.179198,12.70965,27.251,4.809,32.06,Privato (potenziale),
PRIV_1056,Edificio 1055,,Zona 1 - Comune NE,2,46.178235,12.709066,15.113,2.667,17.78,Privato (potenziale),
PRIV_1057,Edificio 1056,,Zona 1 - Comune NE,2,46.177989,12.708822,6.307,1.115,7.422000000000001,Privato (potenziale),
PRIV_1058,Edificio 1057,,Zona 1 - Comune NE,2,46.174394,12.716755,6.901,1.219,8.12,Privato (potenziale),
PRIV_1059,Edificio 1058,,Zona 1 - Comune NE,2,46.174536,12.714843,5.117,0.905,6.022,Privato (potenziale),
PRIV_1060,Edificio 1059,,Zona 1 - Comune NE,2,46.174599,12.714565,8.092,1.428,9.52,Privato (potenziale),
PRIV_1061,Edificio 1060,,Zona 1 - Comune NE,2,46.175462,12.714378,5.117,0.905,6.022,Privato (potenziale),
PRIV_1062,Edificio 1061,,Zona 1 - Comune NE,2,46.175317,12.715824,5.117,0.905,6.022,Privato (potenziale),
PRIV_1063,Edificio 1062,,Zona 1 - Comune NE,2,46.176033,12.716394,55.454,9.786,65.24,Privato (potenziale),
PRIV_1064,Edificio 1063,,Zona 1 - Comune NE,2,46.176377,12.708717,7.973,1.406,9.379,Privato (potenziale),
PRIV_1065,Edificio 1064,,Zona 1 - Comune NE,2,46.176049,12.709767,10.472,1.847,12.318999999999999,Privato (potenziale),
PRIV_1066,Edificio 1065,,Zona 1 - Comune NE,2,46.175861,12.709077,10.948,1.93,12.878,Privato (potenziale),
PRIV_1067,Edificio 1066,,Zona 1 - Comune NE,2,46.175495,12.709364,14.28,2.521,16.801,Privato (potenziale),
PRIV_1068,Edificio 1067,,Zona 1 - Comune NE,2,46.175356,12.709392,7.735,1.365,9.1,Privato (potenziale),
PRIV_1069,Edificio 1068,,Zona 1 - Comune NE,2,46.175312,12.709531,5.117,0.905,6.022,Privato (potenziale),
PRIV_1070,Edificio 1069,,Zona 1 - Comune NE,2,46.178384,12.709867,5.236,0.925,6.161,Privato (potenziale),
PRIV_1071,Edificio 1070,,Zona 1 - Comune NE,2,46.177052,12.710517,10.115,1.784,11.899000000000001,Privato (potenziale),
PRIV_1072,Edificio 1071,,Zona 1 - Comune NE,2,46.17701,12.711089,5.117,0.905,6.022,Privato (potenziale),
PRIV_1073,Edificio 1072,,Zona 1 - Comune NE,2,46.175829,12.711107,13.09,2.311,15.401,Privato (potenziale),
PRIV_1074,Edificio 1073,,Zona 1 - Comune NE,2,46.172254,12.70919,8.568,1.511,10.078999999999999,Privato (potenziale),
PRIV_1075,Edificio 1074,,Zona 1 - Comune NE,2,46.175459,12.71685,48.909,8.631,57.54,Privato (potenziale),
PRIV_1076,Edificio 1075,,Zona 1 - Comune NE,2,46.173477,12.709802,22.61,3.99,26.6,Privato (potenziale),
PRIV_1077,Edificio 1076,,Zona 1 - Comune NE,2,46.173461,12.709926,21.42,3.781,25.201,Privato (potenziale),
PRIV_1078,Edificio 1077,,Zona 1 - Comune NE,2,46.17337,12.709941,44.982,7.938,52.92,Privato (potenziale),
PRIV_1079,Edificio 1078,,Zona 1 - Comune NE,2,46.173605,12.71033,97.938,17.283,115.221,Privato (potenziale),
PRIV_1080,Edificio 1079,,Zona 1 - Comune NE,2,46.175752,12.710831,7.259,1.281,8.540000000000001,Privato (potenziale),
PRIV_1081,Via Unità d'Italia 7,Via Unità d'Italia,Zona 1 - Comune NE,2,46.172562,12.713502,3821.27,1312.65,5133.92,Privato (potenziale),
PRIV_1082,Edificio 1081,,Zona 1 - Comune NE,2,46.175841,12.713114,57.239,10.101,67.34,Privato (potenziale),
PRIV_1083,Edificio 1082,,Zona 1 - Comune NE,2,46.171597,12.709169,160.174,28.266,188.44,Privato (potenziale),
PRIV_1084,Edificio 1083,,Zona 1 - Comune NE,2,46.171437,12.708883,61.642,10.878,72.52000000000001,Privato (potenziale),
PRIV_1085,Edificio 1084,,Zona 1 - Comune NE,2,46.171922,12.709431,34.748,6.132,40.879999999999995,Privato (potenziale),
PRIV_1086,Edificio 1085,,Zona 1 - Comune NE,2,46.174874,12.70514,137.683,24.297,161.98,Privato (potenziale),
PRIV_1087,Edificio 1086,,Zona 1 - Comune NE,2,46.176215,12.707907,49.98,8.82,58.8,Privato (potenziale),
PRIV_1088,Edificio 1087,,Zona 1 - Comune NE,2,46.176737,12.708439,36.295,6.405,42.7,Privato (potenziale),
PRIV_1089,Via Roma 10,Via Roma,Zona 1 - Comune NE,2,46.171634,12.708273,763.504,134.736,898.24,Privato (potenziale),
PRIV_1090,Edificio 1089,Via Trieste,Zona 1 - Comune NE,2,46.172806,12.708307,198.73,35.07,233.79999999999998,Privato (potenziale),
PRIV_1091,Edificio 1090,Via Roma,Zona 1 - Comune NE,2,46.172402,12.708708,183.379,32.361,215.73999999999998,Privato (potenziale),
PRIV_1092,Via della Stazione 5,Via della Stazione,Zona 1 - Comune NE,3,46.170837,12.71266,54.026,9.534,63.56,Privato (potenziale),
PRIV_1093,Via della Stazione 13,Via della Stazione,Zona 1 - Comune NE,3,46.170777,12.712974,54.383,9.597,63.980000000000004,Privato (potenziale),
PRIV_1094,Edificio 1093,,Zona 1 - Comune NE,3,46.170908,12.712952,55.097,9.723,64.82000000000001,Privato (potenziale),
PRIV_1095,Via Giuseppe Ellero 3,Via Giuseppe Ellero,Zona 1 - Comune NE,3,46.170881,12.713337,54.74,9.66,64.4,Privato (potenziale),
PRIV_1096,Via Giuseppe Ellero 5,Via Giuseppe Ellero,Zona 1 - Comune NE,3,46.171084,12.713197,38.08,6.72,44.8,Privato (potenziale),
PRIV_1097,Via Giuseppe Ellero 7,Via Giuseppe Ellero,Zona 1 - Comune NE,3,46.17121,12.713556,36.295,6.405,42.7,Privato (potenziale),
PRIV_1098,Via Giuseppe Ellero 9,Via Giuseppe Ellero,Zona 1 - Comune NE,3,46.171018,12.713683,40.579,7.161,47.74,Privato (potenziale),
PRIV_1099,Via Giuseppe Ellero 11,Via Giuseppe Ellero,Zona 1 - Comune NE,3,46.171138,12.713993,36.295,6.405,42.7,Privato (potenziale),
PRIV_1100,Via Giuseppe Ellero 15,Via Giuseppe Ellero,Zona 1 - Comune NE,3,46.171346,12.713792,36.057,6.363,42.42,Privato (potenziale),
PRIV_1101,Via Giuseppe Ellero 19,Via Giuseppe Ellero,Zona 1 - Comune NE,3,46.171251,12.714261,37.604,6.636,44.24,Privato (potenziale),
PRIV_1102,Via Giuseppe Ellero 17,Via Giuseppe Ellero,Zona 1 - Comune NE,3,46.171414,12.714102,16.898,2.981,19.878999999999998,Privato (potenziale),
PRIV_1103,Via Unità d'Italia 12,Via Unità d'Italia,Zona 1 - Comune NE,3,46.171797,12.715039,22.491,3.969,26.46,Privato (potenziale),
PRIV_1104,Via Unità d'Italia 18,Via Unità d'Italia,Zona 1 - Comune NE,3,46.171864,12.715724,170.408,30.072,200.48,Privato (potenziale),
PRIV_1105,Via Unità d'Italia 22,Via Unità d'Italia,Zona 1 - Comune NE,3,46.172062,12.716096,17.969,3.17,21.139000000000003,Privato (potenziale),
PRIV_1106,Via Giuseppe Ellero 31,Via Giuseppe Ellero,Zona 1 - Comune NE,3,46.171608,12.715205,32.606,5.753,38.359,Privato (potenziale),
PRIV_1107,Via Giuseppe Ellero 29,Via Giuseppe Ellero,Zona 1 - Comune NE,3,46.171557,12.715004,22.61,3.99,26.6,Privato (potenziale),
PRIV_1108,Via Giuseppe Ellero 27,Via Giuseppe Ellero,Zona 1 - Comune NE,3,46.171463,12.714751,26.418,4.662,31.08,Privato (potenziale),
PRIV_1109,Via della Stazione 19,Via della Stazione,Zona 1 - Comune NE,3,46.170651,12.713584,38.912,6.867,45.778999999999996,Privato (potenziale),
PRIV_1110,Via Giuseppe Ellero 4,Via Giuseppe Ellero,Zona 1 - Comune NE,3,46.170759,12.713859,53.907,9.513,63.419999999999995,Privato (potenziale),
PRIV_1111,Via Giuseppe Ellero 6,Via Giuseppe Ellero,Zona 1 - Comune NE,3,46.170862,12.714152,29.274,5.166,34.44,Privato (potenziale),
PRIV_1112,Via Giuseppe Ellero 12,Via Giuseppe Ellero,Zona 1 - Comune NE,3,46.170955,12.714382,20.23,3.57,23.8,Privato (potenziale),
PRIV_1113,Via Giuseppe Ellero 16,Via Giuseppe Ellero,Zona 1 - Comune NE,3,46.171043,12.714572,32.487,5.733,38.22,Privato (potenziale),
PRIV_1114,Via Giuseppe Ellero 18,Via Giuseppe Ellero,Zona 1 - Comune NE,3,46.170863,12.714742,19.992,3.528,23.52,Privato (potenziale),
PRIV_1115,Edificio 1114,,Zona 1 - Comune NE,3,46.170836,12.714869,7.616,1.343,8.959,Privato (potenziale),
PRIV_1116,Via Giuseppe Ellero 10,Via Giuseppe Ellero,Zona 1 - Comune NE,3,46.170768,12.714569,34.153,6.027,40.18,Privato (potenziale),
PRIV_1117,Via Giuseppe Ellero 20,Via Giuseppe Ellero,Zona 1 - Comune NE,3,46.171075,12.714977,64.736,11.424,76.16,Privato (potenziale),
PRIV_1118,Via Giuseppe Ellero 32,Via Giuseppe Ellero,Zona 1 - Comune NE,3,46.17115,12.715247,24.752,4.368,29.119999999999997,Privato (potenziale),
PRIV_1119,Via Giuseppe Ellero 26,Via Giuseppe Ellero,Zona 1 - Comune NE,3,46.171278,12.71511,27.608,4.872,32.480000000000004,Privato (potenziale),
PRIV_1120,Via Giuseppe Ellero 36,Via Giuseppe Ellero,Zona 1 - Comune NE,3,46.171322,12.715333,24.633,4.346,28.979,Privato (potenziale),
PRIV_1121,Edificio 1120,,Zona 1 - Comune NE,3,46.171227,12.715425,31.059,5.481,36.54,Privato (potenziale),
PRIV_1122,Via Unità d'Italia 2,Via Unità d'Italia,Zona 1 - Comune NE,3,46.171529,12.714323,41.769,7.371,49.14,Privato (potenziale),
PRIV_1123,Via Unità d'Italia 10,Via Unità d'Italia,Zona 1 - Comune NE,3,46.171666,12.714692,62.475,11.025,73.5,Privato (potenziale),
PRIV_1124,Edificio 1123,,Zona 1 - Comune NE,3,46.169413,12.713194,34.986,6.174,41.16,Privato (potenziale),
PRIV_1125,Via della Vittoria 26,Via della Vittoria,Zona 1 - Comune NE,3,46.168467,12.710606,33.082,5.838,38.92,Privato (potenziale),
PRIV_1126,Via della Vittoria 32,Via della Vittoria,Zona 1 - Comune NE,3,46.168484,12.711065,28.441,5.019,33.46,Privato (potenziale),
PRIV_1127,Via della Vittoria 19,Via della Vittoria,Zona 1 - Comune NE,3,46.168742,12.710316,27.37,4.83,32.2,Privato (potenziale),
PRIV_1128,Via della Vittoria 21,Via della Vittoria,Zona 1 - Comune NE,3,46.168794,12.710563,26.418,4.662,31.08,Privato (potenziale),
PRIV_1129,Edificio 1128,,Zona 1 - Comune NE,3,46.168883,12.710362,11.9,2.1,14.0,Privato (potenziale),
PRIV_1130,Edificio 1129,,Zona 1 - Comune NE,3,46.168885,12.711107,40.817,7.203,48.02,Privato (potenziale),
PRIV_1131,Edificio 1130,,Zona 1 - Comune NE,3,46.168801,12.711016,10.115,1.784,11.899000000000001,Privato (potenziale),
PRIV_1132,Via Vittorio Emanuele 14,Via Vittorio Emanuele,Zona 1 - Comune NE,3,46.169092,12.71105,18.564,3.275,21.839,Privato (potenziale),
PRIV_1133,Via Vittorio Emanuele 12,Via Vittorio Emanuele,Zona 1 - Comune NE,3,46.169243,12.710839,27.608,4.872,32.480000000000004,Privato (potenziale),
PRIV_1134,Edificio 1133,,Zona 1 - Comune NE,3,46.169361,12.71066,9.639,1.7,11.338999999999999,Privato (potenziale),
PRIV_1135,Via Vittorio Emanuele 10,Via Vittorio Emanuele,Zona 1 - Comune NE,3,46.169428,12.710829,27.727,4.893,32.62,Privato (potenziale),
PRIV_1136,Via Vittorio Emanuele 8,Via Vittorio Emanuele,Zona 1 - Comune NE,3,46.169654,12.710762,25.823,4.557,30.380000000000003,Privato (potenziale),
PRIV_1137,Via Beato Odorico 1,Via Beato Odorico,Zona 1 - Comune NE,3,46.169864,12.710673,25.585,4.515,30.1,Privato (potenziale),
PRIV_1138,Edificio 1137,,Zona 1 - Comune NE,3,46.169768,12.710628,6.307,1.115,7.422000000000001,Privato (potenziale),
PRIV_1139,Edificio 1138,,Zona 1 - Comune NE,3,46.169735,12.71056,5.236,0.925,6.161,Privato (potenziale),
PRIV_1140,Via Beato Odorico 5,Via Beato Odorico,Zona 1 - Comune NE,3,46.169837,12.710355,29.036,5.123,34.159,Privato (potenziale),
PRIV_1141,Via Regina Elena 3,Via Regina Elena,Zona 1 - Comune NE,3,46.169764,12.710057,22.61,3.99,26.6,Privato (potenziale),
PRIV_1142,Edificio 1141,,Zona 1 - Comune NE,3,46.169834,12.710062,5.95,1.052,7.002000000000001,Privato (potenziale),
PRIV_1143,Edificio 1142,,Zona 1 - Comune NE,3,46.169673,12.710114,5.95,1.052,7.002000000000001,Privato (potenziale),
PRIV_1144,Via Regina Elena 5,Via Regina Elena,Zona 1 - Comune NE,3,46.169567,12.710109,28.917,5.103,34.02,Privato (potenziale),
PRIV_1145,Via Regina Elena 7,Via Regina Elena,Zona 1 - Comune NE,3,46.169446,12.710187,25.585,4.515,30.1,Privato (potenziale),
PRIV_1146,Edificio 1145,,Zona 1 - Comune NE,3,46.16956,12.710399,14.756,2.605,17.361,Privato (potenziale),
PRIV_1147,Via Regina Elena 9,Via Regina Elena,Zona 1 - Comune NE,3,46.169221,12.710302,65.926,11.634,77.56,Privato (potenziale),
PRIV_1148,Piazzale della Stazione 2,Piazzale della Stazione,Zona 1 - Comune NE,3,46.170179,12.714258,32.968,2.663,35.631,Privato (potenziale),
PRIV_1149,Via Vittorio Emanuele 15,Via Vittorio Emanuele,Zona 1 - Comune NE,3,46.168391,12.71175,43.078,7.602,50.68000000000001,Privato (potenziale),
PRIV_1150,Via della Vittoria 34,Via della Vittoria,Zona 1 - Comune NE,3,46.168653,12.711966,46.053,8.127,54.18,Privato (potenziale),
PRIV_1151,Via Vittorio Emanuele 11,Via Vittorio Emanuele,Zona 1 - Comune NE,3,46.168648,12.711673,43.911,7.748,51.659,Privato (potenziale),
PRIV_1152,Edificio 1151,,Zona 1 - Comune NE,3,46.168578,12.711839,9.163,1.616,10.779,Privato (potenziale),
PRIV_1153,Via della Vittoria 36,Via della Vittoria,Zona 1 - Comune NE,3,46.1688,12.712212,40.579,7.161,47.74,Privato (potenziale),
PRIV_1154,Edificio 1153,,Zona 1 - Comune NE,3,46.170343,12.711241,166.838,29.442,196.28,Privato (potenziale),
PRIV_1155,Via Vittorio Emanuele 5,Via Vittorio Emanuele,Zona 1 - Comune NE,3,46.169888,12.711168,24.752,4.368,29.119999999999997,Privato (potenziale),
PRIV_1156,Edificio 1155,,Zona 1 - Comune NE,3,46.169957,12.711319,7.259,1.281,8.540000000000001,Privato (potenziale),
PRIV_1157,Via Vittorio Emanuele 7,Via Vittorio Emanuele,Zona 1 - Comune NE,3,46.169735,12.711304,54.383,9.597,63.980000000000004,Privato (potenziale),
PRIV_1158,Via Vittorio Emanuele 9,Via Vittorio Emanuele,Zona 1 - Comune NE,3,46.169436,12.711451,70.448,12.432,82.88,Privato (potenziale),
PRIV_1159,Edificio 1158,,Zona 1 - Comune NE,3,46.170599,12.710282,10.234,1.805,12.039,Privato (potenziale),
PRIV_1160,Via Vittorio Emanuele 2,Via Vittorio Emanuele,Zona 1 - Comune NE,3,46.170692,12.710209,56.525,9.976,66.501,Privato (potenziale),
PRIV_1161,Edificio 1160,,Zona 1 - Comune NE,3,46.170441,12.710156,7.735,1.365,9.1,Privato (potenziale),
PRIV_1162,Edificio 1161,,Zona 1 - Comune NE,3,46.170704,12.714953,22.134,3.906,26.04,Privato (potenziale),
PRIV_1163,Piazza Italia 22,Piazza Italia,Zona 1 - Comune NE,3,46.170119,12.707599,86.394,15.246,101.64,Privato (potenziale),
PRIV_1164,Piazza Italia 21,Piazza Italia,Zona 1 - Comune NE,3,46.169986,12.70824,14.875,2.626,17.501,Privato (potenziale),
PRIV_1165,Edificio 1164,,Zona 1 - Comune NE,3,46.169939,12.70803,28.798,5.082,33.879999999999995,Privato (potenziale),
PRIV_1166,Edificio 1165,Via Regina Elena,Zona 1 - Comune NE,3,46.169225,12.709533,217.056,38.304,255.36,Privato (potenziale),
PRIV_1167,Via Regina Elena 16,Via Regina Elena,Zona 1 - Comune NE,3,46.169572,12.709666,34.153,6.027,40.18,Privato (potenziale),
PRIV_1168,Edificio 1167,,Zona 1 - Comune NE,3,46.169591,12.709469,10.472,1.847,12.318999999999999,Privato (potenziale),
PRIV_1169,Via Regina Elena 14,Via Regina Elena,Zona 1 - Comune NE,3,46.169722,12.709538,47.124,8.316,55.440000000000005,Privato (potenziale),
PRIV_1170,Via Regina Elena 10,Via Regina Elena,Zona 1 - Comune NE,3,46.170064,12.709561,31.892,5.628,37.519999999999996,Privato (potenziale),
PRIV_1171,Via Regina Elena 8,Via Regina Elena,Zona 1 - Comune NE,3,46.1703,12.709415,29.869,5.271,35.14,Privato (potenziale),
PRIV_1172,Via Regina Elena 6,Via Regina Elena,Zona 1 - Comune NE,3,46.170524,12.709432,21.063,3.718,24.781,Privato (potenziale),
PRIV_1173,Edificio 1172,,Zona 1 - Comune NE,3,46.170478,12.708702,38.437,6.783,45.22,Privato (potenziale),
PRIV_1174,Edificio 1173,,Zona 1 - Comune NE,3,46.170474,12.708318,18.445,3.254,21.699,Privato (potenziale),
PRIV_1175,Piazza Italia 20,Piazza Italia,Zona 1 - Comune NE,3,46.17049,12.708052,94.129,16.611,110.74000000000001,Privato (potenziale),
PRIV_1176,Edificio 1175,,Zona 1 - Comune NE,3,46.170693,12.708678,87.227,15.393,102.62,Privato (potenziale),
PRIV_1177,Edificio 1176,,Zona 1 - Comune NE,3,46.170621,12.708964,58.786,10.374,69.16,Privato (potenziale),
PRIV_1178,Edificio 1177,Piazza Italia,Zona 1 - Comune NE,3,46.170849,12.708707,332.01,58.59,390.6,Privato (potenziale),
PRIV_1179,Edificio 1178,,Zona 1 - Comune NE,3,46.17081,12.708374,8.092,1.428,9.52,Privato (potenziale),
PRIV_1180,Edificio 1179,,Zona 1 - Comune NE,3,46.170152,12.70923,14.28,2.521,16.801,Privato (potenziale),
PRIV_1181,Edificio 1180,,Zona 1 - Comune NE,3,46.167701,12.71083,19.754,3.486,23.240000000000002,Privato (potenziale),
PRIV_1182,Edificio 1181,,Zona 1 - Comune NE,3,46.169682,12.708372,26.656,4.704,31.36,Privato (potenziale),
PRIV_1183,Edificio 1182,,Zona 1 - Comune NE,3,46.17144,12.706109,82.11,14.49,96.6,Privato (potenziale),
PRIV_1184,Edificio 1183,,Zona 1 - Comune NE,3,46.171513,12.705697,43.792,7.728,51.52,Privato (potenziale),
PRIV_1185,Edificio 1184,,Zona 1 - Comune NE,3,46.171431,12.705822,9.639,1.7,11.338999999999999,Privato (potenziale),
PRIV_1186,Via Castello 17,Via Castello,Zona 1 - Comune NE,3,46.172041,12.705731,38.437,6.783,45.22,Privato (potenziale),
PRIV_1187,Edificio 1186,,Zona 1 - Comune NE,3,46.171793,12.705653,12.97,2.29,15.260000000000002,Privato (potenziale),
PRIV_1188,Via Castello 13,Via Castello,Zona 1 - Comune NE,3,46.171705,12.706018,51.646,9.114,60.760000000000005,Privato (potenziale),
PRIV_1189,Via Castello 29,Via Castello,Zona 1 - Comune NE,3,46.172261,12.704982,37.247,6.573,43.82,Privato (potenziale),
PRIV_1190,Via Castello 31,Via Castello,Zona 1 - Comune NE,3,46.172428,12.705109,33.796,5.964,39.76,Privato (potenziale),
PRIV_1191,Edificio 1190,,Zona 1 - Comune NE,3,46.171936,12.705442,13.804,2.437,16.241,Privato (potenziale),
PRIV_1192,Piazza Italia 50,Piazza Italia,Zona 1 - Comune NE,3,46.170856,12.706229,222.173,39.207,261.38,Privato (potenziale),
PRIV_1193,Via Umberto Primo 2,Via Umberto Primo,Zona 1 - Comune NE,3,46.170682,12.705786,20.468,3.612,24.08,Privato (potenziale),
PRIV_1194,Edificio 1193,,Zona 1 - Comune NE,3,46.170881,12.705475,66.64,11.76,78.4,Privato (potenziale),
PRIV_1195,Via Umberto Primo 46,Via Umberto Primo,Zona 1 - Comune NE,3,46.169918,12.705047,102.935,18.165,121.1,Privato (potenziale),
PRIV_1196,Edificio 1195,Via Umberto Primo,Zona 1 - Comune NE,3,46.170103,12.705382,59.619,10.521,70.14,Privato (potenziale),
PRIV_1197,Edificio 1196,Via Umberto Primo,Zona 1 - Comune NE,3,46.170299,12.705562,89.726,15.834,105.56,Privato (potenziale),
PRIV_1198,Edificio 1197,Via Umberto Primo,Zona 1 - Comune NE,3,46.170448,12.705796,79.373,14.007,93.38000000000001,Privato (potenziale),
PRIV_1199,Via Umberto Primo 50,Via Umberto Primo,Zona 1 - Comune NE,3,46.169761,12.704907,29.75,5.25,35.0,Privato (potenziale),
PRIV_1200,Vicolo Olivo 6,Vicolo Olivo,Zona 1 - Comune NE,3,46.169809,12.706342,16.303,2.876,19.179000000000002,Privato (potenziale),
PRIV_1201,Vicolo Olivo 12,Vicolo Olivo,Zona 1 - Comune NE,3,46.169655,12.706574,56.763,10.017,66.78,Privato (potenziale),
PRIV_1202,Edificio 1201,,Zona 1 - Comune NE,3,46.169485,12.706677,14.042,2.479,16.521,Privato (potenziale),
PRIV_1203,Vicolo Olivo 11,Vicolo Olivo,Zona 1 - Comune NE,3,46.169629,12.706858,29.869,5.271,35.14,Privato (potenziale),
PRIV_1204,Vicolo Olivo 1,Vicolo Olivo,Zona 1 - Comune NE,3,46.16985,12.706575,84.371,14.889,99.25999999999999,Privato (potenziale),
PRIV_1205,Piazza Italia 40,Piazza Italia,Zona 1 - Comune NE,3,46.170289,12.706835,613.207,108.213,721.42,Privato (potenziale),
PRIV_1206,Edificio 1205,,Zona 1 - Comune NE,3,46.170064,12.707196,118.048,20.832,138.88,Privato (potenziale),
PRIV_1207,Edificio 1206,,Zona 1 - Comune NE,3,46.169593,12.707257,141.61,24.99,166.60000000000002,Privato (potenziale),
PRIV_1208,Edificio 1207,,Zona 1 - Comune NE,3,46.170162,12.707309,59.024,10.416,69.44,Privato (potenziale),
PRIV_1209,Via Dante Alighieri 13,Via Dante Alighieri,Zona 1 - Comune NE,3,46.168993,12.706019,71.281,12.579,83.86000000000001,Privato (potenziale),
PRIV_1210,Via Dante Alighieri 19,Via Dante Alighieri,Zona 1 - Comune NE,3,46.168844,12.706219,37.961,6.699,44.66,Privato (potenziale),
PRIV_1211,Viale della Vittoria 3,Viale della Vittoria,Zona 1 - Comune NE,3,46.169253,12.706692,22.61,3.99,26.6,Privato (potenziale),
PRIV_1212,Edificio 1211,,Zona 1 - Comune NE,3,46.169289,12.706467,119.238,21.042,140.28,Privato (potenziale),
PRIV_1213,Edificio 1212,Via Umberto Primo,Zona 1 - Comune NE,3,46.169327,12.705473,284.053,50.127,334.18,Privato (potenziale),
PRIV_1214,Edificio 1213,,Zona 1 - Comune NE,3,46.168029,12.710961,162.554,28.686,191.24,Privato (potenziale),
PRIV_1215,Edificio 1214,,Zona 1 - Comune NE,3,46.170014,12.70826,4.998,0.884,5.882000000000001,Privato (potenziale),
PRIV_1216,Edificio 1215,,Zona 1 - Comune NE,3,46.170973,12.707314,8.568,1.511,10.078999999999999,Privato (potenziale),
PRIV_1217,Edificio 1216,,Zona 1 - Comune NE,3,46.171564,12.706359,13.328,2.353,15.681,Privato (potenziale),
PRIV_1218,Edificio 1217,,Zona 1 - Comune NE,3,46.171912,12.705865,17.731,3.128,20.859,Privato (potenziale),
PRIV_1219,Edificio 1218,,Zona 1 - Comune NE,3,46.172409,12.705371,8.925,1.574,10.499,Privato (potenziale),
PRIV_1220,Edificio 1219,,Zona 1 - Comune NE,3,46.172005,12.705466,9.401,1.658,11.059,Privato (potenziale),
PRIV_1221,Edificio 1220,,Zona 1 - Comune NE,3,46.168379,12.711916,7.259,1.281,8.540000000000001,Privato (potenziale),
PRIV_1222,Edificio 1221,,Zona 1 - Comune NE,3,46.168939,12.710722,6.426,1.136,7.562,Privato (potenziale),
PRIV_1223,Edificio 1222,,Zona 1 - Comune NE,3,46.170777,12.714992,13.447,2.375,15.822,Privato (potenziale),
PRIV_1224,Edificio 1223,,Zona 1 - Comune NE,3,46.168108,12.711021,17.493,3.086,20.578999999999997,Privato (potenziale),
PRIV_1225,Edificio 1224,,Zona 1 - Comune NE,3,46.169485,12.710695,5.236,0.925,6.161,Privato (potenziale),
PRIV_1226,Edificio 1225,,Zona 1 - Comune NE,3,46.170443,12.708917,5.474,0.968,6.442,Privato (potenziale),
PRIV_1227,Edificio 1226,,Zona 1 - Comune NE,3,46.170385,12.710839,16.065,2.835,18.900000000000002,Privato (potenziale),
PRIV_1228,Edificio 1227,,Zona 1 - Comune NE,3,46.171962,12.716291,8.092,1.428,9.52,Privato (potenziale),
PRIV_1229,Edificio 1228,,Zona 1 - Comune NE,3,46.170615,12.713768,6.307,1.115,7.422000000000001,Privato (potenziale),
PRIV_1230,Viale della Vittoria  11,Viale della Vittoria ,Zona 1 - Comune NE,3,46.169524,12.7076,89.607,15.812,105.419,Privato (potenziale),
PRIV_1231,Edificio 1230,Viale della Vittoria,Zona 1 - Comune NE,3,46.169202,12.707617,413.644,72.996,486.64,Privato (potenziale),
PRIV_1232,Edificio 1231,,Zona 1 - Comune NE,3,46.170746,12.708131,41.293,7.287,48.58,Privato (potenziale),
PRIV_1233,Piazza Italia 18,Piazza Italia,Zona 1 - Comune NE,3,46.170669,12.707941,25.823,4.557,30.380000000000003,Privato (potenziale),
PRIV_1234,Edificio 1233,,Zona 1 - Comune NE,3,46.170646,12.705975,42.126,7.434,49.559999999999995,Privato (potenziale),
PRIV_1235,Edificio 1234,,Zona 1 - Comune NE,3,46.170139,12.70867,138.278,24.402,162.68,Privato (potenziale),
PRIV_1236,Edificio 1235,Piazza Nicolò di Maniago,Zona 1 - Comune NE,3,46.169844,12.712129,675.802,119.259,795.061,Privato (potenziale),
PRIV_1237,Edificio 1236,Piazza Nicolò di Maniago,Zona 1 - Comune NE,3,46.170256,12.712093,267.512,47.208,314.72,Privato (potenziale),
PRIV_1238,Edificio 1237,,Zona 1 - Comune NE,3,46.169899,12.706914,60.214,10.625,70.839,Privato (potenziale),
PRIV_1239,Edificio 1238,,Zona 1 - Comune NE,3,46.170378,12.714103,7.616,1.343,8.959,Privato (potenziale),
PRIV_1240,Edificio 1239,,Zona 1 - Comune NE,3,46.17004,12.711073,59.381,10.479,69.86,Privato (potenziale),
PRIV_1241,Edificio 1240,,Zona 1 - Comune NE,3,46.172086,12.70592,344.505,60.795,405.3,Privato (potenziale),
PRIV_1242,Edificio 1241,Via Umberto Primo,Zona 1 - Comune NE,3,46.169829,12.705716,571.438,100.842,672.28,Privato (potenziale),
PRIV_1243,Edificio 1242,Piazza Italia,Zona 1 - Comune NE,3,46.171537,12.706733,604.758,106.722,711.48,Privato (potenziale),
PRIV_1244,Via Guglielmo Oberdan 10,Via Guglielmo Oberdan,Zona 3 - Sud,4,46.163359,12.710539,172.906,30.513,203.419,Privato (potenziale),
PRIV_1245,Via Guglielmo Oberdan 28,Via Guglielmo Oberdan,Zona 3 - Sud,4,46.162795,12.71065,145.18,25.62,170.8,Privato (potenziale),
PRIV_1246,Edificio 1245,,Zona 3 - Sud,4,46.162286,12.710702,11.305,1.994,13.299,Privato (potenziale),
PRIV_1247,Via Caterina Percoto 34,Via Caterina Percoto,Zona 3 - Sud,4,46.16357,12.711254,49.742,8.778,58.519999999999996,Privato (potenziale),
PRIV_1248,Via Caterina Percoto 38,Via Caterina Percoto,Zona 3 - Sud,4,46.163558,12.711592,13.566,2.395,15.961,Privato (potenziale),
PRIV_1249,Via Guglielmo Oberdan 17,Via Guglielmo Oberdan,Zona 3 - Sud,4,46.162813,12.711202,198.849,35.091,233.94,Privato (potenziale),
PRIV_1250,Via Guglielmo Oberdan 35,Via Guglielmo Oberdan,Zona 3 - Sud,4,46.16229,12.711209,55.216,9.744,64.96000000000001,Privato (potenziale),
PRIV_1251,Edificio 1250,,Zona 3 - Sud,4,46.162275,12.711397,7.616,1.343,8.959,Privato (potenziale),
PRIV_1252,Via Nino Bixio 18,Via Nino Bixio,Zona 3 - Sud,4,46.16232,12.71183,54.859,9.681,64.54,Privato (potenziale),
PRIV_1253,Via Caterina Percoto 40,Via Caterina Percoto,Zona 3 - Sud,4,46.163776,12.712142,42.959,7.58,50.539,Privato (potenziale),
PRIV_1254,Via Nino Bixio 1,Via Nino Bixio,Zona 3 - Sud,4,46.164039,12.712782,75.565,13.335,88.9,Privato (potenziale),
PRIV_1255,Via Nino Bixio 11,Via Nino Bixio,Zona 3 - Sud,4,46.163374,12.712693,48.909,8.631,57.54,Privato (potenziale),
PRIV_1256,Via Caprera 3,Via Caprera,Zona 3 - Sud,4,46.163324,12.713046,83.062,14.658,97.72,Privato (potenziale),
PRIV_1257,Via Nino Bixio 15,Via Nino Bixio,Zona 3 - Sud,4,46.162833,12.712527,83.3,14.7,98.0,Privato (potenziale),
PRIV_1258,Via Nino Bixio 19,Via Nino Bixio,Zona 3 - Sud,4,46.16235,12.712487,73.899,13.041,86.94,Privato (potenziale),
PRIV_1259,Edificio 1258,,Zona 3 - Sud,4,46.162496,12.712588,8.568,1.511,10.078999999999999,Privato (potenziale),
PRIV_1260,Via Nino Bixio 17,Via Nino Bixio,Zona 3 - Sud,4,46.162436,12.712814,41.412,7.308,48.72,Privato (potenziale),
PRIV_1261,Via Caprera 4,Via Caprera,Zona 3 - Sud,4,46.162783,12.712853,85.085,15.015,100.1,Privato (potenziale),
PRIV_1262,Via Nino Bixio 7,Via Nino Bixio,Zona 3 - Sud,4,46.163612,12.713152,52.955,9.345,62.3,Privato (potenziale),
PRIV_1263,Via Caterina Percoto 46,Via Caterina Percoto,Zona 3 - Sud,4,46.163963,12.71316,94.129,16.611,110.74000000000001,Privato (potenziale),
PRIV_1264,Edificio 1263,,Zona 3 - Sud,4,46.163632,12.713615,28.441,5.019,33.46,Privato (potenziale),
PRIV_1265,Edificio 1264,,Zona 3 - Sud,4,46.163642,12.713482,6.664,1.178,7.842,Privato (potenziale),
PRIV_1266,Via Arba 26,Via Arba,Zona 3 - Sud,4,46.163007,12.713848,32.606,5.753,38.359,Privato (potenziale),
PRIV_1267,Via Caterina Percoto 49,Via Caterina Percoto,Zona 3 - Sud,4,46.164294,12.711479,46.648,8.232,54.88,Privato (potenziale),
PRIV_1268,Via Caterina Percoto 51,Via Caterina Percoto,Zona 3 - Sud,4,46.164466,12.711664,50.456,8.904,59.36,Privato (potenziale),
PRIV_1269,Via Arba 8,Via Arba,Zona 3 - Sud,4,46.16527,12.712321,417.333,73.647,490.98,Privato (potenziale),
PRIV_1270,Via Arba 10,Via Arba,Zona 3 - Sud,4,46.164927,12.712923,51.289,9.051,60.34,Privato (potenziale),
PRIV_1271,Via Arba 12,Via Arba,Zona 3 - Sud,4,46.164623,12.713083,64.736,11.424,76.16,Privato (potenziale),
PRIV_1272,Edificio 1271,,Zona 3 - Sud,4,46.166669,12.710781,62.118,10.962,73.08,Privato (potenziale),
PRIV_1273,Edificio 1272,,Zona 3 - Sud,4,46.165909,12.711269,17.136,3.023,20.159,Privato (potenziale),
PRIV_1274,Edificio 1273,,Zona 3 - Sud,4,46.166721,12.711623,20.825,3.675,24.5,Privato (potenziale),
PRIV_1275,Edificio 1274,,Zona 3 - Sud,4,46.165352,12.711118,10.115,1.784,11.899000000000001,Privato (potenziale),
PRIV_1276,Edificio 1275,,Zona 3 - Sud,4,46.165718,12.709921,17.969,3.17,21.139000000000003,Privato (potenziale),
PRIV_1277,Via Caterina Percoto 39,Via Caterina Percoto,Zona 3 - Sud,4,46.164264,12.710582,138.397,24.423,162.82,Privato (potenziale),
PRIV_1278,Via Caterina Percoto 37,Via Caterina Percoto,Zona 3 - Sud,4,46.164124,12.709883,145.061,25.599,170.66,Privato (potenziale),
PRIV_1279,Via Fabio Celotti 23,Via Fabio Celotti,Zona 3 - Sud,4,46.163948,12.709475,171.241,30.219,201.46,Privato (potenziale),
PRIV_1280,Via Fabio Celotti 1,Via Fabio Celotti,Zona 3 - Sud,4,46.164799,12.70923,171.36,30.24,201.60000000000002,Privato (potenziale),
PRIV_1281,Via Francesco Petrarca 18,Via Francesco Petrarca,Zona 3 - Sud,4,46.16505,12.708636,32.725,5.775,38.5,Privato (potenziale),
PRIV_1282,Via Fabio Celotti 2,Via Fabio Celotti,Zona 3 - Sud,4,46.164813,12.708701,44.625,7.875,52.5,Privato (potenziale),
PRIV_1283,Via Fabio Celotti 4,Via Fabio Celotti,Zona 3 - Sud,4,46.164644,12.708784,23.086,4.074,27.159999999999997,Privato (potenziale),
PRIV_1284,Via Fabio Celotti 8,Via Fabio Celotti,Zona 3 - Sud,4,46.164433,12.708838,23.086,4.074,27.159999999999997,Privato (potenziale),
PRIV_1285,Via Fabio Celotti 12,Via Fabio Celotti,Zona 3 - Sud,4,46.164251,12.708897,32.13,5.67,37.800000000000004,Privato (potenziale),
PRIV_1286,Via Fabio Celotti 16,Via Fabio Celotti,Zona 3 - Sud,4,46.164053,12.70867,43.078,7.602,50.68000000000001,Privato (potenziale),
PRIV_1287,Via Fabio Celotti 6,Via Fabio Celotti,Zona 3 - Sud,4,46.164612,12.708576,23.562,4.159,27.721,Privato (potenziale),
PRIV_1288,Edificio 1287,,Zona 3 - Sud,4,46.164624,12.70841,14.28,2.521,16.801,Privato (potenziale),
PRIV_1289,Via Francesco Petrarca 12,Via Francesco Petrarca,Zona 3 - Sud,4,46.16485,12.708231,37.128,6.552,43.68,Privato (potenziale),
PRIV_1290,Via Francesco Petrarca 10,Via Francesco Petrarca,Zona 3 - Sud,4,46.164741,12.70801,28.203,4.977,33.18,Privato (potenziale),
PRIV_1291,Via Francesco Petrarca 8,Via Francesco Petrarca,Zona 3 - Sud,4,46.164634,12.707774,28.441,5.019,33.46,Privato (potenziale),
PRIV_1292,Edificio 1291,,Zona 3 - Sud,4,46.164487,12.707694,6.664,1.178,7.842,Privato (potenziale),
PRIV_1293,Edificio 1292,,Zona 3 - Sud,4,46.164593,12.707968,7.378,1.302,8.68,Privato (potenziale),
PRIV_1294,Edificio 1293,,Zona 3 - Sud,4,46.164402,12.707574,19.159,3.381,22.54,Privato (potenziale),
PRIV_1295,Via fratelli Bandiera 6,Via fratelli Bandiera,Zona 3 - Sud,4,46.164144,12.707604,25.942,4.578,30.52,Privato (potenziale),
PRIV_1296,Edificio 1295,,Zona 3 - Sud,4,46.16402,12.707729,8.092,1.428,9.52,Privato (potenziale),
PRIV_1297,Via fratelli Bandiera 10,Via fratelli Bandiera,Zona 3 - Sud,4,46.163939,12.707917,30.94,5.46,36.4,Privato (potenziale),
PRIV_1298,Via fratelli Bandiera 12,Via fratelli Bandiera,Zona 3 - Sud,4,46.164168,12.70786,28.56,5.041,33.601,Privato (potenziale),
PRIV_1299,Via fratelli Bandiera 14,Via fratelli Bandiera,Zona 3 - Sud,4,46.164164,12.70813,24.633,4.346,28.979,Privato (potenziale),
PRIV_1300,Edificio 1299,,Zona 3 - Sud,4,46.164089,12.708134,21.658,3.823,25.481,Privato (potenziale),
PRIV_1301,Edificio 1300,,Zona 3 - Sud,4,46.163822,12.708199,6.426,1.136,7.562,Privato (potenziale),
PRIV_1302,Via Caterina Percoto 11,Via Caterina Percoto,Zona 3 - Sud,4,46.163694,12.707649,30.821,5.439,36.260000000000005,Privato (potenziale),
PRIV_1303,Edificio 1302,,Zona 3 - Sud,4,46.163773,12.707772,9.282,1.637,10.919,Privato (potenziale),
PRIV_1304,Via Caterina Percoto 9,Via Caterina Percoto,Zona 3 - Sud,4,46.1634,12.707638,22.729,4.011,26.74,Privato (potenziale),
PRIV_1305,Via Caterina Percoto 13,Via Caterina Percoto,Zona 3 - Sud,4,46.16355,12.707912,36.652,6.468,43.120000000000005,Privato (potenziale),
PRIV_1306,Edificio 1305,,Zona 3 - Sud,4,46.163645,12.708154,48.552,8.568,57.12,Privato (potenziale),
PRIV_1307,Via Caterina Percoto 19,Via Caterina Percoto,Zona 3 - Sud,4,46.163506,12.708408,17.136,3.023,20.159,Privato (potenziale),
PRIV_1308,Via Caterina Percoto 23,Via Caterina Percoto,Zona 3 - Sud,4,46.163639,12.708829,27.37,4.83,32.2,Privato (potenziale),
PRIV_1309,Via Fabio Celotti 18,Via Fabio Celotti,Zona 3 - Sud,4,46.163744,12.709072,53.55,9.45,63.0,Privato (potenziale),
PRIV_1310,Edificio 1309,,Zona 3 - Sud,4,46.162951,12.707466,5.593,0.989,6.582,Privato (potenziale),
PRIV_1311,Via Ippolito Nievo 4,Via Ippolito Nievo,Zona 3 - Sud,4,46.162804,12.707469,30.583,5.397,35.98,Privato (potenziale),
PRIV_1312,Via Caterina Percoto 8,Via Caterina Percoto,Zona 3 - Sud,4,46.163172,12.708011,32.963,5.817,38.78,Privato (potenziale),
PRIV_1313,Via Ippolito Nievo 3,Via Ippolito Nievo,Zona 3 - Sud,4,46.162955,12.708008,34.986,6.174,41.16,Privato (potenziale),
PRIV_1314,Via Ippolito Nievo 5,Via Ippolito Nievo,Zona 3 - Sud,4,46.162586,12.707881,31.416,5.544,36.96,Privato (potenziale),
PRIV_1315,Edificio 1314,,Zona 3 - Sud,4,46.162587,12.708,11.9,2.1,14.0,Privato (potenziale),
PRIV_1316,Edificio 1315,,Zona 3 - Sud,4,46.162643,12.70818,9.163,1.616,10.779,Privato (potenziale),
PRIV_1317,Via Ippolito Nievo 13,Via Ippolito Nievo,Zona 3 - Sud,4,46.162113,12.70782,35.819,6.321,42.14,Privato (potenziale),
PRIV_1318,Via Silvio Pellico 3,Via Silvio Pellico,Zona 3 - Sud,4,46.162094,12.708067,48.076,8.484,56.56,Privato (potenziale),
PRIV_1319,Via Vittorio Alfieri 7,Via Vittorio Alfieri,Zona 3 - Sud,4,46.161854,12.707775,31.773,5.607,37.38,Privato (potenziale),
PRIV_1320,Edificio 1319,,Zona 3 - Sud,4,46.161915,12.707869,7.139,1.26,8.399000000000001,Privato (potenziale),
PRIV_1321,Via Vittorio Alfieri 9,Via Vittorio Alfieri,Zona 3 - Sud,4,46.161841,12.708047,30.107,5.313,35.42,Privato (potenziale),
PRIV_1322,Via Vittorio Alfieri 11,Via Vittorio Alfieri,Zona 3 - Sud,4,46.161844,12.708484,39.39,6.951,46.341,Privato (potenziale),
PRIV_1323,Via Silvio Pellico 4,Via Silvio Pellico,Zona 3 - Sud,4,46.162028,12.708446,31.773,5.607,37.38,Privato (potenziale),
PRIV_1324,Via Silvio Pellico 6,Via Silvio Pellico,Zona 3 - Sud,4,46.162018,12.708782,36.652,6.468,43.120000000000005,Privato (potenziale),
PRIV_1325,Via Vittorio Alfieri 13,Via Vittorio Alfieri,Zona 3 - Sud,4,46.161791,12.708846,44.387,7.833,52.22,Privato (potenziale),
PRIV_1326,Via Silvio Pellico 8,Via Silvio Pellico,Zona 3 - Sud,4,46.162222,12.708774,30.226,5.334,35.56,Privato (potenziale),
PRIV_1327,Via Silvio Pellico 10,Via Silvio Pellico,Zona 3 - Sud,4,46.162242,12.70849,31.654,5.586,37.24,Privato (potenziale),
PRIV_1328,Via Silvio Pellico 12,Via Silvio Pellico,Zona 3 - Sud,4,46.162427,12.708425,42.126,7.434,49.559999999999995,Privato (potenziale),
PRIV_1329,Edificio 1328,,Zona 3 - Sud,4,46.162632,12.708474,31.059,5.481,36.54,Privato (potenziale),
PRIV_1330,Edificio 1329,,Zona 3 - Sud,4,46.162642,12.708654,30.94,5.46,36.4,Privato (potenziale),
PRIV_1331,Edificio 1330,,Zona 3 - Sud,4,46.162597,12.708565,8.33,1.469,9.799,Privato (potenziale),
PRIV_1332,Edificio 1331,,Zona 3 - Sud,4,46.16288,12.708701,29.75,5.25,35.0,Privato (potenziale),
PRIV_1333,Edificio 1332,,Zona 3 - Sud,4,46.162948,12.708771,7.139,1.26,8.399000000000001,Privato (potenziale),
PRIV_1334,Edificio 1333,,Zona 3 - Sud,4,46.162983,12.708324,36.057,6.363,42.42,Privato (potenziale),
PRIV_1335,Via Caterina Percoto 16,Via Caterina Percoto,Zona 3 - Sud,4,46.163189,12.708701,39.627,6.993,46.620000000000005,Privato (potenziale),
PRIV_1336,Via Caterina Percoto 18,Via Caterina Percoto,Zona 3 - Sud,4,46.163304,12.709017,59.619,10.521,70.14,Privato (potenziale),
PRIV_1337,Via Daniele Manin 2,Via Daniele Manin,Zona 3 - Sud,4,46.163057,12.709134,29.75,5.25,35.0,Privato (potenziale),
PRIV_1338,Via Daniele Manin 6,Via Daniele Manin,Zona 3 - Sud,4,46.16289,12.709099,28.441,5.019,33.46,Privato (potenziale),
PRIV_1339,Via Pier Fortunato Calvi 3,Via Pier Fortunato Calvi,Zona 3 - Sud,4,46.162725,12.709823,170.17,30.03,200.2,Privato (potenziale),
PRIV_1340,Via Pier Fortunato Calvi 1,Via Pier Fortunato Calvi,Zona 3 - Sud,4,46.162637,12.709677,29.393,5.187,34.58,Privato (potenziale),
PRIV_1341,Via Daniele Manin 1,Via Daniele Manin,Zona 3 - Sud,4,46.163251,12.709674,103.054,18.186,121.24000000000001,Privato (potenziale),
PRIV_1342,Via Daniele Manin 10,Via Daniele Manin,Zona 3 - Sud,4,46.162462,12.709142,180.761,31.899,212.66,Privato (potenziale),
PRIV_1343,Via Daniele Manin 26,Via Daniele Manin,Zona 3 - Sud,4,46.162063,12.709152,10.115,1.784,11.899000000000001,Privato (potenziale),
PRIV_1344,Via Galileo Galilei 7,Via Galileo Galilei,Zona 3 - Sud,4,46.161192,12.707729,35.462,6.258,41.720000000000006,Privato (potenziale),
PRIV_1345,Via Galileo Galilei 11,Via Galileo Galilei,Zona 3 - Sud,4,46.161166,12.708049,27.965,4.935,32.9,Privato (potenziale),
PRIV_1346,Via Galileo Galilei 17,Via Galileo Galilei,Zona 3 - Sud,4,46.161171,12.708731,39.39,6.951,46.341,Privato (potenziale),
PRIV_1347,Via Vittorio Alfieri 12,Via Vittorio Alfieri,Zona 3 - Sud,4,46.161468,12.707765,90.083,15.897,105.98,Privato (potenziale),
PRIV_1348,Via Vittorio Alfieri 18,Via Vittorio Alfieri,Zona 3 - Sud,4,46.161426,12.708773,52.122,9.198,61.32,Privato (potenziale),
PRIV_1349,Via Galileo Galilei 8,Via Galileo Galilei,Zona 3 - Sud,4,46.160869,12.707955,53.312,9.408,62.72,Privato (potenziale),
PRIV_1350,Via Galileo Galilei 10,Via Galileo Galilei,Zona 3 - Sud,4,46.160845,12.70833,60.214,10.625,70.839,Privato (potenziale),
PRIV_1351,Via Galileo Galilei 12,Via Galileo Galilei,Zona 3 - Sud,4,46.160566,12.708679,80.801,14.259,95.06,Privato (potenziale),
PRIV_1352,Edificio 1351,,Zona 3 - Sud,4,46.160409,12.70876,5.474,0.968,6.442,Privato (potenziale),
PRIV_1353,Via Pier Fortunato Calvi 2,Via Pier Fortunato Calvi,Zona 3 - Sud,4,46.162252,12.709782,50.218,8.862,59.080000000000005,Privato (potenziale),
PRIV_1354,Via Daniele Manin 23,Via Daniele Manin,Zona 3 - Sud,4,46.162157,12.709689,14.042,2.479,16.521,Privato (potenziale),
PRIV_1355,Via Vittorio Emanuele 25,Via Vittorio Emanuele,Zona 3 - Sud,4,46.165308,12.707874,24.633,4.346,28.979,Privato (potenziale),
PRIV_1356,Via Vittorio Emanuele 21,Via Vittorio Emanuele,Zona 3 - Sud,4,46.16578,12.70898,73.899,13.041,86.94,Privato (potenziale),
PRIV_1357,Edificio 1356,,Zona 3 - Sud,4,46.165392,12.709118,12.257,2.164,14.421,Privato (potenziale),
PRIV_1358,Via Galileo Galilei 13,Via Galileo Galilei,Zona 3 - Sud,4,46.161166,12.708362,37.604,6.636,44.24,Privato (potenziale),
PRIV_1359,Edificio 1358,,Zona 3 - Sud,4,46.163182,12.708333,37.247,6.573,43.82,Privato (potenziale),
PRIV_1360,Via dello Stadio 36,Via dello Stadio,Zona 2 - Ex Bioman,4,46.159244,12.698965,21.776,3.843,25.619,Privato (potenziale),
PRIV_1361,Via Udine 12,Via Udine,Zona 2 - Ex Bioman,4,46.160938,12.704859,45.934,8.106,54.04,Privato (potenziale),
PRIV_1362,Via Udine 10,Via Udine,Zona 2 - Ex Bioman,4,46.160927,12.7051,42.483,7.497,49.98,Privato (potenziale),
PRIV_1363,Edificio 1362,,Zona 2 - Ex Bioman,4,46.16103,12.704925,22.491,3.969,26.46,Privato (potenziale),
PRIV_1364,Edificio 1363,,Zona 2 - Ex Bioman,4,46.160834,12.704596,10.234,1.805,12.039,Privato (potenziale),
PRIV_1365,Via Umberto Saba 11,Via Umberto Saba,Zona 2 - Ex Bioman,4,46.161267,12.704487,77.707,13.713,91.41999999999999,Privato (potenziale),
PRIV_1366,Via Umberto Saba 9,Via Umberto Saba,Zona 2 - Ex Bioman,4,46.161251,12.705002,44.149,7.79,51.939,Privato (potenziale),
PRIV_1367,Edificio 1366,,Zona 2 - Ex Bioman,4,46.161138,12.704876,5.117,0.905,6.022,Privato (potenziale),
PRIV_1368,Via Pordenone 50,Via Pordenone,Zona 2 - Ex Bioman,4,46.161357,12.705989,43.078,7.602,50.68000000000001,Privato (potenziale),
PRIV_1369,Via Pordenone 52,Via Pordenone,Zona 2 - Ex Bioman,4,46.161135,12.705991,41.769,7.371,49.14,Privato (potenziale),
PRIV_1370,Edificio 1369,,Zona 2 - Ex Bioman,4,46.161841,12.706045,44.625,7.875,52.5,Privato (potenziale),
PRIV_1371,Via Pordenone 38,Via Pordenone,Zona 2 - Ex Bioman,4,46.162137,12.706096,28.441,5.019,33.46,Privato (potenziale),
PRIV_1372,Via Pordenone 28,Via Pordenone,Zona 2 - Ex Bioman,4,46.162855,12.706176,28.441,5.019,33.46,Privato (potenziale),
PRIV_1373,Via fratelli Cairoli 1,Via fratelli Cairoli,Zona 2 - Ex Bioman,4,46.163255,12.706351,29.75,5.25,35.0,Privato (potenziale),
PRIV_1374,Via fratelli Cairoli 3,Via fratelli Cairoli,Zona 2 - Ex Bioman,4,46.163177,12.705878,29.631,5.229,34.86,Privato (potenziale),
PRIV_1375,Edificio 1374,,Zona 2 - Ex Bioman,4,46.163018,12.706026,5.236,0.925,6.161,Privato (potenziale),
PRIV_1376,Edificio 1375,,Zona 2 - Ex Bioman,4,46.163008,12.705792,4.998,0.884,5.882000000000001,Privato (potenziale),
PRIV_1377,Via fratelli Cairoli 11,Via fratelli Cairoli,Zona 2 - Ex Bioman,4,46.163138,12.705218,78.302,13.818,92.12,Privato (potenziale),
PRIV_1378,Via Ugo Foscolo 5,Via Ugo Foscolo,Zona 2 - Ex Bioman,4,46.162803,12.704901,61.642,10.878,72.52000000000001,Privato (potenziale),
PRIV_1379,Via Ugo Foscolo 7,Via Ugo Foscolo,Zona 2 - Ex Bioman,4,46.162478,12.705061,55.573,9.807,65.38,Privato (potenziale),
PRIV_1380,Via Ugo Foscolo 19,Via Ugo Foscolo,Zona 2 - Ex Bioman,4,46.16182,12.705005,43.435,7.665,51.1,Privato (potenziale),
PRIV_1381,Via Eugenio Montale 21,Via Eugenio Montale,Zona 2 - Ex Bioman,4,46.162806,12.705444,53.312,9.408,62.72,Privato (potenziale),
PRIV_1382,Edificio 1381,,Zona 2 - Ex Bioman,4,46.16289,12.705556,22.134,3.906,26.04,Privato (potenziale),
PRIV_1383,Edificio 1382,,Zona 2 - Ex Bioman,4,46.161748,12.704186,7.973,1.406,9.379,Privato (potenziale),
PRIV_1384,Via Ugo Foscolo 2,Via Ugo Foscolo,Zona 2 - Ex Bioman,4,46.163036,12.704356,27.608,4.872,32.480000000000004,Privato (potenziale),
PRIV_1385,Via fratelli Cairoli 25,Via fratelli Cairoli,Zona 2 - Ex Bioman,4,46.163074,12.70392,22.134,3.906,26.04,Privato (potenziale),
PRIV_1386,Via Eugenio Montale 5,Via Eugenio Montale,Zona 2 - Ex Bioman,4,46.161188,12.705369,50.218,8.862,59.080000000000005,Privato (potenziale),
PRIV_1387,Via Eugenio Montale 1,Via Eugenio Montale,Zona 2 - Ex Bioman,4,46.160886,12.705414,87.942,15.519,103.461,Privato (potenziale),
PRIV_1388,Via Pordenone 15,Via Pordenone,Zona 3 - Sud,4,46.162632,12.706825,72.233,12.747,84.98,Privato (potenziale),
PRIV_1389,Edificio 1388,,Zona 3 - Sud,4,46.162568,12.707135,27.608,4.872,32.480000000000004,Privato (potenziale),
PRIV_1390,Via Ippolito Nievo 10,Via Ippolito Nievo,Zona 3 - Sud,4,46.162538,12.70742,30.821,5.439,36.260000000000005,Privato (potenziale),
PRIV_1391,Via fratelli Cairoli 38,Via fratelli Cairoli,Zona 2 - Ex Bioman,4,46.163404,12.703792,15.589,2.751,18.34,Privato (potenziale),
PRIV_1392,Via fratelli Cairoli 34,Via fratelli Cairoli,Zona 2 - Ex Bioman,4,46.163455,12.704285,22.253,3.927,26.18,Privato (potenziale),
PRIV_1393,Edificio 1392,,Zona 2 - Ex Bioman,4,46.163582,12.704232,11.424,2.015,13.439,Privato (potenziale),
PRIV_1394,Edificio 1393,,Zona 2 - Ex Bioman,4,46.163616,12.704469,28.917,5.103,34.02,Privato (potenziale),
PRIV_1395,Via fratelli Cairoli 30,Via fratelli Cairoli,Zona 2 - Ex Bioman,4,46.163472,12.704693,17.612,3.107,20.718999999999998,Privato (potenziale),
PRIV_1396,Via fratelli Cairoli 24,Via fratelli Cairoli,Zona 2 - Ex Bioman,4,46.163482,12.705127,103.53,18.27,121.8,Privato (potenziale),
PRIV_1397,Via fratelli Cairoli 22,Via fratelli Cairoli,Zona 2 - Ex Bioman,4,46.163707,12.705334,22.253,3.927,26.18,Privato (potenziale),
PRIV_1398,Edificio 1397,,Zona 2 - Ex Bioman,4,46.163743,12.705079,28.203,4.977,33.18,Privato (potenziale),
PRIV_1399,Edificio 1398,,Zona 2 - Ex Bioman,4,46.163576,12.705793,113.526,20.034,133.56,Privato (potenziale),
PRIV_1400,Via fratelli Cairoli 12,Via fratelli Cairoli,Zona 2 - Ex Bioman,4,46.163872,12.705796,29.869,5.271,35.14,Privato (potenziale),
PRIV_1401,Edificio 1400,,Zona 2 - Ex Bioman,4,46.164022,12.705925,13.566,2.395,15.961,Privato (potenziale),
PRIV_1402,Via fratelli Cairoli 14,Via fratelli Cairoli,Zona 2 - Ex Bioman,4,46.163922,12.705919,18.564,3.275,21.839,Privato (potenziale),
PRIV_1403,Via fratelli Cairoli 16,Via fratelli Cairoli,Zona 2 - Ex Bioman,4,46.16409,12.705704,15.113,2.667,17.78,Privato (potenziale),
PRIV_1404,Edificio 1403,,Zona 2 - Ex Bioman,4,46.164117,12.705872,13.923,2.458,16.381,Privato (potenziale),
PRIV_1405,Edificio 1404,,Zona 2 - Ex Bioman,4,46.164129,12.705962,16.065,2.835,18.900000000000002,Privato (potenziale),
PRIV_1406,Via Pordenone 2,Via Pordenone,Zona 2 - Ex Bioman,4,46.164232,12.706303,30.94,5.46,36.4,Privato (potenziale),
PRIV_1407,Via Francesco Petrarca 2,Via Francesco Petrarca,Zona 3 - Sud,4,46.16416,12.706822,40.579,7.161,47.74,Privato (potenziale),
PRIV_1408,Via Pordenone 7,Via Pordenone,Zona 3 - Sud,4,46.163912,12.706884,33.32,5.88,39.2,Privato (potenziale),
PRIV_1409,Edificio 1408,,Zona 3 - Sud,4,46.163775,12.706897,39.39,6.951,46.341,Privato (potenziale),
PRIV_1410,Via Pordenone 9,Via Pordenone,Zona 3 - Sud,4,46.163607,12.706804,35.105,6.195,41.3,Privato (potenziale),
PRIV_1411,Edificio 1410,,Zona 3 - Sud,4,46.163567,12.707065,17.136,3.023,20.159,Privato (potenziale),
PRIV_1412,Via Caterina Percoto 3,Via Caterina Percoto,Zona 3 - Sud,4,46.163355,12.707155,16.66,2.939,19.599,Privato (potenziale),
PRIV_1413,Via fratelli Bandiera 4,Via fratelli Bandiera,Zona 3 - Sud,4,46.163956,12.707254,82.586,14.574,97.16,Privato (potenziale),
PRIV_1414,Via Francesco Petrarca 6,Via Francesco Petrarca,Zona 3 - Sud,4,46.164358,12.707336,32.487,5.733,38.22,Privato (potenziale),
PRIV_1415,Via Pordenone 3,Via Pordenone,Zona 3 - Sud,4,46.164478,12.706862,17.493,3.086,20.578999999999997,Privato (potenziale),
PRIV_1416,Via Caterina Percoto 2,Via Caterina Percoto,Zona 3 - Sud,4,46.163135,12.706841,62.475,11.025,73.5,Privato (potenziale),
PRIV_1417,Via Ippolito Nievo 2,Via Ippolito Nievo,Zona 3 - Sud,4,46.163023,12.707309,90.083,15.897,105.98,Privato (potenziale),
PRIV_1418,Via Ippolito Nievo 6,Via Ippolito Nievo,Zona 3 - Sud,4,46.162832,12.707207,32.606,5.753,38.359,Privato (potenziale),
PRIV_1419,Edificio 1418,,Zona 3 - Sud,4,46.162856,12.706956,9.996,1.762,11.758000000000001,Privato (potenziale),
PRIV_1420,Via Pordenone 17,Via Pordenone,Zona 3 - Sud,4,46.162238,12.706871,80.444,14.196,94.64,Privato (potenziale),
PRIV_1421,Via Vittorio Alfieri 4,Via Vittorio Alfieri,Zona 3 - Sud,4,46.16154,12.706972,23.562,4.159,27.721,Privato (potenziale),
PRIV_1422,Edificio 1421,,Zona 3 - Sud,4,46.161475,12.70692,20.23,3.57,23.8,Privato (potenziale),
PRIV_1423,Via Galileo Galilei 3,Via Galileo Galilei,Zona 3 - Sud,4,46.161247,12.70694,44.268,7.812,52.08,Privato (potenziale),
PRIV_1424,Via Vittorio Alfieri 6,Via Vittorio Alfieri,Zona 3 - Sud,4,46.161515,12.707339,41.769,7.371,49.14,Privato (potenziale),
PRIV_1425,Via Galileo Galilei 2,Via Galileo Galilei,Zona 3 - Sud,4,46.160881,12.706578,46.767,8.253,55.02,Privato (potenziale),
PRIV_1426,Via Galileo Galilei 4,Via Galileo Galilei,Zona 3 - Sud,4,46.16086,12.706934,39.627,6.993,46.620000000000005,Privato (potenziale),
PRIV_1427,Via Galileo Galilei 6,Via Galileo Galilei,Zona 3 - Sud,4,46.160866,12.707287,42.959,7.58,50.539,Privato (potenziale),
PRIV_1428,Via Raimondo d'Aronco 1,Via Raimondo d'Aronco,Zona 3 - Sud,4,46.160652,12.70687,33.558,5.922,39.48,Privato (potenziale),
PRIV_1429,Via Raimondo d'Aronco 3,Via Raimondo d'Aronco,Zona 3 - Sud,4,46.160588,12.707297,53.074,9.366,62.44,Privato (potenziale),
PRIV_1430,Via della Repubblica 25,Via della Repubblica,Zona 2 - Ex Bioman,4,46.162219,12.699307,41.888,7.392,49.28,Privato (potenziale),
PRIV_1431,Via della Repubblica 27,Via della Repubblica,Zona 2 - Ex Bioman,4,46.162476,12.699255,30.107,5.313,35.42,Privato (potenziale),
PRIV_1432,Via della Repubblica 21,Via della Repubblica,Zona 2 - Ex Bioman,4,46.162438,12.699578,48.79,8.61,57.4,Privato (potenziale),
PRIV_1433,Via della Repubblica 19,Via della Repubblica,Zona 2 - Ex Bioman,4,46.162527,12.699829,44.625,7.875,52.5,Privato (potenziale),
PRIV_1434,Via della Repubblica 17,Via della Repubblica,Zona 2 - Ex Bioman,4,46.162659,12.700075,19.396,3.423,22.819000000000003,Privato (potenziale),
PRIV_1435,Edificio 1434,,Zona 2 - Ex Bioman,4,46.162602,12.700079,14.756,2.605,17.361,Privato (potenziale),
PRIV_1436,Edificio 1435,,Zona 2 - Ex Bioman,4,46.162492,12.700258,7.973,1.406,9.379,Privato (potenziale),
PRIV_1437,Via della Repubblica 15,Via della Repubblica,Zona 2 - Ex Bioman,4,46.162655,12.700345,52.241,9.22,61.461,Privato (potenziale),
PRIV_1438,Via della Repubblica 7,Via della Repubblica,Zona 2 - Ex Bioman,4,46.162875,12.701298,28.56,5.041,33.601,Privato (potenziale),
PRIV_1439,Via della Repubblica 3,Via della Repubblica,Zona 2 - Ex Bioman,4,46.163003,12.701689,21.896,3.865,25.761000000000003,Privato (potenziale),
PRIV_1440,Edificio 1439,,Zona 4 - Centro,4,46.164167,12.704691,45.458,8.022,53.48,Privato (potenziale),
PRIV_1441,Via Vittorio Emanuele 29,Via Vittorio Emanuele,Zona 3 - Sud,4,46.164941,12.707252,39.984,7.056,47.04,Privato (potenziale),
PRIV_1442,Edificio 1441,,Zona 3 - Sud,4,46.164857,12.707249,6.307,1.115,7.422000000000001,Privato (potenziale),
PRIV_1443,Via Pordenone 1,Via Pordenone,Zona 3 - Sud,4,46.164895,12.706959,21.776,3.843,25.619,Privato (potenziale),
PRIV_1444,Via della Repubblica 1,Via della Repubblica,Zona 2 - Ex Bioman,4,46.164541,12.706292,24.157,4.263,28.42,Privato (potenziale),
PRIV_1445,Via fratelli Cairoli 27,Via fratelli Cairoli,Zona 2 - Ex Bioman,4,46.163082,12.703626,29.75,5.25,35.0,Privato (potenziale),
PRIV_1446,Edificio 1445,,Zona 2 - Ex Bioman,4,46.162691,12.705128,9.401,1.658,11.059,Privato (potenziale),
PRIV_1447,Edificio 1446,,Zona 2 - Ex Bioman,4,46.159539,12.699771,4.998,0.884,5.882000000000001,Privato (potenziale),
PRIV_1448,Edificio 1447,,Zona 2 - Ex Bioman,4,46.162871,12.704891,7.973,1.406,9.379,Privato (potenziale),
PRIV_1449,Edificio 1448,,Zona 2 - Ex Bioman,4,46.160365,12.701983,19.992,3.528,23.52,Privato (potenziale),
PRIV_1450,Via Marco Polo 34,Via Marco Polo,Zona 2 - Ex Bioman,4,46.158899,12.705408,25.108,4.431,29.539,Privato (potenziale),
PRIV_1451,Via Giuseppe Parini 15,Via Giuseppe Parini,Zona 2 - Ex Bioman,4,46.161374,12.703043,54.026,9.534,63.56,Privato (potenziale),
PRIV_1452,Edificio 1451,,Zona 2 - Ex Bioman,4,46.162256,12.702352,18.326,3.233,21.559,Privato (potenziale),
PRIV_1453,Edificio 1452,,Zona 2 - Ex Bioman,4,46.160674,12.699077,9.282,1.637,10.919,Privato (potenziale),
PRIV_1454,Edificio 1453,,Zona 2 - Ex Bioman,4,46.162347,12.701322,31.297,5.523,36.82,Privato (potenziale),
PRIV_1455,Via Giacomo Leopardi 4,Via Giacomo Leopardi,Zona 2 - Ex Bioman,4,46.162457,12.703602,27.132,4.788,31.92,Privato (potenziale),
PRIV_1456,Via Giacomo Leopardi 23,Via Giacomo Leopardi,Zona 2 - Ex Bioman,4,46.161061,12.703852,22.491,3.969,26.46,Privato (potenziale),
PRIV_1457,Via Giacomo Leopardi 7,Via Giacomo Leopardi,Zona 2 - Ex Bioman,4,46.162208,12.703988,33.558,5.922,39.48,Privato (potenziale),
PRIV_1458,Edificio 1457,,Zona 2 - Ex Bioman,4,46.159652,12.699862,35.105,6.195,41.3,Privato (potenziale),
PRIV_1459,Via Udine 54,Via Udine,Zona 2 - Ex Bioman,4,46.161343,12.699124,40.103,7.077,47.18,Privato (potenziale),
PRIV_1460,Via Torquato Tasso 6,Via Torquato Tasso,Zona 2 - Ex Bioman,4,46.161995,12.701808,35.581,6.279,41.86,Privato (potenziale),
PRIV_1461,Edificio 1460,,Zona 2 - Ex Bioman,4,46.162211,12.702405,17.493,3.086,20.578999999999997,Privato (potenziale),
PRIV_1462,Via Udine 85,Via Udine,Zona 2 - Ex Bioman,4,46.160874,12.69897,42.483,7.497,49.98,Privato (potenziale),
PRIV_1463,Via Giacomo Leopardi 3,Via Giacomo Leopardi,Zona 2 - Ex Bioman,4,46.162501,12.704028,29.75,5.25,35.0,Privato (potenziale),
PRIV_1464,Via Giuseppe Parini 5,Via Giuseppe Parini,Zona 2 - Ex Bioman,4,46.162381,12.703253,45.815,8.085,53.9,Privato (potenziale),
PRIV_1465,Edificio 1464,,Zona 2 - Ex Bioman,4,46.16251,12.701633,36.057,6.363,42.42,Privato (potenziale),
PRIV_1466,Via Giacomo Leopardi 27,Via Giacomo Leopardi,Zona 2 - Ex Bioman,4,46.160832,12.703851,22.134,3.906,26.04,Privato (potenziale),
PRIV_1467,Via Udine 65,Via Udine,Zona 2 - Ex Bioman,4,46.159844,12.699784,56.287,9.933,66.22,Privato (potenziale),
PRIV_1468,Via Torquato Tasso 17,Via Torquato Tasso,Zona 2 - Ex Bioman,4,46.161608,12.701129,46.767,8.253,55.02,Privato (potenziale),
PRIV_1469,Via Giacomo Leopardi 12,Via Giacomo Leopardi,Zona 2 - Ex Bioman,4,46.161988,12.703586,27.132,4.788,31.92,Privato (potenziale),
PRIV_1470,Via Udine 55,Via Udine,Zona 2 - Ex Bioman,4,46.160075,12.70038,20.23,3.57,23.8,Privato (potenziale),
PRIV_1471,Via Giacomo Leopardi 5,Via Giacomo Leopardi,Zona 2 - Ex Bioman,4,46.162374,12.704076,30.464,5.376,35.839999999999996,Privato (potenziale),
PRIV_1472,Edificio 1471,,Zona 2 - Ex Bioman,4,46.161153,12.7031,10.829,1.91,12.739,Privato (potenziale),
PRIV_1473,Via Giuseppe Parini 8,Via Giuseppe Parini,Zona 2 - Ex Bioman,4,46.161977,12.702272,61.404,10.836,72.24000000000001,Privato (potenziale),
PRIV_1474,Edificio 1473,,Zona 2 - Ex Bioman,4,46.160986,12.704607,35.938,6.342,42.28,Privato (potenziale),
PRIV_1475,Via Udine 45,Via Udine,Zona 2 - Ex Bioman,4,46.160603,12.70097,121.856,21.504,143.35999999999999,Privato (potenziale),
PRIV_1476,Edificio 1475,,Zona 2 - Ex Bioman,4,46.160077,12.700479,20.587,3.633,24.22,Privato (potenziale),
PRIV_1477,Edificio 1476,,Zona 2 - Ex Bioman,4,46.160988,12.703067,6.783,1.199,7.982,Privato (potenziale),
PRIV_1478,Via Torquato Tasso 13,Via Torquato Tasso,Zona 2 - Ex Bioman,4,46.161592,12.701435,45.934,8.106,54.04,Privato (potenziale),
PRIV_1479,Via Udine 28,Via Udine,Zona 2 - Ex Bioman,4,46.161081,12.703182,21.063,3.718,24.781,Privato (potenziale),
PRIV_1480,Via Giuseppe Parini 9,Via Giuseppe Parini,Zona 2 - Ex Bioman,4,46.162109,12.703346,31.654,5.586,37.24,Privato (potenziale),
PRIV_1481,Via fratelli Cairoli 53,Via fratelli Cairoli,Zona 2 - Ex Bioman,4,46.162237,12.701064,62.951,11.109,74.06,Privato (potenziale),
PRIV_1482,Via Udine 77,Via Udine,Zona 2 - Ex Bioman,4,46.160838,12.699679,45.22,7.98,53.2,Privato (potenziale),
PRIV_1483,Via Giacomo Leopardi 1,Via Giacomo Leopardi,Zona 2 - Ex Bioman,4,46.162761,12.703978,34.391,6.069,40.46,Privato (potenziale),
PRIV_1484,Via Torquato Tasso 9,Via Torquato Tasso,Zona 2 - Ex Bioman,4,46.161591,12.701763,49.385,8.715,58.099999999999994,Privato (potenziale),
PRIV_1485,Via Giacomo Leopardi 2,Via Giacomo Leopardi,Zona 2 - Ex Bioman,4,46.162722,12.703494,62.237,10.983,73.22,Privato (potenziale),
PRIV_1486,Edificio 1485,,Zona 2 - Ex Bioman,4,46.160788,12.700486,38.556,6.804,45.36,Privato (potenziale),
PRIV_1487,Via Torquato Tasso 5,Via Torquato Tasso,Zona 2 - Ex Bioman,4,46.161546,12.702077,69.615,12.285,81.89999999999999,Privato (potenziale),
PRIV_1488,Via Torquato Tasso 12,Via Torquato Tasso,Zona 2 - Ex Bioman,4,46.161991,12.701166,32.487,5.733,38.22,Privato (potenziale),
PRIV_1489,Edificio 1488,,Zona 2 - Ex Bioman,4,46.16286,12.704015,5.236,0.925,6.161,Privato (potenziale),
PRIV_1490,Edificio 1489,,Zona 2 - Ex Bioman,4,46.159185,12.700878,21.063,3.718,24.781,Privato (potenziale),
PRIV_1491,Via fratelli Cairoli 59,Via fratelli Cairoli,Zona 2 - Ex Bioman,4,46.162063,12.70049,55.692,9.828,65.52,Privato (potenziale),
PRIV_1492,Via Udine 31,Via Udine,Zona 2 - Ex Bioman,4,46.159969,12.701631,98.77,17.43,116.19999999999999,Privato (potenziale),
PRIV_1493,Edificio 1492,,Zona 2 - Ex Bioman,4,46.162883,12.704267,10.115,1.784,11.899000000000001,Privato (potenziale),
PRIV_1494,Via Udine 57,Via Udine,Zona 2 - Ex Bioman,4,46.159782,12.700453,53.55,9.45,63.0,Privato (potenziale),
PRIV_1495,Edificio 1494,,Zona 2 - Ex Bioman,4,46.160871,12.703998,14.875,2.626,17.501,Privato (potenziale),
PRIV_1496,Edificio 1495,,Zona 2 - Ex Bioman,4,46.161642,12.703556,13.923,2.458,16.381,Privato (potenziale),
PRIV_1497,Edificio 1496,,Zona 2 - Ex Bioman,4,46.16014,12.698976,9.163,1.616,10.779,Privato (potenziale),
PRIV_1498,Via Udine 73,Via Udine,Zona 2 - Ex Bioman,4,46.160575,12.699885,26.775,4.725,31.5,Privato (potenziale),
PRIV_1499,Via dello Stadio 40,Via dello Stadio,Zona 2 - Ex Bioman,4,46.159904,12.698953,29.75,5.25,35.0,Privato (potenziale),
PRIV_1500,Edificio 1499,,Zona 2 - Ex Bioman,4,46.160873,12.703132,18.802,3.317,22.119,Privato (potenziale),
PRIV_1501,Via fratelli Cairoli 33,Via fratelli Cairoli,Zona 2 - Ex Bioman,4,46.162967,12.703065,32.963,5.817,38.78,Privato (potenziale),
PRIV_1502,Via fratelli Cairoli 57,Via fratelli Cairoli,Zona 2 - Ex Bioman,4,46.162157,12.700702,29.393,5.187,34.58,Privato (potenziale),
PRIV_1503,Via Giacomo Leopardi 11,Via Giacomo Leopardi,Zona 2 - Ex Bioman,4,46.161809,12.703994,23.443,4.137,27.580000000000002,Privato (potenziale),
PRIV_1504,Via dello Stadio 46,Via dello Stadio,Zona 2 - Ex Bioman,4,46.160268,12.698889,49.147,8.673,57.82,Privato (potenziale),
PRIV_1505,Via dello Stadio 48,Via dello Stadio,Zona 2 - Ex Bioman,4,46.16024,12.69912,35.224,6.216,41.44,Privato (potenziale),
PRIV_1506,Edificio 1505,,Zona 2 - Ex Bioman,4,46.162017,12.701839,19.992,3.528,23.52,Privato (potenziale),
PRIV_1507,Via Giacomo Leopardi 18,Via Giacomo Leopardi,Zona 2 - Ex Bioman,4,46.161694,12.703548,12.257,2.164,14.421,Privato (potenziale),
PRIV_1508,Via Udine 16,Via Udine,Zona 2 - Ex Bioman,4,46.160725,12.704593,25.823,4.557,30.380000000000003,Privato (potenziale),
PRIV_1509,Via Udine 75,Via Udine,Zona 2 - Ex Bioman,4,46.160817,12.700004,38.318,6.762,45.08,Privato (potenziale),
PRIV_1510,Via Udine 30,Via Udine,Zona 2 - Ex Bioman,4,46.160796,12.703176,18.921,3.339,22.259999999999998,Privato (potenziale),
PRIV_1511,Via Udine 50,Via Udine,Zona 2 - Ex Bioman,4,46.161242,12.69975,56.882,10.038,66.92,Privato (potenziale),
PRIV_1512,Edificio 1511,,Zona 2 - Ex Bioman,4,46.162884,12.703009,10.829,1.91,12.739,Privato (potenziale),
PRIV_1513,Via Udine 24,Via Udine,Zona 2 - Ex Bioman,4,46.160782,12.703837,14.756,2.605,17.361,Privato (potenziale),
PRIV_1514,Via fratelli Cairoli 43,Via fratelli Cairoli,Zona 2 - Ex Bioman,4,46.162532,12.701927,42.959,7.58,50.539,Privato (potenziale),
PRIV_1515,Via Udine 27,Via Udine,Zona 2 - Ex Bioman,4,46.16049,12.701695,101.388,17.892,119.28,Privato (potenziale),
PRIV_1516,Edificio 1515,,Zona 2 - Ex Bioman,4,46.161816,12.699846,30.464,5.376,35.839999999999996,Privato (potenziale),
PRIV_1517,Via Ugo Foscolo 26,Via Ugo Foscolo,Zona 2 - Ex Bioman,4,46.161822,12.704473,36.771,6.489,43.26,Privato (potenziale),
PRIV_1518,Via Udine 43,Via Udine,Zona 2 - Ex Bioman,4,46.160244,12.700993,60.69,10.71,71.4,Privato (potenziale),
PRIV_1519,Via Udine 26,Via Udine,Zona 2 - Ex Bioman,4,46.160785,12.703492,20.468,3.612,24.08,Privato (potenziale),
PRIV_1520,Edificio 1519,,Zona 2 - Ex Bioman,4,46.159338,12.703232,85.215,2.692,87.90700000000001,Privato (potenziale),
PRIV_1521,Edificio 1520,,Zona 2 - Ex Bioman,4,46.158775,12.703466,5.593,0.989,6.582,Privato (potenziale),
PRIV_1522,Via Ugo Foscolo 24,Via Ugo Foscolo,Zona 2 - Ex Bioman,4,46.162034,12.704348,50.813,8.967,59.78,Privato (potenziale),
PRIV_1523,Via Giacomo Leopardi 22,Via Giacomo Leopardi,Zona 2 - Ex Bioman,4,46.161335,12.703518,25.466,4.494,29.96,Privato (potenziale),
PRIV_1524,Via Giuseppe Parini 3,Via Giuseppe Parini,Zona 2 - Ex Bioman,4,46.162632,12.703142,45.102,7.959,53.06099999999999,Privato (potenziale),
PRIV_1525,Via Udine 71,Via Udine,Zona 2 - Ex Bioman,4,46.160312,12.699981,36.771,6.489,43.26,Privato (potenziale),
PRIV_1526,Via dello Stadio 26,Via dello Stadio,Zona 2 - Ex Bioman,4,46.159011,12.700901,34.629,6.111,40.739999999999995,Privato (potenziale),
PRIV_1527,Via fratelli Cairoli 41,Via fratelli Cairoli,Zona 2 - Ex Bioman,4,46.162703,12.702173,32.487,5.733,38.22,Privato (potenziale),
PRIV_1528,Via dello Stadio 54,Via dello Stadio,Zona 2 - Ex Bioman,4,46.160606,12.698957,48.909,8.631,57.54,Privato (potenziale),
PRIV_1529,Edificio 1528,,Zona 3 - Sud,4,46.163352,12.711593,70.567,12.453,83.02,Privato (potenziale),
PRIV_1530,Edificio 1529,,Zona 3 - Sud,4,46.166621,12.711223,82.942,14.637,97.579,Privato (potenziale),
PRIV_1531,Via Francesco Petrarca 9,Via Francesco Petrarca,Zona 3 - Sud,4,46.166238,12.711442,238.119,42.021,280.14,Privato (potenziale),
PRIV_1532,Edificio 1531,,Zona 3 - Sud,4,46.166061,12.71118,12.614,2.227,14.841000000000001,Privato (potenziale),
PRIV_1533,Edificio 1532,,Zona 3 - Sud,4,46.166581,12.71169,17.969,3.17,21.139000000000003,Privato (potenziale),
PRIV_1534,Edificio 1533,,Zona 3 - Sud,4,46.16652,12.712088,105.553,18.626,124.179,Privato (potenziale),
PRIV_1535,Edificio 1534,,Zona 3 - Sud,4,46.167068,12.711571,175.049,30.891,205.94,Privato (potenziale),
PRIV_1536,Edificio 1535,,Zona 3 - Sud,4,46.165043,12.711368,200.158,35.322,235.48,Privato (potenziale),
PRIV_1537,Edificio 1536,,Zona 3 - Sud,4,46.165845,12.709888,125.188,22.092,147.28,Privato (potenziale),
PRIV_1538,Via Francesco Petrarca 7,Via Francesco Petrarca,Zona 3 - Sud,4,46.165982,12.710648,737.205,130.095,867.3000000000001,Privato (potenziale),
PRIV_1539,Edificio 1538,,Zona 3 - Sud,4,46.166068,12.709401,19.396,3.423,22.819000000000003,Privato (potenziale),
PRIV_1540,Edificio 1539,,Zona 3 - Sud,4,46.165489,12.708406,136.255,24.045,160.3,Privato (potenziale),
PRIV_1541,Edificio 1540,,Zona 3 - Sud,4,46.166148,12.709551,27.251,4.809,32.06,Privato (potenziale),
PRIV_1542,Edificio 1541,,Zona 3 - Sud,4,46.16553,12.709362,179.214,31.626,210.84,Privato (potenziale),
PRIV_1543,Edificio 1542,,Zona 2 - Ex Bioman,4,46.162124,12.699036,35.224,6.216,41.44,Privato (potenziale),
PRIV_1544,Edificio 1543,,Zona 2 - Ex Bioman,4,46.162194,12.698861,9.401,1.658,11.059,Privato (potenziale),
PRIV_1545,Edificio 1544,,Zona 2 - Ex Bioman,4,46.159088,12.700868,7.735,1.365,9.1,Privato (potenziale),
PRIV_1546,Edificio 1545,,Zona 2 - Ex Bioman,4,46.159253,12.700888,5.236,0.925,6.161,Privato (potenziale),
PRIV_1547,Edificio 1546,,Zona 2 - Ex Bioman,4,46.159369,12.699052,10.115,1.784,11.899000000000001,Privato (potenziale),
PRIV_1548,Edificio 1547,,Zona 2 - Ex Bioman,4,46.158824,12.705279,10.115,1.784,11.899000000000001,Privato (potenziale),
PRIV_1549,Edificio 1548,,Zona 2 - Ex Bioman,4,46.162425,12.701896,5.593,0.989,6.582,Privato (potenziale),
PRIV_1550,Edificio 1549,,Zona 2 - Ex Bioman,4,46.162319,12.704153,6.901,1.219,8.12,Privato (potenziale),
PRIV_1551,Edificio 1550,,Zona 2 - Ex Bioman,4,46.161415,12.703408,9.758,1.721,11.479,Privato (potenziale),
PRIV_1552,Edificio 1551,,Zona 2 - Ex Bioman,4,46.160904,12.704039,4.998,0.884,5.882000000000001,Privato (potenziale),
PRIV_1553,Edificio 1552,,Zona 2 - Ex Bioman,4,46.162779,12.705963,9.401,1.658,11.059,Privato (potenziale),
PRIV_1554,Edificio 1553,,Zona 2 - Ex Bioman,4,46.163567,12.704146,10.115,1.784,11.899000000000001,Privato (potenziale),
PRIV_1555,Edificio 1554,,Zona 2 - Ex Bioman,4,46.163581,12.704557,7.616,1.343,8.959,Privato (potenziale),
PRIV_1556,Edificio 1555,,Zona 2 - Ex Bioman,4,46.163809,12.704976,9.639,1.7,11.338999999999999,Privato (potenziale),
PRIV_1557,Edificio 1556,,Zona 2 - Ex Bioman,4,46.164004,12.705402,14.042,2.479,16.521,Privato (potenziale),
PRIV_1558,Edificio 1557,,Zona 3 - Sud,4,46.160696,12.706677,11.305,1.994,13.299,Privato (potenziale),
PRIV_1559,Edificio 1558,,Zona 2 - Ex Bioman,4,46.162262,12.699105,5.236,0.925,6.161,Privato (potenziale),
PRIV_1560,Edificio 1559,,Zona 2 - Ex Bioman,4,46.163026,12.701995,5.95,1.052,7.002000000000001,Privato (potenziale),
PRIV_1561,Edificio 1560,,Zona 3 - Sud,4,46.165706,12.70939,5.593,0.989,6.582,Privato (potenziale),
PRIV_1562,Edificio 1561,,Zona 3 - Sud,4,46.166086,12.710288,15.113,2.667,17.78,Privato (potenziale),
PRIV_1563,Edificio 1562,,Zona 3 - Sud,4,46.165653,12.711229,13.328,2.353,15.681,Privato (potenziale),
PRIV_1564,Edificio 1563,,Zona 3 - Sud,4,46.164072,12.708594,22.253,3.927,26.18,Privato (potenziale),
PRIV_1565,Edificio 1564,,Zona 3 - Sud,4,46.164211,12.708505,6.426,1.136,7.562,Privato (potenziale),
PRIV_1566,Edificio 1565,,Zona 3 - Sud,4,46.164689,12.708479,9.163,1.616,10.779,Privato (potenziale),
PRIV_1567,Edificio 1566,,Zona 3 - Sud,4,46.164548,12.70801,13.923,2.458,16.381,Privato (potenziale),
PRIV_1568,Edificio 1567,,Zona 3 - Sud,4,46.163615,12.708463,5.95,1.052,7.002000000000001,Privato (potenziale),
PRIV_1569,Edificio 1568,,Zona 3 - Sud,4,46.161267,12.708347,5.474,0.968,6.442,Privato (potenziale),
PRIV_1570,Edificio 1569,,Zona 3 - Sud,4,46.161641,12.70958,5.117,0.905,6.022,Privato (potenziale),
PRIV_1571,Edificio 1570,,Zona 3 - Sud,4,46.165701,12.709043,23.8,4.2,28.0,Privato (potenziale),
PRIV_1572,Edificio 1571,,Zona 3 - Sud,4,46.165104,12.707859,7.735,1.365,9.1,Privato (potenziale),
PRIV_1573,Edificio 1572,,Zona 3 - Sud,4,46.163793,12.712669,5.117,0.905,6.022,Privato (potenziale),
PRIV_1574,Edificio 1573,,Zona 3 - Sud,4,46.16293,12.713768,5.831,1.031,6.862,Privato (potenziale),
PRIV_1575,Edificio 1574,,Zona 3 - Sud,4,46.16255,12.714081,4.998,0.884,5.882000000000001,Privato (potenziale),
PRIV_1576,Edificio 1575,,Zona 3 - Sud,4,46.164654,12.711473,5.117,0.905,6.022,Privato (potenziale),
PRIV_1577,Edificio 1576,,Zona 3 - Sud,4,46.166658,12.711583,23.8,4.2,28.0,Privato (potenziale),
PRIV_1578,Edificio 1577,,Zona 3 - Sud,4,46.161356,12.709631,74.256,13.104,87.36,Privato (potenziale),
PRIV_1579,Edificio 1578,,Zona 3 - Sud,4,46.161151,12.70964,49.623,8.757,58.379999999999995,Privato (potenziale),
PRIV_1580,Edificio 1579,,Zona 3 - Sud,4,46.161309,12.710329,81.753,14.427,96.18,Privato (potenziale),
PRIV_1581,Edificio 1580,,Zona 3 - Sud,4,46.161095,12.710281,83.776,14.784,98.56,Privato (potenziale),
PRIV_1582,Edificio 1581,,Zona 2 - Ex Bioman,4,46.159669,12.699277,34.391,6.069,40.46,Privato (potenziale),
PRIV_1583,Via della Repubblica 5,Via della Repubblica,Zona 2 - Ex Bioman,4,46.162886,12.701487,30.821,5.439,36.260000000000005,Privato (potenziale),
PRIV_1584,Edificio 1583,,Zona 2 - Ex Bioman,4,46.163825,12.706203,73.78,13.02,86.8,Privato (potenziale),
PRIV_1585,Edificio 1584,,Zona 2 - Ex Bioman,4,46.160111,12.702467,421.325,13.305,434.63,Privato (potenziale),
PRIV_1586,Edificio 1585,,Zona 2 - Ex Bioman,4,46.162187,12.705479,38.912,6.867,45.778999999999996,Privato (potenziale),
PRIV_1587,Edificio 1586,,Zona 2 - Ex Bioman,4,46.161857,12.70544,51.289,9.051,60.34,Privato (potenziale),
PRIV_1588,Edificio 1587,,Zona 2 - Ex Bioman,4,46.161612,12.703925,43.316,7.644,50.96,Privato (potenziale),
PRIV_1589,Edificio 1588,,Zona 2 - Ex Bioman,4,46.161621,12.702936,34.391,6.069,40.46,Privato (potenziale),
PRIV_1590,Edificio 1589,,Zona 2 - Ex Bioman,4,46.161616,12.703274,53.55,9.45,63.0,Privato (potenziale),
PRIV_1591,Edificio 1590,,Zona 2 - Ex Bioman,4,46.161503,12.699871,30.821,5.439,36.260000000000005,Privato (potenziale),
PRIV_1592,Edificio 1591,,Zona 2 - Ex Bioman,4,46.161668,12.699441,14.875,2.626,17.501,Privato (potenziale),
PRIV_1593,Edificio 1592,,Zona 2 - Ex Bioman,4,46.161232,12.700184,59.738,10.542,70.28,Privato (potenziale),
PRIV_1594,Edificio 1593,,Zona 2 - Ex Bioman,4,46.161693,12.700444,52.479,9.261,61.739999999999995,Privato (potenziale),
PRIV_1595,Edificio 1594,,Zona 2 - Ex Bioman,4,46.161426,12.700698,58.072,10.248,68.32000000000001,Privato (potenziale),
PRIV_1596,Edificio 1595,,Zona 2 - Ex Bioman,4,46.162748,12.700694,17.731,3.128,20.859,Privato (potenziale),
PRIV_1597,Edificio 1596,,Zona 3 - Sud,4,46.161843,12.709919,279.055,49.245,328.3,Privato (potenziale),
PRIV_1598,Edificio 1597,,Zona 2 - Ex Bioman,4,46.158763,12.702849,608.95,19.23,628.1800000000001,Privato (potenziale),
PRIV_1599,Via Udine 51,Via Udine,Zona 2 - Ex Bioman,4,46.160522,12.700492,69.377,12.243,81.61999999999999,Privato (potenziale),
PRIV_1600,Edificio 1599,,Zona 4 - Centro,5,46.166445,12.707588,70.585,2.229,72.814,Privato (potenziale),
PRIV_1601,Edificio 1600,,Zona 4 - Centro,5,46.167133,12.707805,20.944,3.697,24.641,Privato (potenziale),
PRIV_1602,Edificio 1601,,Zona 4 - Centro,5,46.167126,12.708038,22.967,4.053,27.02,Privato (potenziale),
PRIV_1603,Edificio 1602,,Zona 4 - Centro,5,46.167273,12.707974,19.278,3.402,22.68,Privato (potenziale),
PRIV_1604,Edificio 1603,,Zona 4 - Centro,5,46.167194,12.707623,6.426,1.136,7.562,Privato (potenziale),
PRIV_1605,Via Giosuè Carducci 3,Via Giosuè Carducci,Zona 4 - Centro,5,46.166066,12.707684,32.249,5.691,37.940000000000005,Privato (potenziale),
PRIV_1606,Edificio 1605,,Zona 4 - Centro,5,46.166191,12.707789,5.117,0.905,6.022,Privato (potenziale),
PRIV_1607,Edificio 1606,,Zona 4 - Centro,5,46.16553,12.707401,27.608,4.872,32.480000000000004,Privato (potenziale),
PRIV_1608,Edificio 1607,,Zona 4 - Centro,5,46.16561,12.707677,16.303,2.876,19.179000000000002,Privato (potenziale),
PRIV_1609,Via Giosuè Carducci 7,Via Giosuè Carducci,Zona 4 - Centro,5,46.165917,12.707843,56.05,9.891,65.941,Privato (potenziale),
PRIV_1610,Via Vittorio Emanuele 28,Via Vittorio Emanuele,Zona 4 - Centro,5,46.166217,12.708345,314.041,55.419,369.46,Privato (potenziale),
PRIV_1611,Via Leonardo da Vinci 2,Via Leonardo da Vinci,Zona 4 - Centro,5,46.16828,12.70764,48.552,8.568,57.12,Privato (potenziale),
PRIV_1612,Edificio 1611,,Zona 4 - Centro,5,46.168452,12.708417,37.128,6.552,43.68,Privato (potenziale),
PRIV_1613,Edificio 1612,,Zona 4 - Centro,5,46.168431,12.708325,6.307,1.115,7.422000000000001,Privato (potenziale),
PRIV_1614,Edificio 1613,,Zona 4 - Centro,5,46.168184,12.708536,40.936,7.224,48.16,Privato (potenziale),
PRIV_1615,Via della Vittoria 16,Via della Vittoria,Zona 4 - Centro,5,46.168332,12.708784,38.437,6.783,45.22,Privato (potenziale),
PRIV_1616,Via Leonardo da Vinci 10,Via Leonardo da Vinci,Zona 4 - Centro,5,46.167678,12.707695,145.418,25.662,171.08,Privato (potenziale),
PRIV_1617,Via Dante Alighieri 37,Via Dante Alighieri,Zona 4 - Centro,5,46.167295,12.707481,27.965,4.935,32.9,Privato (potenziale),
PRIV_1618,Edificio 1617,,Zona 4 - Centro,5,46.171291,12.701072,23.443,4.137,27.580000000000002,Privato (potenziale),
PRIV_1619,Edificio 1618,,Zona 4 - Centro,5,46.168345,12.698001,41.055,7.245,48.3,Privato (potenziale),
PRIV_1620,Edificio 1619,,Zona 4 - Centro,5,46.16866,12.69776,27.608,4.872,32.480000000000004,Privato (potenziale),
PRIV_1621,Edificio 1620,,Zona 4 - Centro,5,46.168105,12.697355,44.268,7.812,52.08,Privato (potenziale),
PRIV_1622,Edificio 1621,,Zona 4 - Centro,5,46.168097,12.697693,38.794,6.846,45.64,Privato (potenziale),
PRIV_1623,Via Lorenzo Selva 102,Via Lorenzo Selva,Zona 4 - Centro,5,46.167919,12.697839,23.086,4.074,27.159999999999997,Privato (potenziale),
PRIV_1624,Via Lorenzo Selva 106,Via Lorenzo Selva,Zona 4 - Centro,5,46.167884,12.697504,28.084,4.956,33.04,Privato (potenziale),
PRIV_1625,Vicolo Antonio Andreuzzi 7,Vicolo Antonio Andreuzzi,Zona 4 - Centro,5,46.167903,12.696635,199.087,35.133,234.22,Privato (potenziale),
PRIV_1626,Via Lorenzo Selva 112,Via Lorenzo Selva,Zona 4 - Centro,5,46.167603,12.697545,127.211,22.449,149.66,Privato (potenziale),
PRIV_1627,Via Lorenzo Selva 120,Via Lorenzo Selva,Zona 4 - Centro,5,46.167333,12.697466,59.857,10.563,70.42,Privato (potenziale),
PRIV_1628,Via Ciro Menotti 5,Via Ciro Menotti,Zona 4 - Centro,5,46.167417,12.696156,13.09,2.311,15.401,Privato (potenziale),
PRIV_1629,Via Ciro Menotti 3,Via Ciro Menotti,Zona 4 - Centro,5,46.167173,12.696171,34.986,6.174,41.16,Privato (potenziale),
PRIV_1630,Edificio 1629,,Zona 4 - Centro,5,46.167036,12.696176,12.257,2.164,14.421,Privato (potenziale),
PRIV_1631,Via Ciro Menotti 18,Via Ciro Menotti,Zona 4 - Centro,5,46.167108,12.696411,15.589,2.751,18.34,Privato (potenziale),
PRIV_1632,Via Ciro Menotti 10,Via Ciro Menotti,Zona 4 - Centro,5,46.16728,12.696575,78.302,13.818,92.12,Privato (potenziale),
PRIV_1633,Via Ciro Menotti 22,Via Ciro Menotti,Zona 4 - Centro,5,46.167684,12.696544,20.23,3.57,23.8,Privato (potenziale),
PRIV_1634,Via Ciro Menotti 20,Via Ciro Menotti,Zona 4 - Centro,5,46.167658,12.696859,21.301,3.76,25.061,Privato (potenziale),
PRIV_1635,Via Ciro Menotti 2,Via Ciro Menotti,Zona 4 - Centro,5,46.166879,12.696922,77.707,13.713,91.41999999999999,Privato (potenziale),
PRIV_1636,Edificio 1635,,Zona 4 - Centro,5,46.166797,12.69734,18.921,3.339,22.259999999999998,Privato (potenziale),
PRIV_1637,Via Ciro Menotti 4,Via Ciro Menotti,Zona 4 - Centro,5,46.16701,12.696634,34.629,6.111,40.739999999999995,Privato (potenziale),
PRIV_1638,Via Lorenzo Selva 128,Via Lorenzo Selva,Zona 4 - Centro,5,46.167101,12.697698,60.452,10.668,71.12,Privato (potenziale),
PRIV_1639,Edificio 1638,,Zona 4 - Centro,5,46.166598,12.697702,34.153,6.027,40.18,Privato (potenziale),
PRIV_1640,Via Piave 118,Via Piave,Zona 4 - Centro,5,46.166575,12.696524,26.656,4.704,31.36,Privato (potenziale),
PRIV_1641,Via Piave 102,Via Piave,Zona 4 - Centro,5,46.166684,12.696429,111.265,19.635,130.9,Privato (potenziale),
PRIV_1642,Edificio 1641,,Zona 4 - Centro,5,46.166529,12.696431,10.829,1.91,12.739,Privato (potenziale),
PRIV_1643,Edificio 1642,,Zona 4 - Centro,5,46.166421,12.696867,130.9,23.1,154.0,Privato (potenziale),
PRIV_1644,Edificio 1643,,Zona 4 - Centro,5,46.166743,12.696969,23.8,4.2,28.0,Privato (potenziale),
PRIV_1645,Via Siega 20,Via Siega,Zona 4 - Centro,5,46.164875,12.698212,52.241,9.22,61.461,Privato (potenziale),
PRIV_1646,Via Siega 33,Via Siega,Zona 4 - Centro,5,46.164454,12.698016,62.475,11.025,73.5,Privato (potenziale),
PRIV_1647,Edificio 1646,,Zona 4 - Centro,5,46.163045,12.698264,71.281,12.579,83.86000000000001,Privato (potenziale),
PRIV_1648,Edificio 1647,,Zona 4 - Centro,5,46.166786,12.6952,40.579,7.161,47.74,Privato (potenziale),
PRIV_1649,Vicolo Antonio Andreuzzi 22,Vicolo Antonio Andreuzzi,Zona 4 - Centro,5,46.167001,12.695032,53.312,9.408,62.72,Privato (potenziale),
PRIV_1650,Edificio 1649,,Zona 4 - Centro,5,46.166638,12.694566,51.765,9.135,60.9,Privato (potenziale),
PRIV_1651,Vicolo Antonio Andreuzzi 21,Vicolo Antonio Andreuzzi,Zona 4 - Centro,5,46.166852,12.695144,7.259,1.281,8.540000000000001,Privato (potenziale),
PRIV_1652,Via Mazzoli Chiasais 2,Via Mazzoli Chiasais,Zona 4 - Centro,5,46.166156,12.694654,28.56,5.041,33.601,Privato (potenziale),
PRIV_1653,Via Piave 136,Via Piave,Zona 4 - Centro,5,46.166119,12.694852,68.901,12.159,81.06,Privato (potenziale),
PRIV_1654,Edificio 1653,,Zona 4 - Centro,5,46.166292,12.695031,8.925,1.574,10.499,Privato (potenziale),
PRIV_1655,Edificio 1654,,Zona 4 - Centro,5,46.16641,12.695327,11.781,2.079,13.860000000000001,Privato (potenziale),
PRIV_1656,Via Piave 126,Via Piave,Zona 4 - Centro,5,46.166231,12.695341,72.114,12.726,84.84,Privato (potenziale),
PRIV_1657,Edificio 1656,,Zona 4 - Centro,5,46.166135,12.695423,13.09,2.311,15.401,Privato (potenziale),
PRIV_1658,Via Piave 134,Via Piave,Zona 4 - Centro,5,46.166044,12.695183,44.625,7.875,52.5,Privato (potenziale),
PRIV_1659,Edificio 1658,,Zona 4 - Centro,5,46.168335,12.697326,17.969,3.17,21.139000000000003,Privato (potenziale),
PRIV_1660,Edificio 1659,,Zona 4 - Centro,5,46.167181,12.697719,6.901,1.219,8.12,Privato (potenziale),
PRIV_1661,Edificio 1660,,Zona 4 - Centro,5,46.166356,12.694569,12.138,2.143,14.280999999999999,Privato (potenziale),
PRIV_1662,Via Siega 54,Via Siega,Zona 4 - Centro,5,46.163296,12.698248,29.75,5.25,35.0,Privato (potenziale),
PRIV_1663,Via Siega 51,Via Siega,Zona 4 - Centro,5,46.162856,12.698913,24.633,4.346,28.979,Privato (potenziale),
PRIV_1664,Via della Repubblica 42,Via della Repubblica,Zona 4 - Centro,5,46.162914,12.69979,20.468,3.612,24.08,Privato (potenziale),
PRIV_1665,Edificio 1664,,Zona 4 - Centro,5,46.163106,12.698933,22.491,3.969,26.46,Privato (potenziale),
PRIV_1666,Via Nazario Sauro 51,Via Nazario Sauro,Zona 4 - Centro,5,46.163091,12.698876,9.401,1.658,11.059,Privato (potenziale),
PRIV_1667,Via padre Marco d'Aviano 18,Via padre Marco d'Aviano,Zona 4 - Centro,5,46.163129,12.699184,30.464,5.376,35.839999999999996,Privato (potenziale),
PRIV_1668,Via padre Marco d'Aviano 16,Via padre Marco d'Aviano,Zona 4 - Centro,5,46.16311,12.699387,21.896,3.865,25.761000000000003,Privato (potenziale),
PRIV_1669,Edificio 1668,,Zona 4 - Centro,5,46.163178,12.699246,6.069,1.073,7.1419999999999995,Privato (potenziale),
PRIV_1670,Via Nazario Sauro 47,Via Nazario Sauro,Zona 4 - Centro,5,46.163564,12.69925,34.748,6.132,40.879999999999995,Privato (potenziale),
PRIV_1671,Edificio 1670,,Zona 4 - Centro,5,46.163482,12.699469,21.776,3.843,25.619,Privato (potenziale),
PRIV_1672,Via Enrico Toti 2,Via Enrico Toti,Zona 4 - Centro,5,46.163765,12.69937,25.585,4.515,30.1,Privato (potenziale),
PRIV_1673,Via Enrico Toti 6,Via Enrico Toti,Zona 4 - Centro,5,46.163723,12.699891,13.923,2.458,16.381,Privato (potenziale),
PRIV_1674,Edificio 1673,,Zona 4 - Centro,5,46.163525,12.69988,20.468,3.612,24.08,Privato (potenziale),
PRIV_1675,Via padre Marco d'Aviano 12,Via padre Marco d'Aviano,Zona 4 - Centro,5,46.163299,12.699887,22.491,3.969,26.46,Privato (potenziale),
PRIV_1676,Edificio 1675,,Zona 4 - Centro,5,46.163375,12.700001,15.232,2.688,17.919999999999998,Privato (potenziale),
PRIV_1677,Via padre Marco d'Aviano 10,Via padre Marco d'Aviano,Zona 4 - Centro,5,46.163236,12.700166,34.629,6.111,40.739999999999995,Privato (potenziale),
PRIV_1678,Via Enrico Toti 8,Via Enrico Toti,Zona 4 - Centro,5,46.163484,12.700213,39.27,6.93,46.2,Privato (potenziale),
PRIV_1679,Via Enrico Toti 12,Via Enrico Toti,Zona 4 - Centro,5,46.163856,12.700911,33.915,5.986,39.900999999999996,Privato (potenziale),
PRIV_1680,Via Enrico Toti 14,Via Enrico Toti,Zona 4 - Centro,5,46.163881,12.701278,30.464,5.376,35.839999999999996,Privato (potenziale),
PRIV_1681,Edificio 1680,,Zona 4 - Centro,5,46.163748,12.701143,14.042,2.479,16.521,Privato (potenziale),
PRIV_1682,Edificio 1681,,Zona 4 - Centro,5,46.16371,12.701063,9.401,1.658,11.059,Privato (potenziale),
PRIV_1683,Via padre Marco d'Aviano 2,Via padre Marco d'Aviano,Zona 4 - Centro,5,46.163307,12.701302,52.598,9.282,61.879999999999995,Privato (potenziale),
PRIV_1684,Via della Repubblica 34,Via della Repubblica,Zona 4 - Centro,5,46.163342,12.701709,38.437,6.783,45.22,Privato (potenziale),
PRIV_1685,Edificio 1684,,Zona 4 - Centro,5,46.163398,12.70181,29.274,5.166,34.44,Privato (potenziale),
PRIV_1686,Via Enrico Toti 18,Via Enrico Toti,Zona 4 - Centro,5,46.163895,12.701646,46.053,8.127,54.18,Privato (potenziale),
PRIV_1687,Via padre Marco d'Aviano 14,Via padre Marco d'Aviano,Zona 4 - Centro,5,46.163152,12.699668,29.869,5.271,35.14,Privato (potenziale),
PRIV_1688,Edificio 1687,,Zona 4 - Centro,5,46.163218,12.699635,8.925,1.574,10.499,Privato (potenziale),
PRIV_1689,Via don Giovanni Bosco 47,Via don Giovanni Bosco,Zona 4 - Centro,5,46.16353,12.702313,70.925,12.516,83.441,Privato (potenziale),
PRIV_1690,Via Lino Pauletta 7,Via Lino Pauletta,Zona 4 - Centro,5,46.163824,12.702601,32.606,5.753,38.359,Privato (potenziale),
PRIV_1691,Via della Repubblica 24,Via della Repubblica,Zona 4 - Centro,5,46.163557,12.702867,23.919,4.221,28.14,Privato (potenziale),
PRIV_1692,Edificio 1691,,Zona 4 - Centro,5,46.163761,12.702846,18.921,3.339,22.259999999999998,Privato (potenziale),
PRIV_1693,Edificio 1692,,Zona 4 - Centro,5,46.16382,12.702834,5.474,0.968,6.442,Privato (potenziale),
PRIV_1694,Edificio 1693,,Zona 4 - Centro,5,46.16366,12.702825,13.09,2.311,15.401,Privato (potenziale),
PRIV_1695,Edificio 1694,,Zona 4 - Centro,5,46.164511,12.702557,53.788,9.492,63.28,Privato (potenziale),
PRIV_1696,Via don Giovanni Bosco 31,Via don Giovanni Bosco,Zona 4 - Centro,5,46.164186,12.702127,173.74,30.66,204.4,Privato (potenziale),
PRIV_1697,Edificio 1696,,Zona 4 - Centro,5,46.163754,12.703195,28.084,4.956,33.04,Privato (potenziale),
PRIV_1698,Via della Repubblica 20,Via della Repubblica,Zona 4 - Centro,5,46.163757,12.703304,54.264,9.576,63.84,Privato (potenziale),
PRIV_1699,Via Gian Giuseppe Liruti 11,Via Gian Giuseppe Liruti,Zona 4 - Centro,5,46.164176,12.703321,77.707,13.713,91.41999999999999,Privato (potenziale),
PRIV_1700,Via Gian Giuseppe Liruti 9,Via Gian Giuseppe Liruti,Zona 4 - Centro,5,46.164551,12.703327,38.08,6.72,44.8,Privato (potenziale),
PRIV_1701,Via della Repubblica 18,Via della Repubblica,Zona 4 - Centro,5,46.164057,12.70363,10.234,1.805,12.039,Privato (potenziale),
PRIV_1702,Edificio 1701,,Zona 4 - Centro,5,46.164134,12.70363,13.566,2.395,15.961,Privato (potenziale),
PRIV_1703,Edificio 1702,,Zona 4 - Centro,5,46.163909,12.703885,27.132,4.788,31.92,Privato (potenziale),
PRIV_1704,Via della Repubblica 14,Via della Repubblica,Zona 4 - Centro,5,46.163859,12.70395,9.758,1.721,11.479,Privato (potenziale),
PRIV_1705,Edificio 1704,,Zona 4 - Centro,5,46.164732,12.703898,39.984,7.056,47.04,Privato (potenziale),
PRIV_1706,Edificio 1705,,Zona 4 - Centro,5,46.164638,12.703734,9.282,1.637,10.919,Privato (potenziale),
PRIV_1707,Via Risorgimento 2,Via Risorgimento,Zona 4 - Centro,5,46.164404,12.704099,43.554,7.686,51.24,Privato (potenziale),
PRIV_1708,Via Risorgimento 4,Via Risorgimento,Zona 4 - Centro,5,46.164065,12.704271,54.026,9.534,63.56,Privato (potenziale),
PRIV_1709,Via degli Eroi 22,Via degli Eroi,Zona 4 - Centro,5,46.16476,12.704283,36.057,6.363,42.42,Privato (potenziale),
PRIV_1710,Edificio 1709,,Zona 4 - Centro,5,46.164734,12.704382,19.396,3.423,22.819000000000003,Privato (potenziale),
PRIV_1711,Via degli Eroi 24,Via degli Eroi,Zona 4 - Centro,5,46.164437,12.70449,48.076,8.484,56.56,Privato (potenziale),
PRIV_1712,Via della Repubblica 12,Via della Repubblica,Zona 4 - Centro,5,46.164404,12.704954,20.111,3.549,23.66,Privato (potenziale),
PRIV_1713,Via degli Eroi 13,Via degli Eroi,Zona 4 - Centro,5,46.164617,12.704874,35.224,6.216,41.44,Privato (potenziale),
PRIV_1714,Via degli Eroi 11,Via degli Eroi,Zona 4 - Centro,5,46.1648,12.704751,18.802,3.317,22.119,Privato (potenziale),
PRIV_1715,Via Gian Giuseppe Liruti 1,Via Gian Giuseppe Liruti,Zona 4 - Centro,5,46.164852,12.704695,23.8,4.2,28.0,Privato (potenziale),
PRIV_1716,Via Cesare Battisti 12,Via Cesare Battisti,Zona 4 - Centro,5,46.16482,12.704959,53.788,9.492,63.28,Privato (potenziale),
PRIV_1717,Via Cesare Battisti 14,Via Cesare Battisti,Zona 4 - Centro,5,46.164862,12.705284,35.938,6.342,42.28,Privato (potenziale),
PRIV_1718,Via della Repubblica 8,Via della Repubblica,Zona 4 - Centro,5,46.164679,12.705495,33.082,5.838,38.92,Privato (potenziale),
PRIV_1719,Via Cesare Battisti 16,Via Cesare Battisti,Zona 4 - Centro,5,46.164843,12.705828,79.135,13.965,93.10000000000001,Privato (potenziale),
PRIV_1720,Via Cesare Battisti 18,Via Cesare Battisti,Zona 4 - Centro,5,46.164964,12.706037,23.8,4.2,28.0,Privato (potenziale),
PRIV_1721,Via Cesare Battisti 20,Via Cesare Battisti,Zona 4 - Centro,5,46.165011,12.706199,29.869,5.271,35.14,Privato (potenziale),
PRIV_1722,Via Dante Alighieri 82,Via Dante Alighieri,Zona 4 - Centro,5,46.165143,12.706482,40.222,7.098,47.32,Privato (potenziale),
PRIV_1723,Edificio 1722,,Zona 4 - Centro,5,46.165085,12.706386,11.305,1.994,13.299,Privato (potenziale),
PRIV_1724,Edificio 1723,Via Dante Alighieri,Zona 4 - Centro,5,46.165675,12.706464,64.974,11.466,76.44,Privato (potenziale),
PRIV_1725,Via Dante Alighieri 68,Via Dante Alighieri,Zona 4 - Centro,5,46.165871,12.706458,44.268,7.812,52.08,Privato (potenziale),
PRIV_1726,Edificio 1725,Via Dante Alighieri,Zona 4 - Centro,5,46.165423,12.706418,64.379,11.361,75.74000000000001,Privato (potenziale),
PRIV_1727,Via Cesare Battisti 49,Via Cesare Battisti,Zona 4 - Centro,5,46.165238,12.705947,28.917,5.103,34.02,Privato (potenziale),
PRIV_1728,Edificio 1727,,Zona 4 - Centro,5,46.16539,12.705977,10.948,1.93,12.878,Privato (potenziale),
PRIV_1729,Via Cesare Battisti 47,Via Cesare Battisti,Zona 4 - Centro,5,46.165286,12.705677,28.203,4.977,33.18,Privato (potenziale),
PRIV_1730,Via Cesare Battisti 39,Via Cesare Battisti,Zona 4 - Centro,5,46.165373,12.705066,22.253,3.927,26.18,Privato (potenziale),
PRIV_1731,Via Cesare Battisti 37,Via Cesare Battisti,Zona 4 - Centro,5,46.16541,12.705197,14.875,2.626,17.501,Privato (potenziale),
PRIV_1732,Via Cesare Battisti 45,Via Cesare Battisti,Zona 4 - Centro,5,46.165219,12.705325,60.452,10.668,71.12,Privato (potenziale),
PRIV_1733,Edificio 1732,,Zona 4 - Centro,5,46.165533,12.705414,7.973,1.406,9.379,Privato (potenziale),
PRIV_1734,Via Cesare Battisti 35,Via Cesare Battisti,Zona 4 - Centro,5,46.165572,12.70519,24.633,4.346,28.979,Privato (potenziale),
PRIV_1735,Via Cesare Battisti 27,Via Cesare Battisti,Zona 4 - Centro,5,46.165793,12.705027,66.402,11.718,78.12,Privato (potenziale),
PRIV_1736,Via Cesare Battisti 25,Via Cesare Battisti,Zona 4 - Centro,5,46.166023,12.704889,29.274,5.166,34.44,Privato (potenziale),
PRIV_1737,Via Cesare Battisti 21,Via Cesare Battisti,Zona 4 - Centro,5,46.166234,12.704863,32.13,5.67,37.800000000000004,Privato (potenziale),
PRIV_1738,Edificio 1737,,Zona 4 - Centro,5,46.166111,12.705243,32.13,5.67,37.800000000000004,Privato (potenziale),
PRIV_1739,Via Cesare Battisti 19,Via Cesare Battisti,Zona 4 - Centro,5,46.166371,12.704624,44.149,7.79,51.939,Privato (potenziale),
PRIV_1740,Via Virgilio 13,Via Virgilio,Zona 4 - Centro,5,46.166285,12.705743,30.821,5.439,36.260000000000005,Privato (potenziale),
PRIV_1741,Edificio 1740,,Zona 4 - Centro,5,46.166168,12.705991,10.234,1.805,12.039,Privato (potenziale),
PRIV_1742,Via Virgilio 9,Via Virgilio,Zona 4 - Centro,5,46.166394,12.706346,20.111,3.549,23.66,Privato (potenziale),
PRIV_1743,Via Dante Alighieri 58,Via Dante Alighieri,Zona 4 - Centro,5,46.166437,12.70661,44.982,7.938,52.92,Privato (potenziale),
PRIV_1744,Via Dante Alighieri 64,Via Dante Alighieri,Zona 4 - Centro,5,46.166131,12.706466,7.616,1.343,8.959,Privato (potenziale),
PRIV_1745,Edificio 1744,,Zona 4 - Centro,5,46.166103,12.706409,20.468,3.612,24.08,Privato (potenziale),
PRIV_1746,Edificio 1745,,Zona 4 - Centro,5,46.16612,12.706297,9.639,1.7,11.338999999999999,Privato (potenziale),
PRIV_1747,Edificio 1746,,Zona 4 - Centro,5,46.1662,12.706264,17.255,3.044,20.299,Privato (potenziale),
PRIV_1748,Edificio 1747,,Zona 4 - Centro,5,46.166408,12.707154,104.5,3.3,107.8,Privato (potenziale),
PRIV_1749,Via Dante Alighieri 51,Via Dante Alighieri,Zona 4 - Centro,5,46.165282,12.70703,35.224,6.216,41.44,Privato (potenziale),
PRIV_1750,Edificio 1749,,Zona 4 - Centro,5,46.165465,12.707337,15.589,2.751,18.34,Privato (potenziale),
PRIV_1751,Edificio 1750,Via Dante Alighieri,Zona 4 - Centro,5,46.165619,12.707066,108.408,19.131,127.539,Privato (potenziale),
PRIV_1752,Edificio 1751,,Zona 4 - Centro,5,46.165811,12.707281,52.598,9.282,61.879999999999995,Privato (potenziale),
PRIV_1753,Edificio 1752,,Zona 4 - Centro,5,46.165906,12.707445,27.608,4.872,32.480000000000004,Privato (potenziale),
PRIV_1754,Via della Repubblica 10,Via della Repubblica,Zona 4 - Centro,5,46.164567,12.705305,46.886,8.274,55.160000000000004,Privato (potenziale),
PRIV_1755,Via Aquileia 10,Via Aquileia,Zona 4 - Centro,5,46.165474,12.702806,48.314,8.526,56.84,Privato (potenziale),
PRIV_1756,Edificio 1755,,Zona 4 - Centro,5,46.165168,12.702557,23.443,4.137,27.580000000000002,Privato (potenziale),
PRIV_1757,Via Aquileia 15,Via Aquileia,Zona 4 - Centro,5,46.165223,12.702779,26.656,4.704,31.36,Privato (potenziale),
PRIV_1758,Via Aquileia 13,Via Aquileia,Zona 4 - Centro,5,46.165291,12.703074,40.222,7.098,47.32,Privato (potenziale),
PRIV_1759,Edificio 1758,,Zona 4 - Centro,5,46.165099,12.703468,43.078,7.602,50.68000000000001,Privato (potenziale),
PRIV_1760,Edificio 1759,,Zona 4 - Centro,5,46.165134,12.703803,27.965,4.935,32.9,Privato (potenziale),
PRIV_1761,Via degli Eroi 18,Via degli Eroi,Zona 4 - Centro,5,46.165257,12.703983,41.769,7.371,49.14,Privato (potenziale),
PRIV_1762,Via Aquileia 5,Via Aquileia,Zona 4 - Centro,5,46.165483,12.703551,24.276,4.284,28.56,Privato (potenziale),
PRIV_1763,Via Aquileia 9,Via Aquileia,Zona 4 - Centro,5,46.1654,12.703336,25.228,4.452,29.68,Privato (potenziale),
PRIV_1764,Via Cesare Battisti 10,Via Cesare Battisti,Zona 4 - Centro,5,46.165483,12.704414,75.922,13.398,89.32,Privato (potenziale),
PRIV_1765,Via degli Eroi 7,Via degli Eroi,Zona 4 - Centro,5,46.165798,12.704073,43.792,7.728,51.52,Privato (potenziale),
PRIV_1766,Via Cesare Battisti 8,Via Cesare Battisti,Zona 4 - Centro,5,46.165908,12.704429,44.982,7.938,52.92,Privato (potenziale),
PRIV_1767,Via Cesare Battisti 6,Via Cesare Battisti,Zona 4 - Centro,5,46.166179,12.704263,47.599,8.4,55.998999999999995,Privato (potenziale),
PRIV_1768,Via degli Eroi 5,Via degli Eroi,Zona 4 - Centro,5,46.166077,12.70401,58.548,10.332,68.88,Privato (potenziale),
PRIV_1769,Via degli Eroi 1,Via degli Eroi,Zona 4 - Centro,5,46.166348,12.703884,121.499,21.441,142.94,Privato (potenziale),
PRIV_1770,Edificio 1769,,Zona 4 - Centro,5,46.166542,12.703565,41.293,7.287,48.58,Privato (potenziale),
PRIV_1771,Via Cesare Battisti 2,Via Cesare Battisti,Zona 4 - Centro,5,46.166594,12.703507,16.898,2.981,19.878999999999998,Privato (potenziale),
PRIV_1772,Edificio 1771,,Zona 4 - Centro,5,46.166694,12.703048,8.449,1.49,9.939,Privato (potenziale),
PRIV_1773,Edificio 1772,,Zona 4 - Centro,5,46.166708,12.70294,23.919,4.221,28.14,Privato (potenziale),
PRIV_1774,Edificio 1773,,Zona 4 - Centro,5,46.166553,12.703049,29.393,5.187,34.58,Privato (potenziale),
PRIV_1775,Edificio 1774,,Zona 4 - Centro,5,46.166355,12.702702,17.612,3.107,20.718999999999998,Privato (potenziale),
PRIV_1776,Via Cividale 8,Via Cividale,Zona 4 - Centro,5,46.166138,12.702732,37.961,6.699,44.66,Privato (potenziale),
PRIV_1777,Edificio 1776,,Zona 4 - Centro,5,46.16622,12.702574,10.115,1.784,11.899000000000001,Privato (potenziale),
PRIV_1778,Via Cividale 3,Via Cividale,Zona 4 - Centro,5,46.16587,12.703063,80.206,14.154,94.36,Privato (potenziale),
PRIV_1779,Via degli Eroi 8,Via degli Eroi,Zona 4 - Centro,5,46.165997,12.703463,52.598,9.282,61.879999999999995,Privato (potenziale),
PRIV_1780,Via Aquileia 6,Via Aquileia,Zona 4 - Centro,5,46.165709,12.703376,42.72,7.539,50.259,Privato (potenziale),
PRIV_1781,Via degli Eroi 10,Via degli Eroi,Zona 4 - Centro,5,46.165768,12.70365,35.581,6.279,41.86,Privato (potenziale),
PRIV_1782,Edificio 1781,,Zona 4 - Centro,5,46.166469,12.701657,6.901,1.219,8.12,Privato (potenziale),
PRIV_1783,Edificio 1782,,Zona 4 - Centro,5,46.166523,12.702055,76.041,13.419,89.46,Privato (potenziale),
PRIV_1784,Via Piave 19,Via Piave,Zona 4 - Centro,5,46.166677,12.701951,160.174,28.266,188.44,Privato (potenziale),
PRIV_1785,Edificio 1784,,Zona 4 - Centro,5,46.166649,12.701673,10.115,1.784,11.899000000000001,Privato (potenziale),
PRIV_1786,Edificio 1785,,Zona 4 - Centro,5,46.166697,12.702532,4.998,0.884,5.882000000000001,Privato (potenziale),
PRIV_1787,Via Cividale 5,Via Cividale,Zona 4 - Centro,5,46.165791,12.702739,55.454,9.786,65.24,Privato (potenziale),
PRIV_1788,Via Aquileia 8,Via Aquileia,Zona 4 - Centro,5,46.165608,12.703069,31.773,5.607,37.38,Privato (potenziale),
PRIV_1789,Via Virgilio 11,Via Virgilio,Zona 4 - Centro,5,46.166333,12.706044,17.255,3.044,20.299,Privato (potenziale),
PRIV_1790,Via Nazario Sauro 21,Via Nazario Sauro,Zona 4 - Centro,5,46.165375,12.700413,24.99,4.41,29.4,Privato (potenziale),
PRIV_1791,Via Nazario Sauro 25,Via Nazario Sauro,Zona 4 - Centro,5,46.165016,12.700413,16.303,2.876,19.179000000000002,Privato (potenziale),
PRIV_1792,Edificio 1791,,Zona 4 - Centro,5,46.164842,12.700522,37.247,6.573,43.82,Privato (potenziale),
PRIV_1793,Via Ugo Fontanin 5,Via Ugo Fontanin,Zona 4 - Centro,5,46.165225,12.700619,18.445,3.254,21.699,Privato (potenziale),
PRIV_1794,Edificio 1793,,Zona 4 - Centro,5,46.165182,12.700607,16.065,2.835,18.900000000000002,Privato (potenziale),
PRIV_1795,Edificio 1794,,Zona 4 - Centro,5,46.165261,12.700663,5.117,0.905,6.022,Privato (potenziale),
PRIV_1796,Via Nazario Sauro 31,Via Nazario Sauro,Zona 4 - Centro,5,46.164604,12.700095,32.487,5.733,38.22,Privato (potenziale),
PRIV_1797,Via Nazario Sauro 33,Via Nazario Sauro,Zona 4 - Centro,5,46.164549,12.7003,20.23,3.57,23.8,Privato (potenziale),
PRIV_1798,Via Nazario Sauro 33,Via Nazario Sauro,Zona 4 - Centro,5,46.164567,12.700216,5.593,0.989,6.582,Privato (potenziale),
PRIV_1799,Edificio 1798,,Zona 4 - Centro,5,46.164367,12.70016,17.255,3.044,20.299,Privato (potenziale),
PRIV_1800,Edificio 1799,,Zona 4 - Centro,5,46.164389,12.700057,7.616,1.343,8.959,Privato (potenziale),
PRIV_1801,Via Nazario Sauro 41,Via Nazario Sauro,Zona 4 - Centro,5,46.164219,12.699846,36.414,6.426,42.84,Privato (potenziale),
PRIV_1802,Edificio 1801,,Zona 4 - Centro,5,46.164438,12.700543,13.923,2.458,16.381,Privato (potenziale),
PRIV_1803,Edificio 1802,,Zona 4 - Centro,5,46.164485,12.700494,8.568,1.511,10.078999999999999,Privato (potenziale),
PRIV_1804,Via Enrico Toti 7,Via Enrico Toti,Zona 4 - Centro,5,46.164078,12.700178,39.27,6.93,46.2,Privato (potenziale),
PRIV_1805,Edificio 1804,,Zona 4 - Centro,5,46.16412,12.700291,7.378,1.302,8.68,Privato (potenziale),
PRIV_1806,Edificio 1805,,Zona 4 - Centro,5,46.164097,12.699012,6.426,1.136,7.562,Privato (potenziale),
PRIV_1807,Edificio 1806,,Zona 4 - Centro,5,46.163633,12.698804,5.117,0.905,6.022,Privato (potenziale),
PRIV_1808,Via Nazario Sauro 68,Via Nazario Sauro,Zona 4 - Centro,5,46.163788,12.698902,12.733,2.248,14.981000000000002,Privato (potenziale),
PRIV_1809,Via Nazario Sauro 68,Via Nazario Sauro,Zona 4 - Centro,5,46.163736,12.698914,13.804,2.437,16.241,Privato (potenziale),
PRIV_1810,Edificio 1809,,Zona 4 - Centro,5,46.163911,12.698847,7.259,1.281,8.540000000000001,Privato (potenziale),
PRIV_1811,Via Siega 47,Via Siega,Zona 4 - Centro,5,46.163453,12.698548,43.554,7.686,51.24,Privato (potenziale),
PRIV_1812,Edificio 1811,,Zona 4 - Centro,5,46.163636,12.698301,19.159,3.381,22.54,Privato (potenziale),
PRIV_1813,Via Siega 41,Via Siega,Zona 4 - Centro,5,46.163865,12.698314,43.554,7.686,51.24,Privato (potenziale),
PRIV_1814,Via Siega 39,Via Siega,Zona 4 - Centro,5,46.164009,12.698195,43.078,7.602,50.68000000000001,Privato (potenziale),
PRIV_1815,Via Siega 27,Via Siega,Zona 4 - Centro,5,46.164326,12.698496,166.719,29.421,196.14,Privato (potenziale),
PRIV_1816,Via Massimo d'Azeglio 10,Via Massimo d'Azeglio,Zona 4 - Centro,5,46.164184,12.698598,15.827,2.793,18.62,Privato (potenziale),
PRIV_1817,Via Nazario Sauro 66,Via Nazario Sauro,Zona 4 - Centro,5,46.164025,12.698636,142.681,25.179,167.86,Privato (potenziale),
PRIV_1818,Via Massimo d'Azeglio 8,Via Massimo d'Azeglio,Zona 4 - Centro,5,46.164246,12.698867,27.132,4.788,31.92,Privato (potenziale),
PRIV_1819,Via Massimo d'Azeglio 4,Via Massimo d'Azeglio,Zona 4 - Centro,5,46.164226,12.699048,22.491,3.969,26.46,Privato (potenziale),
PRIV_1820,Via Massimo d'Azeglio 13,Via Massimo d'Azeglio,Zona 4 - Centro,5,46.164413,12.699138,20.587,3.633,24.22,Privato (potenziale),
PRIV_1821,Edificio 1820,,Zona 4 - Centro,5,46.164553,12.698914,6.426,1.136,7.562,Privato (potenziale),
PRIV_1822,Via Massimo d'Azeglio 11,Via Massimo d'Azeglio,Zona 4 - Centro,5,46.164603,12.699091,26.06,4.598,30.657999999999998,Privato (potenziale),
PRIV_1823,Via Siega 31,Via Siega,Zona 4 - Centro,5,46.164566,12.698373,30.583,5.397,35.98,Privato (potenziale),
PRIV_1824,Via Siega 23,Via Siega,Zona 4 - Centro,5,46.164626,12.69865,54.383,9.597,63.980000000000004,Privato (potenziale),
PRIV_1825,Edificio 1824,,Zona 4 - Centro,5,46.164517,12.698579,5.117,0.905,6.022,Privato (potenziale),
PRIV_1826,Edificio 1825,,Zona 4 - Centro,5,46.165121,12.698888,9.282,1.637,10.919,Privato (potenziale),
PRIV_1827,Edificio 1826,,Zona 4 - Centro,5,46.165186,12.699112,28.917,5.103,34.02,Privato (potenziale),
PRIV_1828,Via Massimo d'Azeglio 5,Via Massimo d'Azeglio,Zona 4 - Centro,5,46.165127,12.699159,7.139,1.26,8.399000000000001,Privato (potenziale),
PRIV_1829,Edificio 1828,,Zona 4 - Centro,5,46.164992,12.699171,16.303,2.876,19.179000000000002,Privato (potenziale),
PRIV_1830,Via Massimo d'Azeglio 7,Via Massimo d'Azeglio,Zona 4 - Centro,5,46.164839,12.699274,11.424,2.015,13.439,Privato (potenziale),
PRIV_1831,Via Nazario Sauro 46,Via Nazario Sauro,Zona 4 - Centro,5,46.165386,12.699274,22.967,4.053,27.02,Privato (potenziale),
PRIV_1832,Edificio 1831,,Zona 4 - Centro,5,46.16537,12.698612,20.111,3.549,23.66,Privato (potenziale),
PRIV_1833,Via Siega 15,Via Siega,Zona 4 - Centro,5,46.165563,12.698712,41.055,7.245,48.3,Privato (potenziale),
PRIV_1834,Via Nazario Sauro 44,Via Nazario Sauro,Zona 4 - Centro,5,46.165574,12.69914,37.604,6.636,44.24,Privato (potenziale),
PRIV_1835,Edificio 1834,,Zona 4 - Centro,5,46.165592,12.698981,14.042,2.479,16.521,Privato (potenziale),
PRIV_1836,Via Siega 3,Via Siega,Zona 4 - Centro,5,46.166169,12.698546,62.594,11.046,73.64,Privato (potenziale),
PRIV_1837,Edificio 1836,,Zona 4 - Centro,5,46.166335,12.69867,10.472,1.847,12.318999999999999,Privato (potenziale),
PRIV_1838,Edificio 1837,,Zona 4 - Centro,5,46.16644,12.698728,36.652,6.468,43.120000000000005,Privato (potenziale),
PRIV_1839,Via Nazario Sauro 18,Via Nazario Sauro,Zona 4 - Centro,5,46.16647,12.699177,29.75,5.25,35.0,Privato (potenziale),
PRIV_1840,Via Nazario Sauro 20,Via Nazario Sauro,Zona 4 - Centro,5,46.166349,12.699294,29.75,5.25,35.0,Privato (potenziale),
PRIV_1841,Via Nazario Sauro 14,Via Nazario Sauro,Zona 4 - Centro,5,46.166657,12.69941,220.031,38.829,258.86,Privato (potenziale),
PRIV_1842,Edificio 1841,,Zona 4 - Centro,5,46.166559,12.698977,6.901,1.219,8.12,Privato (potenziale),
PRIV_1843,Via Nazario Sauro 6,Via Nazario Sauro,Zona 4 - Centro,5,46.16658,12.699954,51.408,9.072,60.480000000000004,Privato (potenziale),
PRIV_1844,Via Nazario Sauro 28,Via Nazario Sauro,Zona 4 - Centro,5,46.166374,12.699938,39.151,6.909,46.06,Privato (potenziale),
PRIV_1845,Edificio 1844,,Zona 4 - Centro,5,46.166259,12.699456,23.562,4.159,27.721,Privato (potenziale),
PRIV_1846,Edificio 1845,,Zona 4 - Centro,5,46.165967,12.699707,24.395,4.305,28.7,Privato (potenziale),
PRIV_1847,Via Nazario Sauro 36,Via Nazario Sauro,Zona 4 - Centro,5,46.165911,12.699911,30.107,5.313,35.42,Privato (potenziale),
PRIV_1848,Edificio 1847,,Zona 4 - Centro,5,46.164848,12.699369,6.783,1.199,7.982,Privato (potenziale),
PRIV_1849,Via Nazario Sauro 56,Via Nazario Sauro,Zona 4 - Centro,5,46.164622,12.699632,26.775,4.725,31.5,Privato (potenziale),
PRIV_1850,Edificio 1849,,Zona 4 - Centro,5,46.164697,12.699622,11.9,2.1,14.0,Privato (potenziale),
PRIV_1851,Via Nazario Sauro 54,Via Nazario Sauro,Zona 4 - Centro,5,46.164783,12.699781,25.823,4.557,30.380000000000003,Privato (potenziale),
PRIV_1852,Via Nazario Sauro 52,Via Nazario Sauro,Zona 4 - Centro,5,46.165022,12.699803,50.813,8.967,59.78,Privato (potenziale),
PRIV_1853,Edificio 1852,,Zona 4 - Centro,5,46.1651,12.699639,6.426,1.136,7.562,Privato (potenziale),
PRIV_1854,Via Nazario Sauro 50,Via Nazario Sauro,Zona 4 - Centro,5,46.165297,12.699646,33.082,5.838,38.92,Privato (potenziale),
PRIV_1855,Via Nazario Sauro 48,Via Nazario Sauro,Zona 4 - Centro,5,46.165307,12.699888,28.084,4.956,33.04,Privato (potenziale),
PRIV_1856,Via Nazario Sauro 40,Via Nazario Sauro,Zona 4 - Centro,5,46.165596,12.699875,33.915,5.986,39.900999999999996,Privato (potenziale),
PRIV_1857,Edificio 1856,,Zona 4 - Centro,5,46.165627,12.6998,6.426,1.136,7.562,Privato (potenziale),
PRIV_1858,Via Nazario Sauro 19,Via Nazario Sauro,Zona 4 - Centro,5,46.165615,12.700357,27.251,4.809,32.06,Privato (potenziale),
PRIV_1859,Via Nazario Sauro 15,Via Nazario Sauro,Zona 4 - Centro,5,46.165807,12.700326,40.222,7.098,47.32,Privato (potenziale),
PRIV_1860,Via Nazario Sauro 13,Via Nazario Sauro,Zona 4 - Centro,5,46.166096,12.7005,10.234,1.805,12.039,Privato (potenziale),
PRIV_1861,Edificio 1860,,Zona 4 - Centro,5,46.166279,12.700806,15.827,2.793,18.62,Privato (potenziale),
PRIV_1862,Edificio 1861,,Zona 4 - Centro,5,46.166515,12.700363,21.301,3.76,25.061,Privato (potenziale),
PRIV_1863,Via Piave 64,Via Piave,Zona 4 - Centro,5,46.16691,12.699585,23.562,4.159,27.721,Privato (potenziale),
PRIV_1864,Edificio 1863,,Zona 4 - Centro,5,46.166896,12.699679,6.664,1.178,7.842,Privato (potenziale),
PRIV_1865,Via Piave 68,Via Piave,Zona 4 - Centro,5,46.166975,12.699031,33.796,5.964,39.76,Privato (potenziale),
PRIV_1866,Via Piave 66,Via Piave,Zona 4 - Centro,5,46.167048,12.699198,31.773,5.607,37.38,Privato (potenziale),
PRIV_1867,Vicolo Giacomo Matteotti 5,Vicolo Giacomo Matteotti,Zona 4 - Centro,5,46.167315,12.69934,24.99,4.41,29.4,Privato (potenziale),
PRIV_1868,Edificio 1867,,Zona 4 - Centro,5,46.167076,12.698627,48.909,8.631,57.54,Privato (potenziale),
PRIV_1869,Via Lorenzo Selva 41,Via Lorenzo Selva,Zona 4 - Centro,5,46.167291,12.698296,50.099,8.841,58.94,Privato (potenziale),
PRIV_1870,Via Lorenzo Selva 43,Via Lorenzo Selva,Zona 4 - Centro,5,46.166879,12.697988,38.437,6.783,45.22,Privato (potenziale),
PRIV_1871,Via Piave 86,Via Piave,Zona 4 - Centro,5,46.166686,12.698082,38.437,6.783,45.22,Privato (potenziale),
PRIV_1872,Edificio 1871,,Zona 4 - Centro,5,46.166778,12.698433,6.664,1.178,7.842,Privato (potenziale),
PRIV_1873,Via Piave 76,Via Piave,Zona 4 - Centro,5,46.166622,12.698431,36.057,6.363,42.42,Privato (potenziale),
PRIV_1874,Edificio 1873,,Zona 4 - Centro,5,46.167217,12.698439,8.33,1.469,9.799,Privato (potenziale),
PRIV_1875,Vicolo Giacomo Matteotti 11,Vicolo Giacomo Matteotti,Zona 4 - Centro,5,46.167596,12.698409,263.228,46.452,309.68,Privato (potenziale),
PRIV_1876,Edificio 1875,,Zona 4 - Centro,5,46.167626,12.69886,6.783,1.199,7.982,Privato (potenziale),
PRIV_1877,Vicolo Giacomo Matteotti 7,Vicolo Giacomo Matteotti,Zona 4 - Centro,5,46.167471,12.698874,39.151,6.909,46.06,Privato (potenziale),
PRIV_1878,Via Lorenzo Selva 23,Via Lorenzo Selva,Zona 4 - Centro,5,46.167731,12.699045,36.295,6.405,42.7,Privato (potenziale),
PRIV_1879,Edificio 1878,,Zona 4 - Centro,5,46.167708,12.699185,6.783,1.199,7.982,Privato (potenziale),
PRIV_1880,Via Lorenzo Selva 15,Via Lorenzo Selva,Zona 4 - Centro,5,46.167443,12.699511,201.705,35.595,237.3,Privato (potenziale),
PRIV_1881,Via Lorenzo Selva 19,Via Lorenzo Selva,Zona 4 - Centro,5,46.16753,12.699735,12.257,2.164,14.421,Privato (potenziale),
PRIV_1882,Edificio 1881,,Zona 4 - Centro,5,46.166977,12.699948,21.658,3.823,25.481,Privato (potenziale),
PRIV_1883,Via Lorenzo Selva 5,Via Lorenzo Selva,Zona 4 - Centro,5,46.167225,12.70007,40.817,7.203,48.02,Privato (potenziale),
PRIV_1884,Via Lorenzo Selva 3,Via Lorenzo Selva,Zona 4 - Centro,5,46.167128,12.700224,20.23,3.57,23.8,Privato (potenziale),
PRIV_1885,Via Lorenzo Selva 1,Via Lorenzo Selva,Zona 4 - Centro,5,46.166969,12.7002,58.191,10.269,68.46000000000001,Privato (potenziale),
PRIV_1886,Via Lorenzo Selva 96,Via Lorenzo Selva,Zona 4 - Centro,5,46.168124,12.698291,33.32,5.88,39.2,Privato (potenziale),
PRIV_1887,Edificio 1886,,Zona 4 - Centro,5,46.1684,12.698242,29.75,5.25,35.0,Privato (potenziale),
PRIV_1888,Via Lorenzo Selva 88,Via Lorenzo Selva,Zona 4 - Centro,5,46.168622,12.698162,41.055,7.245,48.3,Privato (potenziale),
PRIV_1889,Via Lorenzo Selva 76,Via Lorenzo Selva,Zona 4 - Centro,5,46.169048,12.698808,35.581,6.279,41.86,Privato (potenziale),
PRIV_1890,Via Lorenzo Selva 74,Via Lorenzo Selva,Zona 4 - Centro,5,46.169209,12.69902,30.583,5.397,35.98,Privato (potenziale),
PRIV_1891,Via Lorenzo Selva 68,Via Lorenzo Selva,Zona 4 - Centro,5,46.169223,12.699294,49.742,8.778,58.519999999999996,Privato (potenziale),
PRIV_1892,Via Lorenzo Selva 64,Via Lorenzo Selva,Zona 4 - Centro,5,46.169511,12.699662,28.441,5.019,33.46,Privato (potenziale),
PRIV_1893,Via Lorenzo Selva 62,Via Lorenzo Selva,Zona 4 - Centro,5,46.16932,12.699857,34.391,6.069,40.46,Privato (potenziale),
PRIV_1894,Via Lorenzo Selva 46,Via Lorenzo Selva,Zona 4 - Centro,5,46.168876,12.698939,16.898,2.981,19.878999999999998,Privato (potenziale),
PRIV_1895,Edificio 1894,,Zona 4 - Centro,5,46.168854,12.699036,8.568,1.511,10.078999999999999,Privato (potenziale),
PRIV_1896,Via Lorenzo Selva 90,Via Lorenzo Selva,Zona 4 - Centro,5,46.168523,12.698465,30.94,5.46,36.4,Privato (potenziale),
PRIV_1897,Via Lorenzo Selva 32,Via Lorenzo Selva,Zona 4 - Centro,5,46.1681,12.699031,90.44,15.96,106.4,Privato (potenziale),
PRIV_1898,Via Lorenzo Selva 38,Via Lorenzo Selva,Zona 4 - Centro,5,46.168398,12.698921,61.404,10.836,72.24000000000001,Privato (potenziale),
PRIV_1899,Edificio 1898,,Zona 4 - Centro,5,46.168452,12.69919,53.312,9.408,62.72,Privato (potenziale),
PRIV_1900,Via Lorenzo Selva 26,Via Lorenzo Selva,Zona 4 - Centro,5,46.16802,12.699375,95.2,16.8,112.0,Privato (potenziale),
PRIV_1901,Edificio 1900,,Zona 4 - Centro,5,46.168162,12.699447,11.305,1.994,13.299,Privato (potenziale),
PRIV_1902,Edificio 1901,,Zona 4 - Centro,5,46.168342,12.699977,27.37,4.83,32.2,Privato (potenziale),
PRIV_1903,Via Lorenzo Selva 20,Via Lorenzo Selva,Zona 4 - Centro,5,46.168031,12.699784,120.547,21.273,141.82,Privato (potenziale),
PRIV_1904,Via Lorenzo Selva 18,Via Lorenzo Selva,Zona 4 - Centro,5,46.167649,12.699745,13.447,2.375,15.822,Privato (potenziale),
PRIV_1905,Edificio 1904,,Zona 4 - Centro,5,46.167727,12.699958,8.092,1.428,9.52,Privato (potenziale),
PRIV_1906,Edificio 1905,,Zona 4 - Centro,5,46.167763,12.699583,14.875,2.626,17.501,Privato (potenziale),
PRIV_1907,Via Lorenzo Selva 12,Via Lorenzo Selva,Zona 4 - Centro,5,46.167803,12.699847,32.487,5.733,38.22,Privato (potenziale),
PRIV_1908,Via Lorenzo Selva 10,Via Lorenzo Selva,Zona 4 - Centro,5,46.167899,12.700115,34.748,6.132,40.879999999999995,Privato (potenziale),
PRIV_1909,Via Lorenzo Selva 4,Via Lorenzo Selva,Zona 4 - Centro,5,46.167509,12.700136,79.254,13.986,93.24000000000001,Privato (potenziale),
PRIV_1910,Via Alessandro Manzoni 70,Via Alessandro Manzoni,Zona 4 - Centro,5,46.167368,12.700362,45.22,7.98,53.2,Privato (potenziale),
PRIV_1911,Via Alessandro Manzoni 48,Via Alessandro Manzoni,Zona 4 - Centro,5,46.167832,12.700813,16.065,2.835,18.900000000000002,Privato (potenziale),
PRIV_1912,Edificio 1911,,Zona 4 - Centro,5,46.167827,12.700995,5.474,0.968,6.442,Privato (potenziale),
PRIV_1913,Via Alessandro Manzoni 44,Via Alessandro Manzoni,Zona 4 - Centro,5,46.167898,12.70124,22.729,4.011,26.74,Privato (potenziale),
PRIV_1914,Via Alessandro Manzoni 38,Via Alessandro Manzoni,Zona 4 - Centro,5,46.168313,12.701962,25.108,4.431,29.539,Privato (potenziale),
PRIV_1915,Via Alessandro Manzoni 36,Via Alessandro Manzoni,Zona 4 - Centro,5,46.16839,12.70212,20.23,3.57,23.8,Privato (potenziale),
PRIV_1916,Edificio 1915,,Zona 4 - Centro,5,46.168425,12.701848,9.282,1.637,10.919,Privato (potenziale),
PRIV_1917,Via Alessandro Manzoni 34,Via Alessandro Manzoni,Zona 4 - Centro,5,46.168594,12.702033,20.825,3.675,24.5,Privato (potenziale),
PRIV_1918,Edificio 1917,,Zona 4 - Centro,5,46.16855,12.702086,10.948,1.93,12.878,Privato (potenziale),
PRIV_1919,Edificio 1918,,Zona 4 - Centro,5,46.168629,12.70195,5.95,1.052,7.002000000000001,Privato (potenziale),
PRIV_1920,Edificio 1919,,Zona 4 - Centro,5,46.168753,12.701878,45.934,8.106,54.04,Privato (potenziale),
PRIV_1921,Edificio 1920,,Zona 4 - Centro,5,46.168651,12.701785,18.326,3.233,21.559,Privato (potenziale),
PRIV_1922,Edificio 1921,,Zona 4 - Centro,5,46.168465,12.702039,4.998,0.884,5.882000000000001,Privato (potenziale),
PRIV_1923,Via Alessandro Manzoni 30,Via Alessandro Manzoni,Zona 4 - Centro,5,46.168682,12.702446,35.462,6.258,41.720000000000006,Privato (potenziale),
PRIV_1924,Via Alessandro Manzoni 28,Via Alessandro Manzoni,Zona 4 - Centro,5,46.168773,12.702641,36.652,6.468,43.120000000000005,Privato (potenziale),
PRIV_1925,Via Carlo Mazzoli Taic 7,Via Carlo Mazzoli Taic,Zona 4 - Centro,5,46.169031,12.702514,37.604,6.636,44.24,Privato (potenziale),
PRIV_1926,Edificio 1925,,Zona 4 - Centro,5,46.168931,12.702187,16.66,2.939,19.599,Privato (potenziale),
PRIV_1927,Edificio 1926,,Zona 4 - Centro,5,46.169138,12.702162,12.257,2.164,14.421,Privato (potenziale),
PRIV_1928,Via Carlo Mazzoli Taic 11,Via Carlo Mazzoli Taic,Zona 4 - Centro,5,46.169184,12.702422,24.752,4.368,29.119999999999997,Privato (potenziale),
PRIV_1929,Via Carlo Mazzoli Taic 13,Via Carlo Mazzoli Taic,Zona 4 - Centro,5,46.169338,12.702298,24.752,4.368,29.119999999999997,Privato (potenziale),
PRIV_1930,Edificio 1929,,Zona 4 - Centro,5,46.169302,12.702017,7.735,1.365,9.1,Privato (potenziale),
PRIV_1931,Edificio 1930,,Zona 4 - Centro,5,46.169478,12.701726,5.831,1.031,6.862,Privato (potenziale),
PRIV_1932,Via Carlo Mazzoli Taic 23,Via Carlo Mazzoli Taic,Zona 4 - Centro,5,46.169663,12.701957,34.629,6.111,40.739999999999995,Privato (potenziale),
PRIV_1933,Edificio 1932,,Zona 4 - Centro,5,46.169723,12.701847,5.831,1.031,6.862,Privato (potenziale),
PRIV_1934,Via San Carlo 51,Via San Carlo,Zona 4 - Centro,5,46.169545,12.701529,39.151,6.909,46.06,Privato (potenziale),
PRIV_1935,Vicolo Luigi Settembrini 7,Vicolo Luigi Settembrini,Zona 4 - Centro,5,46.169638,12.700519,42.959,7.58,50.539,Privato (potenziale),
PRIV_1936,Edificio 1935,,Zona 4 - Centro,5,46.169595,12.700601,7.735,1.365,9.1,Privato (potenziale),
PRIV_1937,Vicolo Luigi Settembrini 3,Vicolo Luigi Settembrini,Zona 4 - Centro,5,46.170166,12.701066,28.203,4.977,33.18,Privato (potenziale),
PRIV_1938,Vicolo Luigi Settembrini 1,Vicolo Luigi Settembrini,Zona 4 - Centro,5,46.17033,12.701328,47.481,8.379,55.86,Privato (potenziale),
PRIV_1939,Via San Carlo 22,Via San Carlo,Zona 4 - Centro,5,46.170282,12.701585,8.33,1.469,9.799,Privato (potenziale),
PRIV_1940,Via San Carlo 24,Via San Carlo,Zona 4 - Centro,5,46.170203,12.701709,32.249,5.691,37.940000000000005,Privato (potenziale),
PRIV_1941,Via San Carlo 32,Via San Carlo,Zona 4 - Centro,5,46.170009,12.701553,20.468,3.612,24.08,Privato (potenziale),
PRIV_1942,Via San Carlo 30,Via San Carlo,Zona 4 - Centro,5,46.170056,12.701662,11.781,2.079,13.860000000000001,Privato (potenziale),
PRIV_1943,Via San Carlo 28,Via San Carlo,Zona 4 - Centro,5,46.169981,12.702006,11.9,2.1,14.0,Privato (potenziale),
PRIV_1944,Via San Carlo 8,Via San Carlo,Zona 4 - Centro,5,46.170493,12.701888,32.249,5.691,37.940000000000005,Privato (potenziale),
PRIV_1945,Via San Carlo 10,Via San Carlo,Zona 4 - Centro,5,46.170615,12.701679,26.418,4.662,31.08,Privato (potenziale),
PRIV_1946,Via San Carlo 18,Via San Carlo,Zona 4 - Centro,5,46.17072,12.7011,40.222,7.098,47.32,Privato (potenziale),
PRIV_1947,Via San Carlo 16,Via San Carlo,Zona 4 - Centro,5,46.170628,12.700538,29.869,5.271,35.14,Privato (potenziale),
PRIV_1948,Edificio 1947,,Zona 4 - Centro,5,46.170617,12.700238,26.299,4.641,30.939999999999998,Privato (potenziale),
PRIV_1949,Via Alessandro Manzoni 19,Via Alessandro Manzoni,Zona 4 - Centro,5,46.167993,12.70213,33.32,5.88,39.2,Privato (potenziale),
PRIV_1950,Edificio 1949,,Zona 4 - Centro,5,46.167985,12.702195,8.925,1.574,10.499,Privato (potenziale),
PRIV_1951,Via Alessandro Manzoni 17,Via Alessandro Manzoni,Zona 4 - Centro,5,46.16814,12.702348,22.134,3.906,26.04,Privato (potenziale),
PRIV_1952,Via Alessandro Manzoni 15,Via Alessandro Manzoni,Zona 4 - Centro,5,46.168258,12.702721,41.293,7.287,48.58,Privato (potenziale),
PRIV_1953,Via Umberto Primo 154,Via Umberto Primo,Zona 4 - Centro,5,46.167325,12.702638,71.758,12.663,84.42099999999999,Privato (potenziale),
PRIV_1954,Edificio 1953,,Zona 4 - Centro,5,46.167642,12.702087,21.063,3.718,24.781,Privato (potenziale),
PRIV_1955,Edificio 1954,,Zona 4 - Centro,5,46.167761,12.702115,18.802,3.317,22.119,Privato (potenziale),
PRIV_1956,Via Alessandro Manzoni 21,Via Alessandro Manzoni,Zona 4 - Centro,5,46.167662,12.701425,249.543,44.036,293.579,Privato (potenziale),
PRIV_1957,Via Lorenzo Selva 2,Via Lorenzo Selva,Zona 4 - Centro,5,46.167107,12.700747,201.229,35.511,236.74,Privato (potenziale),
PRIV_1958,Edificio 1957,,Zona 4 - Centro,5,46.167325,12.701058,20.825,3.675,24.5,Privato (potenziale),
PRIV_1959,Via Piave 38,Via Piave,Zona 4 - Centro,5,46.166905,12.701059,24.752,4.368,29.119999999999997,Privato (potenziale),
PRIV_1960,Edificio 1959,,Zona 4 - Centro,5,46.167077,12.701316,25.942,4.578,30.52,Privato (potenziale),
PRIV_1961,Edificio 1960,,Zona 4 - Centro,5,46.167063,12.70155,4.998,0.884,5.882000000000001,Privato (potenziale),
PRIV_1962,Via Piave 28,Via Piave,Zona 4 - Centro,5,46.166897,12.701535,94.605,16.695,111.30000000000001,Privato (potenziale),
PRIV_1963,Via Piave 14,Via Piave,Zona 4 - Centro,5,46.167023,12.701841,36.652,6.468,43.120000000000005,Privato (potenziale),
PRIV_1964,Via Piave 10,Via Piave,Zona 4 - Centro,5,46.16683,12.702486,66.402,11.718,78.12,Privato (potenziale),
PRIV_1965,Edificio 1964,,Zona 4 - Centro,5,46.166904,12.702542,6.783,1.199,7.982,Privato (potenziale),
PRIV_1966,Edificio 1965,,Zona 4 - Centro,5,46.166993,12.702404,81.753,14.427,96.18,Privato (potenziale),
PRIV_1967,Via Umberto Primo 160,Via Umberto Primo,Zona 4 - Centro,5,46.16693,12.703012,98.413,17.367,115.78,Privato (potenziale),
PRIV_1968,Via Umberto Primo 136,Via Umberto Primo,Zona 4 - Centro,5,46.167244,12.703154,178.738,31.542,210.28,Privato (potenziale),
PRIV_1969,Edificio 1968,,Zona 4 - Centro,5,46.167724,12.703581,38.912,6.867,45.778999999999996,Privato (potenziale),
PRIV_1970,Edificio 1969,,Zona 4 - Centro,5,46.16761,12.703734,8.449,1.49,9.939,Privato (potenziale),
PRIV_1971,Edificio 1970,,Zona 4 - Centro,5,46.168067,12.703416,47.481,8.379,55.86,Privato (potenziale),
PRIV_1972,Via Alessandro Manzoni 13,Via Alessandro Manzoni,Zona 4 - Centro,5,46.168407,12.70286,29.631,5.229,34.86,Privato (potenziale),
PRIV_1973,Edificio 1972,,Zona 4 - Centro,5,46.167558,12.703965,23.562,4.159,27.721,Privato (potenziale),
PRIV_1974,Via Umberto Primo 122,Via Umberto Primo,Zona 4 - Centro,5,46.167419,12.703816,35.105,6.195,41.3,Privato (potenziale),
PRIV_1975,Via Umberto Primo 116,Via Umberto Primo,Zona 4 - Centro,5,46.167796,12.704082,31.416,5.544,36.96,Privato (potenziale),
PRIV_1976,Via Umberto Primo 110,Via Umberto Primo,Zona 4 - Centro,5,46.167928,12.704152,27.132,4.788,31.92,Privato (potenziale),
PRIV_1977,Edificio 1976,,Zona 4 - Centro,5,46.168015,12.704011,28.56,5.041,33.601,Privato (potenziale),
PRIV_1978,Via Umberto Primo 106,Via Umberto Primo,Zona 4 - Centro,5,46.168163,12.70419,33.082,5.838,38.92,Privato (potenziale),
PRIV_1979,Via Umberto Primo 94,Via Umberto Primo,Zona 4 - Centro,5,46.168451,12.703835,72.709,12.831,85.54,Privato (potenziale),
PRIV_1980,Edificio 1979,Via Umberto Primo,Zona 4 - Centro,5,46.168588,12.704052,176.239,31.101,207.34,Privato (potenziale),
PRIV_1981,Via Alessandro Manzoni 9,Via Alessandro Manzoni,Zona 4 - Centro,5,46.168774,12.703915,53.312,9.408,62.72,Privato (potenziale),
PRIV_1982,Edificio 1981,Via Umberto Primo,Zona 4 - Centro,5,46.169115,12.704463,70.448,12.432,82.88,Privato (potenziale),
PRIV_1983,Via Carlo Mazzoli Taic 24,Via Carlo Mazzoli Taic,Zona 4 - Centro,5,46.169933,12.702243,36.057,6.363,42.42,Privato (potenziale),
PRIV_1984,Via Carlo Mazzoli Taic 22,Via Carlo Mazzoli Taic,Zona 4 - Centro,5,46.169989,12.702471,37.247,6.573,43.82,Privato (potenziale),
PRIV_1985,Edificio 1984,,Zona 4 - Centro,5,46.169848,12.70267,34.748,6.132,40.879999999999995,Privato (potenziale),
PRIV_1986,Via Carlo Mazzoli Taic 18,Via Carlo Mazzoli Taic,Zona 4 - Centro,5,46.169811,12.70278,15.113,2.667,17.78,Privato (potenziale),
PRIV_1987,Via Carlo Mazzoli Taic 20,Via Carlo Mazzoli Taic,Zona 4 - Centro,5,46.169736,12.702448,29.393,5.187,34.58,Privato (potenziale),
PRIV_1988,Edificio 1987,,Zona 4 - Centro,5,46.169565,12.702712,32.725,5.775,38.5,Privato (potenziale),
PRIV_1989,Edificio 1988,,Zona 4 - Centro,5,46.169387,12.70275,18.921,3.339,22.259999999999998,Privato (potenziale),
PRIV_1990,Via Carlo Mazzoli Taic 14,Via Carlo Mazzoli Taic,Zona 4 - Centro,5,46.169498,12.702997,69.377,12.243,81.61999999999999,Privato (potenziale),
PRIV_1991,Edificio 1990,,Zona 4 - Centro,5,46.16917,12.703396,20.944,3.697,24.641,Privato (potenziale),
PRIV_1992,Edificio 1991,Via Alessandro Manzoni,Zona 4 - Centro,5,46.16915,12.703091,158.032,27.888,185.92000000000002,Privato (potenziale),
PRIV_1993,Edificio 1992,Via San Carlo,Zona 4 - Centro,5,46.169419,12.704073,141.848,25.032,166.88000000000002,Privato (potenziale),
PRIV_1994,Via San Carlo 1,Via San Carlo,Zona 4 - Centro,5,46.169539,12.70373,25.585,4.515,30.1,Privato (potenziale),
PRIV_1995,Via San Carlo 3,Via San Carlo,Zona 4 - Centro,5,46.169767,12.704156,28.798,5.082,33.879999999999995,Privato (potenziale),
PRIV_1996,Via San Carlo 5,Via San Carlo,Zona 4 - Centro,5,46.169998,12.704146,45.577,8.043,53.62,Privato (potenziale),
PRIV_1997,Via San Carlo 23,Via San Carlo,Zona 4 - Centro,5,46.170473,12.703846,37.961,6.699,44.66,Privato (potenziale),
PRIV_1998,Via San Carlo 21,Via San Carlo,Zona 4 - Centro,5,46.170448,12.703958,11.9,2.1,14.0,Privato (potenziale),
PRIV_1999,Via San Carlo 25,Via San Carlo,Zona 4 - Centro,5,46.170467,12.703577,11.424,2.015,13.439,Privato (potenziale),
PRIV_2000,Via San Carlo 27,Via San Carlo,Zona 4 - Centro,5,46.170479,12.703238,42.959,7.58,50.539,Privato (potenziale),
PRIV_2001,Edificio 2000,,Zona 4 - Centro,5,46.170318,12.702954,13.09,2.311,15.401,Privato (potenziale),
PRIV_2002,Edificio 2001,,Zona 4 - Centro,5,46.170094,12.70265,29.869,5.271,35.14,Privato (potenziale),
PRIV_2003,Via San Carlo 31,Via San Carlo,Zona 4 - Centro,5,46.170289,12.702725,77.469,13.672,91.14099999999999,Privato (potenziale),
PRIV_2004,Edificio 2003,,Zona 4 - Centro,5,46.170271,12.703231,5.117,0.905,6.022,Privato (potenziale),
PRIV_2005,Edificio 2004,,Zona 4 - Centro,5,46.170267,12.703316,15.827,2.793,18.62,Privato (potenziale),
PRIV_2006,Via Lorenzo Selva 56,Via Lorenzo Selva,Zona 4 - Centro,5,46.169022,12.699194,78.302,13.818,92.12,Privato (potenziale),
PRIV_2007,Vicolo Luigi Settembrini 11,Vicolo Luigi Settembrini,Zona 4 - Centro,5,46.169414,12.700218,49.98,8.82,58.8,Privato (potenziale),
PRIV_2008,Edificio 2007,,Zona 4 - Centro,5,46.169333,12.700207,11.305,1.994,13.299,Privato (potenziale),
PRIV_2009,Vicolo Luigi Settembrini 9,Vicolo Luigi Settembrini,Zona 4 - Centro,5,46.16946,12.70033,8.33,1.469,9.799,Privato (potenziale),
PRIV_2010,Edificio 2009,,Zona 4 - Centro,5,46.167456,12.701263,21.063,3.718,24.781,Privato (potenziale),
PRIV_2011,Via Umberto Primo 87,Via Umberto Primo,Zona 4 - Centro,5,46.168364,12.704658,222.53,39.27,261.8,Privato (potenziale),
PRIV_2012,Via Edmondo De Amicis 7,Via Edmondo De Amicis,Zona 4 - Centro,5,46.168348,12.705019,59.857,10.563,70.42,Privato (potenziale),
PRIV_2013,Edificio 2012,,Zona 4 - Centro,5,46.168861,12.704874,8.806,1.553,10.358999999999998,Privato (potenziale),
PRIV_2014,Edificio 2013,Via Umberto Primo,Zona 4 - Centro,5,46.169037,12.704844,158.032,27.888,185.92000000000002,Privato (potenziale),
PRIV_2015,Edificio 2014,Via Dante Alighieri,Zona 4 - Centro,5,46.168733,12.7055,199.682,35.238,234.92,Privato (potenziale),
PRIV_2016,Via Umberto Primo 109,Via Umberto Primo,Zona 4 - Centro,5,46.167678,12.704476,82.586,14.574,97.16,Privato (potenziale),
PRIV_2017,Edificio 2016,,Zona 4 - Centro,5,46.167005,12.703747,27.251,4.809,32.06,Privato (potenziale),
PRIV_2018,Via Umberto Primo 143,Via Umberto Primo,Zona 4 - Centro,5,46.166993,12.70354,23.562,4.159,27.721,Privato (potenziale),
PRIV_2019,Via Cesare Battisti 1,Via Cesare Battisti,Zona 4 - Centro,5,46.166907,12.703582,102.459,18.081,120.54,Privato (potenziale),
PRIV_2020,Edificio 2019,,Zona 4 - Centro,5,46.167052,12.703888,9.282,1.637,10.919,Privato (potenziale),
PRIV_2021,Edificio 2020,,Zona 4 - Centro,5,46.166887,12.703955,8.925,1.574,10.499,Privato (potenziale),
PRIV_2022,Edificio 2021,,Zona 4 - Centro,5,46.166739,12.703779,8.806,1.553,10.358999999999998,Privato (potenziale),
PRIV_2023,Via Cesare Battisti 15,Via Cesare Battisti,Zona 4 - Centro,5,46.166656,12.70418,18.445,3.254,21.699,Privato (potenziale),
PRIV_2024,Edificio 2023,,Zona 4 - Centro,5,46.166585,12.704374,14.042,2.479,16.521,Privato (potenziale),
PRIV_2025,Edificio 2024,,Zona 4 - Centro,5,46.166646,12.704364,5.95,1.052,7.002000000000001,Privato (potenziale),
PRIV_2026,Edificio 2025,,Zona 4 - Centro,5,46.166991,12.704673,34.629,6.111,40.739999999999995,Privato (potenziale),
PRIV_2027,Via Virgilio 30,Via Virgilio,Zona 4 - Centro,5,46.166857,12.70476,39.27,6.93,46.2,Privato (potenziale),
PRIV_2028,Edificio 2027,,Zona 4 - Centro,5,46.166693,12.704835,19.159,3.381,22.54,Privato (potenziale),
PRIV_2029,Via Umberto Primo 129,Via Umberto Primo,Zona 4 - Centro,5,46.167352,12.704214,144.585,25.515,170.10000000000002,Privato (potenziale),
PRIV_2030,Edificio 2029,,Zona 4 - Centro,5,46.166886,12.705317,111.86,19.74,131.6,Privato (potenziale),
PRIV_2031,Via padre Vittorio Giurin 8,Via padre Vittorio Giurin,Zona 4 - Centro,5,46.167576,12.705604,60.928,10.752,71.67999999999999,Privato (potenziale),
PRIV_2032,Edificio 2031,,Zona 4 - Centro,5,46.167805,12.705643,11.662,2.058,13.72,Privato (potenziale),
PRIV_2033,Via Dante Alighieri 48,Via Dante Alighieri,Zona 4 - Centro,5,46.167963,12.70599,263.15,8.311,271.46099999999996,Privato (potenziale),
PRIV_2034,Edificio 2033,,Zona 4 - Centro,5,46.167859,12.705223,16.065,2.835,18.900000000000002,Privato (potenziale),
PRIV_2035,Via padre Vittorio Giurin 6,Via padre Vittorio Giurin,Zona 4 - Centro,5,46.16798,12.705614,14.28,2.521,16.801,Privato (potenziale),
PRIV_2036,Via Edmondo De Amicis 12,Via Edmondo De Amicis,Zona 4 - Centro,5,46.168131,12.705509,31.297,5.523,36.82,Privato (potenziale),
PRIV_2037,Via Edmondo De Amicis 16,Via Edmondo De Amicis,Zona 4 - Centro,5,46.168034,12.705226,65.807,11.613,77.42,Privato (potenziale),
PRIV_2038,Via Umberto Primo 101,Via Umberto Primo,Zona 4 - Centro,5,46.167925,12.704396,20.468,3.612,24.08,Privato (potenziale),
PRIV_2039,Via Umberto Primo 99,Via Umberto Primo,Zona 4 - Centro,5,46.168057,12.704449,17.731,3.128,20.859,Privato (potenziale),
PRIV_2040,Via Edmondo De Amicis 2,Via Edmondo De Amicis,Zona 4 - Centro,5,46.167958,12.704703,90.44,15.96,106.4,Privato (potenziale),
PRIV_2041,Via Umberto Primo 107,Via Umberto Primo,Zona 4 - Centro,5,46.167447,12.704977,142.086,25.074,167.16000000000003,Privato (potenziale),
PRIV_2042,Via Virgilio 16,Via Virgilio,Zona 4 - Centro,5,46.166691,12.705847,52.598,9.282,61.879999999999995,Privato (potenziale),
PRIV_2043,Via Virgilio 10,Via Virgilio,Zona 4 - Centro,5,46.166644,12.706105,19.278,3.402,22.68,Privato (potenziale),
PRIV_2044,Edificio 2043,,Zona 4 - Centro,5,46.166689,12.706111,9.639,1.7,11.338999999999999,Privato (potenziale),
PRIV_2045,Edificio 2044,,Zona 4 - Centro,5,46.166773,12.70614,8.568,1.511,10.078999999999999,Privato (potenziale),
PRIV_2046,Via Virgilio 4,Via Virgilio,Zona 4 - Centro,5,46.166855,12.706504,8.925,1.574,10.499,Privato (potenziale),
PRIV_2047,Via Virgilio 2,Via Virgilio,Zona 4 - Centro,5,46.166707,12.706599,49.623,8.757,58.379999999999995,Privato (potenziale),
PRIV_2048,Via Virgilio 6,Via Virgilio,Zona 4 - Centro,5,46.166693,12.706338,46.886,8.274,55.160000000000004,Privato (potenziale),
PRIV_2049,Edificio 2048,,Zona 4 - Centro,5,46.167128,12.705943,117.691,20.769,138.46,Privato (potenziale),
PRIV_2050,Edificio 2049,,Zona 4 - Centro,5,46.16702,12.706142,4.998,0.884,5.882000000000001,Privato (potenziale),
PRIV_2051,Edificio 2050,,Zona 4 - Centro,5,46.167152,12.706374,32.13,5.67,37.800000000000004,Privato (potenziale),
PRIV_2052,Via Dante Alighieri 50,Via Dante Alighieri,Zona 4 - Centro,5,46.167165,12.706478,57.596,10.164,67.75999999999999,Privato (potenziale),
PRIV_2053,Edificio 2052,,Zona 4 - Centro,5,46.167165,12.706226,14.042,2.479,16.521,Privato (potenziale),
PRIV_2054,Via della Vittoria 4,Via della Vittoria,Zona 4 - Centro,5,46.168509,12.70732,46.648,8.232,54.88,Privato (potenziale),
PRIV_2055,Edificio 2054,,Zona 4 - Centro,5,46.167501,12.7072,29.036,5.123,34.159,Privato (potenziale),
PRIV_2056,Via Dante Alighieri 33,Via Dante Alighieri,Zona 4 - Centro,5,46.167499,12.707025,17.493,3.086,20.578999999999997,Privato (potenziale),
PRIV_2057,Edificio 2056,,Zona 4 - Centro,5,46.167514,12.707084,5.831,1.031,6.862,Privato (potenziale),
PRIV_2058,Via Dante Alighieri 35,Via Dante Alighieri,Zona 4 - Centro,5,46.167211,12.70711,28.56,5.041,33.601,Privato (potenziale),
PRIV_2059,Edificio 2058,,Zona 4 - Centro,5,46.167275,12.707146,9.996,1.762,11.758000000000001,Privato (potenziale),
PRIV_2060,Via Dante Alighieri 29,Via Dante Alighieri,Zona 4 - Centro,5,46.168198,12.706904,36.89,6.51,43.4,Privato (potenziale),
PRIV_2061,Vicolo Luigi Settembrini 14,Vicolo Luigi Settembrini,Zona 4 - Centro,5,46.169756,12.700042,23.562,4.159,27.721,Privato (potenziale),
PRIV_2062,Vicolo Luigi Settembrini 5,Vicolo Luigi Settembrini,Zona 4 - Centro,5,46.169778,12.700782,35.224,6.216,41.44,Privato (potenziale),
PRIV_2063,Edificio 2062,,Zona 4 - Centro,5,46.16752,12.70049,21.658,3.823,25.481,Privato (potenziale),
PRIV_2064,Via Alessandro Manzoni 50,Via Alessandro Manzoni,Zona 4 - Centro,5,46.167785,12.700645,114.835,20.265,135.1,Privato (potenziale),
PRIV_2065,Edificio 2064,,Zona 4 - Centro,5,46.169728,12.703857,26.299,4.641,30.939999999999998,Privato (potenziale),
PRIV_2066,Edificio 2065,,Zona 4 - Centro,5,46.169789,12.704089,9.282,1.637,10.919,Privato (potenziale),
PRIV_2067,Edificio 2066,,Zona 4 - Centro,5,46.169489,12.704127,17.612,3.107,20.718999999999998,Privato (potenziale),
PRIV_2068,Via Vincenzo Monti 4,Via Vincenzo Monti,Zona 4 - Centro,5,46.169131,12.704229,49.147,8.673,57.82,Privato (potenziale),
PRIV_2069,Edificio 2068,Via Dante Alighieri,Zona 4 - Centro,5,46.168423,12.707032,104.244,18.396,122.64,Privato (potenziale),
PRIV_2070,Via Dante Alighieri 33,Via Dante Alighieri,Zona 4 - Centro,5,46.167556,12.706999,5.236,0.925,6.161,Privato (potenziale),
PRIV_2071,Via Siega 49,Via Siega,Zona 4 - Centro,5,46.163277,12.698494,21.896,3.865,25.761000000000003,Privato (potenziale),
PRIV_2072,Edificio 2071,,Zona 4 - Centro,5,46.1662,12.705232,20.111,3.549,23.66,Privato (potenziale),
PRIV_2073,Via Dante Alighieri 31,Via Dante Alighieri,Zona 4 - Centro,5,46.16773,12.707153,69.251,1.522,70.77300000000001,Privato (potenziale),
PRIV_2074,Edificio 2073,,Zona 4 - Centro,5,46.168144,12.708213,110.908,19.572,130.48,Privato (potenziale),
PRIV_2075,Edificio 2074,,Zona 4 - Centro,5,46.168416,12.697454,35.462,6.258,41.720000000000006,Privato (potenziale),
PRIV_2076,Edificio 2075,,Zona 4 - Centro,5,46.168242,12.697101,100.079,17.661,117.74,Privato (potenziale),
PRIV_2077,Via Mazzoli Chiasais 4,Via Mazzoli Chiasais,Zona 4 - Centro,5,46.166497,12.694483,78.302,13.818,92.12,Privato (potenziale),
PRIV_2078,Edificio 2077,,Zona 4 - Centro,5,46.16364,12.699701,77.588,13.692,91.28,Privato (potenziale),
PRIV_2079,Edificio 2078,,Zona 4 - Centro,5,46.166099,12.699352,57.715,10.185,67.9,Privato (potenziale),
PRIV_2080,Edificio 2079,,Zona 4 - Centro,5,46.166158,12.699241,4.998,0.884,5.882000000000001,Privato (potenziale),
PRIV_2081,Via Nazario Sauro 38,Via Nazario Sauro,Zona 4 - Centro,5,46.165885,12.699528,66.402,11.718,78.12,Privato (potenziale),
PRIV_2082,Edificio 2081,,Zona 4 - Centro,5,46.16818,12.698611,80.92,14.28,95.2,Privato (potenziale),
PRIV_2083,Edificio 2082,,Zona 4 - Centro,5,46.169426,12.700782,53.074,9.366,62.44,Privato (potenziale),
PRIV_2084,Edificio 2083,,Zona 4 - Centro,5,46.168195,12.703101,116.858,20.622,137.48000000000002,Privato (potenziale),
PRIV_2085,Edificio 2084,,Zona 4 - Centro,5,46.169755,12.703699,86.87,15.33,102.2,Privato (potenziale),
PRIV_2086,Edificio 2085,,Zona 4 - Centro,5,46.167304,12.704671,50.218,8.862,59.080000000000005,Privato (potenziale),
PRIV_2087,Edificio 2086,,Zona 4 - Centro,5,46.169762,12.699707,180.999,31.941,212.94,Privato (potenziale),
PRIV_2088,Via Alessandro Manzoni 66,Via Alessandro Manzoni,Zona 4 - Centro,5,46.167572,12.700597,58.191,10.269,68.46000000000001,Privato (potenziale),
PRIV_2089,Edificio 2088,,Zona 4 - Centro,5,46.169898,12.703899,20.587,3.633,24.22,Privato (potenziale),
PRIV_2090,Edificio 2089,,Zona 4 - Centro,5,46.166182,12.705038,29.869,5.271,35.14,Privato (potenziale),
PRIV_2091,Edificio 2090,,Zona 4 - Centro,5,46.16637,12.70524,54.859,9.681,64.54,Privato (potenziale),
PRIV_2092,Via Dante Alighieri 39,Via Dante Alighieri,Zona 4 - Centro,5,46.166702,12.707329,408.975,12.915,421.89000000000004,Privato (potenziale),
PRIV_2093,Edificio 2092,,Zona 4 - Centro,5,46.168664,12.705003,12.733,2.248,14.981000000000002,Privato (potenziale),
PRIV_2094,Edificio 2093,,Zona 4 - Centro,5,46.166449,12.700926,25.585,4.515,30.1,Privato (potenziale),
PRIV_2095,Edificio 2094,,Zona 4 - Centro,5,46.166438,12.70057,5.95,1.052,7.002000000000001,Privato (potenziale),
PRIV_2096,Edificio 2095,,Zona 4 - Centro,5,46.16635,12.700594,7.973,1.406,9.379,Privato (potenziale),
PRIV_2097,Edificio 2096,,Zona 4 - Centro,5,46.166416,12.700342,13.923,2.458,16.381,Privato (potenziale),
PRIV_2098,Edificio 2097,,Zona 4 - Centro,5,46.16726,12.698523,9.163,1.616,10.779,Privato (potenziale),
PRIV_2099,Edificio 2098,,Zona 4 - Centro,5,46.167353,12.698884,7.973,1.406,9.379,Privato (potenziale),
PRIV_2100,Edificio 2099,,Zona 4 - Centro,5,46.167655,12.698946,6.783,1.199,7.982,Privato (potenziale),
PRIV_2101,Edificio 2100,,Zona 4 - Centro,5,46.167407,12.699959,5.117,0.905,6.022,Privato (potenziale),
PRIV_2102,Edificio 2101,,Zona 4 - Centro,5,46.168749,12.697963,7.973,1.406,9.379,Privato (potenziale),
PRIV_2103,Edificio 2102,,Zona 4 - Centro,5,46.169891,12.699513,6.901,1.219,8.12,Privato (potenziale),
PRIV_2104,Edificio 2103,,Zona 4 - Centro,5,46.169773,12.699541,12.257,2.164,14.421,Privato (potenziale),
PRIV_2105,Edificio 2104,,Zona 4 - Centro,5,46.16862,12.699077,7.735,1.365,9.1,Privato (potenziale),
PRIV_2106,Edificio 2105,,Zona 4 - Centro,5,46.168801,12.700333,4.998,0.884,5.882000000000001,Privato (potenziale),
PRIV_2107,Edificio 2106,,Zona 4 - Centro,5,46.168631,12.700122,9.758,1.721,11.479,Privato (potenziale),
PRIV_2108,Edificio 2107,,Zona 4 - Centro,5,46.167762,12.700273,9.639,1.7,11.338999999999999,Privato (potenziale),
PRIV_2109,Edificio 2108,,Zona 4 - Centro,5,46.16802,12.700419,5.117,0.905,6.022,Privato (potenziale),
PRIV_2110,Edificio 2109,,Zona 4 - Centro,5,46.169361,12.701787,9.163,1.616,10.779,Privato (potenziale),
PRIV_2111,Edificio 2110,,Zona 4 - Centro,5,46.169476,12.701381,10.115,1.784,11.899000000000001,Privato (potenziale),
PRIV_2112,Edificio 2111,,Zona 4 - Centro,5,46.166942,12.702605,8.806,1.553,10.358999999999998,Privato (potenziale),
PRIV_2113,Edificio 2112,,Zona 4 - Centro,5,46.167969,12.703261,6.901,1.219,8.12,Privato (potenziale),
PRIV_2114,Edificio 2113,,Zona 4 - Centro,5,46.169873,12.702941,11.9,2.1,14.0,Privato (potenziale),
PRIV_2115,Edificio 2114,,Zona 4 - Centro,5,46.16979,12.699328,23.8,4.2,28.0,Privato (potenziale),
PRIV_2116,Edificio 2115,,Zona 4 - Centro,5,46.167905,12.705383,6.069,1.073,7.1419999999999995,Privato (potenziale),
PRIV_2117,Edificio 2116,,Zona 4 - Centro,5,46.166823,12.706193,9.401,1.658,11.059,Privato (potenziale),
PRIV_2118,Edificio 2117,,Zona 4 - Centro,5,46.170787,12.70047,9.401,1.658,11.059,Privato (potenziale),
PRIV_2119,Edificio 2118,,Zona 4 - Centro,5,46.166934,12.702743,13.804,2.437,16.241,Privato (potenziale),
PRIV_2120,Edificio 2119,,Zona 4 - Centro,5,46.170273,12.703448,6.426,1.136,7.562,Privato (potenziale),
PRIV_2121,Edificio 2120,,Zona 4 - Centro,5,46.167459,12.705742,5.117,0.905,6.022,Privato (potenziale),
PRIV_2122,Edificio 2121,,Zona 4 - Centro,5,46.164507,12.704316,9.639,1.7,11.338999999999999,Privato (potenziale),
PRIV_2123,Edificio 2122,,Zona 4 - Centro,5,46.164579,12.704321,12.495,2.206,14.700999999999999,Privato (potenziale),
PRIV_2124,Edificio 2123,,Zona 4 - Centro,5,46.167803,12.702155,8.806,1.553,10.358999999999998,Privato (potenziale),
PRIV_2125,Edificio 2124,,Zona 4 - Centro,5,46.162902,12.699107,9.758,1.721,11.479,Privato (potenziale),
PRIV_2126,Edificio 2125,,Zona 4 - Centro,5,46.163514,12.699883,25.942,4.578,30.52,Privato (potenziale),
PRIV_2127,Edificio 2126,,Zona 4 - Centro,5,46.164731,12.703672,8.33,1.469,9.799,Privato (potenziale),
PRIV_2128,Edificio 2127,,Zona 4 - Centro,5,46.164091,12.704076,8.806,1.553,10.358999999999998,Privato (potenziale),
PRIV_2129,Edificio 2128,,Zona 4 - Centro,5,46.164276,12.70452,13.923,2.458,16.381,Privato (potenziale),
PRIV_2130,Edificio 2129,,Zona 4 - Centro,5,46.164694,12.7053,11.424,2.015,13.439,Privato (potenziale),
PRIV_2131,Edificio 2130,,Zona 4 - Centro,5,46.165484,12.705431,6.783,1.199,7.982,Privato (potenziale),
PRIV_2132,Edificio 2131,,Zona 4 - Centro,5,46.166132,12.705903,6.783,1.199,7.982,Privato (potenziale),
PRIV_2133,Edificio 2132,,Zona 4 - Centro,5,46.16501,12.703181,6.664,1.178,7.842,Privato (potenziale),
PRIV_2134,Edificio 2133,,Zona 4 - Centro,5,46.165038,12.702949,13.923,2.458,16.381,Privato (potenziale),
PRIV_2135,Edificio 2134,,Zona 4 - Centro,5,46.165248,12.703289,5.236,0.925,6.161,Privato (potenziale),
PRIV_2136,Edificio 2135,,Zona 4 - Centro,5,46.166017,12.704136,6.426,1.136,7.562,Privato (potenziale),
PRIV_2137,Edificio 2136,,Zona 4 - Centro,5,46.164192,12.698705,5.236,0.925,6.161,Privato (potenziale),
PRIV_2138,Edificio 2137,,Zona 4 - Centro,5,46.164557,12.698848,4.998,0.884,5.882000000000001,Privato (potenziale),
PRIV_2139,Edificio 2138,,Zona 4 - Centro,5,46.166198,12.700001,7.139,1.26,8.399000000000001,Privato (potenziale),
PRIV_2140,Edificio 2139,,Zona 4 - Centro,5,46.166125,12.699506,11.067,1.952,13.019,Privato (potenziale),
PRIV_2141,Edificio 2140,,Zona 4 - Centro,5,46.165926,12.699766,6.783,1.199,7.982,Privato (potenziale),
PRIV_2142,Edificio 2141,,Zona 4 - Centro,5,46.164823,12.699702,7.616,1.343,8.959,Privato (potenziale),
PRIV_2143,Edificio 2142,,Zona 4 - Centro,5,46.16681,12.696141,7.616,1.343,8.959,Privato (potenziale),
PRIV_2144,Edificio 2143,,Zona 4 - Centro,5,46.166847,12.696017,4.998,0.884,5.882000000000001,Privato (potenziale),
PRIV_2145,Edificio 2144,,Zona 4 - Centro,5,46.166257,12.695119,6.664,1.178,7.842,Privato (potenziale),
PRIV_2146,Edificio 2145,,Zona 4 - Centro,5,46.168458,12.697674,5.117,0.905,6.022,Privato (potenziale),
PRIV_2147,Edificio 2146,,Zona 4 - Centro,5,46.168069,12.697016,17.493,3.086,20.578999999999997,Privato (potenziale),
PRIV_2148,Edificio 2147,,Zona 4 - Centro,5,46.167572,12.697531,13.328,2.353,15.681,Privato (potenziale),
PRIV_2149,Edificio 2148,,Zona 4 - Centro,5,46.167502,12.696382,13.09,2.311,15.401,Privato (potenziale),
PRIV_2150,Edificio 2149,,Zona 4 - Centro,5,46.167388,12.696325,7.735,1.365,9.1,Privato (potenziale),
PRIV_2151,Edificio 2150,,Zona 4 - Centro,5,46.167357,12.697058,69.972,12.348,82.32,Privato (potenziale),
PRIV_2152,Edificio 2151,,Zona 4 - Centro,5,46.166965,12.697115,6.901,1.219,8.12,Privato (potenziale),
PRIV_2153,Via Umberto Primo 130,Via Umberto Primo,Zona 4 - Centro,5,46.167741,12.70311,79.73,14.07,93.80000000000001,Privato (potenziale),
PRIV_2154,Edificio 2153,,Zona 4 - Centro,5,46.163632,12.701564,22.491,3.969,26.46,Privato (potenziale),
PRIV_2155,Edificio 2154,,Zona 4 - Centro,5,46.163599,12.701701,60.928,10.752,71.67999999999999,Privato (potenziale),
PRIV_2156,Edificio 2155,,Zona 4 - Centro,5,46.168356,12.696246,7.735,1.365,9.1,Privato (potenziale),
PRIV_2157,Edificio 2156,,Zona 4 - Centro,5,46.17098,12.701275,8.449,1.49,9.939,Privato (potenziale),
PRIV_2158,Edificio 2157,,Zona 4 - Centro,5,46.16853,12.702281,26.656,4.704,31.36,Privato (potenziale),
PRIV_2159,Edificio 2158,,Zona 4 - Centro,5,46.167338,12.706181,10.948,1.93,12.878,Privato (potenziale),
PRIV_2160,Edificio 2159,,Zona 4 - Centro,5,46.167296,12.706189,9.163,1.616,10.779,Privato (potenziale),
PRIV_2161,Edificio 2160,,Zona 4 - Centro,5,46.163323,12.699243,68.068,12.012,80.08,Privato (potenziale),
PRIV_2162,Edificio 2161,,Zona 4 - Centro,5,46.164158,12.70051,66.283,11.697,77.98,Privato (potenziale),
PRIV_2163,Edificio 2162,,Zona 4 - Centro,5,46.164208,12.700769,57.359,10.122,67.481,Privato (potenziale),
PRIV_2164,Edificio 2163,,Zona 4 - Centro,5,46.164214,12.701129,46.053,8.127,54.18,Privato (potenziale),
PRIV_2165,Edificio 2164,,Zona 4 - Centro,5,46.163756,12.700503,46.053,8.127,54.18,Privato (potenziale),
PRIV_2166,Edificio 2165,,Zona 4 - Centro,5,46.164106,12.702621,46.053,8.127,54.18,Privato (potenziale),
PRIV_2167,Edificio 2166,,Zona 4 - Centro,5,46.165133,12.70211,56.406,9.954,66.36,Privato (potenziale),
PRIV_2168,Edificio 2167,,Zona 4 - Centro,5,46.164855,12.702185,205.394,36.246,241.64000000000001,Privato (potenziale),
PRIV_2169,Edificio 2168,,Zona 4 - Centro,5,46.16573,12.701269,26.894,4.746,31.64,Privato (potenziale),
PRIV_2170,Edificio 2169,,Zona 4 - Centro,5,46.165662,12.700958,26.894,4.746,31.64,Privato (potenziale),
PRIV_2171,Edificio 2170,,Zona 4 - Centro,5,46.165831,12.700937,26.894,4.746,31.64,Privato (potenziale),
PRIV_2172,Edificio 2171,,Zona 4 - Centro,5,46.166087,12.701103,98.532,17.388,115.92,Privato (potenziale),
PRIV_2173,Edificio 2172,,Zona 4 - Centro,5,46.165039,12.704104,26.894,4.746,31.64,Privato (potenziale),
PRIV_2174,Edificio 2173,,Zona 4 - Centro,5,46.17008,12.703398,32.606,5.753,38.359,Privato (potenziale),
PRIV_2175,Edificio 2174,,Zona 4 - Centro,5,46.169891,12.70341,32.725,5.775,38.5,Privato (potenziale),
PRIV_2176,Edificio 2175,,Zona 4 - Centro,5,46.170253,12.703671,18.326,3.233,21.559,Privato (potenziale),
PRIV_2177,Edificio 2176,,Zona 4 - Centro,5,46.170137,12.703677,18.326,3.233,21.559,Privato (potenziale),
PRIV_2178,Edificio 2177,,Zona 4 - Centro,5,46.17003,12.703686,18.326,3.233,21.559,Privato (potenziale),
PRIV_2179,Edificio 2178,,Zona 4 - Centro,5,46.169411,12.703367,48.314,8.526,56.84,Privato (potenziale),
PRIV_2180,Edificio 2179,,Zona 4 - Centro,5,46.169264,12.703517,48.552,8.568,57.12,Privato (potenziale),
PRIV_2181,Via Dante Alighieri 48,Via Dante Alighieri,Zona 4 - Centro,5,46.168149,12.70612,60.04,1.894,61.934,Privato (potenziale),
PRIV_2182,Via Piave 122,Via Piave,Zona 4 - Centro,5,46.166625,12.695747,117.215,20.685,137.9,Privato (potenziale),
PRIV_2183,Via Dante Alighieri 39,Via Dante Alighieri,Zona 4 - Centro,5,46.166708,12.707329,613.415,19.371,632.786,Privato (potenziale),
PRIV_2184,Via Nazario Sauro 1,Via Nazario Sauro,Zona 4 - Centro,5,46.166486,12.70052,463.029,81.711,544.74,Privato (potenziale),
PRIV_2185,Edificio 2184,,Zona 4 - Centro,6,46.166348,12.697173,34.629,6.111,40.739999999999995,Privato (potenziale),
PRIV_2186,Via Piave 65,Via Piave,Zona 4 - Centro,6,46.16637,12.697441,32.13,5.67,37.800000000000004,Privato (potenziale),
PRIV_2187,Via Piave 69,Via Piave,Zona 4 - Centro,6,46.166169,12.697422,56.05,9.891,65.941,Privato (potenziale),
PRIV_2188,Via Piave 63,Via Piave,Zona 4 - Centro,6,46.166393,12.697839,30.464,5.376,35.839999999999996,Privato (potenziale),
PRIV_2189,Via Piave 57,Via Piave,Zona 4 - Centro,6,46.16631,12.698089,66.759,11.781,78.54,Privato (potenziale),
PRIV_2190,Edificio 2189,,Zona 4 - Centro,6,46.166142,12.69808,14.637,2.584,17.221,Privato (potenziale),
PRIV_2191,Edificio 2190,,Zona 4 - Centro,6,46.166071,12.696852,9.163,1.616,10.779,Privato (potenziale),
PRIV_2192,Via Siega 6,Via Siega,Zona 4 - Centro,6,46.165811,12.698036,34.748,6.132,40.879999999999995,Privato (potenziale),
PRIV_2193,Via Siega 14,Via Siega,Zona 4 - Centro,6,46.165141,12.698142,119.833,21.147,140.98,Privato (potenziale),
PRIV_2194,Edificio 2193,,Zona 4 - Centro,6,46.165352,12.698438,6.307,1.115,7.422000000000001,Privato (potenziale),
PRIV_2195,Via Siega 16,Via Siega,Zona 4 - Centro,6,46.165088,12.698385,36.652,6.468,43.120000000000005,Privato (potenziale),
PRIV_2196,Edificio 2195,,Zona 4 - Centro,6,46.166369,12.696428,11.781,2.079,13.860000000000001,Privato (potenziale),
PRIV_2197,Via Piave 77,Via Piave,Zona 4 - Centro,6,46.166281,12.696196,13.328,2.353,15.681,Privato (potenziale),
PRIV_2198,Edificio 2197,,Zona 4 - Centro,6,46.166042,12.696432,37.604,6.636,44.24,Privato (potenziale),
PRIV_2199,Via Piave 79,Via Piave,Zona 4 - Centro,6,46.166093,12.696001,27.608,4.872,32.480000000000004,Privato (potenziale),
PRIV_2200,Via Bruna 1,Via Bruna,Zona 4 - Centro,6,46.165859,12.69523,223.006,39.354,262.36,Privato (potenziale),
PRIV_2201,Edificio 2200,,Zona 4 - Centro,6,46.165826,12.695543,20.944,3.697,24.641,Privato (potenziale),
PRIV_2202,Edificio 2201,,Zona 4 - Centro,6,46.165686,12.695004,7.616,1.343,8.959,Privato (potenziale),
PRIV_2203,Via Bruna 13,Via Bruna,Zona 4 - Centro,6,46.165458,12.694983,48.314,8.526,56.84,Privato (potenziale),
PRIV_2204,Via Bruna 15,Via Bruna,Zona 4 - Centro,6,46.165528,12.695147,71.281,12.579,83.86000000000001,Privato (potenziale),
PRIV_2205,Edificio 2204,,Zona 4 - Centro,6,46.165028,12.695603,14.756,2.605,17.361,Privato (potenziale),
PRIV_2206,Via Bruna 33,Via Bruna,Zona 4 - Centro,6,46.164918,12.69552,26.299,4.641,30.939999999999998,Privato (potenziale),
PRIV_2207,Via Bruna 35,Via Bruna,Zona 4 - Centro,6,46.164809,12.695646,17.612,3.107,20.718999999999998,Privato (potenziale),
PRIV_2208,Via Giuseppe Garibaldi 14,Via Giuseppe Garibaldi,Zona 4 - Centro,6,46.16477,12.696097,15.47,2.73,18.2,Privato (potenziale),
PRIV_2209,Edificio 2208,,Zona 4 - Centro,6,46.164536,12.696089,18.088,3.191,21.279,Privato (potenziale),
PRIV_2210,Via Bruna 45,Via Bruna,Zona 4 - Centro,6,46.164229,12.696202,24.395,4.305,28.7,Privato (potenziale),
PRIV_2211,Via Giuseppe Garibaldi 12,Via Giuseppe Garibaldi,Zona 4 - Centro,6,46.164694,12.696455,22.134,3.906,26.04,Privato (potenziale),
PRIV_2212,Via Giuseppe Garibaldi 10,Via Giuseppe Garibaldi,Zona 4 - Centro,6,46.164516,12.696576,22.729,4.011,26.74,Privato (potenziale),
PRIV_2213,Via Giuseppe Garibaldi 8,Via Giuseppe Garibaldi,Zona 4 - Centro,6,46.16421,12.696733,19.992,3.528,23.52,Privato (potenziale),
PRIV_2214,Via Giuseppe Garibaldi 4,Via Giuseppe Garibaldi,Zona 4 - Centro,6,46.164151,12.697157,47.124,8.316,55.440000000000005,Privato (potenziale),
PRIV_2215,Via Giuseppe Garibaldi 6,Via Giuseppe Garibaldi,Zona 4 - Centro,6,46.164061,12.696781,22.967,4.053,27.02,Privato (potenziale),
PRIV_2216,Via Siega 40,Via Siega,Zona 4 - Centro,6,46.164216,12.697615,47.124,8.316,55.440000000000005,Privato (potenziale),
PRIV_2217,Edificio 2216,,Zona 4 - Centro,6,46.164431,12.697313,20.825,3.675,24.5,Privato (potenziale),
PRIV_2218,Via Giuseppe Garibaldi 1,Via Giuseppe Garibaldi,Zona 4 - Centro,6,46.163986,12.69747,53.788,9.492,63.28,Privato (potenziale),
PRIV_2219,Edificio 2218,,Zona 4 - Centro,6,46.163797,12.697576,20.468,3.612,24.08,Privato (potenziale),
PRIV_2220,Edificio 2219,,Zona 4 - Centro,6,46.163628,12.697903,21.658,3.823,25.481,Privato (potenziale),
PRIV_2221,Edificio 2220,,Zona 4 - Centro,6,46.163609,12.697776,11.9,2.1,14.0,Privato (potenziale),
PRIV_2222,Edificio 2221,,Zona 4 - Centro,6,46.163084,12.698039,9.282,1.637,10.919,Privato (potenziale),
PRIV_2223,Via della Repubblica 50,Via della Repubblica,Zona 4 - Centro,6,46.162737,12.697986,36.295,6.405,42.7,Privato (potenziale),
PRIV_2224,Edificio 2223,,Zona 4 - Centro,6,46.16271,12.697825,24.752,4.368,29.119999999999997,Privato (potenziale),
PRIV_2225,Edificio 2224,,Zona 4 - Centro,6,46.162839,12.698231,12.495,2.206,14.700999999999999,Privato (potenziale),
PRIV_2226,Edificio 2225,,Zona 4 - Centro,6,46.162903,12.698335,6.783,1.199,7.982,Privato (potenziale),
PRIV_2227,Via Siega 66,Via Siega,Zona 4 - Centro,6,46.16274,12.698544,22.491,3.969,26.46,Privato (potenziale),
PRIV_2228,Edificio 2227,,Zona 4 - Centro,6,46.163911,12.697305,7.735,1.365,9.1,Privato (potenziale),
PRIV_2229,Via Bruna 61,Via Bruna,Zona 4 - Centro,6,46.162758,12.697047,15.589,2.751,18.34,Privato (potenziale),
PRIV_2230,Via Bruna 55,Via Bruna,Zona 4 - Centro,6,46.162983,12.696839,66.878,11.802,78.68,Privato (potenziale),
PRIV_2231,Edificio 2230,,Zona 4 - Centro,6,46.163124,12.696664,9.401,1.658,11.059,Privato (potenziale),
PRIV_2232,Edificio 2231,,Zona 4 - Centro,6,46.162796,12.697163,5.117,0.905,6.022,Privato (potenziale),
PRIV_2233,Edificio 2232,,Zona 4 - Centro,6,46.163603,12.69675,17.493,3.086,20.578999999999997,Privato (potenziale),
PRIV_2234,Via Bruna 47,Via Bruna,Zona 4 - Centro,6,46.163866,12.696563,46.291,8.169,54.459999999999994,Privato (potenziale),
PRIV_2235,Via Bruna 49,Via Bruna,Zona 4 - Centro,6,46.163589,12.696582,23.919,4.221,28.14,Privato (potenziale),
PRIV_2236,Via Bruna 51,Via Bruna,Zona 4 - Centro,6,46.163292,12.696688,46.291,8.169,54.459999999999994,Privato (potenziale),
PRIV_2237,Edificio 2236,,Zona 5 - Ovest,6,46.16304,12.69618,35.938,6.342,42.28,Privato (potenziale),
PRIV_2238,Via Bruna 52,Via Bruna,Zona 5 - Ovest,6,46.162793,12.69631,34.748,6.132,40.879999999999995,Privato (potenziale),
PRIV_2239,Via Bruna 54,Via Bruna,Zona 5 - Ovest,6,46.162535,12.696331,40.46,7.14,47.6,Privato (potenziale),
PRIV_2240,Via Montenegro 2,Via Montenegro,Zona 5 - Ovest,6,46.163483,12.696093,53.55,9.45,63.0,Privato (potenziale),
PRIV_2241,Via Bruna 40,Via Bruna,Zona 5 - Ovest,6,46.163846,12.696134,20.587,3.633,24.22,Privato (potenziale),
PRIV_2242,Via Bruna 50,Via Bruna,Zona 5 - Ovest,6,46.162757,12.696032,31.297,5.523,36.82,Privato (potenziale),
PRIV_2243,Via Montenegro 3,Via Montenegro,Zona 5 - Ovest,6,46.163011,12.695828,42.126,7.434,49.559999999999995,Privato (potenziale),
PRIV_2244,Edificio 2243,,Zona 5 - Ovest,6,46.162947,12.695723,6.426,1.136,7.562,Privato (potenziale),
PRIV_2245,Via Bruna 36,Via Bruna,Zona 5 - Ovest,6,46.164233,12.695889,24.157,4.263,28.42,Privato (potenziale),
PRIV_2246,Via Divisione Julia 6,Via Divisione Julia,Zona 5 - Ovest,6,46.163988,12.695478,55.93,9.87,65.8,Privato (potenziale),
PRIV_2247,Via Bruna 32,Via Bruna,Zona 5 - Ovest,6,46.164409,12.695636,41.293,7.287,48.58,Privato (potenziale),
PRIV_2248,Via Bruna 24,Via Bruna,Zona 5 - Ovest,6,46.164732,12.695291,16.065,2.835,18.900000000000002,Privato (potenziale),
PRIV_2249,Via Bruna 22,Via Bruna,Zona 5 - Ovest,6,46.164906,12.695086,26.775,4.725,31.5,Privato (potenziale),
PRIV_2250,Via della Repubblica 39,Via della Repubblica,Zona 5 - Ovest,6,46.162142,12.697885,73.304,12.936,86.24000000000001,Privato (potenziale),
PRIV_2251,Edificio 2250,,Zona 5 - Ovest,6,46.161878,12.697883,22.491,3.969,26.46,Privato (potenziale),
PRIV_2252,Edificio 2251,,Zona 5 - Ovest,6,46.16169,12.697846,17.136,3.023,20.159,Privato (potenziale),
PRIV_2253,Via Antonino di Prampero 9,Via Antonino di Prampero,Zona 5 - Ovest,6,46.161681,12.697362,40.222,7.098,47.32,Privato (potenziale),
PRIV_2254,Via della Repubblica 49,Via della Repubblica,Zona 5 - Ovest,6,46.162281,12.697595,16.303,2.876,19.179000000000002,Privato (potenziale),
PRIV_2255,Via Antonino di Prampero 1,Via Antonino di Prampero,Zona 5 - Ovest,6,46.162058,12.696938,41.293,7.287,48.58,Privato (potenziale),
PRIV_2256,Edificio 2255,,Zona 5 - Ovest,6,46.161861,12.697,12.614,2.227,14.841000000000001,Privato (potenziale),
PRIV_2257,Via Antonino di Prampero 11,Via Antonino di Prampero,Zona 5 - Ovest,6,46.161628,12.696869,46.886,8.274,55.160000000000004,Privato (potenziale),
PRIV_2258,Edificio 2257,,Zona 5 - Ovest,6,46.161459,12.697002,12.97,2.29,15.260000000000002,Privato (potenziale),
PRIV_2259,Via Antonino di Prampero 13,Via Antonino di Prampero,Zona 5 - Ovest,6,46.161352,12.696842,33.796,5.964,39.76,Privato (potenziale),
PRIV_2260,Via Antonino di Prampero 15,Via Antonino di Prampero,Zona 5 - Ovest,6,46.161215,12.696409,40.579,7.161,47.74,Privato (potenziale),
PRIV_2261,Via Antonino di Prampero 6,Via Antonino di Prampero,Zona 5 - Ovest,6,46.161509,12.69629,36.295,6.405,42.7,Privato (potenziale),
PRIV_2262,Via Antonino di Prampero 4,Via Antonino di Prampero,Zona 5 - Ovest,6,46.16176,12.696331,39.39,6.951,46.341,Privato (potenziale),
PRIV_2263,Edificio 2262,,Zona 5 - Ovest,6,46.161964,12.696326,35.938,6.342,42.28,Privato (potenziale),
PRIV_2264,Via della Repubblica 57,Via della Repubblica,Zona 5 - Ovest,6,46.161885,12.696051,26.775,4.725,31.5,Privato (potenziale),
PRIV_2265,Via della Repubblica 59,Via della Repubblica,Zona 5 - Ovest,6,46.161858,12.695706,38.08,6.72,44.8,Privato (potenziale),
PRIV_2266,Edificio 2265,,Zona 5 - Ovest,6,46.161646,12.695744,35.581,6.279,41.86,Privato (potenziale),
PRIV_2267,Edificio 2266,,Zona 5 - Ovest,6,46.161623,12.695963,14.637,2.584,17.221,Privato (potenziale),
PRIV_2268,Via Ludovico Ariosto 5,Via Ludovico Ariosto,Zona 5 - Ovest,6,46.161437,12.69551,69.615,12.285,81.89999999999999,Privato (potenziale),
PRIV_2269,Via Antonino di Prampero 20,Via Antonino di Prampero,Zona 5 - Ovest,6,46.16124,12.69447,42.245,7.455,49.699999999999996,Privato (potenziale),
PRIV_2270,Via Ludovico Ariosto 15,Via Ludovico Ariosto,Zona 5 - Ovest,6,46.160811,12.694589,51.289,9.051,60.34,Privato (potenziale),
PRIV_2271,Via Ludovico Ariosto 13,Via Ludovico Ariosto,Zona 5 - Ovest,6,46.160755,12.694961,43.911,7.748,51.659,Privato (potenziale),
PRIV_2272,Via Antonino di Prampero 31,Via Antonino di Prampero,Zona 5 - Ovest,6,46.160486,12.694314,33.915,5.986,39.900999999999996,Privato (potenziale),
PRIV_2273,Via Erasmo da Valvasone 3,Via Erasmo da Valvasone,Zona 5 - Ovest,6,46.160608,12.693965,45.577,8.043,53.62,Privato (potenziale),
PRIV_2274,Via Antonino di Prampero 35,Via Antonino di Prampero,Zona 5 - Ovest,6,46.160841,12.693934,42.959,7.58,50.539,Privato (potenziale),
PRIV_2275,Via Antonino di Prampero 24,Via Antonino di Prampero,Zona 5 - Ovest,6,46.161226,12.694055,50.932,8.988,59.92,Privato (potenziale),
PRIV_2276,Via Antonino di Prampero 34,Via Antonino di Prampero,Zona 5 - Ovest,6,46.161202,12.693636,36.295,6.405,42.7,Privato (potenziale),
PRIV_2277,Via Antonino di Prampero 30,Via Antonino di Prampero,Zona 5 - Ovest,6,46.161435,12.693598,63.784,11.256,75.03999999999999,Privato (potenziale),
PRIV_2278,Via Antonino di Prampero 40,Via Antonino di Prampero,Zona 5 - Ovest,6,46.161407,12.693255,39.27,6.93,46.2,Privato (potenziale),
PRIV_2279,Via Antonino di Prampero 36,Via Antonino di Prampero,Zona 5 - Ovest,6,46.161149,12.693374,45.577,8.043,53.62,Privato (potenziale),
PRIV_2280,Via Antonino di Prampero 42,Via Antonino di Prampero,Zona 5 - Ovest,6,46.161188,12.692984,119.0,21.0,140.0,Privato (potenziale),
PRIV_2281,Via Antonino di Prampero 58,Via Antonino di Prampero,Zona 5 - Ovest,6,46.161002,12.692639,50.099,8.841,58.94,Privato (potenziale),
PRIV_2282,Edificio 2281,,Zona 5 - Ovest,6,46.16128,12.692586,40.936,7.224,48.16,Privato (potenziale),
PRIV_2283,Via Antonino di Prampero 39,Via Antonino di Prampero,Zona 5 - Ovest,6,46.160754,12.693422,35.462,6.258,41.720000000000006,Privato (potenziale),
PRIV_2284,Via Erasmo da Valvasone 6,Via Erasmo da Valvasone,Zona 5 - Ovest,6,46.160534,12.693483,50.813,8.967,59.78,Privato (potenziale),
PRIV_2285,Via Erasmo da Valvasone 9,Via Erasmo da Valvasone,Zona 5 - Ovest,6,46.160277,12.693703,31.892,5.628,37.519999999999996,Privato (potenziale),
PRIV_2286,Via Erasmo da Valvasone 11,Via Erasmo da Valvasone,Zona 5 - Ovest,6,46.160161,12.693467,27.727,4.893,32.62,Privato (potenziale),
PRIV_2287,Via Erasmo da Valvasone 13,Via Erasmo da Valvasone,Zona 5 - Ovest,6,46.160093,12.693195,33.32,5.88,39.2,Privato (potenziale),
PRIV_2288,Via Erasmo da Valvasone 14,Via Erasmo da Valvasone,Zona 5 - Ovest,6,46.160632,12.692773,64.617,11.403,76.02000000000001,Privato (potenziale),
PRIV_2289,Via Erasmo da Valvasone 27,Via Erasmo da Valvasone,Zona 5 - Ovest,6,46.160479,12.692222,98.294,17.346,115.64,Privato (potenziale),
PRIV_2290,Via Erasmo da Valvasone 23,Via Erasmo da Valvasone,Zona 5 - Ovest,6,46.160168,12.692286,37.723,6.657,44.379999999999995,Privato (potenziale),
PRIV_2291,Via Erasmo da Valvasone 19,Via Erasmo da Valvasone,Zona 5 - Ovest,6,46.159918,12.692289,49.266,8.694,57.96,Privato (potenziale),
PRIV_2292,Via Erasmo da Valvasone 10,Via Erasmo da Valvasone,Zona 5 - Ovest,6,46.160252,12.692775,53.907,9.513,63.419999999999995,Privato (potenziale),
PRIV_2293,Vicolo Vittorio Cadel 9,Vicolo Vittorio Cadel,Zona 5 - Ovest,6,46.159719,12.692015,41.769,7.371,49.14,Privato (potenziale),
PRIV_2294,Vicolo Vittorio Cadel 7,Vicolo Vittorio Cadel,Zona 5 - Ovest,6,46.160032,12.691979,33.915,5.986,39.900999999999996,Privato (potenziale),
PRIV_2295,Vicolo Vittorio Cadel 3,Vicolo Vittorio Cadel,Zona 5 - Ovest,6,46.160276,12.691958,33.558,5.922,39.48,Privato (potenziale),
PRIV_2296,Vicolo Vittorio Cadel 1,Vicolo Vittorio Cadel,Zona 5 - Ovest,6,46.160513,12.691958,49.98,8.82,58.8,Privato (potenziale),
PRIV_2297,Via della Repubblica 75,Via della Repubblica,Zona 5 - Ovest,6,46.161069,12.69187,30.583,5.397,35.98,Privato (potenziale),
PRIV_2298,Edificio 2297,,Zona 5 - Ovest,6,46.160986,12.692248,52.122,9.198,61.32,Privato (potenziale),
PRIV_2299,Edificio 2298,,Zona 5 - Ovest,6,46.161238,12.692208,51.051,9.009,60.06,Privato (potenziale),
PRIV_2300,Via Teobaldo Cecconi 5,Via Teobaldo Cecconi,Zona 5 - Ovest,6,46.160857,12.691498,41.769,7.371,49.14,Privato (potenziale),
PRIV_2301,Via Teobaldo Cecconi 2,Via Teobaldo Cecconi,Zona 5 - Ovest,6,46.16091,12.691032,47.957,8.462,56.419,Privato (potenziale),
PRIV_2302,Vicolo Vittorio Cadel 2,Vicolo Vittorio Cadel,Zona 5 - Ovest,6,46.160519,12.691503,33.558,5.922,39.48,Privato (potenziale),
PRIV_2303,Vicolo Vittorio Cadel 4,Vicolo Vittorio Cadel,Zona 5 - Ovest,6,46.16026,12.691485,32.963,5.817,38.78,Privato (potenziale),
PRIV_2304,Vicolo Vittorio Cadel 6,Vicolo Vittorio Cadel,Zona 5 - Ovest,6,46.16003,12.691528,35.581,6.279,41.86,Privato (potenziale),
PRIV_2305,Edificio 2304,,Zona 5 - Ovest,6,46.16003,12.691262,43.316,7.644,50.96,Privato (potenziale),
PRIV_2306,Vicolo Malattia della Vallata 1,Vicolo Malattia della Vallata,Zona 5 - Ovest,6,46.160404,12.691223,41.769,7.371,49.14,Privato (potenziale),
PRIV_2307,Via Antonino di Prampero 78,Via Antonino di Prampero,Zona 5 - Ovest,6,46.160708,12.690461,33.558,5.922,39.48,Privato (potenziale),
PRIV_2308,Via Antonino di Prampero 53,Via Antonino di Prampero,Zona 5 - Ovest,6,46.160361,12.690458,38.437,6.783,45.22,Privato (potenziale),
PRIV_2309,Via Antonino di Prampero 55,Via Antonino di Prampero,Zona 5 - Ovest,6,46.160122,12.690479,36.414,6.426,42.84,Privato (potenziale),
PRIV_2310,Vicolo Malattia della Vallata 4,Vicolo Malattia della Vallata,Zona 5 - Ovest,6,46.160134,12.690781,40.936,7.224,48.16,Privato (potenziale),
PRIV_2311,Vicolo Malattia della Vallata 6,Vicolo Malattia della Vallata,Zona 5 - Ovest,6,46.159862,12.690775,43.435,7.665,51.1,Privato (potenziale),
PRIV_2312,Vicolo Malattia della Vallata 8,Vicolo Malattia della Vallata,Zona 5 - Ovest,6,46.159647,12.690842,48.314,8.526,56.84,Privato (potenziale),
PRIV_2313,Edificio 2312,,Zona 5 - Ovest,6,46.159823,12.690538,38.437,6.783,45.22,Privato (potenziale),
PRIV_2314,Vicolo Malattia della Vallata 10,Vicolo Malattia della Vallata,Zona 5 - Ovest,6,46.159551,12.691186,33.915,5.986,39.900999999999996,Privato (potenziale),
PRIV_2315,Vicolo Vittorio Cadel 8,Vicolo Vittorio Cadel,Zona 5 - Ovest,6,46.159564,12.691548,34.391,6.069,40.46,Privato (potenziale),
PRIV_2316,Edificio 2315,,Zona 5 - Ovest,6,46.160231,12.690571,14.756,2.605,17.361,Privato (potenziale),
PRIV_2317,Via della Repubblica 66,Via della Repubblica,Zona 5 - Ovest,6,46.162362,12.695711,46.648,8.232,54.88,Privato (potenziale),
PRIV_2318,Via della Repubblica 68,Via della Repubblica,Zona 5 - Ovest,6,46.162266,12.695132,58.905,10.395,69.3,Privato (potenziale),
PRIV_2319,Via Montenegro 15,Via Montenegro,Zona 5 - Ovest,6,46.162885,12.694387,49.266,8.694,57.96,Privato (potenziale),
PRIV_2320,Via Cadore 3,Via Cadore,Zona 5 - Ovest,6,46.162682,12.69443,54.859,9.681,64.54,Privato (potenziale),
PRIV_2321,Via Cadore 2,Via Cadore,Zona 5 - Ovest,6,46.162804,12.693891,36.771,6.489,43.26,Privato (potenziale),
PRIV_2322,Via Montenegro 21,Via Montenegro,Zona 5 - Ovest,6,46.162735,12.693585,40.222,7.098,47.32,Privato (potenziale),
PRIV_2323,Via Carnia 3,Via Carnia,Zona 5 - Ovest,6,46.162525,12.693453,54.264,9.576,63.84,Privato (potenziale),
PRIV_2324,Via Cadore 6,Via Cadore,Zona 5 - Ovest,6,46.162334,12.693887,51.884,9.156,61.04,Privato (potenziale),
PRIV_2325,Edificio 2324,,Zona 5 - Ovest,6,46.162066,12.694142,71.4,12.6,84.0,Privato (potenziale),
PRIV_2326,Via Montenegro 23,Via Montenegro,Zona 5 - Ovest,6,46.162707,12.693259,49.147,8.673,57.82,Privato (potenziale),
PRIV_2327,Via Carnia 11,Via Carnia,Zona 5 - Ovest,6,46.161957,12.693592,92.225,16.275,108.5,Privato (potenziale),
PRIV_2328,Edificio 2327,,Zona 5 - Ovest,6,46.162024,12.693655,5.593,0.989,6.582,Privato (potenziale),
PRIV_2329,Via Carnia 10,Via Carnia,Zona 5 - Ovest,6,46.161903,12.693229,45.458,8.022,53.48,Privato (potenziale),
PRIV_2330,Via Carnia 2,Via Carnia,Zona 5 - Ovest,6,46.162607,12.692785,70.21,12.39,82.6,Privato (potenziale),
PRIV_2331,Via Montenegro 47,Via Montenegro,Zona 5 - Ovest,6,46.162377,12.692364,213.724,37.715,251.439,Privato (potenziale),
PRIV_2332,Edificio 2331,,Zona 5 - Ovest,6,46.162313,12.692529,30.583,5.397,35.98,Privato (potenziale),
PRIV_2333,Via Carnia 6,Via Carnia,Zona 5 - Ovest,6,46.162215,12.692932,55.93,9.87,65.8,Privato (potenziale),
PRIV_2334,Via della Repubblica 78,Via della Repubblica,Zona 5 - Ovest,6,46.161717,12.692446,18.564,3.275,21.839,Privato (potenziale),
PRIV_2335,Via della Repubblica 76,Via della Repubblica,Zona 5 - Ovest,6,46.16178,12.692687,29.274,5.166,34.44,Privato (potenziale),
PRIV_2336,Via Carnia 8,Via Carnia,Zona 5 - Ovest,6,46.161877,12.692889,48.552,8.568,57.12,Privato (potenziale),
PRIV_2337,Via Divisione Julia 10,Via Divisione Julia,Zona 5 - Ovest,6,46.163915,12.695056,25.466,4.494,29.96,Privato (potenziale),
PRIV_2338,Edificio 2337,,Zona 5 - Ovest,6,46.1642,12.694933,14.042,2.479,16.521,Privato (potenziale),
PRIV_2339,Via Bruna 16,Via Bruna,Zona 5 - Ovest,6,46.165044,12.695027,32.606,5.753,38.359,Privato (potenziale),
PRIV_2340,Via Bruna 14,Via Bruna,Zona 5 - Ovest,6,46.165102,12.694753,20.23,3.57,23.8,Privato (potenziale),
PRIV_2341,Via Bruna 8,Via Bruna,Zona 5 - Ovest,6,46.165271,12.694743,30.226,5.334,35.56,Privato (potenziale),
PRIV_2342,Via Bruna 4,Via Bruna,Zona 5 - Ovest,6,46.165421,12.69457,30.226,5.334,35.56,Privato (potenziale),
PRIV_2343,Via Vittorio Veneto 1,Via Vittorio Veneto,Zona 5 - Ovest,6,46.165654,12.694398,24.157,4.263,28.42,Privato (potenziale),
PRIV_2344,Via Montenegro 6,Via Montenegro,Zona 5 - Ovest,6,46.163364,12.695786,33.082,5.838,38.92,Privato (potenziale),
PRIV_2345,Via Montenegro 12,Via Montenegro,Zona 5 - Ovest,6,46.163292,12.695065,46.053,8.127,54.18,Privato (potenziale),
PRIV_2346,Via Divisione Julia 9,Via Divisione Julia,Zona 5 - Ovest,6,46.163527,12.694919,43.911,7.748,51.659,Privato (potenziale),
PRIV_2347,Via Divisione Julia 15,Via Divisione Julia,Zona 5 - Ovest,6,46.163411,12.694216,56.406,9.954,66.36,Privato (potenziale),
PRIV_2348,Edificio 2347,,Zona 5 - Ovest,6,46.163377,12.6939,22.491,3.969,26.46,Privato (potenziale),
PRIV_2349,Via Montenegro 28,Via Montenegro,Zona 5 - Ovest,6,46.163062,12.693026,59.024,10.416,69.44,Privato (potenziale),
PRIV_2350,Edificio 2349,,Zona 5 - Ovest,6,46.16326,12.692726,37.485,6.615,44.1,Privato (potenziale),
PRIV_2351,Via Amerigo Vespucci 2,Via Amerigo Vespucci,Zona 5 - Ovest,6,46.162938,12.691618,220.495,6.963,227.458,Privato (potenziale),
PRIV_2352,Via Vittorio Veneto 37,Via Vittorio Veneto,Zona 5 - Ovest,6,46.164758,12.692532,21.42,3.781,25.201,Privato (potenziale),
PRIV_2353,Via Divisione Julia 22,Via Divisione Julia,Zona 5 - Ovest,6,46.163918,12.693439,32.963,5.817,38.78,Privato (potenziale),
PRIV_2354,Via Vittorio Veneto 17,Via Vittorio Veneto,Zona 5 - Ovest,6,46.165249,12.692697,23.919,4.221,28.14,Privato (potenziale),
PRIV_2355,Via Vittorio Veneto 15,Via Vittorio Veneto,Zona 5 - Ovest,6,46.165227,12.69306,35.819,6.321,42.14,Privato (potenziale),
PRIV_2356,Via Vittorio Veneto 22,Via Vittorio Veneto,Zona 5 - Ovest,6,46.165637,12.6927,44.744,7.896,52.64,Privato (potenziale),
PRIV_2357,Edificio 2356,,Zona 5 - Ovest,6,46.165689,12.692991,12.614,2.227,14.841000000000001,Privato (potenziale),
PRIV_2358,Via Vittorio Veneto 12,Via Vittorio Veneto,Zona 5 - Ovest,6,46.165811,12.693608,54.621,9.639,64.26,Privato (potenziale),
PRIV_2359,Via Mazzoli Chiasais 5,Via Mazzoli Chiasais,Zona 5 - Ovest,6,46.165902,12.693272,39.746,7.014,46.760000000000005,Privato (potenziale),
PRIV_2360,Via Vittorio Veneto 6,Via Vittorio Veneto,Zona 5 - Ovest,6,46.165684,12.693853,13.447,2.375,15.822,Privato (potenziale),
PRIV_2361,Via Vittorio Veneto 8,Via Vittorio Veneto,Zona 5 - Ovest,6,46.165791,12.693971,19.278,3.402,22.68,Privato (potenziale),
PRIV_2362,Via Vittorio Veneto 4,Via Vittorio Veneto,Zona 5 - Ovest,6,46.165875,12.694158,28.441,5.019,33.46,Privato (potenziale),
PRIV_2363,Via Vittorio Veneto 2,Via Vittorio Veneto,Zona 5 - Ovest,6,46.165922,12.694366,31.773,5.607,37.38,Privato (potenziale),
PRIV_2364,Via Vittorio Veneto 10,Via Vittorio Veneto,Zona 5 - Ovest,6,46.165913,12.693814,23.8,4.2,28.0,Privato (potenziale),
PRIV_2365,Edificio 2364,,Zona 5 - Ovest,6,46.165483,12.693738,28.203,4.977,33.18,Privato (potenziale),
PRIV_2366,Via Vittorio Veneto 11,Via Vittorio Veneto,Zona 5 - Ovest,6,46.165267,12.693656,28.203,4.977,33.18,Privato (potenziale),
PRIV_2367,Edificio 2366,,Zona 5 - Ovest,6,46.165104,12.693945,30.107,5.313,35.42,Privato (potenziale),
PRIV_2368,Edificio 2367,,Zona 5 - Ovest,6,46.164984,12.693514,16.779,2.961,19.74,Privato (potenziale),
PRIV_2369,Edificio 2368,,Zona 5 - Ovest,6,46.164898,12.693657,32.963,5.817,38.78,Privato (potenziale),
PRIV_2370,Via Mazzoli Chiasais 10,Via Mazzoli Chiasais,Zona 5 - Ovest,6,46.166195,12.694299,43.078,7.602,50.68000000000001,Privato (potenziale),
PRIV_2371,Via Mazzoli Chiasais 12,Via Mazzoli Chiasais,Zona 5 - Ovest,6,46.16617,12.694137,15.827,2.793,18.62,Privato (potenziale),
PRIV_2372,Via Mazzoli Chiasais 14,Via Mazzoli Chiasais,Zona 5 - Ovest,6,46.166499,12.693891,40.46,7.14,47.6,Privato (potenziale),
PRIV_2373,Edificio 2372,,Zona 5 - Ovest,6,46.166288,12.693496,21.658,3.823,25.481,Privato (potenziale),
PRIV_2374,Edificio 2373,,Zona 5 - Ovest,6,46.166331,12.693119,23.919,4.221,28.14,Privato (potenziale),
PRIV_2375,Via Mazzoli Chiasais 18,Via Mazzoli Chiasais,Zona 5 - Ovest,6,46.166139,12.693015,129.71,22.89,152.60000000000002,Privato (potenziale),
PRIV_2376,Via Mazzoli Chiasais 32,Via Mazzoli Chiasais,Zona 5 - Ovest,6,46.166249,12.692542,29.75,5.25,35.0,Privato (potenziale),
PRIV_2377,Edificio 2376,,Zona 5 - Ovest,6,46.166334,12.691638,9.996,1.762,11.758000000000001,Privato (potenziale),
PRIV_2378,Via Mazzoli Chiasais 44,Via Mazzoli Chiasais,Zona 5 - Ovest,6,46.166203,12.691111,36.771,6.489,43.26,Privato (potenziale),
PRIV_2379,Via Vittorio Veneto 26,Via Vittorio Veneto,Zona 5 - Ovest,6,46.165417,12.691733,113.169,19.971,133.14,Privato (potenziale),
PRIV_2380,Edificio 2379,,Zona 5 - Ovest,6,46.165445,12.690962,17.612,3.107,20.718999999999998,Privato (potenziale),
PRIV_2381,Via Fabio Filzi 1,Via Fabio Filzi,Zona 5 - Ovest,6,46.165674,12.690997,26.894,4.746,31.64,Privato (potenziale),
PRIV_2382,Edificio 2381,,Zona 5 - Ovest,6,46.165814,12.690875,40.222,7.098,47.32,Privato (potenziale),
PRIV_2383,Edificio 2382,,Zona 5 - Ovest,6,46.166,12.690624,12.97,2.29,15.260000000000002,Privato (potenziale),
PRIV_2384,Via Mazzoli Chiasais 38,Via Mazzoli Chiasais,Zona 5 - Ovest,6,46.166121,12.691629,30.821,5.439,36.260000000000005,Privato (potenziale),
PRIV_2385,Via Gorizia 44,Via Gorizia,Zona 5 - Ovest,6,46.165962,12.690308,46.291,8.169,54.459999999999994,Privato (potenziale),
PRIV_2386,Vicolo Alfonso Morgante 6,Vicolo Alfonso Morgante,Zona 5 - Ovest,6,46.165586,12.690547,42.959,7.58,50.539,Privato (potenziale),
PRIV_2387,Edificio 2386,,Zona 5 - Ovest,6,46.165641,12.690782,9.996,1.762,11.758000000000001,Privato (potenziale),
PRIV_2388,Via Vittorio Veneto 30,Via Vittorio Veneto,Zona 5 - Ovest,6,46.165235,12.691287,43.435,7.665,51.1,Privato (potenziale),
PRIV_2389,Via Gorizia 28,Via Gorizia,Zona 5 - Ovest,6,46.165737,12.690204,71.043,12.537,83.58000000000001,Privato (potenziale),
PRIV_2390,Via Gorizia 22,Via Gorizia,Zona 5 - Ovest,6,46.165621,12.689776,55.216,9.744,64.96000000000001,Privato (potenziale),
PRIV_2391,Vicolo Alfonso Morgante 5,Vicolo Alfonso Morgante,Zona 5 - Ovest,6,46.165407,12.690136,35.462,6.258,41.720000000000006,Privato (potenziale),
PRIV_2392,Via Gorizia 20,Via Gorizia,Zona 5 - Ovest,6,46.165475,12.689566,34.986,6.174,41.16,Privato (potenziale),
PRIV_2393,Edificio 2392,,Zona 5 - Ovest,6,46.165326,12.689531,13.328,2.353,15.681,Privato (potenziale),
PRIV_2394,Via Gorizia 18,Via Gorizia,Zona 5 - Ovest,6,46.165405,12.689297,32.606,5.753,38.359,Privato (potenziale),
PRIV_2395,Via Vittorio Veneto 40,Via Vittorio Veneto,Zona 5 - Ovest,6,46.164938,12.689951,47.957,8.462,56.419,Privato (potenziale),
PRIV_2396,Via Vittorio Veneto 38,Via Vittorio Veneto,Zona 5 - Ovest,6,46.164987,12.690248,28.084,4.956,33.04,Privato (potenziale),
PRIV_2397,Vicolo Alfonso Morgante 1,Vicolo Alfonso Morgante,Zona 5 - Ovest,6,46.16505,12.690505,23.324,4.116,27.44,Privato (potenziale),
PRIV_2398,Via Vittorio Veneto 34,Via Vittorio Veneto,Zona 5 - Ovest,6,46.165008,12.690827,21.658,3.823,25.481,Privato (potenziale),
PRIV_2399,Via Vittorio Veneto 32,Via Vittorio Veneto,Zona 5 - Ovest,6,46.165208,12.690897,56.287,9.933,66.22,Privato (potenziale),
PRIV_2400,Edificio 2399,,Zona 5 - Ovest,6,46.165063,12.689387,29.869,5.271,35.14,Privato (potenziale),
PRIV_2401,Via Vittorio Veneto 42,Via Vittorio Veneto,Zona 5 - Ovest,6,46.16489,12.689409,24.752,4.368,29.119999999999997,Privato (potenziale),
PRIV_2402,Via Vittorio Veneto 44,Via Vittorio Veneto,Zona 5 - Ovest,6,46.164895,12.689198,33.082,5.838,38.92,Privato (potenziale),
PRIV_2403,Via Gorizia 47,Via Gorizia,Zona 5 - Ovest,6,46.16632,12.690134,21.776,3.843,25.619,Privato (potenziale),
PRIV_2404,Via Gorizia 45,Via Gorizia,Zona 5 - Ovest,6,46.1662,12.689818,39.984,7.056,47.04,Privato (potenziale),
PRIV_2405,Via Gorizia 41,Via Gorizia,Zona 5 - Ovest,6,46.166165,12.689232,23.562,4.159,27.721,Privato (potenziale),
PRIV_2406,Via Gorizia 39,Via Gorizia,Zona 5 - Ovest,6,46.166025,12.688884,33.082,5.838,38.92,Privato (potenziale),
PRIV_2407,Via Gorizia 37,Via Gorizia,Zona 5 - Ovest,6,46.165867,12.689069,57.953,10.228,68.181,Privato (potenziale),
PRIV_2408,Edificio 2407,,Zona 5 - Ovest,6,46.165735,12.68927,90.559,15.981,106.53999999999999,Privato (potenziale),
PRIV_2409,Via Gorizia 36,Via Gorizia,Zona 5 - Ovest,6,46.165828,12.6898,45.577,8.043,53.62,Privato (potenziale),
PRIV_2410,Via della Croce 3,Via della Croce,Zona 5 - Ovest,6,46.164627,12.685608,39.39,6.951,46.341,Privato (potenziale),
PRIV_2411,Via Giuseppe Mazzini 26,Via Giuseppe Mazzini,Zona 5 - Ovest,6,46.164303,12.685726,37.723,6.657,44.379999999999995,Privato (potenziale),
PRIV_2412,Via Giuseppe Mazzini 20,Via Giuseppe Mazzini,Zona 5 - Ovest,6,46.164186,12.685823,95.557,16.863,112.42,Privato (potenziale),
PRIV_2413,Via Gorizia 1,Via Gorizia,Zona 5 - Ovest,6,46.164802,12.686564,103.054,18.186,121.24000000000001,Privato (potenziale),
PRIV_2414,Via Gorizia 9,Via Gorizia,Zona 5 - Ovest,6,46.164895,12.687074,32.963,5.817,38.78,Privato (potenziale),
PRIV_2415,Via Gorizia 11,Via Gorizia,Zona 5 - Ovest,6,46.164959,12.687257,29.393,5.187,34.58,Privato (potenziale),
PRIV_2416,Edificio 2415,,Zona 5 - Ovest,6,46.165096,12.687207,13.804,2.437,16.241,Privato (potenziale),
PRIV_2417,Via Ronchi dei Legionari 4,Via Ronchi dei Legionari,Zona 5 - Ovest,6,46.165553,12.687322,37.247,6.573,43.82,Privato (potenziale),
PRIV_2418,Edificio 2417,,Zona 5 - Ovest,6,46.165509,12.687757,12.97,2.29,15.260000000000002,Privato (potenziale),
PRIV_2419,Via Gorizia 19,Via Gorizia,Zona 5 - Ovest,6,46.165319,12.687991,30.464,5.376,35.839999999999996,Privato (potenziale),
PRIV_2420,Edificio 2419,,Zona 5 - Ovest,6,46.165114,12.687449,32.725,5.775,38.5,Privato (potenziale),
PRIV_2421,Via Gorizia 13,Via Gorizia,Zona 5 - Ovest,6,46.165275,12.687689,53.074,9.366,62.44,Privato (potenziale),
PRIV_2422,Via Ronchi dei Legionari 3,Via Ronchi dei Legionari,Zona 5 - Ovest,6,46.165286,12.686939,35.581,6.279,41.86,Privato (potenziale),
PRIV_2423,Via Vittorio Veneto 46,Via Vittorio Veneto,Zona 5 - Ovest,6,46.164814,12.688917,38.08,6.72,44.8,Privato (potenziale),
PRIV_2424,Via Vittorio Veneto 48,Via Vittorio Veneto,Zona 5 - Ovest,6,46.164793,12.688688,27.727,4.893,32.62,Privato (potenziale),
PRIV_2425,Edificio 2424,,Zona 5 - Ovest,6,46.165022,12.688671,60.095,10.605,70.7,Privato (potenziale),
PRIV_2426,Via Gorizia 14,Via Gorizia,Zona 5 - Ovest,6,46.16521,12.688644,69.139,12.201,81.34,Privato (potenziale),
PRIV_2427,Via Gorizia 12,Via Gorizia,Zona 5 - Ovest,6,46.165073,12.688226,68.068,12.012,80.08,Privato (potenziale),
PRIV_2428,Edificio 2427,,Zona 5 - Ovest,6,46.164895,12.688566,11.9,2.1,14.0,Privato (potenziale),
PRIV_2429,Edificio 2428,,Zona 5 - Ovest,6,46.16496,12.688855,19.754,3.486,23.240000000000002,Privato (potenziale),
PRIV_2430,Edificio 2429,,Zona 5 - Ovest,6,46.164827,12.687936,29.869,5.271,35.14,Privato (potenziale),
PRIV_2431,Via Vittorio Veneto 60,Via Vittorio Veneto,Zona 5 - Ovest,6,46.164775,12.687694,21.658,3.823,25.481,Privato (potenziale),
PRIV_2432,Edificio 2431,,Zona 5 - Ovest,6,46.164553,12.687531,10.115,1.784,11.899000000000001,Privato (potenziale),
PRIV_2433,Via Gorizia 2,Via Gorizia,Zona 5 - Ovest,6,46.16462,12.687386,16.065,2.835,18.900000000000002,Privato (potenziale),
PRIV_2434,Via Gorizia 10,Via Gorizia,Zona 5 - Ovest,6,46.164786,12.687261,18.564,3.275,21.839,Privato (potenziale),
PRIV_2435,Via Vittorio Veneto 72,Via Vittorio Veneto,Zona 5 - Ovest,6,46.164612,12.687141,82.705,14.595,97.3,Privato (potenziale),
PRIV_2436,Via Vittorio Veneto 29,Via Vittorio Veneto,Zona 5 - Ovest,6,46.164889,12.691051,22.729,4.011,26.74,Privato (potenziale),
PRIV_2437,Via Vittorio Veneto 53,Via Vittorio Veneto,Zona 5 - Ovest,6,46.164616,12.69115,54.383,9.597,63.980000000000004,Privato (potenziale),
PRIV_2438,Via Vittorio Veneto 55,Via Vittorio Veneto,Zona 5 - Ovest,6,46.164635,12.690879,29.631,5.229,34.86,Privato (potenziale),
PRIV_2439,Via Vittorio Veneto 65,Via Vittorio Veneto,Zona 5 - Ovest,6,46.164515,12.690533,71.638,12.642,84.28,Privato (potenziale),
PRIV_2440,Via Vittorio Veneto 59,Via Vittorio Veneto,Zona 5 - Ovest,6,46.164782,12.690667,56.763,10.017,66.78,Privato (potenziale),
PRIV_2441,Via Vittorio Veneto 67,Via Vittorio Veneto,Zona 5 - Ovest,6,46.164673,12.690216,55.454,9.786,65.24,Privato (potenziale),
PRIV_2442,Edificio 2441,,Zona 5 - Ovest,6,46.164529,12.685418,6.307,1.115,7.422000000000001,Privato (potenziale),
PRIV_2443,Via Giuseppe Mazzini 27,Via Giuseppe Mazzini,Zona 5 - Ovest,6,46.16376,12.685454,158.865,28.035,186.9,Privato (potenziale),
PRIV_2444,Via Dalmazia 10,Via Dalmazia,Zona 5 - Ovest,6,46.163498,12.686023,175.882,31.038,206.92000000000002,Privato (potenziale),
PRIV_2445,Edificio 2444,,Zona 5 - Ovest,6,46.163366,12.686304,7.973,1.406,9.379,Privato (potenziale),
PRIV_2446,Via Dalmazia 16,Via Dalmazia,Zona 5 - Ovest,6,46.163287,12.686323,10.948,1.93,12.878,Privato (potenziale),
PRIV_2447,Via Dalmazia 18,Via Dalmazia,Zona 5 - Ovest,6,46.163087,12.68635,43.078,7.602,50.68000000000001,Privato (potenziale),
PRIV_2448,Edificio 2447,,Zona 5 - Ovest,6,46.162985,12.686187,11.067,1.952,13.019,Privato (potenziale),
PRIV_2449,Via Dalmazia 20,Via Dalmazia,Zona 5 - Ovest,6,46.163059,12.686056,17.731,3.128,20.859,Privato (potenziale),
PRIV_2450,Edificio 2449,,Zona 5 - Ovest,6,46.163018,12.685858,13.328,2.353,15.681,Privato (potenziale),
PRIV_2451,Via Dalmazia 24,Via Dalmazia,Zona 5 - Ovest,6,46.16297,12.68566,26.656,4.704,31.36,Privato (potenziale),
PRIV_2452,Edificio 2451,,Zona 5 - Ovest,6,46.162744,12.68572,8.925,1.574,10.499,Privato (potenziale),
PRIV_2453,Via Dalmazia 26,Via Dalmazia,Zona 5 - Ovest,6,46.162836,12.686402,36.652,6.468,43.120000000000005,Privato (potenziale),
PRIV_2454,Via Dalmazia 30,Via Dalmazia,Zona 5 - Ovest,6,46.162622,12.686415,80.444,14.196,94.64,Privato (potenziale),
PRIV_2455,Edificio 2454,,Zona 5 - Ovest,6,46.162735,12.686158,14.042,2.479,16.521,Privato (potenziale),
PRIV_2456,Edificio 2455,,Zona 5 - Ovest,6,46.162394,12.686398,20.23,3.57,23.8,Privato (potenziale),
PRIV_2457,Via Dalmazia 42,Via Dalmazia,Zona 5 - Ovest,6,46.162296,12.686688,23.8,4.2,28.0,Privato (potenziale),
PRIV_2458,Via Dalmazia 44,Via Dalmazia,Zona 5 - Ovest,6,46.162117,12.686771,38.318,6.762,45.08,Privato (potenziale),
PRIV_2459,Via Cellina 4,Via Cellina,Zona 5 - Ovest,6,46.162011,12.686492,35.105,6.195,41.3,Privato (potenziale),
PRIV_2460,Edificio 2459,,Zona 5 - Ovest,6,46.162112,12.686271,27.727,4.893,32.62,Privato (potenziale),
PRIV_2461,Via Cellina 10,Via Cellina,Zona 5 - Ovest,6,46.161977,12.68607,40.46,7.14,47.6,Privato (potenziale),
PRIV_2462,Via della Repubblica 118,Via della Repubblica,Zona 5 - Ovest,6,46.161233,12.685901,31.297,5.523,36.82,Privato (potenziale),
PRIV_2463,Via della Repubblica 120,Via della Repubblica,Zona 5 - Ovest,6,46.160878,12.685969,54.859,9.681,64.54,Privato (potenziale),
PRIV_2464,Via Cellina 21,Via Cellina,Zona 5 - Ovest,6,46.161169,12.685484,33.082,5.838,38.92,Privato (potenziale),
PRIV_2465,Via della Repubblica 124,Via della Repubblica,Zona 5 - Ovest,6,46.160764,12.685646,34.748,6.132,40.879999999999995,Privato (potenziale),
PRIV_2466,Via Cellina 5,Via Cellina,Zona 5 - Ovest,6,46.161541,12.686708,24.752,4.368,29.119999999999997,Privato (potenziale),
PRIV_2467,Via Dalmazia 52,Via Dalmazia,Zona 5 - Ovest,6,46.161233,12.687107,33.082,5.838,38.92,Privato (potenziale),
PRIV_2468,Via Dalmazia 54,Via Dalmazia,Zona 5 - Ovest,6,46.161031,12.687107,31.892,5.628,37.519999999999996,Privato (potenziale),
PRIV_2469,Via della Repubblica 108,Via della Repubblica,Zona 5 - Ovest,6,46.1609,12.686924,35.938,6.342,42.28,Privato (potenziale),
PRIV_2470,Via Dalmazia 56,Via Dalmazia,Zona 5 - Ovest,6,46.160808,12.687161,35.819,6.321,42.14,Privato (potenziale),
PRIV_2471,Via Dalmazia 1,Via Dalmazia,Zona 5 - Ovest,6,46.164035,12.686413,299.285,52.815,352.1,Privato (potenziale),
PRIV_2472,Via Giuseppe Mazzini 3,Via Giuseppe Mazzini,Zona 5 - Ovest,6,46.164386,12.686824,54.74,9.66,64.4,Privato (potenziale),
PRIV_2473,Vicolo Monte Sabotino 11,Vicolo Monte Sabotino,Zona 5 - Ovest,6,46.164039,12.687107,151.725,26.775,178.5,Privato (potenziale),
PRIV_2474,Edificio 2473,,Zona 5 - Ovest,6,46.163901,12.68706,10.115,1.784,11.899000000000001,Privato (potenziale),
PRIV_2475,Via Vittorio Veneto 97,Via Vittorio Veneto,Zona 5 - Ovest,6,46.164363,12.687507,13.804,2.437,16.241,Privato (potenziale),
PRIV_2476,Via Vittorio Veneto 95,Via Vittorio Veneto,Zona 5 - Ovest,6,46.164228,12.687555,31.773,5.607,37.38,Privato (potenziale),
PRIV_2477,Edificio 2476,,Zona 5 - Ovest,6,46.16427,12.687416,7.973,1.406,9.379,Privato (potenziale),
PRIV_2478,Via Vittorio Veneto 93,Via Vittorio Veneto,Zona 5 - Ovest,6,46.164334,12.687882,26.299,4.641,30.939999999999998,Privato (potenziale),
PRIV_2479,Edificio 2478,,Zona 5 - Ovest,6,46.164085,12.688196,11.305,1.994,13.299,Privato (potenziale),
PRIV_2480,Via Santi Vito e Modesto 4,Via Santi Vito e Modesto,Zona 5 - Ovest,6,46.163758,12.6883,75.208,13.272,88.48,Privato (potenziale),
PRIV_2481,Vicolo Monte Sabotino 10,Vicolo Monte Sabotino,Zona 5 - Ovest,6,46.16383,12.687709,112.931,19.929,132.85999999999999,Privato (potenziale),
PRIV_2482,Edificio 2481,,Zona 5 - Ovest,6,46.16364,12.687658,5.831,1.031,6.862,Privato (potenziale),
PRIV_2483,Edificio 2482,,Zona 5 - Ovest,6,46.1637,12.687141,26.418,4.662,31.08,Privato (potenziale),
PRIV_2484,Via Dalmazia 11,Via Dalmazia,Zona 5 - Ovest,6,46.163667,12.68669,119.357,21.063,140.42,Privato (potenziale),
PRIV_2485,Via Centis 14,Via Centis,Zona 5 - Ovest,6,46.163513,12.687857,87.703,15.477,103.18,Privato (potenziale),
PRIV_2486,Via Dalmazia 19,Via Dalmazia,Zona 5 - Ovest,6,46.1634,12.687427,31.773,5.607,37.38,Privato (potenziale),
PRIV_2487,Via Dalmazia 21,Via Dalmazia,Zona 5 - Ovest,6,46.163364,12.6872,21.063,3.718,24.781,Privato (potenziale),
PRIV_2488,Edificio 2487,,Zona 5 - Ovest,6,46.163228,12.687501,22.967,4.053,27.02,Privato (potenziale),
PRIV_2489,Via Dalmazia 25,Via Dalmazia,Zona 5 - Ovest,6,46.163368,12.68677,31.892,5.628,37.519999999999996,Privato (potenziale),
PRIV_2490,Via Dalmazia 27,Via Dalmazia,Zona 5 - Ovest,6,46.163305,12.686544,15.946,2.814,18.759999999999998,Privato (potenziale),
PRIV_2491,Edificio 2490,,Zona 5 - Ovest,6,46.162945,12.68672,21.776,3.843,25.619,Privato (potenziale),
PRIV_2492,Via Divisione Julia 88,Via Divisione Julia,Zona 5 - Ovest,6,46.162541,12.687176,76.398,13.482,89.88,Privato (potenziale),
PRIV_2493,Edificio 2492,,Zona 5 - Ovest,6,46.162547,12.687436,11.424,2.015,13.439,Privato (potenziale),
PRIV_2494,Edificio 2493,,Zona 5 - Ovest,6,46.162271,12.686961,9.163,1.616,10.779,Privato (potenziale),
PRIV_2495,Via Divisione Julia 78,Via Divisione Julia,Zona 5 - Ovest,6,46.162937,12.68827,32.249,5.691,37.940000000000005,Privato (potenziale),
PRIV_2496,Via Divisione Julia 80,Via Divisione Julia,Zona 5 - Ovest,6,46.162816,12.687717,72.59,12.81,85.4,Privato (potenziale),
PRIV_2497,Via Santi Vito e Modesto 13,Via Santi Vito e Modesto,Zona 5 - Ovest,6,46.163392,12.688998,105.791,18.669,124.46,Privato (potenziale),
PRIV_2498,Via Santi Vito e Modesto 12,Via Santi Vito e Modesto,Zona 5 - Ovest,6,46.163284,12.68861,78.421,13.839,92.26,Privato (potenziale),
PRIV_2499,Via Centis 3,Via Centis,Zona 5 - Ovest,6,46.163513,12.689298,52.717,9.303,62.019999999999996,Privato (potenziale),
PRIV_2500,Via Divisione Julia 54,Via Divisione Julia,Zona 5 - Ovest,6,46.163615,12.689732,38.437,6.783,45.22,Privato (potenziale),
PRIV_2501,Via Divisione Julia 56,Via Divisione Julia,Zona 5 - Ovest,6,46.163143,12.689841,21.896,3.865,25.761000000000003,Privato (potenziale),
PRIV_2502,Via Divisione Julia 58,Via Divisione Julia,Zona 5 - Ovest,6,46.163044,12.68959,36.414,6.426,42.84,Privato (potenziale),
PRIV_2503,Via Divisione Julia 68,Via Divisione Julia,Zona 5 - Ovest,6,46.162979,12.689102,36.771,6.489,43.26,Privato (potenziale),
PRIV_2504,Via Divisione Julia 74,Via Divisione Julia,Zona 5 - Ovest,6,46.162784,12.688702,68.782,12.138,80.92,Privato (potenziale),
PRIV_2505,Via Centis 10,Via Centis,Zona 5 - Ovest,6,46.163912,12.689196,32.249,5.691,37.940000000000005,Privato (potenziale),
PRIV_2506,Via Centis 12,Via Centis,Zona 5 - Ovest,6,46.163788,12.68881,47.124,8.316,55.440000000000005,Privato (potenziale),
PRIV_2507,Via Santi Vito e Modesto 5,Via Santi Vito e Modesto,Zona 5 - Ovest,6,46.163975,12.688669,33.796,5.964,39.76,Privato (potenziale),
PRIV_2508,Via Santi Vito e Modesto 3,Via Santi Vito e Modesto,Zona 5 - Ovest,6,46.164171,12.688548,37.247,6.573,43.82,Privato (potenziale),
PRIV_2509,Via Centis 8,Via Centis,Zona 5 - Ovest,6,46.164237,12.688922,33.082,5.838,38.92,Privato (potenziale),
PRIV_2510,Edificio 2509,,Zona 5 - Ovest,6,46.164465,12.688493,30.94,5.46,36.4,Privato (potenziale),
PRIV_2511,Via Vittorio Veneto 77,Via Vittorio Veneto,Zona 5 - Ovest,6,46.164497,12.688984,88.297,15.582,103.87899999999999,Privato (potenziale),
PRIV_2512,Edificio 2511,,Zona 5 - Ovest,6,46.164334,12.689168,13.328,2.353,15.681,Privato (potenziale),
PRIV_2513,Via Vittorio Veneto 75,Via Vittorio Veneto,Zona 5 - Ovest,6,46.164508,12.689526,28.441,5.019,33.46,Privato (potenziale),
PRIV_2514,Via Vittorio Veneto 73,Via Vittorio Veneto,Zona 5 - Ovest,6,46.164617,12.689791,33.915,5.986,39.900999999999996,Privato (potenziale),
PRIV_2515,Via Dalmazia 58,Via Dalmazia,Zona 5 - Ovest,6,46.160294,12.687186,42.245,7.455,49.699999999999996,Privato (potenziale),
PRIV_2516,Via Dalmazia 60,Via Dalmazia,Zona 5 - Ovest,6,46.159433,12.687043,49.266,8.694,57.96,Privato (potenziale),
PRIV_2517,Via Dalmazia 55,Via Dalmazia,Zona 5 - Ovest,6,46.159002,12.687329,29.869,5.271,35.14,Privato (potenziale),
PRIV_2518,Edificio 2517,,Zona 5 - Ovest,6,46.158857,12.687426,8.33,1.469,9.799,Privato (potenziale),
PRIV_2519,Via Ciro di Pers 8,Via Ciro di Pers,Zona 5 - Ovest,6,46.158942,12.688226,39.27,6.93,46.2,Privato (potenziale),
PRIV_2520,Via Ciro di Pers 6,Via Ciro di Pers,Zona 5 - Ovest,6,46.159562,12.688365,34.153,6.027,40.18,Privato (potenziale),
PRIV_2521,Via della Repubblica 97,Via della Repubblica,Zona 5 - Ovest,6,46.160576,12.688376,30.226,5.334,35.56,Privato (potenziale),
PRIV_2522,Via della Repubblica 89,Via della Repubblica,Zona 5 - Ovest,6,46.160552,12.689372,40.579,7.161,47.74,Privato (potenziale),
PRIV_2523,Via Ciro di Pers 14,Via Ciro di Pers,Zona 5 - Ovest,6,46.159512,12.68951,32.963,5.817,38.78,Privato (potenziale),
PRIV_2524,Via Divisione Julia 33,Via Divisione Julia,Zona 5 - Ovest,6,46.16289,12.6905,28.203,4.977,33.18,Privato (potenziale),
PRIV_2525,Edificio 2524,,Zona 5 - Ovest,6,46.162776,12.6906,10.829,1.91,12.739,Privato (potenziale),
PRIV_2526,Via Divisione Julia 31,Via Divisione Julia,Zona 5 - Ovest,6,46.16249,12.690691,50.218,8.862,59.080000000000005,Privato (potenziale),
PRIV_2527,Via Tagliamento 2,Via Tagliamento,Zona 5 - Ovest,6,46.162041,12.690905,34.748,6.132,40.879999999999995,Privato (potenziale),
PRIV_2528,Via Tagliamento 4,Via Tagliamento,Zona 5 - Ovest,6,46.161562,12.691079,31.416,5.544,36.96,Privato (potenziale),
PRIV_2529,Via della Repubblica 82,Via della Repubblica,Zona 5 - Ovest,6,46.161679,12.69151,33.915,5.986,39.900999999999996,Privato (potenziale),
PRIV_2530,Via Divisione Julia 55,Via Divisione Julia,Zona 5 - Ovest,6,46.162681,12.68923,23.919,4.221,28.14,Privato (potenziale),
PRIV_2531,Vicolo Camin 15,Vicolo Camin,Zona 5 - Ovest,6,46.162416,12.689177,30.226,5.334,35.56,Privato (potenziale),
PRIV_2532,Via Divisione Julia 59,Via Divisione Julia,Zona 5 - Ovest,6,46.162603,12.688909,28.441,5.019,33.46,Privato (potenziale),
PRIV_2533,Via Divisione Julia 61,Via Divisione Julia,Zona 5 - Ovest,6,46.162496,12.688612,22.967,4.053,27.02,Privato (potenziale),
PRIV_2534,Via Divisione Julia 63,Via Divisione Julia,Zona 5 - Ovest,6,46.162441,12.688314,56.525,9.976,66.501,Privato (potenziale),
PRIV_2535,Via Divisione Julia 65,Via Divisione Julia,Zona 5 - Ovest,6,46.1623,12.688249,25.823,4.557,30.380000000000003,Privato (potenziale),
PRIV_2536,Vicolo Camin 5,Vicolo Camin,Zona 5 - Ovest,6,46.162237,12.687923,61.285,10.815,72.1,Privato (potenziale),
PRIV_2537,Via Dalmazia 43,Via Dalmazia,Zona 5 - Ovest,6,46.162101,12.687234,24.395,4.305,28.7,Privato (potenziale),
PRIV_2538,Via Dalmazia 45,Via Dalmazia,Zona 5 - Ovest,6,46.161934,12.687753,45.934,8.106,54.04,Privato (potenziale),
PRIV_2539,Vicolo Camin 10,Vicolo Camin,Zona 5 - Ovest,6,46.162047,12.688458,31.892,5.628,37.519999999999996,Privato (potenziale),
PRIV_2540,Vicolo Camin 16,Vicolo Camin,Zona 5 - Ovest,6,46.162093,12.689023,31.297,5.523,36.82,Privato (potenziale),
PRIV_2541,Via Tagliamento 24,Via Tagliamento,Zona 5 - Ovest,6,46.161707,12.688768,30.821,5.439,36.260000000000005,Privato (potenziale),
PRIV_2542,Via Tagliamento 23,Via Tagliamento,Zona 5 - Ovest,6,46.161466,12.687883,21.776,3.843,25.619,Privato (potenziale),
PRIV_2543,Edificio 2542,,Zona 5 - Ovest,6,46.161093,12.687912,33.558,5.922,39.48,Privato (potenziale),
PRIV_2544,Edificio 2543,,Zona 5 - Ovest,6,46.161233,12.688206,100.555,17.745,118.30000000000001,Privato (potenziale),
PRIV_2545,Edificio 2544,,Zona 5 - Ovest,6,46.161088,12.687722,10.591,1.867,12.457999999999998,Privato (potenziale),
PRIV_2546,Edificio 2545,,Zona 5 - Ovest,6,46.161118,12.688944,28.084,4.956,33.04,Privato (potenziale),
PRIV_2547,Via Tagliamento 11,Via Tagliamento,Zona 5 - Ovest,6,46.161335,12.688896,41.293,7.287,48.58,Privato (potenziale),
PRIV_2548,Via Tagliamento 9,Via Tagliamento,Zona 5 - Ovest,6,46.161368,12.689133,40.103,7.077,47.18,Privato (potenziale),
PRIV_2549,Via della Repubblica 94,Via della Repubblica,Zona 5 - Ovest,6,46.161185,12.689231,26.656,4.704,31.36,Privato (potenziale),
PRIV_2550,Via della Repubblica 88,Via della Repubblica,Zona 5 - Ovest,6,46.161297,12.689777,57.239,10.101,67.34,Privato (potenziale),
PRIV_2551,Via Tagliamento 14,Via Tagliamento,Zona 5 - Ovest,6,46.161585,12.690072,29.869,5.271,35.14,Privato (potenziale),
PRIV_2552,Via della Repubblica 128,Via della Repubblica,Zona 5 - Ovest,6,46.160975,12.685092,30.226,5.334,35.56,Privato (potenziale),
PRIV_2553,Via della Repubblica 126,Via della Repubblica,Zona 5 - Ovest,6,46.160785,12.685367,36.295,6.405,42.7,Privato (potenziale),
PRIV_2554,Via Cellina 23,Via Cellina,Zona 5 - Ovest,6,46.161191,12.685244,37.961,6.699,44.66,Privato (potenziale),
PRIV_2555,Edificio 2554,,Zona 5 - Ovest,6,46.161428,12.685155,28.203,4.977,33.18,Privato (potenziale),
PRIV_2556,Edificio 2555,,Zona 5 - Ovest,6,46.165423,12.6911,32.963,5.817,38.78,Privato (potenziale),
PRIV_2557,Via Vittorio Veneto 14,Via Vittorio Veneto,Zona 5 - Ovest,6,46.165673,12.693552,13.328,2.353,15.681,Privato (potenziale),
PRIV_2558,Via della Repubblica 116,Via della Repubblica,Zona 5 - Ovest,6,46.16074,12.686417,15.47,2.73,18.2,Privato (potenziale),
PRIV_2559,Edificio 2558,,Zona 5 - Ovest,6,46.161776,12.691561,18.088,3.191,21.279,Privato (potenziale),
PRIV_2560,Edificio 2559,,Zona 5 - Ovest,6,46.165044,12.692342,11.662,2.058,13.72,Privato (potenziale),
PRIV_2561,Edificio 2560,,Zona 5 - Ovest,6,46.160536,12.689214,18.564,3.275,21.839,Privato (potenziale),
PRIV_2562,Edificio 2561,,Zona 5 - Ovest,6,46.1608,12.69049,6.783,1.199,7.982,Privato (potenziale),
PRIV_2563,Edificio 2562,,Zona 5 - Ovest,6,46.161021,12.691883,5.95,1.052,7.002000000000001,Privato (potenziale),
PRIV_2564,Edificio 2563,,Zona 5 - Ovest,6,46.160925,12.692335,5.474,0.968,6.442,Privato (potenziale),
PRIV_2565,Via Antonino di Prampero 22,Via Antonino di Prampero,Zona 5 - Ovest,6,46.161181,12.694157,11.662,2.058,13.72,Privato (potenziale),
PRIV_2566,Edificio 2565,,Zona 5 - Ovest,6,46.160545,12.694044,5.236,0.925,6.161,Privato (potenziale),
PRIV_2567,Via Bruna 18,Via Bruna,Zona 5 - Ovest,6,46.164993,12.694604,100.555,17.745,118.30000000000001,Privato (potenziale),
PRIV_2568,Edificio 2567,,Zona 5 - Ovest,6,46.164606,12.695557,14.28,2.521,16.801,Privato (potenziale),
PRIV_2569,Edificio 2568,,Zona 5 - Ovest,6,46.164542,12.695439,6.901,1.219,8.12,Privato (potenziale),
PRIV_2570,Edificio 2569,,Zona 5 - Ovest,6,46.164182,12.695909,10.472,1.847,12.318999999999999,Privato (potenziale),
PRIV_2571,Edificio 2570,,Zona 5 - Ovest,6,46.162733,12.694543,7.616,1.343,8.959,Privato (potenziale),
PRIV_2572,Via Bruna 59,Via Bruna,Zona 4 - Centro,6,46.162721,12.696742,37.961,6.699,44.66,Privato (potenziale),
PRIV_2573,Edificio 2572,,Zona 4 - Centro,6,46.163951,12.697522,5.593,0.989,6.582,Privato (potenziale),
PRIV_2574,Edificio 2573,,Zona 4 - Centro,6,46.163711,12.697629,7.973,1.406,9.379,Privato (potenziale),
PRIV_2575,Edificio 2574,,Zona 4 - Centro,6,46.163166,12.698145,13.804,2.437,16.241,Privato (potenziale),
PRIV_2576,Via Angelo dal Mistro 114,Via Angelo dal Mistro,Zona 5 - Ovest,6,46.163057,12.67755,44.744,7.896,52.64,Privato (potenziale),
PRIV_2577,Edificio 2576,,Zona 5 - Ovest,6,46.163208,12.677446,29.036,5.123,34.159,Privato (potenziale),
PRIV_2578,Via Monte Santo 5,Via Monte Santo,Zona 5 - Ovest,6,46.163375,12.677742,37.723,6.657,44.379999999999995,Privato (potenziale),
PRIV_2579,Via Monte Santo 1,Via Monte Santo,Zona 5 - Ovest,6,46.163122,12.6779,32.249,5.691,37.940000000000005,Privato (potenziale),
PRIV_2580,Via Monte Santo 2,Via Monte Santo,Zona 5 - Ovest,6,46.163205,12.67833,36.771,6.489,43.26,Privato (potenziale),
PRIV_2581,Via Angelo dal Mistro 95,Via Angelo dal Mistro,Zona 5 - Ovest,6,46.162776,12.678286,26.299,4.641,30.939999999999998,Privato (potenziale),
PRIV_2582,Via Angelo dal Mistro 93,Via Angelo dal Mistro,Zona 5 - Ovest,6,46.162773,12.678485,23.919,4.221,28.14,Privato (potenziale),
PRIV_2583,Via Angelo dal Mistro 91,Via Angelo dal Mistro,Zona 5 - Ovest,6,46.16293,12.67859,15.946,2.814,18.759999999999998,Privato (potenziale),
PRIV_2584,Via della Repubblica 150,Via della Repubblica,Zona 5 - Ovest,6,46.162405,12.678487,26.656,4.704,31.36,Privato (potenziale),
PRIV_2585,Via Angelo dal Mistro 89,Via Angelo dal Mistro,Zona 5 - Ovest,6,46.163007,12.678712,23.562,4.159,27.721,Privato (potenziale),
PRIV_2586,Via Angelo dal Mistro 87,Via Angelo dal Mistro,Zona 5 - Ovest,6,46.162946,12.679101,37.723,6.657,44.379999999999995,Privato (potenziale),
PRIV_2587,Edificio 2586,,Zona 5 - Ovest,6,46.163256,12.67914,16.66,2.939,19.599,Privato (potenziale),
PRIV_2588,Via Angelo dal Mistro 102,Via Angelo dal Mistro,Zona 5 - Ovest,6,46.163401,12.679276,35.462,6.258,41.720000000000006,Privato (potenziale),
PRIV_2589,Via Angelo dal Mistro 98,Via Angelo dal Mistro,Zona 5 - Ovest,6,46.163422,12.679671,33.439,5.901,39.34,Privato (potenziale),
PRIV_2590,Edificio 2589,,Zona 5 - Ovest,6,46.163478,12.679901,8.568,1.511,10.078999999999999,Privato (potenziale),
PRIV_2591,Via Angelo dal Mistro 92,Via Angelo dal Mistro,Zona 5 - Ovest,6,46.163708,12.679752,87.465,15.435,102.9,Privato (potenziale),
PRIV_2592,Via Ortigara 13,Via Ortigara,Zona 5 - Ovest,6,46.164104,12.680371,46.767,8.253,55.02,Privato (potenziale),
PRIV_2593,Via Ortigara 1,Via Ortigara,Zona 5 - Ovest,6,46.163953,12.680777,49.147,8.673,57.82,Privato (potenziale),
PRIV_2594,Via Angelo dal Mistro 76,Via Angelo dal Mistro,Zona 5 - Ovest,6,46.163796,12.680841,19.159,3.381,22.54,Privato (potenziale),
PRIV_2595,Edificio 2594,,Zona 5 - Ovest,6,46.164625,12.679774,17.493,3.086,20.578999999999997,Privato (potenziale),
PRIV_2596,Via Ortigara 14,Via Ortigara,Zona 5 - Ovest,6,46.16464,12.680323,15.47,2.73,18.2,Privato (potenziale),
PRIV_2597,Via Ortigara 12,Via Ortigara,Zona 5 - Ovest,6,46.164402,12.680302,16.66,2.939,19.599,Privato (potenziale),
PRIV_2598,Edificio 2597,,Zona 5 - Ovest,6,46.164496,12.680118,13.447,2.375,15.822,Privato (potenziale),
PRIV_2599,Via Montello 14,Via Montello,Zona 5 - Ovest,6,46.164727,12.680669,54.264,9.576,63.84,Privato (potenziale),
PRIV_2600,Via Montello 20,Via Montello,Zona 5 - Ovest,6,46.164539,12.680958,47.957,8.462,56.419,Privato (potenziale),
PRIV_2601,Via Ortigara 4,Via Ortigara,Zona 5 - Ovest,6,46.164217,12.680734,11.662,2.058,13.72,Privato (potenziale),
PRIV_2602,Via Montello 22,Via Montello,Zona 5 - Ovest,6,46.164146,12.680891,50.813,8.967,59.78,Privato (potenziale),
PRIV_2603,Via Montello 5,Via Montello,Zona 5 - Ovest,6,46.164061,12.681133,25.228,4.452,29.68,Privato (potenziale),
PRIV_2604,Via Montello 1,Via Montello,Zona 5 - Ovest,6,46.163942,12.681353,52.598,9.282,61.879999999999995,Privato (potenziale),
PRIV_2605,Via Angelo dal Mistro 68,Via Angelo dal Mistro,Zona 5 - Ovest,6,46.163913,12.681597,30.226,5.334,35.56,Privato (potenziale),
PRIV_2606,Via Montello 12,Via Montello,Zona 5 - Ovest,6,46.164759,12.681352,53.788,9.492,63.28,Privato (potenziale),
PRIV_2607,Via Montello 10,Via Montello,Zona 5 - Ovest,6,46.164468,12.6814,43.316,7.644,50.96,Privato (potenziale),
PRIV_2608,Via Montello 8,Via Montello,Zona 5 - Ovest,6,46.164359,12.681579,5.236,0.925,6.161,Privato (potenziale),
PRIV_2609,Via Montello 6,Via Montello,Zona 5 - Ovest,6,46.16431,12.681695,92.939,16.401,109.33999999999999,Privato (potenziale),
PRIV_2610,Via Montello 2,Via Montello,Zona 5 - Ovest,6,46.164048,12.681683,17.612,3.107,20.718999999999998,Privato (potenziale),
PRIV_2611,Via Angelo dal Mistro 62,Via Angelo dal Mistro,Zona 5 - Ovest,6,46.163999,12.681915,74.613,13.167,87.78,Privato (potenziale),
PRIV_2612,Via Angelo dal Mistro 54,Via Angelo dal Mistro,Zona 5 - Ovest,6,46.164132,12.68238,85.085,15.015,100.1,Privato (potenziale),
PRIV_2613,Via Angelo dal Mistro 46,Via Angelo dal Mistro,Zona 5 - Ovest,6,46.164268,12.682858,31.059,5.481,36.54,Privato (potenziale),
PRIV_2614,Edificio 2613,,Zona 5 - Ovest,6,46.164405,12.682413,12.733,2.248,14.981000000000002,Privato (potenziale),
PRIV_2615,Via Carso 20,Via Carso,Zona 5 - Ovest,6,46.164475,12.683252,6.307,1.115,7.422000000000001,Privato (potenziale),
PRIV_2616,Via Carso 16,Via Carso,Zona 5 - Ovest,6,46.16464,12.683385,36.295,6.405,42.7,Privato (potenziale),
PRIV_2617,Edificio 2616,,Zona 5 - Ovest,6,46.164676,12.683732,25.228,4.452,29.68,Privato (potenziale),
PRIV_2618,Via Carso 12,Via Carso,Zona 5 - Ovest,6,46.164674,12.68411,38.08,6.72,44.8,Privato (potenziale),
PRIV_2619,Edificio 2618,,Zona 5 - Ovest,6,46.164712,12.684605,6.664,1.178,7.842,Privato (potenziale),
PRIV_2620,Via Carso 10,Via Carso,Zona 5 - Ovest,6,46.16466,12.684918,69.615,12.285,81.89999999999999,Privato (potenziale),
PRIV_2621,Edificio 2620,,Zona 5 - Ovest,6,46.164739,12.685202,24.752,4.368,29.119999999999997,Privato (potenziale),
PRIV_2622,Via Carso 6,Via Carso,Zona 5 - Ovest,6,46.164538,12.685085,67.235,11.865,79.1,Privato (potenziale),
PRIV_2623,Via Carso 4,Via Carso,Zona 5 - Ovest,6,46.164331,12.685158,56.882,10.038,66.92,Privato (potenziale),
PRIV_2624,Edificio 2623,,Zona 5 - Ovest,6,46.164177,12.685213,31.892,5.628,37.519999999999996,Privato (potenziale),
PRIV_2625,Via Giuseppe Mazzini 38,Via Giuseppe Mazzini,Zona 5 - Ovest,6,46.163995,12.685218,21.658,3.823,25.481,Privato (potenziale),
PRIV_2626,Piazza Cavour 2,Piazza Cavour,Zona 5 - Ovest,6,46.163931,12.685035,25.942,4.578,30.52,Privato (potenziale),
PRIV_2627,Via Angelo dal Mistro 6,Via Angelo dal Mistro,Zona 5 - Ovest,6,46.164275,12.684775,86.751,15.309,102.06,Privato (potenziale),
PRIV_2628,Via Angelo dal Mistro 22,Via Angelo dal Mistro,Zona 5 - Ovest,6,46.164372,12.683737,23.443,4.137,27.580000000000002,Privato (potenziale),
PRIV_2629,Via Angelo dal Mistro 14,Via Angelo dal Mistro,Zona 5 - Ovest,6,46.164077,12.684142,16.303,2.876,19.179000000000002,Privato (potenziale),
PRIV_2630,Via Angelo dal Mistro 8,Via Angelo dal Mistro,Zona 5 - Ovest,6,46.164139,12.684382,27.608,4.872,32.480000000000004,Privato (potenziale),
PRIV_2631,Via Angelo dal Mistro 2,Via Angelo dal Mistro,Zona 5 - Ovest,6,46.164007,12.684673,56.763,10.017,66.78,Privato (potenziale),
PRIV_2632,Edificio 2631,,Zona 5 - Ovest,6,46.163831,12.684505,39.27,6.93,46.2,Privato (potenziale),
PRIV_2633,Piazza Cavour 13,Piazza Cavour,Zona 5 - Ovest,6,46.163422,12.685018,99.603,17.577,117.17999999999999,Privato (potenziale),
PRIV_2634,Via Monte Grappa 7,Via Monte Grappa,Zona 5 - Ovest,6,46.163099,12.685028,136.255,24.045,160.3,Privato (potenziale),
PRIV_2635,Via Angelo dal Mistro 73,Via Angelo dal Mistro,Zona 5 - Ovest,6,46.163347,12.679974,49.147,8.673,57.82,Privato (potenziale),
PRIV_2636,Via Angelo dal Mistro 69,Via Angelo dal Mistro,Zona 5 - Ovest,6,46.163276,12.680153,18.921,3.339,22.259999999999998,Privato (potenziale),
PRIV_2637,Edificio 2636,,Zona 5 - Ovest,6,46.163118,12.680077,13.566,2.395,15.961,Privato (potenziale),
PRIV_2638,Via Monte San Michele 10,Via Monte San Michele,Zona 5 - Ovest,6,46.163049,12.680553,184.569,32.571,217.14,Privato (potenziale),
PRIV_2639,Via Monte San Michele 2,Via Monte San Michele,Zona 5 - Ovest,6,46.163399,12.680487,21.42,3.781,25.201,Privato (potenziale),
PRIV_2640,Edificio 2639,,Zona 5 - Ovest,6,46.163517,12.680364,33.796,5.964,39.76,Privato (potenziale),
PRIV_2641,Via Monte San Michele 1,Via Monte San Michele,Zona 5 - Ovest,6,46.163604,12.680832,110.551,19.509,130.06,Privato (potenziale),
PRIV_2642,Via Monte San Michele 5,Via Monte San Michele,Zona 5 - Ovest,6,46.163381,12.680806,31.416,5.544,36.96,Privato (potenziale),
PRIV_2643,Edificio 2642,,Zona 5 - Ovest,6,46.163569,12.681104,5.95,1.052,7.002000000000001,Privato (potenziale),
PRIV_2644,Edificio 2643,,Zona 5 - Ovest,6,46.163671,12.681312,32.487,5.733,38.22,Privato (potenziale),
PRIV_2645,Via Angelo dal Mistro 47,Via Angelo dal Mistro,Zona 5 - Ovest,6,46.163556,12.681536,122.57,21.63,144.2,Privato (potenziale),
PRIV_2646,Via Isonzo 6,Via Isonzo,Zona 5 - Ovest,6,46.16343,12.681664,35.938,6.342,42.28,Privato (potenziale),
PRIV_2647,Edificio 2646,,Zona 5 - Ovest,6,46.163265,12.681494,34.271,6.048,40.319,Privato (potenziale),
PRIV_2648,Via Angelo dal Mistro 51,Via Angelo dal Mistro,Zona 5 - Ovest,6,46.163398,12.681302,21.658,3.823,25.481,Privato (potenziale),
PRIV_2649,Edificio 2648,,Zona 5 - Ovest,6,46.163195,12.681215,12.614,2.227,14.841000000000001,Privato (potenziale),
PRIV_2650,Via Monte San Michele 11,Via Monte San Michele,Zona 5 - Ovest,6,46.163036,12.681157,32.249,5.691,37.940000000000005,Privato (potenziale),
PRIV_2651,Via Monte San Michele 21,Via Monte San Michele,Zona 5 - Ovest,6,46.162489,12.681549,11.781,2.079,13.860000000000001,Privato (potenziale),
PRIV_2652,Via Isonzo 4,Via Isonzo,Zona 5 - Ovest,6,46.163594,12.682162,22.61,3.99,26.6,Privato (potenziale),
PRIV_2653,Edificio 2652,,Zona 5 - Ovest,6,46.16334,12.681796,36.89,6.51,43.4,Privato (potenziale),
PRIV_2654,Edificio 2653,,Zona 5 - Ovest,6,46.163044,12.681733,9.282,1.637,10.919,Privato (potenziale),
PRIV_2655,Via Isonzo 12,Via Isonzo,Zona 5 - Ovest,6,46.162918,12.681938,17.493,3.086,20.578999999999997,Privato (potenziale),
PRIV_2656,Via Isonzo 16,Via Isonzo,Zona 5 - Ovest,6,46.16306,12.682151,110.551,19.509,130.06,Privato (potenziale),
PRIV_2657,Via Isonzo 36,Via Isonzo,Zona 5 - Ovest,6,46.163051,12.682505,24.633,4.346,28.979,Privato (potenziale),
PRIV_2658,Via Isonzo 26,Via Isonzo,Zona 5 - Ovest,6,46.163213,12.682664,38.794,6.846,45.64,Privato (potenziale),
PRIV_2659,Edificio 2658,,Zona 5 - Ovest,6,46.16295,12.682643,43.554,7.686,51.24,Privato (potenziale),
PRIV_2660,Via Isonzo 48,Via Isonzo,Zona 5 - Ovest,6,46.16289,12.682857,53.43,9.429,62.859,Privato (potenziale),
PRIV_2661,Via Isonzo 44,Via Isonzo,Zona 5 - Ovest,6,46.162781,12.682562,33.32,5.88,39.2,Privato (potenziale),
PRIV_2662,Via Isonzo 52,Via Isonzo,Zona 5 - Ovest,6,46.162722,12.682985,25.942,4.578,30.52,Privato (potenziale),
PRIV_2663,Via Isonzo 54,Via Isonzo,Zona 5 - Ovest,6,46.162577,12.682904,30.226,5.334,35.56,Privato (potenziale),
PRIV_2664,Via Isonzo 56,Via Isonzo,Zona 5 - Ovest,6,46.162384,12.683037,33.32,5.88,39.2,Privato (potenziale),
PRIV_2665,Via Cellina 40,Via Cellina,Zona 5 - Ovest,6,46.161744,12.683232,56.287,9.933,66.22,Privato (potenziale),
PRIV_2666,Edificio 2665,,Zona 5 - Ovest,6,46.161585,12.683217,11.662,2.058,13.72,Privato (potenziale),
PRIV_2667,Edificio 2666,,Zona 5 - Ovest,6,46.161573,12.68337,15.827,2.793,18.62,Privato (potenziale),
PRIV_2668,Via Cellina 66,Via Cellina,Zona 5 - Ovest,6,46.161815,12.681832,48.076,8.484,56.56,Privato (potenziale),
PRIV_2669,Edificio 2668,,Zona 5 - Ovest,6,46.161281,12.681507,46.41,8.19,54.599999999999994,Privato (potenziale),
PRIV_2670,Vicolo San Vigilio 2,Vicolo San Vigilio,Zona 5 - Ovest,6,46.161201,12.681002,23.086,4.074,27.159999999999997,Privato (potenziale),
PRIV_2671,Vicolo San Vigilio 4,Vicolo San Vigilio,Zona 5 - Ovest,6,46.161124,12.681174,22.729,4.011,26.74,Privato (potenziale),
PRIV_2672,Vicolo San Vigilio 6,Vicolo San Vigilio,Zona 5 - Ovest,6,46.161087,12.681367,22.967,4.053,27.02,Privato (potenziale),
PRIV_2673,Edificio 2672,,Zona 5 - Ovest,6,46.161019,12.681544,22.967,4.053,27.02,Privato (potenziale),
PRIV_2674,Vicolo San Vigilio 10,Vicolo San Vigilio,Zona 5 - Ovest,6,46.16099,12.68174,23.086,4.074,27.159999999999997,Privato (potenziale),
PRIV_2675,Vicolo San Vigilio 12,Vicolo San Vigilio,Zona 5 - Ovest,6,46.160929,12.681921,22.61,3.99,26.6,Privato (potenziale),
PRIV_2676,Vicolo San Vigilio 14,Vicolo San Vigilio,Zona 5 - Ovest,6,46.160906,12.682122,22.491,3.969,26.46,Privato (potenziale),
PRIV_2677,Vicolo San Vigilio 16,Vicolo San Vigilio,Zona 5 - Ovest,6,46.160853,12.682314,23.324,4.116,27.44,Privato (potenziale),
PRIV_2678,Via della Repubblica 140,Via della Repubblica,Zona 5 - Ovest,6,46.160849,12.682887,25.466,4.494,29.96,Privato (potenziale),
PRIV_2679,Via della Repubblica 138,Via della Repubblica,Zona 5 - Ovest,6,46.160847,12.683215,40.103,7.077,47.18,Privato (potenziale),
PRIV_2680,Via della Repubblica 134,Via della Repubblica,Zona 5 - Ovest,6,46.160908,12.683441,28.798,5.082,33.879999999999995,Privato (potenziale),
PRIV_2681,Edificio 2680,,Zona 5 - Ovest,6,46.161274,12.68375,34.391,6.069,40.46,Privato (potenziale),
PRIV_2682,Via Isonzo 72,Via Isonzo,Zona 5 - Ovest,6,46.161049,12.68391,30.464,5.376,35.839999999999996,Privato (potenziale),
PRIV_2683,Via Cellina 41,Via Cellina,Zona 5 - Ovest,6,46.161378,12.683095,21.063,3.718,24.781,Privato (potenziale),
PRIV_2684,Via Cellina 43,Via Cellina,Zona 5 - Ovest,6,46.161376,12.682838,30.583,5.397,35.98,Privato (potenziale),
PRIV_2685,Via Cellina 45,Via Cellina,Zona 5 - Ovest,6,46.161359,12.682565,39.39,6.951,46.341,Privato (potenziale),
PRIV_2686,Via Cellina 47,Via Cellina,Zona 5 - Ovest,6,46.161394,12.6822,27.251,4.809,32.06,Privato (potenziale),
PRIV_2687,Via Isonzo 74,Via Isonzo,Zona 5 - Ovest,6,46.160769,12.683867,31.892,5.628,37.519999999999996,Privato (potenziale),
PRIV_2688,Via Isonzo 59,Via Isonzo,Zona 5 - Ovest,6,46.160767,12.684458,35.819,6.321,42.14,Privato (potenziale),
PRIV_2689,Via Isonzo 51,Via Isonzo,Zona 5 - Ovest,6,46.161389,12.684229,65.807,11.613,77.42,Privato (potenziale),
PRIV_2690,Via Cellina 27,Via Cellina,Zona 5 - Ovest,6,46.161499,12.684895,19.754,3.486,23.240000000000002,Privato (potenziale),
PRIV_2691,Via Cellina 26,Via Cellina,Zona 5 - Ovest,6,46.161896,12.685106,82.942,14.637,97.579,Privato (potenziale),
PRIV_2692,Via Cellina 22,Via Cellina,Zona 5 - Ovest,6,46.161823,12.685299,29.036,5.123,34.159,Privato (potenziale),
PRIV_2693,Via Cellina 20,Via Cellina,Zona 5 - Ovest,6,46.161902,12.685534,20.825,3.675,24.5,Privato (potenziale),
PRIV_2694,Via Monte Grappa 29,Via Monte Grappa,Zona 5 - Ovest,6,46.162297,12.684991,78.302,13.818,92.12,Privato (potenziale),
PRIV_2695,Via Monte Grappa 23,Via Monte Grappa,Zona 5 - Ovest,6,46.162474,12.684748,39.984,7.056,47.04,Privato (potenziale),
PRIV_2696,Via Monte Grappa 15,Via Monte Grappa,Zona 5 - Ovest,6,46.162692,12.684707,59.619,10.521,70.14,Privato (potenziale),
PRIV_2697,Via Isonzo 49,Via Isonzo,Zona 5 - Ovest,6,46.161613,12.683843,29.75,5.25,35.0,Privato (potenziale),
PRIV_2698,Via Cellina 36,Via Cellina,Zona 5 - Ovest,6,46.161734,12.684029,31.059,5.481,36.54,Privato (potenziale),
PRIV_2699,Via Cellina 32,Via Cellina,Zona 5 - Ovest,6,46.16179,12.684291,29.75,5.25,35.0,Privato (potenziale),
PRIV_2700,Via Cellina 30,Via Cellina,Zona 5 - Ovest,6,46.161741,12.684533,25.585,4.515,30.1,Privato (potenziale),
PRIV_2701,Edificio 2700,,Zona 5 - Ovest,6,46.161875,12.684333,8.449,1.49,9.939,Privato (potenziale),
PRIV_2702,Via Monte Grappa 26,Via Monte Grappa,Zona 5 - Ovest,6,46.162091,12.684553,35.224,6.216,41.44,Privato (potenziale),
PRIV_2703,Edificio 2702,,Zona 5 - Ovest,6,46.162169,12.684096,24.395,4.305,28.7,Privato (potenziale),
PRIV_2704,Via Isonzo 47,Via Isonzo,Zona 5 - Ovest,6,46.16193,12.683671,16.66,2.939,19.599,Privato (potenziale),
PRIV_2705,Via Isonzo 45,Via Isonzo,Zona 5 - Ovest,6,46.162115,12.683612,28.441,5.019,33.46,Privato (potenziale),
PRIV_2706,Edificio 2705,,Zona 5 - Ovest,6,46.161787,12.683732,5.236,0.925,6.161,Privato (potenziale),
PRIV_2707,Edificio 2706,,Zona 5 - Ovest,6,46.161802,12.683919,20.23,3.57,23.8,Privato (potenziale),
PRIV_2708,Edificio 2707,,Zona 5 - Ovest,6,46.162432,12.684423,37.128,6.552,43.68,Privato (potenziale),
PRIV_2709,Via Monte Grappa 24,Via Monte Grappa,Zona 5 - Ovest,6,46.162465,12.684138,16.898,2.981,19.878999999999998,Privato (potenziale),
PRIV_2710,Via Monte Fara 1,Via Monte Fara,Zona 5 - Ovest,6,46.162699,12.684011,83.538,14.742,98.28,Privato (potenziale),
PRIV_2711,Via Monte Fara 5,Via Monte Fara,Zona 5 - Ovest,6,46.162543,12.683629,21.063,3.718,24.781,Privato (potenziale),
PRIV_2712,Via Isonzo 39,Via Isonzo,Zona 5 - Ovest,6,46.162555,12.683387,35.105,6.195,41.3,Privato (potenziale),
PRIV_2713,Edificio 2712,,Zona 5 - Ovest,6,46.162013,12.684551,5.474,0.968,6.442,Privato (potenziale),
PRIV_2714,Via Angelo dal Mistro 33,Via Angelo dal Mistro,Zona 5 - Ovest,6,46.164135,12.682868,54.264,9.576,63.84,Privato (potenziale),
PRIV_2715,Via Angelo dal Mistro 29,Via Angelo dal Mistro,Zona 5 - Ovest,6,46.164086,12.683569,86.394,15.246,101.64,Privato (potenziale),
PRIV_2716,Edificio 2715,,Zona 5 - Ovest,6,46.16388,12.683418,11.424,2.015,13.439,Privato (potenziale),
PRIV_2717,Via Angelo dal Mistro 27,Via Angelo dal Mistro,Zona 5 - Ovest,6,46.163956,12.6836,17.136,3.023,20.159,Privato (potenziale),
PRIV_2718,Edificio 2717,,Zona 5 - Ovest,6,46.163651,12.682951,33.439,5.901,39.34,Privato (potenziale),
PRIV_2719,Via Angelo dal Mistro 23,Via Angelo dal Mistro,Zona 5 - Ovest,6,46.163857,12.68378,46.648,8.232,54.88,Privato (potenziale),
PRIV_2720,Via Angelo dal Mistro 21,Via Angelo dal Mistro,Zona 5 - Ovest,6,46.163676,12.683534,26.299,4.641,30.939999999999998,Privato (potenziale),
PRIV_2721,Via Angelo dal Mistro 19,Via Angelo dal Mistro,Zona 5 - Ovest,6,46.163683,12.68381,28.798,5.082,33.879999999999995,Privato (potenziale),
PRIV_2722,Edificio 2721,,Zona 5 - Ovest,6,46.16354,12.683825,25.108,4.431,29.539,Privato (potenziale),
PRIV_2723,Via Isonzo 9,Via Isonzo,Zona 5 - Ovest,6,46.163437,12.682744,28.084,4.956,33.04,Privato (potenziale),
PRIV_2724,Edificio 2723,,Zona 5 - Ovest,6,46.163423,12.682936,17.969,3.17,21.139000000000003,Privato (potenziale),
PRIV_2725,Edificio 2724,,Zona 5 - Ovest,6,46.163322,12.68301,15.113,2.667,17.78,Privato (potenziale),
PRIV_2726,Edificio 2725,,Zona 5 - Ovest,6,46.163261,12.682806,35.105,6.195,41.3,Privato (potenziale),
PRIV_2727,Via Isonzo 29,Via Isonzo,Zona 5 - Ovest,6,46.163076,12.68307,40.103,7.077,47.18,Privato (potenziale),
PRIV_2728,Via Isonzo 31,Via Isonzo,Zona 5 - Ovest,6,46.163204,12.683245,10.234,1.805,12.039,Privato (potenziale),
PRIV_2729,Via Isonzo 25,Via Isonzo,Zona 5 - Ovest,6,46.163227,12.683075,10.829,1.91,12.739,Privato (potenziale),
PRIV_2730,Via Angelo dal Mistro 3,Via Angelo dal Mistro,Zona 5 - Ovest,6,46.163938,12.684258,33.796,5.964,39.76,Privato (potenziale),
PRIV_2731,Via Angelo dal Mistro 17,Via Angelo dal Mistro,Zona 5 - Ovest,6,46.163724,12.684212,86.632,15.288,101.92,Privato (potenziale),
PRIV_2732,Via Monte Grappa 2,Via Monte Grappa,Zona 5 - Ovest,6,46.163449,12.684117,49.98,8.82,58.8,Privato (potenziale),
PRIV_2733,Edificio 2732,,Zona 5 - Ovest,6,46.163234,12.684082,34.986,6.174,41.16,Privato (potenziale),
PRIV_2734,Via Monte Grappa 12,Via Monte Grappa,Zona 5 - Ovest,6,46.163117,12.68432,61.285,10.815,72.1,Privato (potenziale),
PRIV_2735,Via Monte Grappa 16,Via Monte Grappa,Zona 5 - Ovest,6,46.162953,12.684302,33.558,5.922,39.48,Privato (potenziale),
PRIV_2736,Via Monte Fara 10,Via Monte Fara,Zona 5 - Ovest,6,46.162872,12.683718,16.779,2.961,19.74,Privato (potenziale),
PRIV_2737,Via Monte Fara 14,Via Monte Fara,Zona 5 - Ovest,6,46.162789,12.683436,36.89,6.51,43.4,Privato (potenziale),
PRIV_2738,Via Isonzo 35,Via Isonzo,Zona 5 - Ovest,6,46.162899,12.683402,17.612,3.107,20.718999999999998,Privato (potenziale),
PRIV_2739,Via Isonzo 33,Via Isonzo,Zona 5 - Ovest,6,46.162971,12.683294,32.606,5.753,38.359,Privato (potenziale),
PRIV_2740,Via Angelo dal Mistro 32,Via Angelo dal Mistro,Zona 5 - Ovest,6,46.164453,12.682557,164.576,29.043,193.619,Privato (potenziale),
PRIV_2741,Edificio 2740,,Zona 5 - Ovest,6,46.163967,12.680614,11.662,2.058,13.72,Privato (potenziale),
PRIV_2742,Edificio 2741,,Zona 5 - Ovest,6,46.161557,12.683448,5.236,0.925,6.161,Privato (potenziale),
PRIV_2743,Via Isonzo 20,Via Isonzo,Zona 5 - Ovest,6,46.163385,12.68222,51.289,9.051,60.34,Privato (potenziale),
PRIV_2744,Edificio 2743,,Zona 5 - Ovest,6,46.163155,12.682391,12.733,2.248,14.981000000000002,Privato (potenziale),
PRIV_2745,Piazza Cavour 1,Piazza Cavour,Zona 5 - Ovest,6,46.163904,12.68495,6.426,1.136,7.562,Privato (potenziale),
PRIV_2746,Edificio 2745,,Zona 5 - Ovest,6,46.162992,12.684424,6.426,1.136,7.562,Privato (potenziale),
PRIV_2747,Edificio 2746,,Zona 5 - Ovest,6,46.163012,12.684642,9.996,1.762,11.758000000000001,Privato (potenziale),
PRIV_2748,Via Monte Grappa 20,Via Monte Grappa,Zona 5 - Ovest,6,46.162645,12.684172,21.301,3.76,25.061,Privato (potenziale),
PRIV_2749,Edificio 2748,,Zona 5 - Ovest,6,46.162444,12.683482,24.633,4.346,28.979,Privato (potenziale),
PRIV_2750,Edificio 2749,,Zona 5 - Ovest,6,46.161895,12.684416,13.09,2.311,15.401,Privato (potenziale),
PRIV_2751,Edificio 2750,,Zona 5 - Ovest,6,46.161913,12.685301,11.9,2.1,14.0,Privato (potenziale),
PRIV_2752,Edificio 2751,,Zona 5 - Ovest,6,46.161999,12.685444,6.783,1.199,7.982,Privato (potenziale),
PRIV_2753,Edificio 2752,,Zona 5 - Ovest,6,46.162154,12.698473,11.662,2.058,13.72,Privato (potenziale),
PRIV_2754,Via Siega 68,Via Siega,Zona 5 - Ovest,6,46.162345,12.698541,34.271,6.048,40.319,Privato (potenziale),
PRIV_2755,Edificio 2754,,Zona 5 - Ovest,6,46.161536,12.694619,95.557,16.863,112.42,Privato (potenziale),
PRIV_2756,Via della Repubblica 69,Via della Repubblica,Zona 5 - Ovest,6,46.161513,12.694361,97.58,17.22,114.8,Privato (potenziale),
PRIV_2757,Via Divisione Julia 28,Via Divisione Julia,Zona 5 - Ovest,6,46.163957,12.692614,250.852,44.268,295.12,Privato (potenziale),
PRIV_2758,Edificio 2757,,Zona 5 - Ovest,6,46.1646,12.692743,38.556,6.804,45.36,Privato (potenziale),
PRIV_2759,Via Mazzoli Chiasais 15,Via Mazzoli Chiasais,Zona 5 - Ovest,6,46.16598,12.691686,116.738,20.601,137.339,Privato (potenziale),
PRIV_2760,Edificio 2759,,Zona 5 - Ovest,6,46.165717,12.691545,94.129,16.611,110.74000000000001,Privato (potenziale),
PRIV_2761,Edificio 2760,,Zona 5 - Ovest,6,46.16576,12.690532,65.212,11.508,76.72,Privato (potenziale),
PRIV_2762,Via Cellina 17,Via Cellina,Zona 5 - Ovest,6,46.16153,12.685637,75.208,13.272,88.48,Privato (potenziale),
PRIV_2763,Edificio 2762,,Zona 5 - Ovest,6,46.160045,12.688462,19.992,3.528,23.52,Privato (potenziale),
PRIV_2764,Edificio 2763,,Zona 5 - Ovest,6,46.165311,12.694247,40.222,7.098,47.32,Privato (potenziale),
PRIV_2765,Via Dalmazia 39,Via Dalmazia,Zona 5 - Ovest,6,46.162563,12.686849,38.912,6.867,45.778999999999996,Privato (potenziale),
PRIV_2766,Edificio 2765,,Zona 5 - Ovest,6,46.16092,12.686378,25.823,4.557,30.380000000000003,Privato (potenziale),
PRIV_2767,Edificio 2766,,Zona 5 - Ovest,6,46.165077,12.69445,31.416,5.544,36.96,Privato (potenziale),
PRIV_2768,Edificio 2767,,Zona 5 - Ovest,6,46.164804,12.694873,53.43,9.429,62.859,Privato (potenziale),
PRIV_2769,Edificio 2768,,Zona 5 - Ovest,6,46.15998,12.68411,128.043,22.596,150.639,Privato (potenziale),
PRIV_2770,Edificio 2769,,Zona 5 - Ovest,6,46.16309,12.683571,72.233,12.747,84.98,Privato (potenziale),
PRIV_2771,Via Isonzo 18,Via Isonzo,Zona 5 - Ovest,6,46.163246,12.682312,26.894,4.746,31.64,Privato (potenziale),
PRIV_2772,Edificio 2771,,Zona 5 - Ovest,6,46.160004,12.683797,9.401,1.658,11.059,Privato (potenziale),
PRIV_2773,Edificio 2772,,Zona 5 - Ovest,6,46.163676,12.684473,5.831,1.031,6.862,Privato (potenziale),
PRIV_2774,Edificio 2773,,Zona 5 - Ovest,6,46.159781,12.684295,5.95,1.052,7.002000000000001,Privato (potenziale),
PRIV_2775,Edificio 2774,,Zona 5 - Ovest,6,46.162016,12.698657,13.328,2.353,15.681,Privato (potenziale),
PRIV_2776,Edificio 2775,,Zona 5 - Ovest,6,46.163298,12.678223,5.117,0.905,6.022,Privato (potenziale),
PRIV_2777,Edificio 2776,,Zona 5 - Ovest,6,46.162439,12.678404,11.9,2.1,14.0,Privato (potenziale),
PRIV_2778,Edificio 2777,,Zona 5 - Ovest,6,46.162924,12.678763,18.445,3.254,21.699,Privato (potenziale),
PRIV_2779,Edificio 2778,,Zona 5 - Ovest,6,46.16263,12.678523,13.09,2.311,15.401,Privato (potenziale),
PRIV_2780,Edificio 2779,,Zona 5 - Ovest,6,46.163523,12.679612,6.307,1.115,7.422000000000001,Privato (potenziale),
PRIV_2781,Edificio 2780,,Zona 5 - Ovest,6,46.16358,12.67972,5.593,0.989,6.582,Privato (potenziale),
PRIV_2782,Edificio 2781,,Zona 5 - Ovest,6,46.164013,12.680038,6.783,1.199,7.982,Privato (potenziale),
PRIV_2783,Edificio 2782,,Zona 5 - Ovest,6,46.164598,12.681545,7.973,1.406,9.379,Privato (potenziale),
PRIV_2784,Edificio 2783,,Zona 5 - Ovest,6,46.163871,12.681498,5.236,0.925,6.161,Privato (potenziale),
PRIV_2785,Edificio 2784,,Zona 5 - Ovest,6,46.164773,12.681571,9.758,1.721,11.479,Privato (potenziale),
PRIV_2786,Edificio 2785,,Zona 5 - Ovest,6,46.164142,12.681815,6.664,1.178,7.842,Privato (potenziale),
PRIV_2787,Edificio 2786,,Zona 5 - Ovest,6,46.164456,12.681999,8.806,1.553,10.358999999999998,Privato (potenziale),
PRIV_2788,Edificio 2787,,Zona 5 - Ovest,6,46.164362,12.682647,11.781,2.079,13.860000000000001,Privato (potenziale),
PRIV_2789,Edificio 2788,,Zona 5 - Ovest,6,46.164419,12.682793,6.069,1.073,7.1419999999999995,Privato (potenziale),
PRIV_2790,Edificio 2789,,Zona 5 - Ovest,6,46.164402,12.685073,10.829,1.91,12.739,Privato (potenziale),
PRIV_2791,Edificio 2790,,Zona 5 - Ovest,6,46.164779,12.680156,8.568,1.511,10.078999999999999,Privato (potenziale),
PRIV_2792,Edificio 2791,,Zona 5 - Ovest,6,46.164857,12.679956,12.257,2.164,14.421,Privato (potenziale),
PRIV_2793,Edificio 2792,,Zona 5 - Ovest,6,46.163207,12.68001,23.324,4.116,27.44,Privato (potenziale),
PRIV_2794,Edificio 2793,,Zona 5 - Ovest,6,46.163335,12.6812,14.399,2.542,16.941,Privato (potenziale),
PRIV_2795,Edificio 2794,,Zona 5 - Ovest,6,46.163108,12.681127,13.804,2.437,16.241,Privato (potenziale),
PRIV_2796,Edificio 2795,,Zona 5 - Ovest,6,46.163722,12.681941,5.236,0.925,6.161,Privato (potenziale),
PRIV_2797,Edificio 2796,,Zona 5 - Ovest,6,46.163111,12.681705,10.234,1.805,12.039,Privato (potenziale),
PRIV_2798,Edificio 2797,,Zona 5 - Ovest,6,46.162638,12.682804,17.731,3.128,20.859,Privato (potenziale),
PRIV_2799,Edificio 2798,,Zona 5 - Ovest,6,46.162257,12.683103,13.09,2.311,15.401,Privato (potenziale),
PRIV_2800,Edificio 2799,,Zona 5 - Ovest,6,46.161021,12.68364,8.449,1.49,9.939,Privato (potenziale),
PRIV_2801,Edificio 2800,,Zona 5 - Ovest,6,46.160798,12.683753,8.806,1.553,10.358999999999998,Privato (potenziale),
PRIV_2802,Edificio 2801,,Zona 5 - Ovest,6,46.161366,12.684908,12.614,2.227,14.841000000000001,Privato (potenziale),
PRIV_2803,Edificio 2802,,Zona 5 - Ovest,6,46.161179,12.684147,19.159,3.381,22.54,Privato (potenziale),
PRIV_2804,Edificio 2803,,Zona 5 - Ovest,6,46.162632,12.684848,9.163,1.616,10.779,Privato (potenziale),
PRIV_2805,Edificio 2804,,Zona 5 - Ovest,6,46.162913,12.685236,6.069,1.073,7.1419999999999995,Privato (potenziale),
PRIV_2806,Edificio 2805,,Zona 5 - Ovest,6,46.162985,12.685319,5.95,1.052,7.002000000000001,Privato (potenziale),
PRIV_2807,Edificio 2806,,Zona 5 - Ovest,6,46.161786,12.683806,8.925,1.574,10.499,Privato (potenziale),
PRIV_2808,Edificio 2807,,Zona 5 - Ovest,6,46.162011,12.683691,7.735,1.365,9.1,Privato (potenziale),
PRIV_2809,Edificio 2808,,Zona 5 - Ovest,6,46.161896,12.684147,4.998,0.884,5.882000000000001,Privato (potenziale),
PRIV_2810,Edificio 2809,,Zona 5 - Ovest,6,46.162532,12.684017,20.111,3.549,23.66,Privato (potenziale),
PRIV_2811,Edificio 2810,,Zona 5 - Ovest,6,46.164007,12.682812,25.823,4.557,30.380000000000003,Privato (potenziale),
PRIV_2812,Edificio 2811,,Zona 5 - Ovest,6,46.163752,12.683192,12.495,2.206,14.700999999999999,Privato (potenziale),
PRIV_2813,Edificio 2812,,Zona 5 - Ovest,6,46.163555,12.683728,5.117,0.905,6.022,Privato (potenziale),
PRIV_2814,Edificio 2813,,Zona 5 - Ovest,6,46.163272,12.683101,8.449,1.49,9.939,Privato (potenziale),
PRIV_2815,Edificio 2814,,Zona 5 - Ovest,6,46.163767,12.683623,10.829,1.91,12.739,Privato (potenziale),
PRIV_2816,Edificio 2815,,Zona 5 - Ovest,6,46.163386,12.683043,5.474,0.968,6.442,Privato (potenziale),
PRIV_2817,Edificio 2816,,Zona 5 - Ovest,6,46.163121,12.683995,21.658,3.823,25.481,Privato (potenziale),
PRIV_2818,Edificio 2817,,Zona 5 - Ovest,6,46.162915,12.684032,12.97,2.29,15.260000000000002,Privato (potenziale),
PRIV_2819,Edificio 2818,,Zona 5 - Ovest,6,46.163193,12.684291,5.831,1.031,6.862,Privato (potenziale),
PRIV_2820,Edificio 2819,,Zona 5 - Ovest,6,46.162947,12.68356,7.735,1.365,9.1,Privato (potenziale),
PRIV_2821,Edificio 2820,,Zona 5 - Ovest,6,46.162381,12.683571,7.616,1.343,8.959,Privato (potenziale),
PRIV_2822,Edificio 2821,,Zona 5 - Ovest,6,46.163354,12.694881,4.998,0.884,5.882000000000001,Privato (potenziale),
PRIV_2823,Edificio 2822,,Zona 5 - Ovest,6,46.165771,12.693243,10.829,1.91,12.739,Privato (potenziale),
PRIV_2824,Edificio 2823,,Zona 5 - Ovest,6,46.165714,12.69396,5.593,0.989,6.582,Privato (potenziale),
PRIV_2825,Edificio 2824,,Zona 5 - Ovest,6,46.165995,12.694139,17.493,3.086,20.578999999999997,Privato (potenziale),
PRIV_2826,Edificio 2825,,Zona 5 - Ovest,6,46.166222,12.693769,8.568,1.511,10.078999999999999,Privato (potenziale),
PRIV_2827,Edificio 2826,,Zona 5 - Ovest,6,46.16643,12.692755,12.138,2.143,14.280999999999999,Privato (potenziale),
PRIV_2828,Edificio 2827,,Zona 5 - Ovest,6,46.165785,12.691611,6.426,1.136,7.562,Privato (potenziale),
PRIV_2829,Edificio 2828,,Zona 5 - Ovest,6,46.165683,12.690718,6.426,1.136,7.562,Privato (potenziale),
PRIV_2830,Edificio 2829,,Zona 5 - Ovest,6,46.165873,12.690127,5.474,0.968,6.442,Privato (potenziale),
PRIV_2831,Edificio 2830,,Zona 5 - Ovest,6,46.16539,12.689445,4.998,0.884,5.882000000000001,Privato (potenziale),
PRIV_2832,Vicolo Alfonso Morgante 2,Vicolo Alfonso Morgante,Zona 5 - Ovest,6,46.165184,12.690744,19.754,3.486,23.240000000000002,Privato (potenziale),
PRIV_2833,Edificio 2832,,Zona 5 - Ovest,6,46.165044,12.689221,9.639,1.7,11.338999999999999,Privato (potenziale),
PRIV_2834,Edificio 2833,,Zona 5 - Ovest,6,46.166055,12.688776,6.783,1.199,7.982,Privato (potenziale),
PRIV_2835,Edificio 2834,,Zona 5 - Ovest,6,46.165614,12.689296,7.378,1.302,8.68,Privato (potenziale),
PRIV_2836,Edificio 2835,,Zona 5 - Ovest,6,46.166271,12.689136,19.992,3.528,23.52,Privato (potenziale),
PRIV_2837,Edificio 2836,,Zona 5 - Ovest,6,46.164719,12.68607,8.568,1.511,10.078999999999999,Privato (potenziale),
PRIV_2838,Edificio 2837,,Zona 5 - Ovest,6,46.164882,12.686611,6.307,1.115,7.422000000000001,Privato (potenziale),
PRIV_2839,Edificio 2838,,Zona 5 - Ovest,6,46.164845,12.686902,7.973,1.406,9.379,Privato (potenziale),
PRIV_2840,Edificio 2839,,Zona 5 - Ovest,6,46.16512,12.687142,6.901,1.219,8.12,Privato (potenziale),
PRIV_2841,Edificio 2840,,Zona 5 - Ovest,6,46.165362,12.687704,5.593,0.989,6.582,Privato (potenziale),
PRIV_2842,Edificio 2841,,Zona 5 - Ovest,6,46.165056,12.686301,5.474,0.968,6.442,Privato (potenziale),
PRIV_2843,Edificio 2842,,Zona 5 - Ovest,6,46.164551,12.690859,13.447,2.375,15.822,Privato (potenziale),
PRIV_2844,Edificio 2843,,Zona 5 - Ovest,6,46.164422,12.691438,6.069,1.073,7.1419999999999995,Privato (potenziale),
PRIV_2845,Edificio 2844,,Zona 5 - Ovest,6,46.164222,12.690912,9.758,1.721,11.479,Privato (potenziale),
PRIV_2846,Edificio 2845,,Zona 5 - Ovest,6,46.164454,12.685528,5.593,0.989,6.582,Privato (potenziale),
PRIV_2847,Edificio 2846,,Zona 5 - Ovest,6,46.163498,12.685419,10.829,1.91,12.739,Privato (potenziale),
PRIV_2848,Edificio 2847,,Zona 5 - Ovest,6,46.163224,12.686054,5.831,1.031,6.862,Privato (potenziale),
PRIV_2849,Edificio 2848,,Zona 5 - Ovest,6,46.162889,12.685479,13.447,2.375,15.822,Privato (potenziale),
PRIV_2850,Edificio 2849,,Zona 5 - Ovest,6,46.16245,12.686516,12.138,2.143,14.280999999999999,Privato (potenziale),
PRIV_2851,Edificio 2850,,Zona 5 - Ovest,6,46.162412,12.686627,5.95,1.052,7.002000000000001,Privato (potenziale),
PRIV_2852,Edificio 2851,,Zona 5 - Ovest,6,46.162099,12.6864,23.324,4.116,27.44,Privato (potenziale),
PRIV_2853,Edificio 2852,,Zona 5 - Ovest,6,46.162267,12.686595,10.948,1.93,12.878,Privato (potenziale),
PRIV_2854,Edificio 2853,,Zona 5 - Ovest,6,46.161527,12.68555,60.571,10.689,71.25999999999999,Privato (potenziale),
PRIV_2855,Edificio 2854,,Zona 5 - Ovest,6,46.161406,12.686688,13.804,2.437,16.241,Privato (potenziale),
PRIV_2856,Edificio 2855,,Zona 5 - Ovest,6,46.164209,12.687402,12.257,2.164,14.421,Privato (potenziale),
PRIV_2857,Edificio 2856,,Zona 5 - Ovest,6,46.164329,12.68726,13.328,2.353,15.681,Privato (potenziale),
PRIV_2858,Edificio 2857,,Zona 5 - Ovest,6,46.163951,12.687898,5.117,0.905,6.022,Privato (potenziale),
PRIV_2859,Edificio 2858,,Zona 5 - Ovest,6,46.163738,12.687341,9.282,1.637,10.919,Privato (potenziale),
PRIV_2860,Edificio 2859,,Zona 5 - Ovest,6,46.163152,12.68663,5.831,1.031,6.862,Privato (potenziale),
PRIV_2861,Edificio 2860,,Zona 5 - Ovest,6,46.163274,12.68968,11.9,2.1,14.0,Privato (potenziale),
PRIV_2862,Edificio 2861,,Zona 5 - Ovest,6,46.164436,12.690105,4.998,0.884,5.882000000000001,Privato (potenziale),
PRIV_2863,Edificio 2862,,Zona 5 - Ovest,6,46.159454,12.688467,4.998,0.884,5.882000000000001,Privato (potenziale),
PRIV_2864,Edificio 2863,,Zona 5 - Ovest,6,46.159425,12.688232,7.973,1.406,9.379,Privato (potenziale),
PRIV_2865,Edificio 2864,,Zona 5 - Ovest,6,46.160743,12.689152,5.236,0.925,6.161,Privato (potenziale),
PRIV_2866,Edificio 2865,,Zona 5 - Ovest,6,46.160298,12.68918,37.961,6.699,44.66,Privato (potenziale),
PRIV_2867,Edificio 2866,,Zona 5 - Ovest,6,46.159272,12.689369,5.236,0.925,6.161,Privato (potenziale),
PRIV_2868,Edificio 2867,,Zona 5 - Ovest,6,46.162732,12.69062,5.236,0.925,6.161,Privato (potenziale),
PRIV_2869,Via Divisione Julia 71,Via Divisione Julia,Zona 5 - Ovest,6,46.162323,12.687961,19.159,3.381,22.54,Privato (potenziale),
PRIV_2870,Edificio 2869,,Zona 5 - Ovest,6,46.161724,12.689046,34.391,6.069,40.46,Privato (potenziale),
PRIV_2871,Edificio 2870,,Zona 5 - Ovest,6,46.161784,12.689244,5.117,0.905,6.022,Privato (potenziale),
PRIV_2872,Edificio 2871,,Zona 5 - Ovest,6,46.161028,12.687824,11.662,2.058,13.72,Privato (potenziale),
PRIV_2873,Edificio 2872,,Zona 5 - Ovest,6,46.161841,12.690024,9.996,1.762,11.758000000000001,Privato (potenziale),
PRIV_2874,Edificio 2873,,Zona 5 - Ovest,6,46.16157,12.690776,5.236,0.925,6.161,Privato (potenziale),
PRIV_2875,Edificio 2874,,Zona 5 - Ovest,6,46.160968,12.694243,5.474,0.968,6.442,Privato (potenziale),
PRIV_2876,Edificio 2875,,Zona 4 - Centro,6,46.165314,12.698183,8.568,1.511,10.078999999999999,Privato (potenziale),
PRIV_2877,Edificio 2876,,Zona 4 - Centro,6,46.165092,12.697748,7.616,1.343,8.959,Privato (potenziale),
PRIV_2878,Edificio 2877,,Zona 4 - Centro,6,46.165018,12.698181,8.925,1.574,10.499,Privato (potenziale),
PRIV_2879,Edificio 2878,,Zona 4 - Centro,6,46.1661,12.695829,19.635,3.465,23.1,Privato (potenziale),
PRIV_2880,Edificio 2879,,Zona 4 - Centro,6,46.165868,12.695735,7.616,1.343,8.959,Privato (potenziale),
PRIV_2881,Edificio 2880,,Zona 4 - Centro,6,46.165576,12.695099,6.783,1.199,7.982,Privato (potenziale),
PRIV_2882,Edificio 2881,,Zona 4 - Centro,6,46.165409,12.69562,6.783,1.199,7.982,Privato (potenziale),
PRIV_2883,Edificio 2882,,Zona 4 - Centro,6,46.165364,12.695309,5.593,0.989,6.582,Privato (potenziale),
PRIV_2884,Edificio 2883,,Zona 4 - Centro,6,46.165222,12.695614,10.234,1.805,12.039,Privato (potenziale),
PRIV_2885,Edificio 2884,,Zona 4 - Centro,6,46.165208,12.696341,14.875,2.626,17.501,Privato (potenziale),
PRIV_2886,Edificio 2885,,Zona 4 - Centro,6,46.16493,12.696635,7.735,1.365,9.1,Privato (potenziale),
PRIV_2887,Edificio 2886,,Zona 4 - Centro,6,46.165095,12.695969,5.831,1.031,6.862,Privato (potenziale),
PRIV_2888,Edificio 2887,,Zona 4 - Centro,6,46.165032,12.6959,4.998,0.884,5.882000000000001,Privato (potenziale),
PRIV_2889,Edificio 2888,,Zona 4 - Centro,6,46.165044,12.695484,6.901,1.219,8.12,Privato (potenziale),
PRIV_2890,Edificio 2889,,Zona 4 - Centro,6,46.164858,12.695737,5.831,1.031,6.862,Privato (potenziale),
PRIV_2891,Edificio 2890,,Zona 4 - Centro,6,46.164793,12.695996,8.568,1.511,10.078999999999999,Privato (potenziale),
PRIV_2892,Edificio 2891,,Zona 4 - Centro,6,46.164606,12.696131,8.092,1.428,9.52,Privato (potenziale),
PRIV_2893,Edificio 2892,,Zona 4 - Centro,6,46.164076,12.696339,7.735,1.365,9.1,Privato (potenziale),
PRIV_2894,Edificio 2893,,Zona 4 - Centro,6,46.16414,12.696377,7.139,1.26,8.399000000000001,Privato (potenziale),
PRIV_2895,Edificio 2894,,Zona 4 - Centro,6,46.164349,12.696115,9.996,1.762,11.758000000000001,Privato (potenziale),
PRIV_2896,Edificio 2895,,Zona 4 - Centro,6,46.164744,12.695774,7.259,1.281,8.540000000000001,Privato (potenziale),
PRIV_2897,Edificio 2896,,Zona 4 - Centro,6,46.16464,12.696683,31.416,5.544,36.96,Privato (potenziale),
PRIV_2898,Edificio 2897,,Zona 4 - Centro,6,46.164172,12.69697,7.259,1.281,8.540000000000001,Privato (potenziale),
PRIV_2899,Edificio 2898,,Zona 4 - Centro,6,46.164134,12.697498,12.733,2.248,14.981000000000002,Privato (potenziale),
PRIV_2900,Edificio 2899,,Zona 4 - Centro,6,46.16384,12.697381,11.424,2.015,13.439,Privato (potenziale),
PRIV_2901,Edificio 2900,,Zona 4 - Centro,6,46.163881,12.697017,8.568,1.511,10.078999999999999,Privato (potenziale),
PRIV_2902,Edificio 2901,,Zona 4 - Centro,6,46.163758,12.696712,5.593,0.989,6.582,Privato (potenziale),
PRIV_2903,Edificio 2902,,Zona 5 - Ovest,6,46.164197,12.69514,5.236,0.925,6.161,Privato (potenziale),
PRIV_2904,Edificio 2903,,Zona 5 - Ovest,6,46.164292,12.695303,5.474,0.968,6.442,Privato (potenziale),
PRIV_2905,Edificio 2904,,Zona 5 - Ovest,6,46.161472,12.697471,5.95,1.052,7.002000000000001,Privato (potenziale),
PRIV_2906,Edificio 2905,,Zona 5 - Ovest,6,46.161797,12.697047,5.117,0.905,6.022,Privato (potenziale),
PRIV_2907,Edificio 2906,,Zona 5 - Ovest,6,46.160156,12.693679,5.236,0.925,6.161,Privato (potenziale),
PRIV_2908,Edificio 2907,,Zona 5 - Ovest,6,46.16004,12.693381,6.307,1.115,7.422000000000001,Privato (potenziale),
PRIV_2909,Edificio 2908,,Zona 5 - Ovest,6,46.159853,12.690399,5.831,1.031,6.862,Privato (potenziale),
PRIV_2910,Edificio 2909,,Zona 5 - Ovest,6,46.162446,12.695442,5.474,0.968,6.442,Privato (potenziale),
PRIV_2911,Edificio 2910,,Zona 5 - Ovest,6,46.165329,12.694144,13.447,2.375,15.822,Privato (potenziale),
PRIV_2912,Edificio 2911,,Zona 5 - Ovest,6,46.163482,12.695344,18.088,3.191,21.279,Privato (potenziale),
PRIV_2913,Edificio 2912,,Zona 5 - Ovest,6,46.163546,12.695607,4.998,0.884,5.882000000000001,Privato (potenziale),
PRIV_2914,Edificio 2913,,Zona 5 - Ovest,6,46.164517,12.692863,11.305,1.994,13.299,Privato (potenziale),
PRIV_2915,Edificio 2914,,Zona 5 - Ovest,6,46.160667,12.694283,17.136,3.023,20.159,Privato (potenziale),
PRIV_2916,Edificio 2915,,Zona 5 - Ovest,6,46.163333,12.693062,28.441,5.019,33.46,Privato (potenziale),
PRIV_2917,Edificio 2916,,Zona 5 - Ovest,6,46.160843,12.686709,17.136,3.023,20.159,Privato (potenziale),
PRIV_2918,Edificio 2917,,Zona 5 - Ovest,6,46.160239,12.689482,33.32,5.88,39.2,Privato (potenziale),
PRIV_2919,Edificio 2918,,Zona 5 - Ovest,6,46.158731,12.687683,79.611,14.05,93.661,Privato (potenziale),
PRIV_2920,Edificio 2919,,Zona 5 - Ovest,6,46.160161,12.689385,27.608,4.872,32.480000000000004,Privato (potenziale),
PRIV_2921,Via della Repubblica 109,Via della Repubblica,Zona 5 - Ovest,6,46.160091,12.683773,39.39,6.951,46.341,Privato (potenziale),
PRIV_2922,Edificio 2921,,Zona 5 - Ovest,6,46.16205,12.685204,26.894,4.746,31.64,Privato (potenziale),
PRIV_2923,Edificio 2922,,Zona 5 - Ovest,6,46.163964,12.685785,10.234,1.805,12.039,Privato (potenziale),
PRIV_2924,Edificio 2923,,Zona 5 - Ovest,6,46.163582,12.684663,97.58,17.22,114.8,Privato (potenziale),
PRIV_2925,Edificio 2924,,Zona 5 - Ovest,6,46.159352,12.686847,55.573,9.807,65.38,Privato (potenziale),
PRIV_2926,Edificio 2925,,Zona 5 - Ovest,6,46.16151,12.68619,54.621,9.639,64.26,Privato (potenziale),
PRIV_2927,Via Montenegro 44,Via Montenegro,Zona 5 - Ovest,6,46.161851,12.691789,65.45,11.55,77.0,Privato (potenziale),
PRIV_2928,Via della Repubblica 80,Via della Repubblica,Zona 5 - Ovest,6,46.161641,12.691906,50.813,8.967,59.78,Privato (potenziale),
PRIV_2929,Via Dalmazia 49,Via Dalmazia,Zona 5 - Ovest,6,46.161381,12.687555,136.705,4.318,141.02300000000002,Privato (potenziale),
PRIV_2930,Edificio 2929,,Zona 5 - Ovest,6,46.161132,12.691507,50.218,8.862,59.080000000000005,Privato (potenziale),
PRIV_2931,Edificio 2930,,Zona 5 - Ovest,6,46.163215,12.692404,49.623,8.757,58.379999999999995,Privato (potenziale),
PRIV_2932,Edificio 2931,,Zona 5 - Ovest,6,46.161693,12.695023,120.428,21.252,141.68,Privato (potenziale),
PRIV_2933,Edificio 2932,,Zona 5 - Ovest,6,46.161929,12.697314,37.723,6.657,44.379999999999995,Privato (potenziale),
PRIV_2934,Via Siega 72,Via Siega,Zona 5 - Ovest,6,46.161891,12.698487,44.387,7.833,52.22,Privato (potenziale),
PRIV_2935,Edificio 2934,,Zona 5 - Ovest,6,46.163311,12.678727,33.439,5.901,39.34,Privato (potenziale),
PRIV_2936,Via Vittorio Veneto 24,Via Vittorio Veneto,Zona 5 - Ovest,6,46.165511,12.692173,105.553,18.626,124.179,Privato (potenziale),
PRIV_2937,Edificio 2936,,Zona 5 - Ovest,6,46.165737,12.69187,70.925,12.516,83.441,Privato (potenziale),
PRIV_2938,Edificio 2937,Via Giuseppe Garibaldi,Zona 4 - Centro,6,46.164341,12.697051,31.892,5.628,37.519999999999996,Privato (potenziale),
PRIV_2939,Via Giuseppe Garibaldi 8,Via Giuseppe Garibaldi,Zona 4 - Centro,6,46.164304,12.696876,21.896,3.865,25.761000000000003,Privato (potenziale),
PRIV_2940,Edificio 2939,,Zona 4 - Centro,6,46.163109,12.697013,9.996,1.762,11.758000000000001,Privato (potenziale),
PRIV_2941,Via Giuseppe Mazzini 10,Via Giuseppe Mazzini,Zona 5 - Ovest,6,46.164472,12.68623,211.344,37.296,248.64,Privato (potenziale),
