datetime,Campagna,Ex Bioman,NE-Centro,Ovest
2024-01-01 00:00:00,0.007365629192970988,0.8072563054370195,0.3830565927306172,0.015853448666908368
2024-01-01 01:00:00,0.007365629192970988,0.7687628106766596,0.36348730224503084,0.015853448666908368
2024-01-01 02:00:00,0.007365629192970988,0.7495160632964798,0.35370265700223774,0.015853448666908368
2024-01-01 03:00:00,0.007365629192970988,0.7495160632964798,0.35370265700223774,0.015853448666908368
2024-01-01 04:00:00,0.007365629192970988,0.7687628106766596,0.36348730224503084,0.015853448666908368
2024-01-01 05:00:00,0.012276048654951646,0.9013709729088001,0.45420172048217633,0.02642241444484728
2024-01-01 06:00:00,0.03682814596485494,1.2619724423431402,0.7984603884529609,0.07926724333454183
2024-01-01 07:00:00,0.08593234058466154,1.6402695019755034,1.4036535858195307,0.18495690111393095
2024-01-01 08:00:00,0.11048443789456482,1.7660706964310828,1.7425559691351469,0.2378017300036255
2024-01-01 09:00:00,0.11048443789456482,1.727577201670723,1.7472936377452861,0.2378017300036255
2024-01-01 10:00:00,0.10557401843258415,1.683170215399427,1.6940354749350954,0.22723276422568658
2024-01-01 11:00:00,0.09820838923961317,1.6653342853594653,1.6045182394882733,0.21137931555877823
2024-01-01 12:00:00,0.07365629192970988,1.539533090903886,1.3466390531584094,0.15853448666908365
2024-01-01 13:00:00,0.09329796977763252,1.6202696181716374,1.5610447219208758,0.2008103497808393
2024-01-01 14:00:00,0.09820838923961317,1.6454298570627532,1.628825198583999,0.21137931555877823
2024-01-01 15:00:00,0.08593234058466154,1.6024336881316756,1.4958344455697794,0.18495690111393095
2024-01-01 16:00:00,0.049104194619806585,1.4727875004219104,1.1390561105642147,0.10568965777938912
2024-01-01 17:00:00,0.019641677847922635,1.4903026371394397,0.7762495001667874,0.04227586311175564
2024-01-01 18:00:00,0.012276048654951646,1.4923711353961897,0.6300160268299388,0.02642241444484728
2024-01-01 19:00:00,0.009820838923961317,1.3716854116930752,0.5384137338249845,0.02113793155587782
2024-01-01 20:00:00,0.007365629192970988,1.161483150196052,0.4694360743715377,0.015853448666908368
2024-01-01 21:00:00,0.007365629192970988,0.9936642610483598,0.4319798189445831,0.015853448666908368
2024-01-01 22:00:00,0.007365629192970988,0.8656542284940913,0.4026258832162036,0.015853448666908368
2024-01-01 23:00:00,0.007365629192970988,0.8072563054370195,0.3830565927306172,0.015853448666908368
2024-01-02 00:00:00,0.006911563591525715,0.7627151638800971,0.3606546106717872,0.014876138308848114
2024-01-02 01:00:00,0.006911563591525715,0.7264341335631035,0.3422100909987968,0.014876138308848114
2024-01-02 02:00:00,0.006911563591525715,0.7082936184046068,0.3329878311623016,0.014876138308848114
2024-01-02 03:00:00,0.006911563591525715,0.7082936184046068,0.3329878311623016,0.014876138308848114
2024-01-02 04:00:00,0.006911563591525715,0.7264341335631035,0.3422100909987968,0.014876138308848114
2024-01-02 05:00:00,0.011519272652542857,0.851738646176621,0.4274914982129171,0.02479356384808019
2024-01-02 06:00:00,0.03455781795762858,1.1918851106145385,0.750830258762057,0.07438069154424057
2024-01-02 07:00:00,0.0806349085678,1.547812966044238,1.3188594492083319,0.17355494693656134
2024-01-02 08:00:00,0.10367345387288572,1.6658589814096187,1.6368097137138378,0.22314207463272173
2024-01-02 09:00:00,0.10367345387288572,1.629577951092625,1.6411617215902898,0.22314207463272173
2024-01-02 10:00:00,0.09906574481186858,1.5878282328610522,1.591145936402136,0.21322464909348965
2024-01-02 11:00:00,0.09215418122034286,1.5711242582430924,1.5071591208252058,0.19834851078464152
2024-01-02 12:00:00,0.06911563591525716,1.4530782428777116,1.2651972814845085,0.14876138308848114
2024-01-02 13:00:00,0.08754647215932572,1.5288052251783617,1.466365595473547,0.18843108524540944
2024-01-02 14:00:00,0.09215418122034286,1.552414428251438,1.5299556483746481,0.19834851078464152
2024-01-02 15:00:00,0.0806349085678,1.512101250560402,1.4051753074460591,0.17355494693656134
2024-01-02 16:00:00,0.04607709061017143,1.3905924026541363,1.0704519145627107,0.09917425539232076
2024-01-02 17:00:00,0.01843083624406857,1.4079006133973992,0.7301526443785367,0.039669702156928305
2024-01-02 18:00:00,0.011519272652542857,1.4099064687710938,0.5929739311862402,0.02479356384808019
2024-01-02 19:00:00,0.009215418122034285,1.295837242860957,0.5069161764185209,0.019834851078464152
2024-01-02 20:00:00,0.006911563591525715,1.0970745929025603,0.4420315318802298,0.014876138308848114
2024-01-02 21:00:00,0.006911563591525715,0.9386804785539985,0.4067659098542634,0.014876138308848114
2024-01-02 22:00:00,0.006911563591525715,0.8177060241887452,0.3790991303447777,0.014876138308848114
2024-01-02 23:00:00,0.006911563591525715,0.7627151638800971,0.3606546106717872,0.014876138308848114
2024-01-03 00:00:00,0.007819694794416262,0.8517974469939419,0.405458574789447,0.016830759024968618
2024-01-03 01:00:00,0.007819694794416262,0.8110914877902158,0.3847645134912648,0.016830759024968618
2024-01-03 02:00:00,0.007819694794416262,0.7907385081883528,0.37441748284217374,0.016830759024968618
2024-01-03 03:00:00,0.007819694794416262,0.7907385081883528,0.37441748284217374,0.016830759024968618
2024-01-03 04:00:00,0.007819694794416262,0.8110914877902158,0.3847645134912648,0.016830759024968618
2024-01-03 05:00:00,0.013032824657360435,0.9510032996409793,0.48091194275143545,0.028051265041614364
2024-01-03 06:00:00,0.039098473972081306,1.3320597740717421,0.8460905181438645,0.0841537951248431
2024-01-03 07:00:00,0.09122977260152305,1.7327260379067688,1.4884477224307293,0.19635885529130054
2024-01-03 08:00:00,0.11729542191624392,1.8662824114525467,1.8483022245564558,0.2524613853745293
2024-01-03 09:00:00,0.11729542191624392,1.8255764522488205,1.8534255539002822,0.2524613853745293
2024-01-03 10:00:00,0.11208229205329974,1.778512197937802,1.7969250134680546,0.24124087935788352
2024-01-03 11:00:00,0.10426259725888348,1.759544312475838,1.7018773581513411,0.2244101203329149
2024-01-03 12:00:00,0.07819694794416261,1.6259879389300602,1.4280808248323105,0.1683075902496862
2024-01-03 13:00:00,0.09904946739593931,1.711734011164913,1.6557238483682046,0.21318961431626918
2024-01-03 14:00:00,0.10426259725888348,1.7384452858740687,1.7276947487933498,0.2244101203329149
2024-01-03 15:00:00,0.09122977260152305,1.6927661257029492,1.5864935836934997,0.19635885529130054
2024-01-03 16:00:00,0.05213129862944174,1.5549825981896843,1.2076603065657188,0.11220506016645745
2024-01-03 17:00:00,0.020852519451776696,1.5727046608814799,0.822346355955038,0.04488202406658298
2024-01-03 18:00:00,0.013032824657360435,1.5748358020212856,0.6670581224736374,0.028051265041614364
2024-01-03 19:00:00,0.010426259725888348,1.4475335805251937,0.5699112912314479,0.02244101203329149
2024-01-03 20:00:00,0.007819694794416262,1.2258917074895437,0.49684061686284553,0.016830759024968618
2024-01-03 21:00:00,0.007819694794416262,1.0486480435427212,0.45719372803490266,0.016830759024968618
2024-01-03 22:00:00,0.007819694794416262,0.9136024327994374,0.4261526360876293,0.016830759024968618
2024-01-03 23:00:00,0.007819694794416262,0.8517974469939419,0.405458574789447,0.016830759024968618
2024-01-04 00:00:00,0.008349437996102415,0.9037621121436846,0.43159422052474855,0.017970954442705574
2024-01-04 01:00:00,0.008349437996102415,0.8604749444226979,0.4095879266118711,0.017970954442705574
2024-01-04 02:00:00,0.008349437996102415,0.8388313605622046,0.39858477965543243,0.017970954442705574
2024-01-04 03:00:00,0.008349437996102415,0.8388313605622046,0.39858477965543243,0.017970954442705574
2024-01-04 04:00:00,0.008349437996102415,0.8604749444226979,0.4095879266118711,0.017970954442705574
2024-01-04 05:00:00,0.013915729993504024,1.0089076808285216,0.5120738687322377,0.029951590737842627
2024-01-04 06:00:00,0.04174718998051207,1.413828327755111,0.9016590027832522,0.08985477221352788
2024-01-04 07:00:00,0.09741010995452817,1.8405919964932453,1.5873742151437944,0.2096611351648984
2024-01-04 08:00:00,0.12524156994153623,1.9831960789775884,1.9716728558813161,0.26956431664058367
2024-01-04 09:00:00,0.12524156994153623,1.9399089112566015,1.9772461227477778,0.26956431664058367
2024-01-04 10:00:00,0.11967527794413461,1.8897445108992397,1.9169628084231736,0.2575836803454466
2024-01-04 11:00:00,0.11132583994803219,1.8694560107782734,1.8154629965915867,0.23961272590274102
2024-01-04 12:00:00,0.08349437996102414,1.7268519282939303,1.523096225118528,0.17970954442705575
2024-01-04 13:00:00,0.10575954795063058,1.8184424696570682,1.7661828292234212,0.22763208960760398
2024-01-04 14:00:00,0.11132583994803219,1.846963286153937,1.8430425573709257,0.23961272590274102
2024-01-04 15:00:00,0.09741010995452817,1.7981539695361017,1.692262578171173,0.2096611351648984
2024-01-04 16:00:00,0.055662919974016095,1.6508768789187538,1.2876985352341401,0.11980636295137051
2024-01-04 17:00:00,0.02226516798960644,1.6688403552471935,0.8761260210413304,0.047922545180548205
2024-01-04 18:00:00,0.013915729993504024,1.671044579750564,0.710273900724619,0.029951590737842627
2024-01-04 19:00:00,0.01113258399480322,1.5360231108293314,0.6066584415389885,0.023961272590274103
2024-01-04 20:00:00,0.008349437996102415,1.3010350243319508,0.5288125831027046,0.017970954442705574
2024-01-04 21:00:00,0.008349437996102415,1.112795789786143,0.4866099553069422,0.017970954442705574
2024-01-04 22:00:00,0.008349437996102415,0.9695420044890081,0.453600514437626,0.017970954442705574
2024-01-04 23:00:00,0.008349437996102415,0.9037621121436846,0.43159422052474855,0.017970954442705574
2024-01-05 00:00:00,0.00853863199670461,0.9223209211257357,0.44092837971592763,0.018378167091897345
2024-01-05 01:00:00,0.00853863199670461,0.8781118932200129,0.4184534312978019,0.018378167091897345
2024-01-05 02:00:00,0.00853863199670461,0.8560073792671518,0.4072159570887391,0.018378167091897345
2024-01-05 03:00:00,0.00853863199670461,0.8560073792671518,0.4072159570887391,0.018378167091897345
2024-01-05 04:00:00,0.00853863199670461,0.8781118932200129,0.4184534312978019,0.018378167091897345
2024-01-05 05:00:00,0.014231053327841019,1.0295878169669295,0.5232031280110957,0.030630278486495577
2024-01-05 06:00:00,0.04269315998352305,1.4430313826420285,0.921504890154462,0.09189083545948673
2024-01-05 07:00:00,0.09961737329488712,1.8791155531312727,1.6227051053984602,0.21441194940546904
2024-01-05 08:00:00,0.12807947995056918,2.0249509602365316,2.0157337956401946,0.2756725063784602
2024-01-05 09:00:00,0.12807947995056918,1.9807419323308089,2.021467754479026,0.2756725063784602
2024-01-05 10:00:00,0.12238705861943275,1.9294703369568957,1.959833449478573,0.26342039498386194
2024-01-05 11:00:00,0.11384842662272815,1.9087101887434288,1.8560292960345313,0.24504222789196461
2024-01-05 12:00:00,0.0853863199670461,1.7628747816381696,1.5570302966493201,0.18378167091897346
2024-01-05 13:00:00,0.10815600529159174,1.8565526334042661,1.8056324652431412,0.2327901164973664
2024-01-05 14:00:00,0.11384842662272815,1.8857197148253182,1.8842382032914882,0.24504222789196461
2024-01-05 15:00:00,0.09961737329488712,1.8357924851907992,1.7300372190560565,0.21441194940546904
2024-01-05 16:00:00,0.056924213311364075,1.685124836321993,1.3162836169014331,0.12252111394598231
2024-01-05 17:00:00,0.02276968532454563,1.7031745318063771,0.8953330442864347,0.04900844557839292
2024-01-05 18:00:00,0.014231053327841019,1.7054048575110206,0.7257081072428267,0.030630278486495577
2024-01-05 19:00:00,0.011384842662272816,1.5676265145093808,0.6197824237916816,0.02450422278919646
2024-01-05 20:00:00,0.00853863199670461,1.3278719232042389,0.5402311424740828,0.018378167091897345
2024-01-05 21:00:00,0.00853863199670461,1.1357056991587935,0.4971157507612419,0.018378167091897345
2024-01-05 22:00:00,0.00853863199670461,0.989520422949569,0.4634033281340534,0.018378167091897345
2024-01-05 23:00:00,0.00853863199670461,0.9223209211257357,0.44092837971592763,0.018378167091897345
2024-01-06 00:00:00,0.044729285791594055,1.0285012842069432,0.8615953525303547,0.09627330098034478
2024-01-06 01:00:00,0.044729285791594055,0.9904938896401418,0.8422731852522627,0.09627330098034478
2024-01-06 02:00:00,0.044729285791594055,0.9714901923567413,0.8326121016132167,0.09627330098034478
2024-01-06 03:00:00,0.044729285791594055,0.9714901923567413,0.8326121016132167,0.09627330098034478
2024-01-06 04:00:00,0.044729285791594055,0.9904938896401418,0.8422731852522627,0.09627330098034478
2024-01-06 05:00:00,0.044729285791594055,1.0773188550657338,0.8712564361694006,0.09627330098034478
2024-01-06 06:00:00,0.044729285791594055,1.2460076163453018,0.9195618543646304,0.09627330098034478
2024-01-06 07:00:00,0.044729285791594055,1.365878806766079,0.9582061889208143,0.09627330098034478
2024-01-06 08:00:00,0.044729285791594055,1.442781433048439,0.9678672725598603,0.09627330098034478
2024-01-06 09:00:00,0.044729285791594055,1.470866488472008,0.9678672725598603,0.09627330098034478
2024-01-06 10:00:00,0.044729285791594055,1.4849090161837928,0.9678672725598603,0.09627330098034478
2024-01-06 11:00:00,0.044729285791594055,1.4989515438955772,0.9678672725598603,0.09627330098034478
2024-01-06 12:00:00,0.044729285791594055,1.4870259944654212,0.9678672725598603,0.09627330098034478
2024-01-06 13:00:00,0.044729285791594055,1.4729834667536366,0.9678672725598603,0.09627330098034478
2024-01-06 14:00:00,0.044729285791594055,1.458940939041852,0.9678672725598603,0.09627330098034478
2024-01-06 15:00:00,0.044729285791594055,1.458940939041852,0.9678672725598603,0.09627330098034478
2024-01-06 16:00:00,0.044729285791594055,1.458940939041852,0.9678672725598603,0.09627330098034478
2024-01-06 17:00:00,0.044729285791594055,1.458940939041852,0.9678672725598603,0.09627330098034478
2024-01-06 18:00:00,0.044729285791594055,1.4270100871848332,0.9678672725598603,0.09627330098034478
2024-01-06 19:00:00,0.044729285791594055,1.364149988614258,0.9582061889208143,0.09627330098034478
2024-01-06 20:00:00,0.044729285791594055,1.2682436650484972,0.9388840216427223,0.09627330098034478
2024-01-06 21:00:00,0.044729285791594055,1.1673761719111209,0.9099007707255845,0.09627330098034478
2024-01-06 22:00:00,0.044729285791594055,1.0855123760571448,0.8905786034474925,0.09627330098034478
2024-01-06 23:00:00,0.044729285791594055,1.0475049814903437,0.8712564361694006,0.09627330098034478
2024-01-07 00:00:00,0.040157097443707615,0.932115078986854,0.7755240899295186,0.08643232862487697
2024-01-07 01:00:00,0.040157097443707615,0.8977312041927743,0.758044044585382,0.08643232862487697
2024-01-07 02:00:00,0.040157097443707615,0.8805392667957345,0.7493040219133137,0.08643232862487697
2024-01-07 03:00:00,0.040157097443707615,0.8805392667957345,0.7493040219133137,0.08643232862487697
2024-01-07 04:00:00,0.040157097443707615,0.8977312041927743,0.758044044585382,0.08643232862487697
2024-01-07 05:00:00,0.040157097443707615,0.9769629250759596,0.7842641126015868,0.08643232862487697
2024-01-07 06:00:00,0.040157097443707615,1.1308793035109814,0.8279642259619283,0.08643232862487697
2024-01-07 07:00:00,0.040157097443707615,1.2399478358568974,0.8629243166502015,0.08643232862487697
2024-01-07 08:00:00,0.040157097443707615,1.3100854300773848,0.8716643393222697,0.08643232862487697
2024-01-07 09:00:00,0.040157097443707615,1.3353751782087664,0.8716643393222697,0.08643232862487697
2024-01-07 10:00:00,0.040157097443707615,1.3480200522744572,0.8716643393222697,0.08643232862487697
2024-01-07 11:00:00,0.040157097443707615,1.3606649263401478,0.8716643393222697,0.08643232862487697
2024-01-07 12:00:00,0.040157097443707615,1.3496025628633215,0.8716643393222697,0.08643232862487697
2024-01-07 13:00:00,0.040157097443707615,1.3369576887976307,0.8716643393222697,0.08643232862487697
2024-01-07 14:00:00,0.040157097443707615,1.3243128147319398,0.8716643393222697,0.08643232862487697
2024-01-07 15:00:00,0.040157097443707615,1.3243128147319398,0.8716643393222697,0.08643232862487697
2024-01-07 16:00:00,0.040157097443707615,1.3243128147319398,0.8716643393222697,0.08643232862487697
2024-01-07 17:00:00,0.040157097443707615,1.3243128147319398,0.8716643393222697,0.08643232862487697
2024-01-07 18:00:00,0.040157097443707615,1.2950743954510096,0.8716643393222697,0.08643232862487697
2024-01-07 19:00:00,0.040157097443707615,1.237581675296213,0.8629243166502015,0.08643232862487697
2024-01-07 20:00:00,0.040157097443707615,1.150252143678686,0.8454442713060649,0.08643232862487697
2024-01-07 21:00:00,0.040157097443707615,1.0583755487298099,0.81922420328986,0.08643232862487697
2024-01-07 22:00:00,0.040157097443707615,0.9836908911779734,0.8017441579457234,0.08643232862487697
2024-01-07 23:00:00,0.040157097443707615,0.9493070163838937,0.7842641126015868,0.08643232862487697
2024-01-08 00:00:00,0.00585207718815341,0.6587858335806113,0.30838331920118417,0.012595747473374195
2024-01-08 01:00:00,0.00585207718815341,0.627667220298139,0.2925632647575841,0.012595747473374195
2024-01-08 02:00:00,0.00585207718815341,0.612107913656903,0.2846532375357841,0.012595747473374195
2024-01-08 03:00:00,0.00585207718815341,0.612107913656903,0.2846532375357841,0.012595747473374195
2024-01-08 04:00:00,0.00585207718815341,0.627667220298139,0.2925632647575841,0.012595747473374195
2024-01-08 05:00:00,0.009753461980255684,0.7359298838015361,0.36516764625131254,0.020992912455623656
2024-01-08 06:00:00,0.029260385940767047,1.0283480032478005,0.6396932894832816,0.06297873736687097
2024-01-08 07:00:00,0.06827423386178978,1.3320810488712849,1.1210064637822017,0.1469503871893656
2024-01-08 08:00:00,0.08778115782230114,1.4320316463595355,1.3900684510641168,0.18893621210061293
2024-01-08 09:00:00,0.08778115782230114,1.4009130330770632,1.3935205838952989,0.18893621210061293
2024-01-08 10:00:00,0.08387977303019888,1.365363606938177,1.3510703464918978,0.18053904711836347
2024-01-08 11:00:00,0.07802769584204547,1.351300861638222,1.2799878439447143,0.16794329964498925
2024-01-08 12:00:00,0.058520771881534095,1.2513502641499714,1.075166480912073,0.12595747473374194
2024-01-08 13:00:00,0.07412631104994319,1.3153883081940516,1.2454476337631135,0.15954613466273979
2024-01-08 14:00:00,0.07802769584204547,1.3353784276917018,1.2992600312194964,0.16794329964498925
2024-01-08 15:00:00,0.06827423386178978,1.3013255628940967,1.1936373184907119,0.1469503871893656
2024-01-08 16:00:00,0.039013847921022735,1.1988038411959971,0.910375457225868,0.08397164982249462
2024-01-08 17:00:00,0.015605539168409094,1.2156292246659717,0.622593314205952,0.03358865992899785
2024-01-08 18:00:00,0.009753461980255684,1.2174889133125368,0.506542374684277,0.020992912455623656
2024-01-08 19:00:00,0.007802769584204547,1.1188581822526809,0.43342187580343966,0.016794329964498925
2024-01-08 20:00:00,0.00585207718815341,0.9467879592177461,0.3780875994005116,0.012595747473374195
2024-01-08 21:00:00,0.00585207718815341,0.8103849860671548,0.34793345531018427,0.012595747473374195
2024-01-08 22:00:00,0.00585207718815341,0.7058268808096038,0.32420337364478424,0.012595747473374195
2024-01-08 23:00:00,0.00585207718815341,0.6587858335806113,0.30838331920118417,0.012595747473374195
2024-01-09 00:00:00,0.00528449518634682,0.6031094066344584,0.28038084162764687,0.011374109525798882
2024-01-09 01:00:00,0.00528449518634682,0.574756373906194,0.2659667506997917,0.011374109525798882
2024-01-09 02:00:00,0.00528449518634682,0.5605798575420619,0.2587597052358641,0.011374109525798882
2024-01-09 03:00:00,0.00528449518634682,0.5605798575420619,0.2587597052358641,0.011374109525798882
2024-01-09 04:00:00,0.00528449518634682,0.574756373906194,0.2659667506997917,0.011374109525798882
2024-01-09 05:00:00,0.008807491977244699,0.6738894753863123,0.3317798684147388,0.018956849209664804
2024-01-09 06:00:00,0.026422475931734097,0.9407388385870484,0.5801556273696521,0.05687054762899441
2024-01-09 07:00:00,0.06165244384071289,1.2165103789572034,1.0150137930182037,0.13269794446765362
2024-01-09 08:00:00,0.0792674277952023,1.3067670025827058,1.2578856317874811,0.17061164288698324
2024-01-09 09:00:00,0.0792674277952023,1.2784139698544412,1.260855688701554,0.17061164288698324
2024-01-09 10:00:00,0.0757444310043044,1.2461861287652085,1.2224584233256992,0.1630289032031173
2024-01-09 11:00:00,0.07045993581795759,1.233538327742756,1.1582889456158802,0.15165479367731843
2024-01-09 12:00:00,0.052844951863468194,1.1432817041172536,0.9733642663196969,0.11374109525798883
2024-01-09 13:00:00,0.06693693902705972,1.2010578169524573,1.1270987257039529,0.14407205399345252
2024-01-09 14:00:00,0.07045993581795759,1.219109141677558,1.1756730934578083,0.15165479367731843
2024-01-09 15:00:00,0.06165244384071289,1.1884100159300048,1.080313395836062,0.13269794446765362
2024-01-09 16:00:00,0.035229967908978796,1.09605996898628,0.8246202122239882,0.07582739683865922
2024-01-09 17:00:00,0.014091987163591519,1.1126266949884216,0.5649722444706389,0.030330958735463685
2024-01-09 18:00:00,0.008807491977244699,1.1144080800311673,0.46023975512965387,0.018956849209664804
2024-01-09 19:00:00,0.0070459935817957595,1.0240479712125332,0.39404992904536046,0.015165479367731842
2024-01-09 20:00:00,0.00528449518634682,0.8662772626008816,0.34383192128637696,0.011374109525798882
2024-01-09 21:00:00,0.00528449518634682,0.7416552579492032,0.3164160689472849,0.011374109525798882
2024-01-09 22:00:00,0.00528449518634682,0.6458916254279212,0.2947949325555021,0.011374109525798882
2024-01-09 23:00:00,0.00528449518634682,0.6031094066344584,0.28038084162764687,0.011374109525798882
2024-01-10 00:00:00,0.004716913184540227,0.5474329796883054,0.2523783640541095,0.010152471578223568
2024-01-10 01:00:00,0.004716913184540227,0.5218455275142487,0.23937023664199922,0.010152471578223568
2024-01-10 02:00:00,0.004716913184540227,0.5090518014272205,0.23286617293594408,0.010152471578223568
2024-01-10 03:00:00,0.004716913184540227,0.5090518014272205,0.23286617293594408,0.010152471578223568
2024-01-10 04:00:00,0.004716913184540227,0.5218455275142487,0.23937023664199922,0.010152471578223568
2024-01-10 05:00:00,0.007861521974233713,0.6118490669710883,0.29839209057816485,0.016920785963705946
2024-01-10 06:00:00,0.023584565922701136,0.8531296739262961,0.5206179652560226,0.05076235789111784
2024-01-10 07:00:00,0.05503065381963598,1.1009397090431214,0.9090211222542054,0.11844550174594162
2024-01-10 08:00:00,0.07075369776810342,1.1815023588058755,1.1257028125108448,0.15228707367335353
2024-01-10 09:00:00,0.07075369776810342,1.1559149066318188,1.1281907935078088,0.15228707367335353
2024-01-10 10:00:00,0.06760908897840992,1.1270086505922399,1.0938465001595001,0.14551875928787114
2024-01-10 11:00:00,0.0628921757938697,1.1157757938472899,1.0365900472870455,0.13536628770964756
2024-01-10 12:00:00,0.04716913184540227,1.0352131440845356,0.8715620517273207,0.10152471578223568
2024-01-10 13:00:00,0.059747567004176216,1.0867273257108627,1.008749817644792,0.1285979733241652
2024-01-10 14:00:00,0.0628921757938697,1.1028398556634136,1.0520861556961199,0.13536628770964756
2024-01-10 15:00:00,0.05503065381963598,1.0754944689659127,0.9669894731814117,0.11844550174594162
2024-01-10 16:00:00,0.03144608789693485,0.9933160967765623,0.7388649672221081,0.06768314385482378
2024-01-10 17:00:00,0.01257843515877394,1.009624165310871,0.5073511747353255,0.027073257541929515
2024-01-10 18:00:00,0.007861521974233713,1.0113272467497973,0.41393713557503065,0.016920785963705946
2024-01-10 19:00:00,0.00628921757938697,0.9292377601723852,0.35467798228728115,0.013536628770964758
2024-01-10 20:00:00,0.004716913184540227,0.7857665659840167,0.30957624317224225,0.010152471578223568
2024-01-10 21:00:00,0.004716913184540227,0.6729255298312513,0.28489868258438533,0.010152471578223568
2024-01-10 22:00:00,0.004716913184540227,0.5859563700462384,0.26538649146621984,0.010152471578223568
2024-01-10 23:00:00,0.004716913184540227,0.5474329796883054,0.2523783640541095,0.010152471578223568
2024-01-11 00:00:00,0.004679074384419788,0.5437212178918952,0.2505115322158737,0.010071029048385215
2024-01-11 01:00:00,0.004679074384419788,0.5183181377547859,0.23759713570481303,0.010071029048385215
2024-01-11 02:00:00,0.004679074384419788,0.5056165976862311,0.2311399374492827,0.010071029048385215
2024-01-11 03:00:00,0.004679074384419788,0.5056165976862311,0.2311399374492827,0.010071029048385215
2024-01-11 04:00:00,0.004679074384419788,0.5183181377547859,0.23759713570481303,0.010071029048385215
2024-01-11 05:00:00,0.007798457307366315,0.6077130397434068,0.2961662387223933,0.016785048413975358
2024-01-11 06:00:00,0.023395371922098944,0.8472890629489128,0.5166487877817806,0.05035514524192607
2024-01-11 07:00:00,0.054589201151564196,1.0932349977155162,0.9019549442032723,0.11749533889782751
2024-01-11 08:00:00,0.07018611576629682,1.1731513825540871,1.1168906245590693,0.15106543572577824
2024-01-11 09:00:00,0.07018611576629682,1.1477483024169775,1.1193464671615594,0.15106543572577824
2024-01-11 10:00:00,0.0670667328433503,1.1190634853807087,1.0852723719484205,0.14435141636018808
2024-01-11 11:00:00,0.06238765845893052,1.107924958254259,1.0284767873984566,0.13428038731180286
2024-01-11 12:00:00,0.04679074384419789,1.028008573415688,0.8647752374211624,0.10071029048385215
2024-01-11 13:00:00,0.05926827553598399,1.0791052929614233,1.000859890440848,0.12756636794621273
2024-01-11 14:00:00,0.06238765845893052,1.0950885699291375,1.0438470265120074,0.13428038731180286
2024-01-11 15:00:00,0.054589201151564196,1.0679667658349734,0.9594345450044351,0.11749533889782751
2024-01-11 16:00:00,0.03119382922946526,0.9864665052959146,0.7331479508886496,0.06714019365590143
2024-01-11 17:00:00,0.012477531691786102,1.0027573299990347,0.5035097700863047,0.026856077462360572
2024-01-11 18:00:00,0.007798457307366315,1.0044551911977062,0.41085029427138914,0.016785048413975358
2024-01-11 19:00:00,0.006238765845893051,0.9229170794363757,0.3520531858367425,0.013428038731180286
2024-01-11 20:00:00,0.004679074384419788,0.7803991862095593,0.30729253129796663,0.010071029048385215
2024-01-11 21:00:00,0.004679074384419788,0.6683435479567214,0.2827975234935254,0.010071029048385215
2024-01-11 22:00:00,0.004679074384419788,0.5819606863541262,0.2634259287269344,0.010071029048385215
2024-01-11 23:00:00,0.004679074384419788,0.5437212178918952,0.2505115322158737,0.010071029048385215
2024-01-12 00:00:00,0.004981784785383305,0.5734153122631769,0.2654461869217603,0.010722569287092051
2024-01-12 01:00:00,0.004981784785383305,0.54653725583049,0.2517819432023024,0.010722569287092051
2024-01-12 02:00:00,0.004981784785383305,0.5330982276141465,0.24494982134257345,0.010722569287092051
2024-01-12 03:00:00,0.004981784785383305,0.5330982276141465,0.24494982134257345,0.010722569287092051
2024-01-12 04:00:00,0.004981784785383305,0.54653725583049,0.2517819432023024,0.010722569287092051
2024-01-12 05:00:00,0.008302974642305507,0.6408012575648596,0.31397305356856603,0.017870948811820084
2024-01-12 06:00:00,0.024908923926916522,0.8940139507679807,0.5484022075757164,0.05361284643546025
2024-01-12 07:00:00,0.05812082249613855,1.1548726883363598,0.9584843686107382,0.1250966416827406
2024-01-12 08:00:00,0.07472677178074956,1.2399591925683966,1.1873881281732752,0.16083853930638076
2024-01-12 09:00:00,0.07472677178074956,1.2130811361357094,1.1901010779315568,0.16083853930638076
2024-01-12 10:00:00,0.07140558192382736,1.1826248070729588,1.1538653976370599,0.1536901597816527
2024-01-12 11:00:00,0.06642379713844405,1.1707316429985075,1.0933828665071685,0.14296759049456068
2024-01-12 12:00:00,0.049817847853833044,1.085645138766471,0.9190697518704297,0.1072256928709205
2024-01-12 13:00:00,0.06310260728152185,1.1400815549569403,1.0639793080724007,0.13581921096983263
2024-01-12 14:00:00,0.06642379713844405,1.1570988558033477,1.109760059984908,0.14296759049456068
2024-01-12 15:00:00,0.05812082249613855,1.1281883908824892,1.0198739704202489,0.1250966416827406
2024-01-12 16:00:00,0.03321189856922203,1.0412632371410975,0.778884081556319,0.07148379524728034
2024-01-12 17:00:00,0.013284759427688812,1.0576920124937281,0.5342410072784718,0.028593518098912134
2024-01-12 18:00:00,0.008302974642305507,1.0594316356144369,0.4355450247005216,0.017870948811820084
2024-01-12 19:00:00,0.006642379713844406,0.9734825253244545,0.37305155744105156,0.014296759049456067
2024-01-12 20:00:00,0.004981784785383305,0.8233382244052205,0.32556222629217185,0.010722569287092051
2024-01-12 21:00:00,0.004981784785383305,0.7049994029529623,0.29960679622040515,0.010722569287092051
2024-01-12 22:00:00,0.004981784785383305,0.6139261558910237,0.27911043064121827,0.010722569287092051
2024-01-12 23:00:00,0.004981784785383305,0.5734153122631769,0.2654461869217603,0.010722569287092051
2024-01-13 00:00:00,0.03809961268715872,0.8887412866378137,0.7367920217591423,0.08200389106491644
2024-01-13 01:00:00,0.03809961268715872,0.8559879957414587,0.7201409312852856,0.08200389106491644
2024-01-13 02:00:00,0.03809961268715872,0.8396113502932813,0.7118153860483571,0.08200389106491644
2024-01-13 03:00:00,0.03809961268715872,0.8396113502932813,0.7118153860483571,0.08200389106491644
2024-01-13 04:00:00,0.03809961268715872,0.8559879957414587,0.7201409312852856,0.08200389106491644
2024-01-13 05:00:00,0.03809961268715872,0.9318027565805612,0.7451175669960706,0.08200389106491644
2024-01-13 06:00:00,0.03809961268715872,1.0790715627355372,0.7867452931807122,0.08200389106491644
2024-01-13 07:00:00,0.03809961268715872,1.1832788989477656,0.8200474741284256,0.08200389106491644
2024-01-13 08:00:00,0.03809961268715872,1.2503722287404102,0.8283730193653539,0.08200389106491644
2024-01-13 09:00:00,0.03809961268715872,1.2744040885903074,0.8283730193653539,0.08200389106491644
2024-01-13 10:00:00,0.03809961268715872,1.286420018515256,0.8283730193653539,0.08200389106491644
2024-01-13 11:00:00,0.03809961268715872,1.2984359484402044,0.8283730193653539,0.08200389106491644
2024-01-13 12:00:00,0.03809961268715872,1.2877620186423764,0.8283730193653539,0.08200389106491644
2024-01-13 13:00:00,0.03809961268715872,1.275746088717428,0.8283730193653539,0.08200389106491644
2024-01-13 14:00:00,0.03809961268715872,1.2637301587924794,0.8283730193653539,0.08200389106491644
2024-01-13 15:00:00,0.03809961268715872,1.2637301587924794,0.8283730193653539,0.08200389106491644
2024-01-13 16:00:00,0.03809961268715872,1.2637301587924794,0.8283730193653539,0.08200389106491644
2024-01-13 17:00:00,0.03809961268715872,1.2637301587924794,0.8283730193653539,0.08200389106491644
2024-01-13 18:00:00,0.03809961268715872,1.2357033341707886,0.8283730193653539,0.08200389106491644
2024-01-13 19:00:00,0.03809961268715872,1.1806259343030927,0.8200474741284256,0.08200389106491644
2024-01-13 20:00:00,0.03809961268715872,1.0971559590622706,0.8033963836545689,0.08200389106491644
2024-01-13 21:00:00,0.03809961268715872,1.0093252682982194,0.7784197479437839,0.08200389106491644
2024-01-13 22:00:00,0.03809961268715872,0.937871222982346,0.7617686574699272,0.08200389106491644
2024-01-13 23:00:00,0.03809961268715872,0.9051179320859911,0.7451175669960706,0.08200389106491644
2024-01-14 00:00:00,0.032384377252300686,0.7682585301127023,0.6292029435080972,0.0697026756205817
2024-01-14 01:00:00,0.032384377252300686,0.7400346389322492,0.6148545054516846,0.0697026756205817
2024-01-14 02:00:00,0.032384377252300686,0.7259226933420228,0.6076802864234784,0.0697026756205817
2024-01-14 03:00:00,0.032384377252300686,0.7259226933420228,0.6076802864234784,0.0697026756205817
2024-01-14 04:00:00,0.032384377252300686,0.7400346389322492,0.6148545054516846,0.0697026756205817
2024-01-14 05:00:00,0.032384377252300686,0.8063578440933434,0.6363771625363034,0.0697026756205817
2024-01-14 06:00:00,0.032384377252300686,0.9351611716926366,0.6722482576773346,0.0697026756205817
2024-01-14 07:00:00,0.032384377252300686,1.0258651853112888,0.7009451337901597,0.0697026756205817
2024-01-14 08:00:00,0.032384377252300686,1.0845022250265925,0.7081193528183659,0.0697026756205817
2024-01-14 09:00:00,0.032384377252300686,1.1050399507612552,0.7081193528183659,0.0697026756205817
2024-01-14 10:00:00,0.032384377252300686,1.1153088136285865,0.7081193528183659,0.0697026756205817
2024-01-14 11:00:00,0.032384377252300686,1.1255776764959178,0.7081193528183659,0.0697026756205817
2024-01-14 12:00:00,0.032384377252300686,1.1159827291397517,0.7081193528183659,0.0697026756205817
2024-01-14 13:00:00,0.032384377252300686,1.1057138662724206,0.7081193528183659,0.0697026756205817
2024-01-14 14:00:00,0.032384377252300686,1.0954450034050893,0.7081193528183659,0.0697026756205817
2024-01-14 15:00:00,0.032384377252300686,1.0954450034050893,0.7081193528183659,0.0697026756205817
2024-01-14 16:00:00,0.032384377252300686,1.0954450034050893,0.7081193528183659,0.0697026756205817
2024-01-14 17:00:00,0.032384377252300686,1.0954450034050893,0.7081193528183659,0.0697026756205817
2024-01-14 18:00:00,0.032384377252300686,1.070783719503509,0.7081193528183659,0.0697026756205817
2024-01-14 19:00:00,0.032384377252300686,1.0224155426555366,0.7009451337901597,0.0697026756205817
2024-01-14 20:00:00,0.032384377252300686,0.9496665573500062,0.6865966957337472,0.0697026756205817
2024-01-14 21:00:00,0.032384377252300686,0.8730744893215807,0.6650740386491284,0.0697026756205817
2024-01-14 22:00:00,0.032384377252300686,0.8105943668833816,0.6507256005927159,0.0697026756205817
2024-01-14 23:00:00,0.032384377252300686,0.7823704757029286,0.6363771625363034,0.0697026756205817
2024-01-15 00:00:00,0.0054736891869490165,0.6216682156165095,0.28971500081882595,0.011781322174990654
2024-01-15 01:00:00,0.0054736891869490165,0.5923933227035091,0.2748322553857225,0.011781322174990654
2024-01-15 02:00:00,0.0054736891869490165,0.577755876247009,0.26739088266917077,0.011781322174990654
2024-01-15 03:00:00,0.0054736891869490165,0.577755876247009,0.26739088266917077,0.011781322174990654
2024-01-15 04:00:00,0.0054736891869490165,0.5923933227035091,0.2748322553857225,0.011781322174990654
2024-01-15 05:00:00,0.009122815311581694,0.6945696115247203,0.34290912769359666,0.019635536958317757
2024-01-15 06:00:00,0.02736844593474508,0.969941893473966,0.600001514740862,0.05890661087495327
2024-01-15 07:00:00,0.06385970718107185,1.2550339355952307,1.0503446832728698,0.1374487587082243
2024-01-15 08:00:00,0.08210533780423525,1.3485218838416493,1.3019465715463596,0.1767198326248598
2024-01-15 09:00:00,0.08210533780423525,1.3192469909286488,1.3050773204328023,0.1767198326248598
2024-01-15 10:00:00,0.07845621167960257,1.285911954822865,1.2653290643810988,0.1688656178415327
2024-01-15 11:00:00,0.07298252249265355,1.2727925057079115,1.198855245058825,0.15708429566654206
2024-01-15 12:00:00,0.05473689186949016,1.179304557461493,1.007298337850489,0.11781322174990654
2024-01-15 13:00:00,0.06933339636802087,1.2391679806996556,1.1665483617236732,0.14923008088321493
2024-01-15 14:00:00,0.07298252249265355,1.2578655703489394,1.2168687393783713,0.15708429566654206
2024-01-15 15:00:00,0.06385970718107185,1.2260485315847023,1.1180880367209454,0.1374487587082243
2024-01-15 16:00:00,0.036491261246326775,1.130307926389519,0.8532052938912815,0.07854214783327103
2024-01-15 17:00:00,0.01459650449853071,1.146960871547605,0.5841792677157432,0.03141685913330841
2024-01-15 18:00:00,0.009122815311581694,1.148768357791624,0.4756739616478616,0.019635536958317757
2024-01-15 19:00:00,0.007298252249265355,1.0556513748925827,0.4071739112980535,0.015708429566654206
2024-01-15 20:00:00,0.0054736891869490165,0.8931141614731697,0.3552504806577552,0.011781322174990654
2024-01-15 21:00:00,0.0054736891869490165,0.7645651673218539,0.3269218644015847,0.011781322174990654
2024-01-15 22:00:00,0.0054736891869490165,0.6658700438884821,0.3045977462519295,0.011781322174990654
2024-01-15 23:00:00,0.0054736891869490165,0.6216682156165095,0.28971500081882595,0.011781322174990654
2024-01-16 00:00:00,0.00585207718815341,0.6587858335806113,0.30838331920118417,0.012595747473374195
2024-01-16 01:00:00,0.00585207718815341,0.627667220298139,0.2925632647575841,0.012595747473374195
2024-01-16 02:00:00,0.00585207718815341,0.612107913656903,0.2846532375357841,0.012595747473374195
2024-01-16 03:00:00,0.00585207718815341,0.612107913656903,0.2846532375357841,0.012595747473374195
2024-01-16 04:00:00,0.00585207718815341,0.627667220298139,0.2925632647575841,0.012595747473374195
2024-01-16 05:00:00,0.009753461980255684,0.7359298838015361,0.36516764625131254,0.020992912455623656
2024-01-16 06:00:00,0.029260385940767047,1.0283480032478005,0.6396932894832816,0.06297873736687097
2024-01-16 07:00:00,0.06827423386178978,1.3320810488712849,1.1210064637822017,0.1469503871893656
2024-01-16 08:00:00,0.08778115782230114,1.4320316463595355,1.3900684510641168,0.18893621210061293
2024-01-16 09:00:00,0.08778115782230114,1.4009130330770632,1.3935205838952989,0.18893621210061293
2024-01-16 10:00:00,0.08387977303019888,1.365363606938177,1.3510703464918978,0.18053904711836347
2024-01-16 11:00:00,0.07802769584204547,1.351300861638222,1.2799878439447143,0.16794329964498925
2024-01-16 12:00:00,0.058520771881534095,1.2513502641499714,1.075166480912073,0.12595747473374194
2024-01-16 13:00:00,0.07412631104994319,1.3153883081940516,1.2454476337631135,0.15954613466273979
2024-01-16 14:00:00,0.07802769584204547,1.3353784276917018,1.2992600312194964,0.16794329964498925
2024-01-16 15:00:00,0.06827423386178978,1.3013255628940967,1.1936373184907119,0.1469503871893656
2024-01-16 16:00:00,0.039013847921022735,1.1988038411959971,0.910375457225868,0.08397164982249462
2024-01-16 17:00:00,0.015605539168409094,1.2156292246659717,0.622593314205952,0.03358865992899785
2024-01-16 18:00:00,0.009753461980255684,1.2174889133125368,0.506542374684277,0.020992912455623656
2024-01-16 19:00:00,0.007802769584204547,1.1188581822526809,0.43342187580343966,0.016794329964498925
2024-01-16 20:00:00,0.00585207718815341,0.9467879592177461,0.3780875994005116,0.012595747473374195
2024-01-16 21:00:00,0.00585207718815341,0.8103849860671548,0.34793345531018427,0.012595747473374195
2024-01-16 22:00:00,0.00585207718815341,0.7058268808096038,0.32420337364478424,0.012595747473374195
2024-01-16 23:00:00,0.00585207718815341,0.6587858335806113,0.30838331920118417,0.012595747473374195
2024-01-17 00:00:00,0.007289951592730109,0.7998327818441991,0.3793229290541455,0.01569056360723166
2024-01-17 01:00:00,0.007289951592730109,0.7617080311577337,0.35994110037065846,0.01569056360723166
2024-01-17 02:00:00,0.007289951592730109,0.742645655814501,0.35025018602891494,0.01569056360723166
2024-01-17 03:00:00,0.007289951592730109,0.742645655814501,0.35025018602891494,0.01569056360723166
2024-01-17 04:00:00,0.007289951592730109,0.7617080311577337,0.35994110037065846,0.01569056360723166
2024-01-17 05:00:00,0.012149919321216849,0.8930989184534369,0.4497500167706331,0.026150939345386096
2024-01-17 06:00:00,0.03644975796365055,1.2502912203883734,0.7905220335044768,0.07845281803615829
2024-01-17 07:00:00,0.08504943524851794,1.6248600793202925,1.3895212297176642,0.18305657541770268
2024-01-17 08:00:00,0.10934927389095164,1.7493687439275054,1.7249315932315952,0.23535845410847486
2024-01-17 09:00:00,0.10934927389095164,1.71124399324104,1.7296049850527866,0.23535845410847486
2024-01-17 10:00:00,0.1044893061624649,1.6672798849763646,1.6768872185129355,0.22489807837032041
2024-01-17 11:00:00,0.09719935456973479,1.6496326141734032,1.5882917197110955,0.20920751476308877
2024-01-17 12:00:00,0.0728995159273011,1.5251239495661904,1.3330654245460924,0.15690563607231658
2024-01-17 13:00:00,0.09233938684124804,1.6050255526727581,1.5452648675129876,0.19874713902493432
2024-01-17 14:00:00,0.09719935456973479,1.6299272855942009,1.612346940215774,0.20920751476308877
2024-01-17 15:00:00,0.08504943524851794,1.5873782818697966,1.480724589215826,0.18305657541770268
2024-01-17 16:00:00,0.048599677284867394,1.4590883174606146,1.1276220778972974,0.10460375738154438
2024-01-17 17:00:00,0.019439870913946958,1.4765689665157662,0.7685666908687456,0.04184150295261775
2024-01-17 18:00:00,0.012149919321216849,1.478627024292007,0.6238423442226557,0.026150939345386096
2024-01-17 19:00:00,0.009719935456973479,1.3590440502210555,0.5331641409239072,0.020920751476308876
2024-01-17 20:00:00,0.007289951592730109,1.1507483906471367,0.4648686506229864,0.01569056360723166
2024-01-17 21:00:00,0.007289951592730109,0.9845002972992996,0.4277775007628631,0.01569056360723166
2024-01-17 22:00:00,0.007289951592730109,0.8576628611098669,0.39870475773763253,0.01569056360723166
2024-01-17 23:00:00,0.007289951592730109,0.7998327818441991,0.3793229290541455,0.01569056360723166
2024-01-18 00:00:00,0.007706178394054944,0.8406621616047113,0.3998580792747396,0.016586431435453554
2024-01-18 01:00:00,0.007706178394054944,0.8005093185118268,0.3794452106797063,0.016586431435453554
2024-01-18 02:00:00,0.007706178394054944,0.7804328969653846,0.3692387763821897,0.016586431435453554
2024-01-18 03:00:00,0.007706178394054944,0.7804328969653846,0.3692387763821897,0.016586431435453554
2024-01-18 04:00:00,0.007706178394054944,0.8005093185118268,0.3794452106797063,0.016586431435453554
2024-01-18 05:00:00,0.01284363065675824,0.9385952179579344,0.4742343871841207,0.02764405239242259
2024-01-18 06:00:00,0.03853089197027472,1.3145379411395917,0.8341829857211387,0.08293215717726778
2024-01-18 07:00:00,0.08990541459730768,1.7096119039239526,1.46724918827793,0.19350836674695815
2024-01-18 08:00:00,0.11559267591082416,1.841229482697181,1.8218656607011288,0.24879647153180331
2024-01-18 09:00:00,0.11559267591082416,1.8010766396042963,1.8268925748615334,0.24879647153180331
2024-01-18 10:00:00,0.11045522364812085,1.7546767023032086,1.771202628834815,0.2377388505748343
2024-01-18 11:00:00,0.10274904525406592,1.7359918056967452,1.6775375784855744,0.22115241913938072
2024-01-18 12:00:00,0.07706178394054944,1.6043742269235168,1.4077203819138353,0.16586431435453555
2024-01-18 13:00:00,0.09761159299136263,1.6888679129165944,1.6320540667563725,0.2100947981824117
2024-01-18 14:00:00,0.10274904525406592,1.71519142867124,1.7029773612410124,0.22115241913938072
2024-01-18 15:00:00,0.08990541459730768,1.670183016310131,1.56382879916257,0.19350836674695815
2024-01-18 16:00:00,0.05137452262703296,1.5344338237477408,1.1905092575653429,0.11057620956969036
2024-01-18 17:00:00,0.020549809050813182,1.55210415494597,0.8108221420079754,0.044230483827876144
2024-01-18 18:00:00,0.01284363065675824,1.5542196353650115,0.6577975985627128,0.02764405239242259
2024-01-18 19:00:00,0.010274904525406591,1.428571538317164,0.5620369018798321,0.022115241913938072
2024-01-18 20:00:00,0.007706178394054944,1.2097895681661708,0.4899894812400186,0.016586431435453554
2024-01-18 21:00:00,0.007706178394054944,1.034902097919131,0.4508902507623228,0.016586431435453554
2024-01-18 22:00:00,0.007706178394054944,0.9016153817231011,0.42027094786977287,0.016586431435453554
2024-01-18 23:00:00,0.007706178394054944,0.8406621616047113,0.3998580792747396,0.016586431435453554
2024-01-19 00:00:00,0.006873724791405275,0.7590034020836867,0.3587877788335514,0.014794695779009758
2024-01-19 01:00:00,0.006873724791405275,0.7229067438036403,0.3404369900616106,0.014794695779009758
2024-01-19 02:00:00,0.006873724791405275,0.7048584146636172,0.33126159567564023,0.014794695779009758
2024-01-19 03:00:00,0.006873724791405275,0.7048584146636172,0.33126159567564023,0.014794695779009758
2024-01-19 04:00:00,0.006873724791405275,0.7229067438036403,0.3404369900616106,0.014794695779009758
2024-01-19 05:00:00,0.011456207985675457,0.8476026189489392,0.4252656463571456,0.024657826298349596
2024-01-19 06:00:00,0.034368623957026376,1.1860444996371546,0.746861081287815,0.07397347889504878
2024-01-19 07:00:00,0.0801934558997282,1.5401082547166323,1.3117932711573987,0.17260478408844718
2024-01-19 08:00:00,0.10310587187107911,1.6575080051578297,1.627997525762062,0.22192043668514636
2024-01-19 09:00:00,0.10310587187107911,1.6214113468777833,1.6323173952440402,0.22192043668514636
2024-01-19 10:00:00,0.09852338867680893,1.5798830676495206,1.582571808191056,0.2120573061658065
2024-01-19 11:00:00,0.09164966388540366,1.5632734226500609,1.4990458609366166,0.19726261038679677
2024-01-19 12:00:00,0.06873724791405275,1.4458736722088634,1.25841046717835,0.14794695779009756
2024-01-19 13:00:00,0.08706718069113348,1.5211831924289219,1.458475668269603,0.18739947986745692
2024-01-19 14:00:00,0.09164966388540366,1.5446631425171613,1.5217165191905355,0.19726261038679677
2024-01-19 15:00:00,0.0801934558997282,1.5045735474294621,1.3976203792690824,0.17260478408844718
2024-01-19 16:00:00,0.04582483194270183,1.3837428111734884,1.064734898229252,0.09863130519339838
2024-01-19 17:00:00,0.018329932777080733,1.4010337780855624,0.7263112397295158,0.03945252207735935
2024-01-19 18:00:00,0.011456207985675457,1.4030344132190022,0.5898870898825986,0.024657826298349596
2024-01-19 19:00:00,0.009164966388540367,1.289516562124947,0.5042913799679822,0.019726261038679676
2024-01-19 20:00:00,0.006873724791405275,1.0917072131281023,0.43974782000595414,0.014794695779009758
2024-01-19 21:00:00,0.006873724791405275,0.9340984966794681,0.4046647507634034,0.014794695779009758
2024-01-19 22:00:00,0.006873724791405275,0.8137103404966328,0.37713856760549225,0.014794695779009758
2024-01-19 23:00:00,0.006873724791405275,0.7590034020836867,0.3587877788335514,0.014794695779009758
2024-01-20 00:00:00,0.03284159608708932,0.7778971506347111,0.6378100697681809,0.0706867728561285
2024-01-20 01:00:00,0.03284159608708932,0.7493109074769859,0.6232774195183728,0.0706867728561285
2024-01-20 02:00:00,0.03284159608708932,0.7350177858981234,0.6160110943934688,0.0706867728561285
2024-01-20 03:00:00,0.03284159608708932,0.7350177858981234,0.6160110943934688,0.0706867728561285
2024-01-20 04:00:00,0.03284159608708932,0.7493109074769859,0.6232774195183728,0.0706867728561285
2024-01-20 05:00:00,0.03284159608708932,0.8163934370923208,0.6450763948930848,0.0706867728561285
2024-01-20 06:00:00,0.03284159608708932,0.9466740029760686,0.6814080205176049,0.0706867728561285
2024-01-20 07:00:00,0.03284159608708932,1.0384582824022068,0.7104733210172209,0.0706867728561285
2024-01-20 08:00:00,0.03284159608708932,1.0977718253236979,0.7177396461421249,0.0706867728561285
2024-01-20 09:00:00,0.03284159608708932,1.1185890817875792,0.7177396461421249,0.0706867728561285
2024-01-20 10:00:00,0.03284159608708932,1.12899771001952,0.7177396461421249,0.0706867728561285
2024-01-20 11:00:00,0.03284159608708932,1.1394063382514605,0.7177396461421249,0.0706867728561285
2024-01-20 12:00:00,0.03284159608708932,1.1297250722999617,0.7177396461421249,0.0706867728561285
2024-01-20 13:00:00,0.03284159608708932,1.119316444068021,0.7177396461421249,0.0706867728561285
2024-01-20 14:00:00,0.03284159608708932,1.1089078158360803,0.7177396461421249,0.0706867728561285
2024-01-20 15:00:00,0.03284159608708932,1.1089078158360803,0.7177396461421249,0.0706867728561285
2024-01-20 16:00:00,0.03284159608708932,1.1089078158360803,0.7177396461421249,0.0706867728561285
2024-01-20 17:00:00,0.03284159608708932,1.1089078158360803,0.7177396461421249,0.0706867728561285
2024-01-20 18:00:00,0.03284159608708932,1.0839772886768912,0.7177396461421249,0.0706867728561285
2024-01-20 19:00:00,0.03284159608708932,1.035072373987341,0.7104733210172209,0.0706867728561285
2024-01-20 20:00:00,0.03284159608708932,0.9614657094869872,0.6959406707674128,0.0706867728561285
2024-01-20 21:00:00,0.03284159608708932,0.8839745516397118,0.6741416953927009,0.0706867728561285
2024-01-20 22:00:00,0.03284159608708932,0.8207765153712987,0.6596090451428928,0.0706867728561285
2024-01-20 23:00:00,0.03284159608708932,0.7921902722135736,0.6450763948930848,0.0706867728561285
2024-01-21 00:00:00,0.03604212793060983,0.8453674942887737,0.6980599535887662,0.07757545350495595
2024-01-21 01:00:00,0.03604212793060983,0.8142447872901434,0.6822378179851893,0.07757545350495595
2024-01-21 02:00:00,0.03604212793060983,0.7986834337908282,0.6743267501834009,0.07757545350495595
2024-01-21 03:00:00,0.03604212793060983,0.7986834337908282,0.6743267501834009,0.07757545350495595
2024-01-21 04:00:00,0.03604212793060983,0.8142447872901434,0.6822378179851893,0.07757545350495595
2024-01-21 05:00:00,0.03604212793060983,0.8866425880851628,0.7059710213905545,0.07757545350495595
2024-01-21 06:00:00,0.03604212793060983,1.0272638219600931,0.7455263603994964,0.07757545350495595
2024-01-21 07:00:00,0.03604212793060983,1.126609962038634,0.77717063160665,0.07757545350495595
2024-01-21 08:00:00,0.03604212793060983,1.1906590274034359,0.7850816994084383,0.07757545350495595
2024-01-21 09:00:00,0.03604212793060983,1.2134329989718486,0.7850816994084383,0.07757545350495595
2024-01-21 10:00:00,0.03604212793060983,1.224819984756055,0.7850816994084383,0.07757545350495595
2024-01-21 11:00:00,0.03604212793060983,1.2362069705402614,0.7850816994084383,0.07757545350495595
2024-01-21 12:00:00,0.03604212793060983,1.2259214744214317,0.7850816994084383,0.07757545350495595
2024-01-21 13:00:00,0.03604212793060983,1.2145344886372254,0.7850816994084383,0.07757545350495595
2024-01-21 14:00:00,0.03604212793060983,1.203147502853019,0.7850816994084383,0.07757545350495595
2024-01-21 15:00:00,0.03604212793060983,1.203147502853019,0.7850816994084383,0.07757545350495595
2024-01-21 16:00:00,0.03604212793060983,1.203147502853019,0.7850816994084383,0.07757545350495595
2024-01-21 17:00:00,0.03604212793060983,1.203147502853019,0.7850816994084383,0.07757545350495595
2024-01-21 18:00:00,0.03604212793060983,1.176332272890568,0.7850816994084383,0.07757545350495595
2024-01-21 19:00:00,0.03604212793060983,1.1236701933099726,0.77717063160665,0.07757545350495595
2024-01-21 20:00:00,0.03604212793060983,1.0440597744458555,0.7613484960030732,0.07757545350495595
2024-01-21 21:00:00,0.03604212793060983,0.9602749878666297,0.7376152925977081,0.07757545350495595
2024-01-21 22:00:00,0.03604212793060983,0.8920515547867188,0.7217931569941313,0.07757545350495595
2024-01-21 23:00:00,0.03604212793060983,0.8609288477880886,0.7059710213905545,0.07757545350495595
2024-01-22 00:00:00,0.0072521127926096695,0.7961210200477887,0.3774560972159096,0.0156091210773933
2024-01-22 01:00:00,0.0072521127926096695,0.7581806413982705,0.3581679994334723,0.0156091210773933
2024-01-22 02:00:00,0.0072521127926096695,0.7392104520735114,0.3485239505422536,0.0156091210773933
2024-01-22 03:00:00,0.0072521127926096695,0.7392104520735114,0.3485239505422536,0.0156091210773933
2024-01-22 04:00:00,0.0072521127926096695,0.7581806413982705,0.3581679994334723,0.0156091210773933
2024-01-22 05:00:00,0.012086854654349447,0.8889628912257552,0.4475241649148615,0.026015201795655498
2024-01-22 06:00:00,0.036260563963048345,1.2444506094109895,0.7865528560302348,0.0780456053869665
2024-01-22 07:00:00,0.08460798258044613,1.6171553679926869,1.3824550516667309,0.1821064125695885
2024-01-22 08:00:00,0.10878169188914504,1.7410177676757166,1.7161194052798194,0.23413681616089949
2024-01-22 09:00:00,0.10878169188914504,1.703077389026198,1.720760658706537,0.23413681616089949
2024-01-22 10:00:00,0.10394695002740525,1.6593347197648332,1.6683130903018555,0.2237307354426373
2024-01-22 11:00:00,0.09669483723479558,1.6417817785803719,1.5801784598225064,0.20812161436524398
2024-01-22 12:00:00,0.07252112792609669,1.5179193788973422,1.326278610239934,0.156091210773933
2024-01-22 13:00:00,0.09186009537305581,1.5974035199233183,1.5373749403090435,0.1977155336469818
2024-01-22 14:00:00,0.09669483723479558,1.6221759998599243,1.6041078110316611,0.20812161436524398
2024-01-22 15:00:00,0.08460798258044613,1.579850578738857,1.4731696610388494,0.1821064125695885
2024-01-22 16:00:00,0.04834741861739779,1.4522387259799667,1.1219050615638386,0.10406080718262199
2024-01-22 17:00:00,0.019338967446959118,1.4697021312039293,0.7647252862197247,0.0416243228730488
2024-01-22 18:00:00,0.012086854654349447,1.4717549687399156,0.6207555029190142,0.026015201795655498
2024-01-22 19:00:00,0.009669483723479559,1.3527233694850456,0.5305393444733686,0.0208121614365244
2024-01-22 20:00:00,0.0072521127926096695,1.1453810108726787,0.4625849387487107,0.0156091210773933
2024-01-22 21:00:00,0.0072521127926096695,0.9799183154247693,0.4256763416720031,0.0156091210773933
2024-01-22 22:00:00,0.0072521127926096695,0.8536671774177547,0.39674419499834707,0.0156091210773933
2024-01-22 23:00:00,0.0072521127926096695,0.7961210200477887,0.3774560972159096,0.0156091210773933
2024-01-23 00:00:00,0.008046727595138897,0.874068017772403,0.4166595658188619,0.01731941420399874
2024-01-23 01:00:00,0.008046727595138897,0.8322558263469937,0.3954031191143817,0.01731941420399874
2024-01-23 02:00:00,0.008046727595138897,0.8113497306342892,0.38477489576214163,0.01731941420399874
2024-01-23 03:00:00,0.008046727595138897,0.8113497306342892,0.38477489576214163,0.01731941420399874
2024-01-23 04:00:00,0.008046727595138897,0.8322558263469937,0.3954031191143817,0.01731941420399874
2024-01-23 05:00:00,0.013411212658564828,0.9758194630070687,0.49426705388606496,0.0288656903399979
2024-01-23 06:00:00,0.040233637975694486,1.3671034399360429,0.8699055829893163,0.0865970710199937
2024-01-23 07:00:00,0.09387848860995379,1.7789543058724016,1.5308447907363285,0.2020598323799853
2024-01-23 08:00:00,0.12070091392708346,1.9163882689632787,1.90117535226711,0.2597912130599811
2024-01-23 09:00:00,0.12070091392708346,1.8745760775378695,1.9064915119777799,0.2597912130599811
2024-01-23 10:00:00,0.11533642886365753,1.8261831892069895,1.8483697827345338,0.24824493692398195
2024-01-23 11:00:00,0.10728970126851863,1.8066493260340244,1.7505569174828748,0.2309255227199832
2024-01-23 12:00:00,0.08046727595138897,1.6692153629431472,1.4688017106692606,0.1731941420399874
2024-01-23 13:00:00,0.10192521620509269,1.7574662076615508,1.7030634115918686,0.21937924658398403
2024-01-23 14:00:00,0.10728970126851863,1.7849530002797263,1.777129523898025,0.2309255227199832
2024-01-23 15:00:00,0.09387848860995379,1.737932344488586,1.6318231527553597,0.2020598323799853
2024-01-23 16:00:00,0.05364485063425931,1.596080147073571,1.2419624045664706,0.1154627613599916
2024-01-23 17:00:00,0.021457940253703726,1.6139056727524999,0.8453947838491631,0.04618510454399664
2024-01-23 18:00:00,0.013411212658564828,1.616068135333833,0.6855791702954865,0.0288656903399979
2024-01-23 19:00:00,0.010728970126851863,1.4854576649412523,0.5856600699346796,0.02309255227199832
2024-01-23 20:00:00,0.008046727595138897,1.2580959861362895,0.5105428881084993,0.01731941420399874
2024-01-23 21:00:00,0.008046727595138897,1.0761399347899019,0.46980068258006236,0.01731941420399874
2024-01-23 22:00:00,0.008046727595138897,0.9375765349521106,0.4379160125233421,0.01731941420399874
2024-01-23 23:00:00,0.008046727595138897,0.874068017772403,0.4166595658188619,0.01731941420399874
2024-01-24 00:00:00,0.007516984393452745,0.8221033526226602,0.3905239200835604,0.01617921878626178
2024-01-24 01:00:00,0.007516984393452745,0.7828723697145116,0.37057970599377543,0.01617921878626178
2024-01-24 02:00:00,0.007516984393452745,0.7632568782604374,0.360607598948883,0.01617921878626178
2024-01-24 03:00:00,0.007516984393452745,0.7632568782604374,0.360607598948883,0.01617921878626178
2024-01-24 04:00:00,0.007516984393452745,0.7828723697145116,0.37057970599377543,0.01617921878626178
2024-01-24 05:00:00,0.012528307322421243,0.9179150818195263,0.46310512790526265,0.026965364643769637
2024-01-24 06:00:00,0.03758492196726373,1.2853348862526741,0.8143370983499287,0.08089609393130891
2024-01-24 07:00:00,0.0876981512569487,1.6710883472859253,1.4319182980232634,0.18875755250638745
2024-01-24 08:00:00,0.11275476590179118,1.7994746014382375,1.7778047209422498,0.24268828179392674
2024-01-24 09:00:00,0.11275476590179118,1.7602436185300887,1.7826709431302847,0.24268828179392674
2024-01-24 10:00:00,0.10774344297282268,1.714950876245552,1.7283319877794152,0.23190213593641887
2024-01-24 11:00:00,0.10022645857936995,1.6967376277315895,1.6369712790426294,0.2157229171501571
2024-01-24 12:00:00,0.07516984393452746,1.5683513735792773,1.373786310383043,0.16179218786261781
2024-01-24 13:00:00,0.09521513565040145,1.6507577491693959,1.592604430736652,0.20493677129264923
2024-01-24 14:00:00,0.10022645857936995,1.6764349999998585,1.6617817153204493,0.2157229171501571
2024-01-24 15:00:00,0.0876981512569487,1.6325445006554333,1.5260541582776863,0.18875755250638745
2024-01-24 16:00:00,0.05011322928968497,1.5001858663445016,1.1619241758980494,0.10786145857507855
2024-01-24 17:00:00,0.02004529171587399,1.5177699783867864,0.7916151187628708,0.04314458343003142
2024-01-24 18:00:00,0.012528307322421243,1.519859357604555,0.642363392044505,0.026965364643769637
2024-01-24 19:00:00,0.010022645857936994,1.3969681346371146,0.548912919627139,0.02157229171501571
2024-01-24 20:00:00,0.007516984393452745,1.1829526692938825,0.47857092186864025,0.01617921878626178
2024-01-24 21:00:00,0.007516984393452745,1.0119921885464802,0.4403844553080229,0.01617921878626178
2024-01-24 22:00:00,0.007516984393452745,0.88163696326254,0.41046813417334543,0.01617921878626178
2024-01-24 23:00:00,0.007516984393452745,0.8221033526226602,0.3905239200835604,0.01617921878626178
2024-01-25 00:00:00,0.007668339593934502,0.836950399808301,0.39799124743650366,0.016504988905615196
2024-01-25 01:00:00,0.007668339593934502,0.7969819287523636,0.37767210974252,0.016504988905615196
2024-01-25 02:00:00,0.007668339593934502,0.7769976932243949,0.36751254089552826,0.016504988905615196
2024-01-25 03:00:00,0.007668339593934502,0.7769976932243949,0.36751254089552826,0.016504988905615196
2024-01-25 04:00:00,0.007668339593934502,0.7969819287523636,0.37767210974252,0.016504988905615196
2024-01-25 05:00:00,0.012780565989890837,0.9344591907302526,0.47200853532834897,0.027508314842691995
2024-01-25 06:00:00,0.03834169796967252,1.308697330162208,0.8302138082468964,0.08252494452807599
2024-01-25 07:00:00,0.08946396192923586,1.7019071925963467,1.4601830102269961,0.19255820389884395
2024-01-25 08:00:00,0.11502509390901754,1.8328785064453919,1.8130534727493524,0.24757483358422797
2024-01-25 09:00:00,0.11502509390901754,1.7929100353894545,1.8180482485152831,0.24757483358422797
2024-01-25 10:00:00,0.1099128675130612,1.746731537091677,1.7626285006237346,0.23657150764715115
2024-01-25 11:00:00,0.1022445279191267,1.7281409701037136,1.6694243185969848,0.22006651874153596
2024-01-25 12:00:00,0.07668339593934503,1.5971696562546687,1.4009335676076764,0.16504988905615198
2024-01-25 13:00:00,0.09713230152317037,1.6812458801671544,1.624164139552428,0.20906319280445917
2024-01-25 14:00:00,0.1022445279191267,1.7074401429369632,1.694738232056899,0.22006651874153596
2024-01-25 15:00:00,0.08946396192923586,1.662655313179191,1.5562738709855926,0.19255820389884395
2024-01-25 16:00:00,0.05112226395956335,1.5275842322670927,1.1847922412318839,0.11003325937076798
2024-01-25 17:00:00,0.02044890558382534,1.545237319634133,0.8069807373589543,0.04401330374830719
2024-01-25 18:00:00,0.012780565989890837,1.54734757981292,0.6547107572590711,0.027508314842691995
2024-01-25 19:00:00,0.01022445279191267,1.4222508575811539,0.5594121054292933,0.022006651874153595
2024-01-25 20:00:00,0.007668339593934502,1.204422188391713,0.4877057693657428,0.016504988905615196
2024-01-25 21:00:00,0.007668339593934502,1.0303201160446005,0.4487890916714627,0.016504988905615196
2024-01-25 22:00:00,0.007668339593934502,0.8976196980309886,0.4183103851304873,0.016504988905615196
2024-01-25 23:00:00,0.007668339593934502,0.836950399808301,0.39799124743650366,0.016504988905615196
2024-01-26 00:00:00,0.007289951592730109,0.7998327818441991,0.3793229290541455,0.01569056360723166
2024-01-26 01:00:00,0.007289951592730109,0.7617080311577337,0.35994110037065846,0.01569056360723166
2024-01-26 02:00:00,0.007289951592730109,0.742645655814501,0.35025018602891494,0.01569056360723166
2024-01-26 03:00:00,0.007289951592730109,0.742645655814501,0.35025018602891494,0.01569056360723166
2024-01-26 04:00:00,0.007289951592730109,0.7617080311577337,0.35994110037065846,0.01569056360723166
2024-01-26 05:00:00,0.012149919321216849,0.8930989184534369,0.4497500167706331,0.026150939345386096
2024-01-26 06:00:00,0.03644975796365055,1.2502912203883734,0.7905220335044768,0.07845281803615829
2024-01-26 07:00:00,0.08504943524851794,1.6248600793202925,1.3895212297176642,0.18305657541770268
2024-01-26 08:00:00,0.10934927389095164,1.7493687439275054,1.7249315932315952,0.23535845410847486
2024-01-26 09:00:00,0.10934927389095164,1.71124399324104,1.7296049850527866,0.23535845410847486
2024-01-26 10:00:00,0.1044893061624649,1.6672798849763646,1.6768872185129355,0.22489807837032041
2024-01-26 11:00:00,0.09719935456973479,1.6496326141734032,1.5882917197110955,0.20920751476308877
2024-01-26 12:00:00,0.0728995159273011,1.5251239495661904,1.3330654245460924,0.15690563607231658
2024-01-26 13:00:00,0.09233938684124804,1.6050255526727581,1.5452648675129876,0.19874713902493432
2024-01-26 14:00:00,0.09719935456973479,1.6299272855942009,1.612346940215774,0.20920751476308877
2024-01-26 15:00:00,0.08504943524851794,1.5873782818697966,1.480724589215826,0.18305657541770268
2024-01-26 16:00:00,0.048599677284867394,1.4590883174606146,1.1276220778972974,0.10460375738154438
2024-01-26 17:00:00,0.019439870913946958,1.4765689665157662,0.7685666908687456,0.04184150295261775
2024-01-26 18:00:00,0.012149919321216849,1.478627024292007,0.6238423442226557,0.026150939345386096
2024-01-26 19:00:00,0.009719935456973479,1.3590440502210555,0.5331641409239072,0.020920751476308876
2024-01-26 20:00:00,0.007289951592730109,1.1507483906471367,0.4648686506229864,0.01569056360723166
2024-01-26 21:00:00,0.007289951592730109,0.9845002972992996,0.4277775007628631,0.01569056360723166
2024-01-26 22:00:00,0.007289951592730109,0.8576628611098669,0.39870475773763253,0.01569056360723166
2024-01-26 23:00:00,0.007289951592730109,0.7998327818441991,0.3793229290541455,0.01569056360723166
2024-01-27 00:00:00,0.037642393852370074,0.8791026661158048,0.7281848954990586,0.08101979382936968
2024-01-27 01:00:00,0.037642393852370074,0.8467117271967219,0.7117180172185975,0.08101979382936968
2024-01-27 02:00:00,0.037642393852370074,0.8305162577371806,0.703484578078367,0.08101979382936968
2024-01-27 03:00:00,0.037642393852370074,0.8305162577371806,0.703484578078367,0.08101979382936968
2024-01-27 04:00:00,0.037642393852370074,0.8467117271967219,0.7117180172185975,0.08101979382936968
2024-01-27 05:00:00,0.037642393852370074,0.9217671635815837,0.7364183346392892,0.08101979382936968
2024-01-27 06:00:00,0.037642393852370074,1.0675587314521051,0.7775855303404421,0.08101979382936968
2024-01-27 07:00:00,0.037642393852370074,1.1706858018568476,0.8105192869013644,0.08101979382936968
2024-01-27 08:00:00,0.037642393852370074,1.2371026284433049,0.8187527260415949,0.08101979382936968
2024-01-27 09:00:00,0.037642393852370074,1.2608549575639834,0.8187527260415949,0.08101979382936968
2024-01-27 10:00:00,0.037642393852370074,1.2727311221243225,0.8187527260415949,0.08101979382936968
2024-01-27 11:00:00,0.037642393852370074,1.2846072866846616,0.8187527260415949,0.08101979382936968
2024-01-27 12:00:00,0.037642393852370074,1.2740196754821667,0.8187527260415949,0.08101979382936968
2024-01-27 13:00:00,0.037642393852370074,1.2621435109218273,0.8187527260415949,0.08101979382936968
2024-01-27 14:00:00,0.037642393852370074,1.2502673463614882,0.8187527260415949,0.08101979382936968
2024-01-27 15:00:00,0.037642393852370074,1.2502673463614882,0.8187527260415949,0.08101979382936968
2024-01-27 16:00:00,0.037642393852370074,1.2502673463614882,0.8187527260415949,0.08101979382936968
2024-01-27 17:00:00,0.037642393852370074,1.2502673463614882,0.8187527260415949,0.08101979382936968
2024-01-27 18:00:00,0.037642393852370074,1.2225097649974064,0.8187527260415949,0.08101979382936968
2024-01-27 19:00:00,0.037642393852370074,1.1679691029712882,0.8105192869013644,0.08101979382936968
2024-01-27 20:00:00,0.037642393852370074,1.0853568069252895,0.7940524086209032,0.08101979382936968
2024-01-27 21:00:00,0.037642393852370074,0.9984252059800885,0.7693520912002115,0.08101979382936968
2024-01-27 22:00:00,0.037642393852370074,0.9276890744944288,0.7528852129197503,0.08101979382936968
2024-01-27 23:00:00,0.037642393852370074,0.8952981355753461,0.7364183346392892,0.08101979382936968
2024-01-28 00:00:00,0.0367279561827928,0.8598254250717872,0.7109706429788916,0.07905159935827613
2024-01-28 01:00:00,0.0367279561827928,0.8281591901072486,0.6948721890852214,0.07905159935827613
2024-01-28 02:00:00,0.0367279561827928,0.8123260726249794,0.6868229621383865,0.07905159935827613
2024-01-28 03:00:00,0.0367279561827928,0.8123260726249794,0.6868229621383865,0.07905159935827613
2024-01-28 04:00:00,0.0367279561827928,0.8281591901072486,0.6948721890852214,0.07905159935827613
2024-01-28 05:00:00,0.0367279561827928,0.9016959775836291,0.7190198699257265,0.07905159935827613
2024-01-28 06:00:00,0.0367279561827928,1.044533068885241,0.7592660046599017,0.07905159935827613
2024-01-28 07:00:00,0.0367279561827928,1.1454996076750112,0.791462912447242,0.07905159935827613
2024-01-28 08:00:00,0.0367279561827928,1.210563427849094,0.799512139394077,0.07905159935827613
2024-01-28 09:00:00,0.0367279561827928,1.2337566955113348,0.799512139394077,0.07905159935827613
2024-01-28 10:00:00,0.0367279561827928,1.2453533293424555,0.799512139394077,0.07905159935827613
2024-01-28 11:00:00,0.0367279561827928,1.2569499631735757,0.799512139394077,0.07905159935827613
2024-01-28 12:00:00,0.0367279561827928,1.2465349891617465,0.799512139394077,0.07905159935827613
2024-01-28 13:00:00,0.0367279561827928,1.2349383553306263,0.799512139394077,0.07905159935827613
2024-01-28 14:00:00,0.0367279561827928,1.2233417214995057,0.799512139394077,0.07905159935827613
2024-01-28 15:00:00,0.0367279561827928,1.2233417214995057,0.799512139394077,0.07905159935827613
2024-01-28 16:00:00,0.0367279561827928,1.2233417214995057,0.799512139394077,0.07905159935827613
2024-01-28 17:00:00,0.0367279561827928,1.2233417214995057,0.799512139394077,0.07905159935827613
2024-01-28 18:00:00,0.0367279561827928,1.1961226266506417,0.799512139394077,0.07905159935827613
2024-01-28 19:00:00,0.0367279561827928,1.1426554403076794,0.791462912447242,0.07905159935827613
2024-01-28 20:00:00,0.0367279561827928,1.0617585026513272,0.7753644585535718,0.07905159935827613
2024-01-28 21:00:00,0.0367279561827928,0.9766250813438263,0.7512167777130667,0.07905159935827613
2024-01-28 22:00:00,0.0367279561827928,0.9073247775185946,0.7351183238193966,0.07905159935827613
2024-01-28 23:00:00,0.0367279561827928,0.8756585425540563,0.7190198699257265,0.07905159935827613
2024-01-29 00:00:00,0.006873724791405275,0.7590034020836867,0.3587877788335514,0.014794695779009758
2024-01-29 01:00:00,0.006873724791405275,0.7229067438036403,0.3404369900616106,0.014794695779009758
2024-01-29 02:00:00,0.006873724791405275,0.7048584146636172,0.33126159567564023,0.014794695779009758
2024-01-29 03:00:00,0.006873724791405275,0.7048584146636172,0.33126159567564023,0.014794695779009758
2024-01-29 04:00:00,0.006873724791405275,0.7229067438036403,0.3404369900616106,0.014794695779009758
2024-01-29 05:00:00,0.011456207985675457,0.8476026189489392,0.4252656463571456,0.024657826298349596
2024-01-29 06:00:00,0.034368623957026376,1.1860444996371546,0.746861081287815,0.07397347889504878
2024-01-29 07:00:00,0.0801934558997282,1.5401082547166323,1.3117932711573987,0.17260478408844718
2024-01-29 08:00:00,0.10310587187107911,1.6575080051578297,1.627997525762062,0.22192043668514636
2024-01-29 09:00:00,0.10310587187107911,1.6214113468777833,1.6323173952440402,0.22192043668514636
2024-01-29 10:00:00,0.09852338867680893,1.5798830676495206,1.582571808191056,0.2120573061658065
2024-01-29 11:00:00,0.09164966388540366,1.5632734226500609,1.4990458609366166,0.19726261038679677
2024-01-29 12:00:00,0.06873724791405275,1.4458736722088634,1.25841046717835,0.14794695779009756
2024-01-29 13:00:00,0.08706718069113348,1.5211831924289219,1.458475668269603,0.18739947986745692
2024-01-29 14:00:00,0.09164966388540366,1.5446631425171613,1.5217165191905355,0.19726261038679677
2024-01-29 15:00:00,0.0801934558997282,1.5045735474294621,1.3976203792690824,0.17260478408844718
2024-01-29 16:00:00,0.04582483194270183,1.3837428111734884,1.064734898229252,0.09863130519339838
2024-01-29 17:00:00,0.018329932777080733,1.4010337780855624,0.7263112397295158,0.03945252207735935
2024-01-29 18:00:00,0.011456207985675457,1.4030344132190022,0.5898870898825986,0.024657826298349596
2024-01-29 19:00:00,0.009164966388540367,1.289516562124947,0.5042913799679822,0.019726261038679676
2024-01-29 20:00:00,0.006873724791405275,1.0917072131281023,0.43974782000595414,0.014794695779009758
2024-01-29 21:00:00,0.006873724791405275,0.9340984966794681,0.4046647507634034,0.014794695779009758
2024-01-29 22:00:00,0.006873724791405275,0.8137103404966328,0.37713856760549225,0.014794695779009758
2024-01-29 23:00:00,0.006873724791405275,0.7590034020836867,0.3587877788335514,0.014794695779009758
2024-01-30 00:00:00,0.006495336790200881,0.7218857841195848,0.34011946045119323,0.01398027048062622
2024-01-30 01:00:00,0.006495336790200881,0.6876328462090103,0.322705980689749,0.01398027048062622
2024-01-30 02:00:00,0.006495336790200881,0.6705063772537232,0.3139992408090269,0.01398027048062622
2024-01-30 03:00:00,0.006495336790200881,0.6705063772537232,0.3139992408090269,0.01398027048062622
2024-01-30 04:00:00,0.006495336790200881,0.6876328462090103,0.322705980689749,0.01398027048062622
2024-01-30 05:00:00,0.010825561317001468,0.8062423466721232,0.40300712779942977,0.0233004508010437
2024-01-30 06:00:00,0.032476683951004406,1.12763838986332,0.7071693065453953,0.0699013524031311
2024-01-30 07:00:00,0.07577892921901028,1.4630611414405779,1.2411314906480666,0.1631031556073059
2024-01-30 08:00:00,0.09743005185301323,1.5739982426399433,1.5398756462443048,0.2097040572093933
2024-01-30 09:00:00,0.09743005185301323,1.5397453047293688,1.5438741317815436,0.2097040572093933
2024-01-30 10:00:00,0.09309982732621264,1.5004314155342084,1.496830526080257,0.20038387688897583
2024-01-30 11:00:00,0.08660449053601174,1.4847650667197505,1.417913262050727,0.1864036064083496
2024-01-30 12:00:00,0.06495336790200881,1.373827965520385,1.190542324116766,0.1398027048062622
2024-01-30 13:00:00,0.08227426600921117,1.4449628649345259,1.3795763962301626,0.17708342608793212
2024-01-30 14:00:00,0.08660449053601174,1.467150285174399,1.4393252273494102,0.1864036064083496
2024-01-30 15:00:00,0.07577892921901028,1.429296516120068,1.322071097499316,0.1631031556073059
2024-01-30 16:00:00,0.04330224526800587,1.3152468963670103,1.0075647348946655,0.0932018032041748
2024-01-30 17:00:00,0.017320898107202352,1.3323654249671957,0.6878971932393071,0.03728072128166992
2024-01-30 18:00:00,0.010825561317001468,1.3343138576980893,0.5590186768461833,0.0233004508010437
2024-01-30 19:00:00,0.008660449053601176,1.2263097547648485,0.47804341546259627,0.01864036064083496
2024-01-30 20:00:00,0.006495336790200881,1.0380334153835262,0.4169107012631978,0.01398027048062622
2024-01-30 21:00:00,0.006495336790200881,0.8882786779341671,0.3836531598548038,0.01398027048062622
2024-01-30 22:00:00,0.006495336790200881,0.773753503575511,0.3575329402126375,0.01398027048062622
2024-01-30 23:00:00,0.006495336790200881,0.7218857841195848,0.34011946045119323,0.01398027048062622
2024-01-31 00:00:00,0.006798047191164397,0.7515798784908665,0.3550541151570798,0.014631810719333053
2024-01-31 01:00:00,0.006798047191164397,0.7158519642847144,0.33689078818723833,0.014631810719333053
2024-01-31 02:00:00,0.006798047191164397,0.6979880071816386,0.3278091247023176,0.014631810719333053
2024-01-31 03:00:00,0.006798047191164397,0.6979880071816386,0.3278091247023176,0.014631810719333053
2024-01-31 04:00:00,0.006798047191164397,0.7158519642847144,0.33689078818723833,0.014631810719333053
2024-01-31 05:00:00,0.011330078651940662,0.8393305644935761,0.42081394264560246,0.024386351198888424
2024-01-31 06:00:00,0.033990235955821985,1.174363277682388,0.7389227263393311,0.07315905359666527
2024-01-31 07:00:00,0.07931055056358463,1.5246988320614216,1.2976609150555325,0.17070445839221896
2024-01-31 08:00:00,0.10197070786746595,1.6408060526542527,1.6103731498585108,0.21947716078999582
2024-01-31 09:00:00,0.10197070786746595,1.6050781384481005,1.614628742551541,0.21947716078999582
2024-01-31 10:00:00,0.09743867640668968,1.5639927372264584,1.5654235517688964,0.20972262031044045
2024-01-31 11:00:00,0.09064062921552529,1.547571751463999,1.4828193411594388,0.1950908095911074
2024-01-31 12:00:00,0.06798047191164397,1.431464530871168,1.2448368385660333,0.14631810719333055
2024-01-31 13:00:00,0.08610859775474902,1.5059391269300428,1.442695813861715,0.18533626911155202
2024-01-31 14:00:00,0.09064062921552529,1.5291605710486091,1.5052382608223107,0.1950908095911074
2024-01-31 15:00:00,0.07931055056358463,1.4895181411675835,1.3825105229151293,0.17070445839221896
2024-01-31 16:00:00,0.045320314607762646,1.370043628212193,1.0533008655623348,0.0975454047955537
2024-01-31 17:00:00,0.01812812584310506,1.3873001074618891,0.7186284304314742,0.03901816191822148
2024-01-31 18:00:00,0.011330078651940662,1.38929030211482,0.5837134072753156,0.024386351198888424
2024-01-31 19:00:00,0.00906406292155253,1.2768752006529274,0.49904178706690516,0.01950908095911074
2024-01-31 20:00:00,0.006798047191164397,1.0809724535791874,0.4351803962574029,0.014631810719333053
2024-01-31 21:00:00,0.006798047191164397,0.9249345329304081,0.4004624325816835,0.014631810719333053
2024-01-31 22:00:00,0.006798047191164397,0.8057189731124086,0.3732174421269213,0.014631810719333053
2024-01-31 23:00:00,0.006798047191164397,0.7515798784908665,0.3550541151570798,0.014631810719333053
2024-02-01 00:00:00,0.007325796483050101,0.8192594269110738,0.4012056864116998,0.015767714535383354
2024-02-01 01:00:00,0.007325796483050101,0.7785734087684637,0.3805217627333933,0.015767714535383354
2024-02-01 02:00:00,0.007325796483050101,0.7582303996971587,0.3701798008942401,0.015767714535383354
2024-02-01 03:00:00,0.007325796483050101,0.7582303996971587,0.3701798008942401,0.015767714535383354
2024-02-01 04:00:00,0.007325796483050101,0.7785734087684637,0.3805217627333933,0.015767714535383354
2024-02-01 05:00:00,0.0122096608050835,0.9120488199166954,0.4738244287028749,0.026279524225638923
2024-02-01 06:00:00,0.036628982415250505,1.2720901048407467,0.8249306186923098,0.07883857267691677
2024-02-01 07:00:00,0.0854676256355845,1.6511251359218413,1.4394706250760927,0.18395666957947246
2024-02-01 08:00:00,0.10988694724575152,1.7762454752893733,1.786108740259098,0.2365157180307503
2024-02-01 09:00:00,0.10988694724575152,1.7355594571467632,1.7915140232163902,0.2365157180307503
2024-02-01 10:00:00,0.1050030829237181,1.6901923802019516,1.7379336449762348,0.22600390834049475
2024-02-01 11:00:00,0.097677286440668,1.6706745373987606,1.6469868137391326,0.21023619380511138
2024-02-01 12:00:00,0.07325796483050101,1.5455541980312286,1.38731272067479,0.15767714535383354
2024-02-01 13:00:00,0.09279342211863462,1.6276322105181855,1.6037483973381303,0.19972438411485582
2024-02-01 14:00:00,0.097677286440668,1.652656278391692,1.6730760203747315,0.21023619380511138
2024-02-01 15:00:00,0.0854676256355845,1.6081143677149947,1.538890772736627,0.18395666957947246
2024-02-01 16:00:00,0.048838643220334,1.4768133857491388,1.181462600508932,0.10511809690255569
2024-02-01 17:00:00,0.0195354572881336,1.484525598675559,0.8122699926032307,0.04204723876102228
2024-02-01 18:00:00,0.0122096608050835,1.4830260148794367,0.6604483458830648,0.026279524225638923
2024-02-01 19:00:00,0.0097677286440668,1.3643873877321946,0.5643212411057725,0.02102361938051114
2024-02-01 20:00:00,0.007325796483050101,1.162289926510005,0.49263778333679203,0.015767714535383354
2024-02-01 21:00:00,0.007325796483050101,1.0021085562783103,0.4529154956074661,0.015767714535383354
2024-02-01 22:00:00,0.007325796483050101,0.8779637040607529,0.42188961009000636,0.015767714535383354
2024-02-01 23:00:00,0.007325796483050101,0.8192594269110738,0.4012056864116998,0.015767714535383354
2024-02-02 00:00:00,0.0068871164592788515,0.7756157185161078,0.3784227696738131,0.014823519402034475
2024-02-02 01:00:00,0.0068871164592788515,0.7372013262217004,0.35889369323332676,0.014823519402034475
2024-02-02 02:00:00,0.0068871164592788515,0.7179941300744968,0.3491291550130836,0.014823519402034475
2024-02-02 03:00:00,0.0068871164592788515,0.7179941300744968,0.3491291550130836,0.014823519402034475
2024-02-02 04:00:00,0.0068871164592788515,0.7372013262217004,0.35889369323332676,0.014823519402034475
2024-02-02 05:00:00,0.01147852743213142,0.863588151895683,0.4467720037128058,0.024705865670057458
2024-02-02 06:00:00,0.034435582296394256,1.2039131906634866,0.7771600219131218,0.07411759701017237
2024-02-02 07:00:00,0.08034969202491993,1.5612375614835856,1.3550389112285954,0.17294105969040222
2024-02-02 08:00:00,0.10330674688918276,1.678865533149648,1.6808489436795155,0.2223527910305171
2024-02-02 09:00:00,0.10330674688918276,1.6404511408552407,1.6858326405765458,0.2223527910305171
2024-02-02 10:00:00,0.0987153359163302,1.5977183503748245,1.6354188692036349,0.21247044476249413
2024-02-02 11:00:00,0.09182821945705136,1.5794045632952065,1.5499322461371172,0.19764692536045966
2024-02-02 12:00:00,0.06887116459278851,1.4617765916291439,1.3058314581445853,0.14823519402034474
2024-02-02 13:00:00,0.08723680848419879,1.5389043645417932,1.5092830129844497,0.18776457909243668
2024-02-02 14:00:00,0.09182821945705136,1.5624299588750057,1.5744450194746338,0.19764692536045966
2024-02-02 15:00:00,0.08034969202491993,1.520590577462175,1.4483091632554483,0.17294105969040222
2024-02-02 16:00:00,0.04591410972852568,1.3973050249506864,1.112349830601491,0.09882346268022983
2024-02-02 17:00:00,0.01836564389141027,1.4054713200987776,0.7654196414383896,0.03952938507209193
2024-02-02 18:00:00,0.01147852743213142,1.4041321374393603,0.622736547251,0.024705865670057458
2024-02-02 19:00:00,0.009182821945705135,1.291740700658987,0.5322636937847427,0.019764692536045965
2024-02-02 20:00:00,0.0068871164592788515,1.100160412139053,0.4647099998815972,0.014823519402034475
2024-02-02 21:00:00,0.0068871164592788515,0.9486079592646839,0.427245460775029,0.014823519402034475
2024-02-02 22:00:00,0.0068871164592788515,0.831004715230716,0.3979518461142995,0.014823519402034475
2024-02-02 23:00:00,0.0068871164592788515,0.7756157185161078,0.3784227696738131,0.014823519402034475
2024-02-03 00:00:00,0.04329625369953631,1.0158776983357656,0.865291945220734,0.09318890722194735
2024-02-03 01:00:00,0.04329625369953631,0.9767086897243656,0.8453792375717974,0.09318890722194735
2024-02-03 02:00:00,0.04329625369953631,0.9571241854186658,0.8354228837473292,0.09318890722194735
2024-02-03 03:00:00,0.04329625369953631,0.9571241854186658,0.8354228837473292,0.09318890722194735
2024-02-03 04:00:00,0.04329625369953631,0.9767086897243656,0.8453792375717974,0.09318890722194735
2024-02-03 05:00:00,0.04329625369953631,1.0614991214326674,0.8752482990452022,0.09318890722194735
2024-02-03 06:00:00,0.04329625369953631,1.2238776481880085,0.9250300681675435,0.09318890722194735
2024-02-03 07:00:00,0.04329625369953631,1.3406347518464474,0.9648554834654166,0.09318890722194735
2024-02-03 08:00:00,0.04329625369953631,1.4110205102322237,0.9748118372898849,0.09318890722194735
2024-02-03 09:00:00,0.04329625369953631,1.435784845521098,0.9748118372898849,0.09318890722194735
2024-02-03 10:00:00,0.04329625369953631,1.448167013165535,0.9748118372898849,0.09318890722194735
2024-02-03 11:00:00,0.04329625369953631,1.4605491808099722,0.9748118372898849,0.09318890722194735
2024-02-03 12:00:00,0.04329625369953631,1.4501344132934912,0.9748118372898849,0.09318890722194735
2024-02-03 13:00:00,0.04329625369953631,1.4377522456490541,0.9748118372898849,0.09318890722194735
2024-02-03 14:00:00,0.04329625369953631,1.425370078004617,0.9748118372898849,0.09318890722194735
2024-02-03 15:00:00,0.04329625369953631,1.425370078004617,0.9748118372898849,0.09318890722194735
2024-02-03 16:00:00,0.04329625369953631,1.425370078004617,0.9748118372898849,0.09318890722194735
2024-02-03 17:00:00,0.04329625369953631,1.425370078004617,0.9748118372898849,0.09318890722194735
2024-02-03 18:00:00,0.04329625369953631,1.3973657590854587,0.9748118372898849,0.09318890722194735
2024-02-03 19:00:00,0.04329625369953631,1.3393621683441195,0.9648554834654166,0.09318890722194735
2024-02-03 20:00:00,0.04329625369953631,1.249391905652643,0.94494277581648,0.09318890722194735
2024-02-03 21:00:00,0.04329625369953631,1.1522193062999044,0.9150737143430753,0.09318890722194735
2024-02-03 22:00:00,0.04329625369953631,1.074631211252865,0.8951610066941388,0.09318890722194735
2024-02-03 23:00:00,0.04329625369953631,1.0354622026414655,0.8752482990452022,0.09318890722194735
2024-02-04 00:00:00,0.03679082834701949,0.8769544834928639,0.7383544477280375,0.07918692257398953
2024-02-04 01:00:00,0.03679082834701949,0.8432646283727115,0.7212272275219236,0.07918692257398953
2024-02-04 02:00:00,0.03679082834701949,0.8264197008126355,0.7126636174188665,0.07918692257398953
2024-02-04 03:00:00,0.03679082834701949,0.8264197008126355,0.7126636174188665,0.07918692257398953
2024-02-04 04:00:00,0.03679082834701949,0.8432646283727115,0.7212272275219236,0.07918692257398953
2024-02-04 05:00:00,0.03679082834701949,0.9173304491716767,0.7469180578310944,0.07918692257398953
2024-02-04 06:00:00,0.03679082834701949,1.0592010530528748,0.7897361083463792,0.07918692257398953
2024-02-04 07:00:00,0.03679082834701949,1.1606956912552597,0.8239905487586071,0.07918692257398953
2024-02-04 08:00:00,0.03679082834701949,1.22223943662076,0.8325541588616641,0.07918692257398953
2024-02-04 09:00:00,0.03679082834701949,1.2434072163074477,0.8325541588616641,0.07918692257398953
2024-02-04 10:00:00,0.03679082834701949,1.2539911061507913,0.8325541588616641,0.07918692257398953
2024-02-04 11:00:00,0.03679082834701949,1.264574995994135,0.8325541588616641,0.07918692257398953
2024-02-04 12:00:00,0.03679082834701949,1.2551625807466402,0.8325541588616641,0.07918692257398953
2024-02-04 13:00:00,0.03679082834701949,1.2445786909032965,0.8325541588616641,0.07918692257398953
2024-02-04 14:00:00,0.03679082834701949,1.2339948010599529,0.8325541588616641,0.07918692257398953
2024-02-04 15:00:00,0.03679082834701949,1.2339948010599529,0.8325541588616641,0.07918692257398953
2024-02-04 16:00:00,0.03679082834701949,1.2339948010599529,0.8325541588616641,0.07918692257398953
2024-02-04 17:00:00,0.03679082834701949,1.2339948010599529,0.8325541588616641,0.07918692257398953
2024-02-04 18:00:00,0.03679082834701949,1.209292288345367,0.8325541588616641,0.07918692257398953
2024-02-04 19:00:00,0.03679082834701949,1.1583324328232103,0.8239905487586071,0.07918692257398953
2024-02-04 20:00:00,0.03679082834701949,1.0799437598976336,0.8068633285524931,0.07918692257398953
2024-02-04 21:00:00,0.03679082834701949,0.9952940492553248,0.7811724982433224,0.07918692257398953
2024-02-04 22:00:00,0.03679082834701949,0.9274892661730919,0.7640452780372083,0.07918692257398953
2024-02-04 23:00:00,0.03679082834701949,0.8937994110529398,0.7469180578310944,0.07918692257398953
2024-02-05 00:00:00,0.0068871164592788515,0.7756157185161078,0.3784227696738131,0.014823519402034475
2024-02-05 01:00:00,0.0068871164592788515,0.7372013262217004,0.35889369323332676,0.014823519402034475
2024-02-05 02:00:00,0.0068871164592788515,0.7179941300744968,0.3491291550130836,0.014823519402034475
2024-02-05 03:00:00,0.0068871164592788515,0.7179941300744968,0.3491291550130836,0.014823519402034475
2024-02-05 04:00:00,0.0068871164592788515,0.7372013262217004,0.35889369323332676,0.014823519402034475
2024-02-05 05:00:00,0.01147852743213142,0.863588151895683,0.4467720037128058,0.024705865670057458
2024-02-05 06:00:00,0.034435582296394256,1.2039131906634866,0.7771600219131218,0.07411759701017237
2024-02-05 07:00:00,0.08034969202491993,1.5612375614835856,1.3550389112285954,0.17294105969040222
2024-02-05 08:00:00,0.10330674688918276,1.678865533149648,1.6808489436795155,0.2223527910305171
2024-02-05 09:00:00,0.10330674688918276,1.6404511408552407,1.6858326405765458,0.2223527910305171
2024-02-05 10:00:00,0.0987153359163302,1.5977183503748245,1.6354188692036349,0.21247044476249413
2024-02-05 11:00:00,0.09182821945705136,1.5794045632952065,1.5499322461371172,0.19764692536045966
2024-02-05 12:00:00,0.06887116459278851,1.4617765916291439,1.3058314581445853,0.14823519402034474
2024-02-05 13:00:00,0.08723680848419879,1.5389043645417932,1.5092830129844497,0.18776457909243668
2024-02-05 14:00:00,0.09182821945705136,1.5624299588750057,1.5744450194746338,0.19764692536045966
2024-02-05 15:00:00,0.08034969202491993,1.520590577462175,1.4483091632554483,0.17294105969040222
2024-02-05 16:00:00,0.04591410972852568,1.3973050249506864,1.112349830601491,0.09882346268022983
2024-02-05 17:00:00,0.01836564389141027,1.4054713200987776,0.7654196414383896,0.03952938507209193
2024-02-05 18:00:00,0.01147852743213142,1.4041321374393603,0.622736547251,0.024705865670057458
2024-02-05 19:00:00,0.009182821945705135,1.291740700658987,0.5322636937847427,0.019764692536045965
2024-02-05 20:00:00,0.0068871164592788515,1.100160412139053,0.4647099998815972,0.014823519402034475
2024-02-05 21:00:00,0.0068871164592788515,0.9486079592646839,0.427245460775029,0.014823519402034475
2024-02-05 22:00:00,0.0068871164592788515,0.831004715230716,0.3979518461142995,0.014823519402034475
2024-02-05 23:00:00,0.0068871164592788515,0.7756157185161078,0.3784227696738131,0.014823519402034475
2024-02-06 00:00:00,0.0062091564225414675,0.7081663509966146,0.3432128074425336,0.013364308741404391
2024-02-06 01:00:00,0.0062091564225414675,0.6732626531948842,0.325468494915042,0.013364308741404391
2024-02-06 02:00:00,0.0062091564225414675,0.6558108042940191,0.3165963386512962,0.013364308741404391
2024-02-06 03:00:00,0.0062091564225414675,0.6558108042940191,0.3165963386512962,0.013364308741404391
2024-02-06 04:00:00,0.0062091564225414675,0.6732626531948842,0.325468494915042,0.013364308741404391
2024-02-06 05:00:00,0.010348594037569114,0.7886943922268456,0.4049637105463354,0.022273847902340653
2024-02-06 06:00:00,0.031045782112707337,1.0985488687531753,0.7033327359816495,0.06682154370702197
2024-02-06 07:00:00,0.07244015826298378,1.4223204009880992,1.2245535352824635,0.15591693531638456
2024-02-06 08:00:00,0.09313734633812201,1.5283692589337088,1.5181747126019791,0.20046463112106588
2024-02-06 09:00:00,0.09313734633812201,1.4934655611319785,1.5225068674058768,0.20046463112106588
2024-02-06 10:00:00,0.08899790872309436,1.4548039406419913,1.4769869430096172,0.19155509196012963
2024-02-06 11:00:00,0.08278875230055291,1.4383509669533496,1.3999388234794572,0.17819078321872522
2024-02-06 12:00:00,0.062091564225414675,1.33230210900774,1.1799058705979057,0.13364308741404393
2024-02-06 13:00:00,0.07864931468552525,1.4017795116691865,1.3632910553469433,0.16928124405778897
2024-02-06 14:00:00,0.08278875230055291,1.4229892832583084,1.4220152908108465,0.17819078321872522
2024-02-06 15:00:00,0.07244015826298378,1.3853265379805448,1.3083194031481724,0.15591693531638456
2024-02-06 16:00:00,0.041394376150276455,1.2744284673530777,1.0055391861990821,0.08909539160936261
2024-02-06 17:00:00,0.016557750460110578,1.2832965259346607,0.6930145532745442,0.03563815664374505
2024-02-06 18:00:00,0.010348594037569114,1.28220523594106,0.5644546766378091,0.022273847902340653
2024-02-06 19:00:00,0.008278875230055289,1.1794685479094837,0.4827202115613327,0.017819078321872524
2024-02-06 20:00:00,0.0062091564225414675,1.004142071747581,0.4215488799962962,0.013364308741404391
2024-02-06 21:00:00,0.0062091564225414675,0.8659252184254427,0.3875735887612625,0.013364308741404391
2024-02-06 22:00:00,0.0062091564225414675,0.7584317324933861,0.36095711997002516,0.013364308741404391
2024-02-06 23:00:00,0.0062091564225414675,0.7081663509966146,0.3432128074425336,0.013364308741404391
2024-02-07 00:00:00,0.006169276420380443,0.7041987411425266,0.34114163319363466,0.013278472820190854
2024-02-07 01:00:00,0.006169276420380443,0.6695015547815419,0.32350230677867214,0.013278472820190854
2024-02-07 02:00:00,0.006169276420380443,0.6521529616010496,0.31468264357119097,0.013278472820190854
2024-02-07 03:00:00,0.006169276420380443,0.6521529616010496,0.31468264357119097,0.013278472820190854
2024-02-07 04:00:00,0.006169276420380443,0.6695015547815419,0.32350230677867214,0.013278472820190854
2024-02-07 05:00:00,0.010282127367300737,0.7842888769522078,0.4025043991836017,0.02213078803365142
2024-02-07 06:00:00,0.03084638210190221,1.0923509674643332,0.6989899544562685,0.06639236410095427
2024-02-07 07:00:00,0.07197489157110516,1.4141488033118939,1.2168779249326904,0.15491551623555996
2024-02-07 08:00:00,0.09253914630570664,1.519516536921006,1.508605640185653,0.1991770923028628
2024-02-07 09:00:00,0.09253914630570664,1.4848193505600213,1.5128994689840722,0.1991770923028628
2024-02-07 10:00:00,0.08842629535878635,1.4463972106577065,1.4676674179393803,0.19032477708940224
2024-02-07 11:00:00,0.0822570189384059,1.4300536965802986,1.3911156809701826,0.17704630426921136
2024-02-07 12:00:00,0.06169276420380442,1.3246859629711865,1.1724984830951595,0.13278472820190854
2024-02-07 13:00:00,0.0781441679914856,1.3937133438531504,1.3547032931329719,0.1681939890557508
2024-02-07 14:00:00,0.0822570189384059,1.4147868905749728,1.4130488361835642,0.17704630426921136
2024-02-07 15:00:00,0.07197489157110516,1.3773698297757426,1.3000847113771559,0.15491551623555996
2024-02-07 16:00:00,0.04112850946920295,1.267200434553218,0.9992562071165871,0.08852315213460568
2024-02-07 17:00:00,0.01645140378768118,1.2761097733367712,0.6887554304413765,0.03540926085384227
2024-02-07 18:00:00,0.010282127367300737,1.275033065264689,0.5610263313076213,0.02213078803365142
2024-02-07 19:00:00,0.00822570189384059,1.1728643036301007,0.4798058890776025,0.017704630426921136
2024-02-07 20:00:00,0.006169276420380443,0.9984939340774943,0.4190099905912783,0.013278472820190854
2024-02-07 21:00:00,0.006169276420380443,0.8610615277878398,0.3852399492310408,0.013278472820190854
2024-02-07 22:00:00,0.006169276420380443,0.7541627335088371,0.3587809596085971,0.013278472820190854
2024-02-07 23:00:00,0.006169276420380443,0.7041987411425266,0.34114163319363466,0.013278472820190854
2024-02-08 00:00:00,0.006328796429024532,0.720069180558878,0.3494263301892298,0.01362181650504499
2024-02-08 01:00:00,0.006328796429024532,0.6845459484349105,0.33136705932415095,0.01362181650504499
2024-02-08 02:00:00,0.006328796429024532,0.6667843323729268,0.3223374238916116,0.01362181650504499
2024-02-08 03:00:00,0.006328796429024532,0.6667843323729268,0.3223374238916116,0.01362181650504499
2024-02-08 04:00:00,0.006328796429024532,0.6845459484349105,0.33136705932415095,0.01362181650504499
2024-02-08 05:00:00,0.010547994048374221,0.801910938050758,0.41234164463453593,0.022703027508408316
2024-02-08 06:00:00,0.031643982145122665,1.1171425726197004,0.7163610805577915,0.06810908252522495
2024-02-08 07:00:00,0.07383595833861956,1.446835194016714,1.2475803663317806,0.15892119255885823
2024-02-08 08:00:00,0.094931946435368,1.5549274249718152,1.5468819298509557,0.20432724757567486
2024-02-08 09:00:00,0.094931946435368,1.5194041928478477,1.5513290626712886,0.20432724757567486
2024-02-08 10:00:00,0.0907127488160183,1.4800241305948438,1.504945518220326,0.19524603657231152
2024-02-08 11:00:00,0.08438395238699377,1.4632427780725004,1.426408251007279,0.18162422006726653
2024-02-08 12:00:00,0.06328796429024533,1.355150547117399,1.202128033106143,0.1362181650504499
2024-02-08 13:00:00,0.08016475476764409,1.4259780151172932,1.3890543419888557,0.1725430090639032
2024-02-08 14:00:00,0.08438395238699377,1.4475964613083134,1.4489146546926908,0.18162422006726653
2024-02-08 15:00:00,0.07383595833861956,1.4091966625949497,1.3330234784612207,0.15892119255885823
2024-02-08 16:00:00,0.042191976193496884,1.2961125657526553,1.0243881234465657,0.09081211003363326
2024-02-08 17:00:00,0.016876790477398755,1.304856783728328,0.7057919217740461,0.03632484401345331
2024-02-08 18:00:00,0.010547994048374221,1.3037217479701715,0.5747397126283721,0.022703027508408316
2024-02-08 19:00:00,0.008438395238699378,1.199281280747631,0.49146317901252257,0.018162422006726655
2024-02-08 20:00:00,0.006328796429024532,1.0210864847578407,0.42916554821134917,0.01362181650504499
2024-02-08 21:00:00,0.006328796429024532,0.8805162903382497,0.394574507351927,0.01362181650504499
2024-02-08 22:00:00,0.006328796429024532,0.7712387294470324,0.3674856010543087,0.01362181650504499
2024-02-08 23:00:00,0.006328796429024532,0.720069180558878,0.3494263301892298,0.01362181650504499
2024-02-09 00:00:00,0.005172276366354878,0.6050084947903308,0.28936227697116473,0.011132574789852493
2024-02-09 01:00:00,0.005172276366354878,0.5754740944479887,0.2743476033694299,0.011132574789852493
2024-02-09 02:00:00,0.005172276366354878,0.5607068942768177,0.2668402665685625,0.011132574789852493
2024-02-09 03:00:00,0.005172276366354878,0.5607068942768177,0.2668402665685625,0.011132574789852493
2024-02-09 04:00:00,0.005172276366354878,0.5754740944479887,0.2743476033694299,0.011132574789852493
2024-02-09 05:00:00,0.008620460610591463,0.6741509950862706,0.34102161511526297,0.018554291316420824
2024-02-09 06:00:00,0.025861381831774388,0.9374034352432872,0.5904204163217505,0.05566287394926247
2024-02-09 07:00:00,0.06034322427414024,1.209858861406767,1.0249876661883788,0.12988003921494576
2024-02-09 08:00:00,0.07758414549532316,1.2981984866034484,1.269378829777511,0.1669886218477874
2024-02-09 09:00:00,0.07758414549532316,1.2686640862611063,1.272714508438971,0.1669886218477874
2024-02-09 10:00:00,0.07413596125108657,1.236228961050599,1.2346792911834719,0.1595669053212191
2024-02-09 11:00:00,0.0689636848847317,1.2226219372540386,1.1705371182383295,0.1484343305313666
2024-02-09 12:00:00,0.051722763663548776,1.134282312057357,0.9873137955265129,0.11132574789852494
2024-02-09 13:00:00,0.06551550064049512,1.1920591484522582,1.140009237783698,0.14101261400479825
2024-02-09 14:00:00,0.0689636848847317,1.2097270734915946,1.1888874705015242,0.1484343305313666
2024-02-09 15:00:00,0.06034322427414024,1.1784521246556978,1.0942174171017502,0.12988003921494576
2024-02-09 16:00:00,0.03448184244236585,1.0864996145567345,0.8421817300542216,0.0742171652656833
2024-02-09 17:00:00,0.01379273697694634,1.0964409583895405,0.5822773596121922,0.029686866106273316
2024-02-09 18:00:00,0.008620460610591463,1.095728798355424,0.4753176980529288,0.018554291316420824
2024-02-09 19:00:00,0.00689636848847317,1.0077581966455373,0.4069478269843528,0.014843433053136658
2024-02-09 20:00:00,0.005172276366354878,0.8572904923253301,0.3555377554658356,0.011132574789852493
2024-02-09 21:00:00,0.005172276366354878,0.7394692618477795,0.3268989609755018,0.011132574789852493
2024-02-09 22:00:00,0.005172276366354878,0.6474377588951169,0.3043769505728996,0.011132574789852493
2024-02-09 23:00:00,0.005172276366354878,0.6050084947903308,0.28936227697116473,0.011132574789852493
2024-02-10 00:00:00,0.0341404698700682,0.8203561367050152,0.6866391709717539,0.07348241031000674
2024-02-10 01:00:00,0.0341404698700682,0.7888985293035193,0.6706467789830861,0.07348241031000674
2024-02-10 02:00:00,0.0341404698700682,0.7731697256027715,0.6626505829887523,0.07348241031000674
2024-02-10 03:00:00,0.0341404698700682,0.7731697256027715,0.6626505829887523,0.07348241031000674
2024-02-10 04:00:00,0.0341404698700682,0.7888985293035193,0.6706467789830861,0.07348241031000674
2024-02-10 05:00:00,0.0341404698700682,0.8585950641764585,0.6946353669660876,0.07348241031000674
2024-02-10 06:00:00,0.0341404698700682,0.992110588368191,0.7346163469377569,0.07348241031000674
2024-02-10 07:00:00,0.0341404698700682,1.08738718508848,0.7666011309150923,0.07348241031000674
2024-02-10 08:00:00,0.0341404698700682,1.1453286288531273,0.7745973269094261,0.07348241031000674
2024-02-10 09:00:00,0.0341404698700682,1.165031145146331,0.7745973269094261,0.07348241031000674
2024-02-10 10:00:00,0.0341404698700682,1.174882403292933,0.7745973269094261,0.07348241031000674
2024-02-10 11:00:00,0.0341404698700682,1.184733661439535,0.7745973269094261,0.07348241031000674
2024-02-10 12:00:00,0.0341404698700682,1.1757296119312568,0.7745973269094261,0.07348241031000674
2024-02-10 13:00:00,0.0341404698700682,1.1658783537846549,0.7745973269094261,0.07348241031000674
2024-02-10 14:00:00,0.0341404698700682,1.156027095638053,0.7745973269094261,0.07348241031000674
2024-02-10 15:00:00,0.0341404698700682,1.156027095638053,0.7745973269094261,0.07348241031000674
2024-02-10 16:00:00,0.0341404698700682,1.156027095638053,0.7745973269094261,0.07348241031000674
2024-02-10 17:00:00,0.0341404698700682,1.156027095638053,0.7745973269094261,0.07348241031000674
2024-02-10 18:00:00,0.0341404698700682,1.1326697632290337,0.7745973269094261,0.07348241031000674
2024-02-10 19:00:00,0.0341404698700682,1.0845795776109883,0.7666011309150923,0.07348241031000674
2024-02-10 20:00:00,0.0341404698700682,1.0109093301455931,0.7506087389264245,0.07348241031000674
2024-02-10 21:00:00,0.0341404698700682,0.9313615371260519,0.726620150943423,0.07348241031000674
2024-02-10 22:00:00,0.0341404698700682,0.8675425478072586,0.7106277589547554,0.07348241031000674
2024-02-10 23:00:00,0.0341404698700682,0.8360849404057629,0.6946353669660876,0.07348241031000674
2024-02-11 00:00:00,0.03823647842535656,0.9078263090135088,0.7665627805041924,0.08229847471798016
2024-02-11 01:00:00,0.03823647842535656,0.8729188642286348,0.7488165630885623,0.08229847471798016
2024-02-11 02:00:00,0.03823647842535656,0.8554651418361979,0.7399434543807472,0.08229847471798016
2024-02-11 03:00:00,0.03823647842535656,0.8554651418361979,0.7399434543807472,0.08229847471798016
2024-02-11 04:00:00,0.03823647842535656,0.8729188642286348,0.7488165630885623,0.08229847471798016
2024-02-11 05:00:00,0.03823647842535656,0.9493679318963415,0.7754358892120073,0.08229847471798016
2024-02-11 06:00:00,0.03823647842535656,1.0957958519717934,0.8198014327510824,0.08229847471798016
2024-02-11 07:00:00,0.03823647842535656,1.2006821491644126,0.8552938675823426,0.08229847471798016
2024-02-11 08:00:00,0.03823647842535656,1.2641907863121966,0.8641669762901576,0.08229847471798016
2024-02-11 09:00:00,0.03823647842535656,1.2861578005771477,0.8641669762901576,0.08229847471798016
2024-02-11 10:00:00,0.03823647842535656,1.2971413077096232,0.8641669762901576,0.08229847471798016
2024-02-11 11:00:00,0.03823647842535656,1.3081248148420987,0.8641669762901576,0.08229847471798016
2024-02-11 12:00:00,0.03823647842535656,1.2984896546459403,0.8641669762901576,0.08229847471798016
2024-02-11 13:00:00,0.03823647842535656,1.2875061475134648,0.8641669762901576,0.08229847471798016
2024-02-11 14:00:00,0.03823647842535656,1.2765226403809893,0.8641669762901576,0.08229847471798016
2024-02-11 15:00:00,0.03823647842535656,1.2765226403809893,0.8641669762901576,0.08229847471798016
2024-02-11 16:00:00,0.03823647842535656,1.2765226403809893,0.8641669762901576,0.08229847471798016
2024-02-11 17:00:00,0.03823647842535656,1.2765226403809893,0.8641669762901576,0.08229847471798016
2024-02-11 18:00:00,0.03823647842535656,1.2510863929542761,0.8641669762901576,0.08229847471798016
2024-02-11 19:00:00,0.03823647842535656,1.198561262938968,0.8552938675823426,0.08229847471798016
2024-02-11 20:00:00,0.03823647842535656,1.1175989033987468,0.8375476501667125,0.08229847471798016
2024-02-11 21:00:00,0.03823647842535656,1.030166328598565,0.8109283240432674,0.08229847471798016
2024-02-11 22:00:00,0.03823647842535656,0.9601874761908195,0.7931821066276373,0.08229847471798016
2024-02-11 23:00:00,0.03823647842535656,0.9252800314059456,0.7754358892120073,0.08229847471798016
2024-02-12 00:00:00,0.005331796374998967,0.620878934206682,0.29764697396675993,0.01147591847470663
2024-02-12 01:00:00,0.005331796374998967,0.5905184881013571,0.2822123559149087,0.01147591847470663
2024-02-12 02:00:00,0.005331796374998967,0.5753382650486947,0.2744950468889831,0.01147591847470663
2024-02-12 03:00:00,0.005331796374998967,0.5753382650486947,0.2744950468889831,0.01147591847470663
2024-02-12 04:00:00,0.005331796374998967,0.5905184881013571,0.2822123559149087,0.01147591847470663
2024-02-12 05:00:00,0.008886327291664947,0.6917730561848205,0.35085886056619714,0.019126530791177716
2024-02-12 06:00:00,0.02665898187499484,0.9621950403986544,0.6077915424232733,0.05737959237353315
2024-02-12 07:00:00,0.062204291041654626,1.2425452521115872,1.0556901075874685,0.13388571553824402
2024-02-12 08:00:00,0.07997694562498452,1.3336093746542574,1.3076551194428137,0.17213877712059947
2024-02-12 09:00:00,0.07997694562498452,1.3032489285489326,1.3111441021261871,0.17213877712059947
2024-02-12 10:00:00,0.07642241470831854,1.269855880987736,1.271957391464417,0.16448816480412837
2024-02-12 11:00:00,0.07109061833331957,1.25581101874624,1.205829688275426,0.15301224632942173
2024-02-12 12:00:00,0.05331796374998968,1.1647468962035696,1.0169433455374963,0.1147591847470663
2024-02-12 13:00:00,0.0675360874166536,1.2243238197164008,1.1743602866395815,0.14536163401295066
2024-02-12 14:00:00,0.07109061833331957,1.242536644224935,1.2247532890106505,0.15301224632942173
2024-02-12 15:00:00,0.062204291041654626,1.2102789574749047,1.1271561841858149,0.13388571553824402
2024-02-12 16:00:00,0.03554530916665979,1.1154117457561719,0.8673136463841999,0.07650612316471087
2024-02-12 17:00:00,0.014218123666663914,1.1251879687810973,0.5993138509448617,0.03060244926588435
2024-02-12 18:00:00,0.008886327291664947,1.1244174810609064,0.48903107937367957,0.019126530791177716
2024-02-12 19:00:00,0.007109061833331957,1.0341751737630676,0.41860511691927266,0.015301224632942175
2024-02-12 20:00:00,0.005331796374998967,0.8798830430056762,0.36569331308590647,0.01147591847470663
2024-02-12 21:00:00,0.005331796374998967,0.7589240243981891,0.33623351909638804,0.01147591847470663
2024-02-12 22:00:00,0.005331796374998967,0.6645137548333121,0.3130815920186112,0.01147591847470663
2024-02-12 23:00:00,0.005331796374998967,0.620878934206682,0.29764697396675993,0.01147591847470663
2024-02-13 00:00:00,0.005252036370676923,0.6129437144985064,0.2935046254689624,0.011304246632279562
2024-02-13 01:00:00,0.005252036370676923,0.5829962912746729,0.27827997964216933,0.011304246632279562
2024-02-13 02:00:00,0.005252036370676923,0.5680225796627563,0.27066765672877285,0.011304246632279562
2024-02-13 03:00:00,0.005252036370676923,0.5680225796627563,0.27066765672877285,0.011304246632279562
2024-02-13 04:00:00,0.005252036370676923,0.5829962912746729,0.27827997964216933,0.011304246632279562
2024-02-13 05:00:00,0.008753393951128206,0.6829620256355455,0.3459402378407301,0.01884041105379927
2024-02-13 06:00:00,0.026260181853384613,0.949799237820971,0.599105979372512,0.05652123316139781
2024-02-13 07:00:00,0.06127375765789743,1.2262020567591772,1.0403388868879238,0.1318828773765949
2024-02-13 08:00:00,0.07878054556015385,1.315903930628853,1.2885169746101626,0.16956369948419342
2024-02-13 09:00:00,0.07878054556015385,1.2859565074050194,1.2919293052825793,0.16956369948419342
2024-02-13 10:00:00,0.07527918797970257,1.2530424210191675,1.2533183413239446,0.16202753506267373
2024-02-13 11:00:00,0.07002715160902565,1.2392164780001393,1.1881834032568779,0.15072328843039415
2024-02-13 12:00:00,0.05252036370676923,1.1495146041304634,1.0021285705320047,0.11304246632279562
2024-02-13 13:00:00,0.06652579402857436,1.2081914840843295,1.1571847622116398,0.14318712400887446
2024-02-13 14:00:00,0.07002715160902565,1.2261318588582648,1.2068203797560875,0.15072328843039415
2024-02-13 15:00:00,0.06127375765789743,1.1943655410653014,1.1106868006437827,0.1318828773765949
2024-02-13 16:00:00,0.03501357580451282,1.1009556801564533,0.8547476882192108,0.07536164421519707
2024-02-13 17:00:00,0.014005430321805127,1.110814463585319,0.5907956052785269,0.03014465768607883
2024-02-13 18:00:00,0.008753393951128206,1.1100731397081653,0.4821743887133042,0.01884041105379927
2024-02-13 19:00:00,0.0070027151609025635,1.0209666852043024,0.41277647195181283,0.015072328843039415
2024-02-13 20:00:00,0.005252036370676923,0.8685867676655032,0.36061553427587106,0.011304246632279562
2024-02-13 21:00:00,0.005252036370676923,0.7491966431229843,0.331566240035945,0.011304246632279562
2024-02-13 22:00:00,0.005252036370676923,0.6559757568642145,0.30872927129575545,0.011304246632279562
2024-02-13 23:00:00,0.005252036370676923,0.6129437144985064,0.2935046254689624,0.011304246632279562
2024-02-14 00:00:00,0.0050127563577107865,0.5891380553739795,0.2810775799755696,0.010789231104998355
2024-02-14 01:00:00,0.0050127563577107865,0.5604297007946202,0.2664828508239512,0.010789231104998355
2024-02-14 02:00:00,0.0050127563577107865,0.5460755235049406,0.25918548624814197,0.010789231104998355
2024-02-14 03:00:00,0.0050127563577107865,0.5460755235049406,0.25918548624814197,0.010789231104998355
2024-02-14 04:00:00,0.0050127563577107865,0.5604297007946202,0.2664828508239512,0.010789231104998355
2024-02-14 05:00:00,0.008354593929517979,0.6565289339877207,0.33118436966432874,0.017982051841663925
2024-02-14 06:00:00,0.025063781788553938,0.9126118300879199,0.5730492902202275,0.053946155524991775
2024-02-14 07:00:00,0.05848215750662585,1.1771724707019466,0.9942852247892888,0.12587436289164747
2024-02-14 08:00:00,0.0751913453656618,1.2627875985526393,1.2311025401122084,0.16183846657497533
2024-02-14 09:00:00,0.0751913453656618,1.23407924397328,1.2342849147517547,0.16183846657497533
2024-02-14 10:00:00,0.07184950779385461,1.202602041113462,1.1974011909025264,0.15464564583830975
2024-02-14 11:00:00,0.06683675143614383,1.189432855761837,1.135244548201233,0.1438564147333114
2024-02-14 12:00:00,0.050127563577107875,1.1038177279111445,0.9576842455155294,0.10789231104998355
2024-02-14 13:00:00,0.06349491386433664,1.1597944771881157,1.1056581889278139,0.13666359399664582
2024-02-14 14:00:00,0.06683675143614383,1.1769175027582541,1.153021651992398,0.1438564147333114
2024-02-14 15:00:00,0.05848215750662585,1.1466252918364908,1.0612786500176852,0.12587436289164747
2024-02-14 16:00:00,0.033418375718071915,1.0575874833572974,0.817049813724243,0.0719282073666557
2024-02-14 17:00:00,0.013367350287228765,1.0676939479979837,0.5652408682795227,0.028771282946662282
2024-02-14 18:00:00,0.008354593929517979,1.0670401156499416,0.46160431673217794,0.017982051841663925
2024-02-14 19:00:00,0.006683675143614383,0.9813412195280073,0.3952905370494328,0.014385641473331141
2024-02-14 20:00:00,0.0050127563577107865,0.8346979416449839,0.3453821978457648,0.010789231104998355
2024-02-14 21:00:00,0.0050127563577107865,0.7200144992973699,0.31756440285461557,0.010789231104998355
2024-02-14 22:00:00,0.0050127563577107865,0.6303617629569217,0.295672309127188,0.010789231104998355
2024-02-14 23:00:00,0.0050127563577107865,0.5891380553739795,0.2810775799755696,0.010789231104998355
2024-02-15 00:00:00,0.005212156368515901,0.6089761046444185,0.29143345122006353,0.011218410711066027
2024-02-15 01:00:00,0.005212156368515901,0.5792351928613307,0.2763137915057996,0.011218410711066027
2024-02-15 02:00:00,0.005212156368515901,0.564364736969787,0.26875396164866766,0.011218410711066027
2024-02-15 03:00:00,0.005212156368515901,0.564364736969787,0.26875396164866766,0.011218410711066027
2024-02-15 04:00:00,0.005212156368515901,0.5792351928613307,0.2763137915057996,0.011218410711066027
2024-02-15 05:00:00,0.008686927280859834,0.6785565103609081,0.3434809264779965,0.018697351185110046
2024-02-15 06:00:00,0.026060781842579504,0.9436013365321291,0.5947631978471312,0.05609205355533014
2024-02-15 07:00:00,0.06080849096601884,1.218030459082972,1.0326632765381512,0.13088145829577033
2024-02-15 08:00:00,0.0781823455277385,1.3070512086161508,1.2789479021938368,0.1682761606659904
2024-02-15 09:00:00,0.0781823455277385,1.277310296833063,1.2823219068607752,0.1682761606659904
2024-02-15 10:00:00,0.07470757461539457,1.2446356910348833,1.2439988162537083,0.1607972201919464
2024-02-15 11:00:00,0.06949541824687867,1.230919207627089,1.1793602607476037,0.14957880948088037
2024-02-15 12:00:00,0.05212156368515901,1.1418984580939102,0.9947211830292588,0.11218410711066028
2024-02-15 13:00:00,0.06602064733453473,1.2001253162682939,1.1485969999976688,0.14209986900683635
2024-02-15 14:00:00,0.06949541824687867,1.2179294661749296,1.1978539251288058,0.14957880948088037
2024-02-15 15:00:00,0.06080849096601884,1.1864088328604996,1.1024521088727663,0.13088145829577033
2024-02-15 16:00:00,0.03474770912343934,1.093727647356594,0.8484647091367162,0.07478940474044019
2024-02-15 17:00:00,0.013899083649375733,1.1036277109874297,0.5865364824453596,0.029915761896176073
2024-02-15 18:00:00,0.008686927280859834,1.1029009690317946,0.47874604338311644,0.018697351185110046
2024-02-15 19:00:00,0.006949541824687867,1.01436244092492,0.4098621494680828,0.014957880948088037
2024-02-15 20:00:00,0.005212156368515901,0.8629386299954166,0.35807664487085333,0.011218410711066027
2024-02-15 21:00:00,0.005212156368515901,0.7443329524853819,0.3292326005057234,0.011218410711066027
2024-02-15 22:00:00,0.005212156368515901,0.6517067578796658,0.3065531109343275,0.011218410711066027
2024-02-15 23:00:00,0.005212156368515901,0.6089761046444185,0.29143345122006353,0.011218410711066027
2024-02-16 00:00:00,0.0053716763771599904,0.6248465440607699,0.29971814821565873,0.011561754395920165
2024-02-16 01:00:00,0.0053716763771599904,0.5942795865146993,0.2841785440512784,0.011561754395920165
2024-02-16 02:00:00,0.0053716763771599904,0.578996107741664,0.2764087419690882,0.011561754395920165
2024-02-16 03:00:00,0.0053716763771599904,0.578996107741664,0.2764087419690882,0.011561754395920165
2024-02-16 04:00:00,0.0053716763771599904,0.5942795865146993,0.2841785440512784,0.011561754395920165
2024-02-16 05:00:00,0.008952793961933318,0.696178571459458,0.35331817192893067,0.019269590659866942
2024-02-16 06:00:00,0.026858381885799955,0.9683929416874963,0.612134323948654,0.057808771979600826
2024-02-16 07:00:00,0.06266955773353322,1.250716849787792,1.063365717937241,0.1348871346190686
2024-02-16 08:00:00,0.08057514565739984,1.3424620966669598,1.3172241918591394,0.17342631593880248
2024-02-16 09:00:00,0.08057514565739984,1.3118951391208893,1.320751500547991,0.17342631593880248
2024-02-16 10:00:00,0.07699402807262654,1.2782626109720203,1.2812769165346536,0.1657184796748557
2024-02-16 11:00:00,0.07162235169546655,1.2641082891192903,1.2146528307847,0.15415672527893554
2024-02-16 12:00:00,0.05371676377159991,1.1723630422401228,1.0243507330402422,0.11561754395920165
2024-02-16 13:00:00,0.06804123411069321,1.2323899875324367,1.1829480488535524,0.14644888901498876
2024-02-16 14:00:00,0.07162235169546655,1.25073903690827,1.2337197436379321,0.15415672527893554
2024-02-16 15:00:00,0.06266955773353322,1.2182356656797066,1.1353908759568312,0.1348871346190686
2024-02-16 16:00:00,0.03581117584773327,1.1226397785560311,0.8735966254666946,0.07707836263946777
2024-02-16 17:00:00,0.014324470339093308,1.1323747213789865,0.603572973778029,0.030831345055787107
2024-02-16 18:00:00,0.008952793961933318,1.131589651737277,0.4924594247038672,0.019269590659866942
2024-02-16 19:00:00,0.007162235169546654,1.0407794180424499,0.4215194394030027,0.015415672527893554
2024-02-16 20:00:00,0.0053716763771599904,0.8855311806757629,0.3682322024909241,0.011561754395920165
2024-02-16 21:00:00,0.0053716763771599904,0.7637877150357916,0.33856715862660963,0.011561754395920165
2024-02-16 22:00:00,0.0053716763771599904,0.6687827538178609,0.3152577523800391,0.011561754395920165
2024-02-16 23:00:00,0.0053716763771599904,0.6248465440607699,0.29971814821565873,0.011561754395920165
2024-02-17 00:00:00,0.032935761471453974,0.7946296154378111,0.6631322269916249,0.07088945019001455
2024-02-17 01:00:00,0.032935761471453974,0.76418666609025,0.6476556660108873,0.07088945019001455
2024-02-17 02:00:00,0.032935761471453974,0.7489651914164696,0.6399173855205186,0.07088945019001455
2024-02-17 03:00:00,0.032935761471453974,0.7489651914164696,0.6399173855205186,0.07088945019001455
2024-02-17 04:00:00,0.032935761471453974,0.76418666609025,0.6476556660108873,0.07088945019001455
2024-02-17 05:00:00,0.032935761471453974,0.8318971619059047,0.6708705074819936,0.07088945019001455
2024-02-17 06:00:00,0.032935761471453974,0.9616149226024254,0.7095619099338376,0.07088945019001455
2024-02-17 07:00:00,0.032935761471453974,1.0540651368308527,0.7405150318953128,0.07088945019001455
2024-02-17 08:00:00,0.032935761471453974,1.1103691707769303,0.7482533123856815,0.07088945019001455
2024-02-17 09:00:00,0.032935761471453974,1.1294056582549143,0.7482533123856815,0.07088945019001455
2024-02-17 10:00:00,0.032935761471453974,1.1389239019939064,0.7482533123856815,0.07088945019001455
2024-02-17 11:00:00,0.032935761471453974,1.1484421457328984,0.7482533123856815,0.07088945019001455
2024-02-17 12:00:00,0.032935761471453974,1.139623717015173,0.7482533123856815,0.07088945019001455
2024-02-17 13:00:00,0.032935761471453974,1.130105473276181,0.7482533123856815,0.07088945019001455
2024-02-17 14:00:00,0.032935761471453974,1.120587229537189,0.7482533123856815,0.07088945019001455
2024-02-17 15:00:00,0.032935761471453974,1.120587229537189,0.7482533123856815,0.07088945019001455
2024-02-17 16:00:00,0.032935761471453974,1.120587229537189,0.7482533123856815,0.07088945019001455
2024-02-17 17:00:00,0.032935761471453974,1.120587229537189,0.7482533123856815,0.07088945019001455
2024-02-17 18:00:00,0.032935761471453974,1.0978413427216092,0.7482533123856815,0.07088945019001455
2024-02-17 19:00:00,0.032935761471453974,1.0510555525145235,0.7405150318953128,0.07088945019001455
2024-02-17 20:00:00,0.032935761471453974,0.9795300438946651,0.7250384709145752,0.07088945019001455
2024-02-17 21:00:00,0.032935761471453974,0.9023013043400187,0.7018236294434689,0.07088945019001455
2024-02-17 22:00:00,0.032935761471453974,0.8402940394591524,0.6863470684627312,0.07088945019001455
2024-02-17 23:00:00,0.032935761471453974,0.8098510901115915,0.6708705074819936,0.07088945019001455
2024-02-18 00:00:00,0.02618939443921431,0.6505610963414685,0.5314933407029027,0.05636887351805831
2024-02-18 01:00:00,0.02618939443921431,0.6258002320959422,0.5189054333665736,0.05636887351805831
2024-02-18 02:00:00,0.02618939443921431,0.613419799973179,0.5126114796984091,0.05636887351805831
2024-02-18 03:00:00,0.02618939443921431,0.613419799973179,0.5126114796984091,0.05636887351805831
2024-02-18 04:00:00,0.02618939443921431,0.6258002320959422,0.5189054333665736,0.05636887351805831
2024-02-18 05:00:00,0.02618939443921431,0.6823889091908031,0.5377872943710671,0.05636887351805831
2024-02-18 06:00:00,0.02618939443921431,0.7908391943141387,0.5692570627118895,0.05636887351805831
2024-02-18 07:00:00,0.02618939443921431,0.8674616665881396,0.5944328773845473,0.05636887351805831
2024-02-18 08:00:00,0.02618939443921431,0.9145962055502276,0.6007268310527117,0.05636887351805831
2024-02-18 09:00:00,0.02618939443921431,0.9299029316629809,0.6007268310527117,0.05636887351805831
2024-02-18 10:00:00,0.02618939443921431,0.9375562947193575,0.6007268310527117,0.05636887351805831
2024-02-18 11:00:00,0.02618939443921431,0.9452096577757342,0.6007268310527117,0.05636887351805831
2024-02-18 12:00:00,0.02618939443921431,0.9374307054851055,0.6007268310527117,0.05636887351805831
2024-02-18 13:00:00,0.02618939443921431,0.9297773424287289,0.6007268310527117,0.05636887351805831
2024-02-18 14:00:00,0.02618939443921431,0.9221239793723522,0.6007268310527117,0.05636887351805831
2024-02-18 15:00:00,0.02618939443921431,0.9221239793723522,0.6007268310527117,0.05636887351805831
2024-02-18 16:00:00,0.02618939443921431,0.9221239793723522,0.6007268310527117,0.05636887351805831
2024-02-18 17:00:00,0.02618939443921431,0.9221239793723522,0.6007268310527117,0.05636887351805831
2024-02-18 18:00:00,0.02618939443921431,0.9028021878800326,0.6007268310527117,0.05636887351805831
2024-02-18 19:00:00,0.02618939443921431,0.8633210119743214,0.5944328773845473,0.05636887351805831
2024-02-18 20:00:00,0.02618939443921431,0.8038060408894702,0.5818449700482183,0.05636887351805831
2024-02-18 21:00:00,0.02618939443921431,0.7395640007382326,0.5629631090437249,0.05636887351805831
2024-02-18 22:00:00,0.02618939443921431,0.687702392709758,0.550375201707396,0.05636887351805831
2024-02-18 23:00:00,0.02618939443921431,0.6629415284642316,0.5377872943710671,0.05636887351805831
2024-02-19 00:00:00,0.005411556379321014,0.6288141539148578,0.3017893224645576,0.011647590317133702
2024-02-19 01:00:00,0.005411556379321014,0.5980406849280415,0.28614473218764813,0.011647590317133702
2024-02-19 02:00:00,0.005411556379321014,0.5826539504346334,0.2783224370491934,0.011647590317133702
2024-02-19 03:00:00,0.005411556379321014,0.5826539504346334,0.2783224370491934,0.011647590317133702
2024-02-19 04:00:00,0.005411556379321014,0.5980406849280415,0.28614473218764813,0.011647590317133702
2024-02-19 05:00:00,0.009019260632201691,0.7005840867340957,0.3557774832916643,0.01941265052855617
2024-02-19 06:00:00,0.02705778189660507,0.9745908429763385,0.6164771054740349,0.05823795158566851
2024-02-19 07:00:00,0.06313482442541184,1.2588884474639976,1.0710413282870137,0.1358885536998932
2024-02-19 08:00:00,0.08117334568981521,1.3513148186796624,1.3267932642754654,0.17471385475700552
2024-02-19 09:00:00,0.08117334568981521,1.320541349692846,1.3303588989697956,0.17471385475700552
2024-02-19 10:00:00,0.07756564143693453,1.286669340956305,1.2905964416048903,0.16694879454558306
2024-02-19 11:00:00,0.07215408505761353,1.2724055594923411,1.2234759732939746,0.15530120422844937
2024-02-19 12:00:00,0.05411556379321014,1.1799791882766761,1.0317581205429884,0.11647590317133702
2024-02-19 13:00:00,0.06854638080473285,1.2404561553484725,1.1915358110675238,0.1475361440170269
2024-02-19 14:00:00,0.07215408505761353,1.2589414295916055,1.2426861982652142,0.15530120422844937
2024-02-19 15:00:00,0.06313482442541184,1.2261923738845086,1.1436255677278477,0.1358885536998932
2024-02-19 16:00:00,0.036077042528806766,1.1298678113558906,0.8798796045491895,0.07765060211422468
2024-02-19 17:00:00,0.014430817011522705,1.139561473976876,0.6078320966111965,0.03106024084568987
2024-02-19 18:00:00,0.009019260632201691,1.138761822413648,0.49588777003405504,0.01941265052855617
2024-02-19 19:00:00,0.0072154085057613525,1.0473836623218327,0.4244337618867328,0.015530120422844936
2024-02-19 20:00:00,0.005411556379321014,0.8911793183458496,0.370771091895942,0.011647590317133702
2024-02-19 21:00:00,0.005411556379321014,0.7686514056733942,0.3409007981568312,0.011647590317133702
2024-02-19 22:00:00,0.005411556379321014,0.6730517528024099,0.31743391274146704,0.011647590317133702
2024-02-19 23:00:00,0.005411556379321014,0.6288141539148578,0.3017893224645576,0.011647590317133702
2024-02-20 00:00:00,0.0054514363814820365,0.6327817637689456,0.3038604967134564,0.011733426238347234
2024-02-20 01:00:00,0.0054514363814820365,0.6018017833413836,0.2881109203240178,0.011733426238347234
2024-02-20 02:00:00,0.0054514363814820365,0.5863117931276026,0.28023613212929854,0.011733426238347234
2024-02-20 03:00:00,0.0054514363814820365,0.5863117931276026,0.28023613212929854,0.011733426238347234
2024-02-20 04:00:00,0.0054514363814820365,0.6018017833413836,0.2881109203240178,0.011733426238347234
2024-02-20 05:00:00,0.009085727302470061,0.7049896020087331,0.35823679465439784,0.01955571039724539
2024-02-20 06:00:00,0.027257181907410184,0.9807887442651801,0.6208198869994155,0.05866713119173617
2024-02-20 07:00:00,0.06360009111729042,1.2670600451402025,1.0787169386367863,0.13688997278071774
2024-02-20 08:00:00,0.08177154572223055,1.3601675406923648,1.336362336691791,0.17600139357520853
2024-02-20 09:00:00,0.08177154572223055,1.3291875602648027,1.3399662973915996,0.17600139357520853
2024-02-20 10:00:00,0.07813725480124253,1.2950760709405893,1.2999159666751263,0.16817910941631037
2024-02-20 11:00:00,0.07268581841976049,1.2807028298653915,1.2322991158032486,0.15644568317796312
2024-02-20 12:00:00,0.05451436381482037,1.1875953343132293,1.039165508045734,0.11733426238347235
2024-02-20 13:00:00,0.06905152749877246,1.2485223231645082,1.2001235732814948,0.14862339901906496
2024-02-20 14:00:00,0.07268581841976049,1.2671438222749405,1.2516526528924956,0.15644568317796312
2024-02-20 15:00:00,0.06360009111729042,1.2341490820893104,1.151860259498864,0.13688997278071774
2024-02-20 16:00:00,0.036342909209880245,1.13709584415575,0.886162583631684,0.07822284158898156
2024-02-20 17:00:00,0.014537163683952099,1.1467482265747653,0.612091219444364,0.03128913663559262
2024-02-20 18:00:00,0.009085727302470061,1.1459339930900185,0.4993161153642427,0.01955571039724539
2024-02-20 19:00:00,0.007268581841976049,1.0539879066012152,0.4273480843704628,0.01564456831779631
2024-02-20 20:00:00,0.0054514363814820365,0.8968274560159362,0.37330998130095966,0.011733426238347234
2024-02-20 21:00:00,0.0054514363814820365,0.7735150963109966,0.3432344376870528,0.011733426238347234
2024-02-20 22:00:00,0.0054514363814820365,0.6773207517869586,0.31961007310289496,0.011733426238347234
2024-02-20 23:00:00,0.0054514363814820365,0.6327817637689456,0.3038604967134564,0.011733426238347234
2024-02-21 00:00:00,0.005929996407414308,0.6803930820179998,0.3287145877002419,0.012763457292909649
2024-02-21 01:00:00,0.005929996407414308,0.6469349643014892,0.31170517796045405,0.012763457292909649
2024-02-21 02:00:00,0.005929996407414308,0.630205905443234,0.3032004730905602,0.012763457292909649
2024-02-21 03:00:00,0.005929996407414308,0.630205905443234,0.3032004730905602,0.012763457292909649
2024-02-21 04:00:00,0.005929996407414308,0.6469349643014892,0.31170517796045405,0.012763457292909649
2024-02-21 05:00:00,0.009883327345690513,0.7578557853043831,0.38774853100720047,0.02127242882151608
2024-02-21 06:00:00,0.02964998203707154,1.0551635597312823,0.6729332653039843,0.06381728646454823
2024-02-21 07:00:00,0.06918329141983359,1.3651192172546636,1.170824262834056,0.14890700175061256
2024-02-21 08:00:00,0.08894994611121462,1.4664002048447924,1.4511912056876992,0.19145185939364473
2024-02-21 09:00:00,0.08894994611121462,1.4329420871282819,1.455255078453248,0.19145185939364473
2024-02-21 10:00:00,0.08499661517293841,1.395956830752001,1.4117502675179625,0.1829428878650383
2024-02-21 11:00:00,0.07906661876552411,1.3802700743419964,1.3381768259145381,0.17017943057212864
2024-02-21 12:00:00,0.05929996407414308,1.2789890867518674,1.1280541580786845,0.12763457292909647
2024-02-21 13:00:00,0.0751132878272479,1.3453163369569365,1.3031767198491464,0.1616704590435222
2024-02-21 14:00:00,0.07906661876552411,1.3655725344749623,1.359250108419875,0.17017943057212864
2024-02-21 15:00:00,0.06918329141983359,1.329629580546932,1.2506765607510588,0.14890700175061256
2024-02-21 16:00:00,0.039533309382762054,1.2238322377540622,0.9615583326216197,0.08508971528606432
2024-02-21 17:00:00,0.015813323753104822,1.232989257749436,0.6632006934423724,0.03403588611442573
2024-02-21 18:00:00,0.009883327345690513,1.2320000412064658,0.5404562593264951,0.02127242882151608
2024-02-21 19:00:00,0.007906661876552411,1.1332388379538059,0.46231995417522265,0.017017943057212864
2024-02-21 20:00:00,0.005929996407414308,0.964605108056975,0.40377665416117214,0.012763457292909649
2024-02-21 21:00:00,0.005929996407414308,0.8318793839622256,0.3712381120497115,0.012763457292909649
2024-02-21 22:00:00,0.005929996407414308,0.7285487396015444,0.3457239974400298,0.012763457292909649
2024-02-21 23:00:00,0.005929996407414308,0.6803930820179998,0.3287145877002419,0.012763457292909649
2024-02-22 00:00:00,0.006607956444151693,0.7478424495374929,0.36392454993152146,0.014222667953539733
2024-02-22 01:00:00,0.006607956444151693,0.7108736373283054,0.3451303762787388,0.014222667953539733
2024-02-22 02:00:00,0.006607956444151693,0.6923892312237119,0.3357332894523476,0.014222667953539733
2024-02-22 03:00:00,0.006607956444151693,0.6923892312237119,0.3357332894523476,0.014222667953539733
2024-02-22 04:00:00,0.006607956444151693,0.7108736373283054,0.3451303762787388,0.014222667953539733
2024-02-22 05:00:00,0.011013260740252821,0.8327495449732206,0.4295568241736709,0.02370444658923289
2024-02-22 06:00:00,0.033039782220758464,1.1605278816415936,0.7467605512354566,0.07111333976769867
2024-02-22 07:00:00,0.07709282518176974,1.50403637775015,1.301309638780188,0.1659311261246302
2024-02-22 08:00:00,0.0991193466622754,1.6168964790607319,1.6138654367652359,0.21334001930309598
2024-02-22 09:00:00,0.0991193466622754,1.5799276668515443,1.6185808516239173,0.21334001930309598
2024-02-22 10:00:00,0.09471404236617426,1.5388712404848344,1.5701821937119806,0.20385824066740282
2024-02-22 11:00:00,0.08810608592202257,1.5213236706838535,1.4881702485721984,0.1896355727138631
2024-02-22 12:00:00,0.06607956444151693,1.4084635693732717,1.2539797456253643,0.14222667953539733
2024-02-22 13:00:00,0.08370078162592144,1.4824411898295433,1.4491686774866528,0.18015379407816995
2024-02-22 14:00:00,0.08810608592202257,1.5050132100916598,1.5116798370836624,0.1896355727138631
2024-02-22 15:00:00,0.07709282518176974,1.4648936200285627,1.3906663208583345,0.1659311261246302
2024-02-22 16:00:00,0.044053042961011285,1.3467087953516708,1.0683689770240283,0.09481778635693155
2024-02-22 17:00:00,0.017621217184404514,1.355164051913553,0.7356057816062179,0.037927114542772616
2024-02-22 18:00:00,0.011013260740252821,1.353926942704766,0.5987381299396861,0.02370444658923289
2024-02-22 19:00:00,0.008810608592202257,1.2455109907033093,0.5118634363986326,0.018963557271386308
2024-02-22 20:00:00,0.006607956444151693,1.060623448448447,0.4469377740464732,0.014222667953539733
2024-02-22 21:00:00,0.006607956444151693,0.9145621248014669,0.410909984063478,0.014222667953539733
2024-02-22 22:00:00,0.006607956444151693,0.8011217223388744,0.3827187235843041,0.014222667953539733
2024-02-22 23:00:00,0.006607956444151693,0.7478424495374929,0.36392454993152146,0.014222667953539733
2024-02-23 00:00:00,0.007724596504660326,0.8589355254519523,0.4219174289006877,0.016626073747518698
2024-02-23 01:00:00,0.007724596504660326,0.8161843929018852,0.4001836440970901,0.016626073747518698
2024-02-23 02:00:00,0.007724596504660326,0.7948088266268516,0.3893167516952914,0.016626073747518698
2024-02-23 03:00:00,0.007724596504660326,0.7948088266268516,0.3893167516952914,0.016626073747518698
2024-02-23 04:00:00,0.007724596504660326,0.8161843929018852,0.4001836440970901,0.016626073747518698
2024-02-23 05:00:00,0.012874327507767212,0.9561039726630705,0.4984175423302104,0.027710122912531165
2024-02-23 06:00:00,0.03862298252330163,1.334069117729165,0.868358433946117,0.0831303687375935
2024-02-23 07:00:00,0.09012029255437048,1.732841112683892,1.5162267285738176,0.19397086038771816
2024-02-23 08:00:00,0.1158689475699049,1.8647726954163966,1.8817994644223548,0.2493911062127805
2024-02-23 09:00:00,0.1158689475699049,1.8220215628663292,1.887588007434431,0.2493911062127805
2024-02-23 10:00:00,0.110719216566798,1.7742596800447947,1.8311288956785983,0.23830705704776803
2024-02-23 11:00:00,0.10299462006213769,1.753647241129265,1.735218238831874,0.22168098330024932
2024-02-23 12:00:00,0.07724596504660326,1.6217156583967605,1.4613865957022487,0.166260737475187
2024-02-23 13:00:00,0.0978448890590308,1.7082938886785426,1.68962601947784,0.21059693413523686
2024-02-23 14:00:00,0.10299462006213769,1.7346802052250436,1.7627405666475475,0.22168098330024932
2024-02-23 15:00:00,0.09012029255437048,1.6876814497630128,1.6212376904467893,0.19397086038771816
2024-02-23 16:00:00,0.051497310031068846,1.5490937137477323,1.2442923913338781,0.11084049165012466
2024-02-23 17:00:00,0.020598924012427536,1.5563931246544513,0.8548612209349046,0.04433619666004986
2024-02-23 18:00:00,0.012874327507767212,1.554747721643143,0.6947317991849418,0.027710122912531165
2024-02-23 19:00:00,0.010299462006213768,1.4304298305260204,0.5934644659430725,0.02216809833002493
2024-02-23 20:00:00,0.007724596504660326,1.218771303210871,0.5180266773869692,0.016626073747518698
2024-02-23 21:00:00,0.007724596504660326,1.0507454626543347,0.4762518909096816,0.016626073747518698
2024-02-23 22:00:00,0.007724596504660326,0.920653693906241,0.4436512137042853,0.016626073747518698
2024-02-23 23:00:00,0.007724596504660326,0.8589355254519523,0.4219174289006877,0.016626073747518698
2024-02-24 00:00:00,0.04931979569260744,1.144510304671786,0.9828266651213791,0.1061537078219083
2024-02-24 01:00:00,0.04931979569260744,1.1002680057907124,0.9603348024327919,0.1061537078219083
2024-02-24 02:00:00,0.04931979569260744,1.0781468563501755,0.9490888710884984,0.1061537078219083
2024-02-24 03:00:00,0.04931979569260744,1.0781468563501755,0.9490888710884984,0.1061537078219083
2024-02-24 04:00:00,0.04931979569260744,1.1002680057907124,0.9603348024327919,0.1061537078219083
2024-02-24 05:00:00,0.04931979569260744,1.1949886327854369,0.9940725964656726,0.1061537078219083
2024-02-24 06:00:00,0.04931979569260744,1.376355977016836,1.0503022531871402,0.1061537078219083
2024-02-24 07:00:00,0.04931979569260744,1.5072449931345842,1.0952859785643145,0.1061537078219083
2024-02-24 08:00:00,0.04931979569260744,1.5858178006132084,1.106531909908608,0.1061537078219083
2024-02-24 09:00:00,0.04931979569260744,1.6139122799781815,1.106531909908608,0.1061537078219083
2024-02-24 10:00:00,0.04931979569260744,1.6279595196606684,1.106531909908608,0.1061537078219083
2024-02-24 11:00:00,0.04931979569260744,1.6420067593431549,1.106531909908608,0.1061537078219083
2024-02-24 12:00:00,0.04931979569260744,1.630663887873909,1.106531909908608,0.1061537078219083
2024-02-24 13:00:00,0.04931979569260744,1.6166166481914226,1.106531909908608,0.1061537078219083
2024-02-24 14:00:00,0.04931979569260744,1.602569408508936,1.106531909908608,0.1061537078219083
2024-02-24 15:00:00,0.04931979569260744,1.602569408508936,1.106531909908608,0.1061537078219083
2024-02-24 16:00:00,0.04931979569260744,1.602569408508936,1.106531909908608,0.1061537078219083
2024-02-24 17:00:00,0.04931979569260744,1.602569408508936,1.106531909908608,0.1061537078219083
2024-02-24 18:00:00,0.04931979569260744,1.5715078616225806,1.106531909908608,0.1061537078219083
2024-02-24 19:00:00,0.04931979569260744,1.5069822938264432,1.0952859785643145,0.1061537078219083
2024-02-24 20:00:00,0.04931979569260744,1.4062883369072818,1.0727941158757273,0.1061537078219083
2024-02-24 21:00:00,0.04931979569260744,1.2975204702300709,1.0390563218428468,0.1061537078219083
2024-02-24 22:00:00,0.04931979569260744,1.2108737529933962,1.0165644591542595,0.1061537078219083
2024-02-24 23:00:00,0.04931979569260744,1.1666314541123226,0.9940725964656726,0.1061537078219083
2024-02-25 00:00:00,0.04570567049676477,1.0673307408701738,0.9123058331809921,0.09837482746193173
2024-02-25 01:00:00,0.04570567049676477,1.0261324161509044,0.8913614635161954,0.09837482746193173
2024-02-25 02:00:00,0.04570567049676477,1.0055332537912698,0.880889278683797,0.09837482746193173
2024-02-25 03:00:00,0.04570567049676477,1.0055332537912698,0.880889278683797,0.09837482746193173
2024-02-25 04:00:00,0.04570567049676477,1.0261324161509044,0.8913614635161954,0.09837482746193173
2024-02-25 05:00:00,0.04570567049676477,1.1148949259737755,0.9227780180133904,0.09837482746193173
2024-02-25 06:00:00,0.04570567049676477,1.2848689797195396,0.9751389421753823,0.09837482746193173
2024-02-25 07:00:00,0.04570567049676477,1.4072788483617023,1.017027681504976,0.09837482746193173
2024-02-25 08:00:00,0.04570567049676477,1.4809394263846176,1.0274998663373742,0.09837482746193173
2024-02-25 09:00:00,0.04570567049676477,1.5070358193039315,1.0274998663373742,0.09837482746193173
2024-02-25 10:00:00,0.04570567049676477,1.5200840157635884,1.0274998663373742,0.09837482746193173
2024-02-25 11:00:00,0.04570567049676477,1.5331322122232454,1.0274998663373742,0.09837482746193173
2024-02-25 12:00:00,0.04570567049676477,1.5223462031256585,1.0274998663373742,0.09837482746193173
2024-02-25 13:00:00,0.04570567049676477,1.5092980066660016,1.0274998663373742,0.09837482746193173
2024-02-25 14:00:00,0.04570567049676477,1.4962498102063446,1.0274998663373742,0.09837482746193173
2024-02-25 15:00:00,0.04570567049676477,1.4962498102063446,1.0274998663373742,0.09837482746193173
2024-02-25 16:00:00,0.04570567049676477,1.4962498102063446,1.0274998663373742,0.09837482746193173
2024-02-25 17:00:00,0.04570567049676477,1.4962498102063446,1.0274998663373742,0.09837482746193173
2024-02-25 18:00:00,0.04570567049676477,1.4670226001003075,1.0274998663373742,0.09837482746193173
2024-02-25 19:00:00,0.04570567049676477,1.4064102185370488,1.017027681504976,0.09837482746193173
2024-02-25 20:00:00,0.04570567049676477,1.3121504781544986,0.9960833118401791,0.09837482746193173
2024-02-25 21:00:00,0.04570567049676477,1.210339771871971,0.964666757342984,0.09837482746193173
2024-02-25 22:00:00,0.04570567049676477,1.1291282279490775,0.9437223876781872,0.09837482746193173
2024-02-25 23:00:00,0.04570567049676477,1.0879299032298084,0.9227780180133904,0.09837482746193173
2024-02-26 00:00:00,0.006607956444151693,0.7478424495374929,0.36392454993152146,0.014222667953539733
2024-02-26 01:00:00,0.006607956444151693,0.7108736373283054,0.3451303762787388,0.014222667953539733
2024-02-26 02:00:00,0.006607956444151693,0.6923892312237119,0.3357332894523476,0.014222667953539733
2024-02-26 03:00:00,0.006607956444151693,0.6923892312237119,0.3357332894523476,0.014222667953539733
2024-02-26 04:00:00,0.006607956444151693,0.7108736373283054,0.3451303762787388,0.014222667953539733
2024-02-26 05:00:00,0.011013260740252821,0.8327495449732206,0.4295568241736709,0.02370444658923289
2024-02-26 06:00:00,0.033039782220758464,1.1605278816415936,0.7467605512354566,0.07111333976769867
2024-02-26 07:00:00,0.07709282518176974,1.50403637775015,1.301309638780188,0.1659311261246302
2024-02-26 08:00:00,0.0991193466622754,1.6168964790607319,1.6138654367652359,0.21334001930309598
2024-02-26 09:00:00,0.0991193466622754,1.5799276668515443,1.6185808516239173,0.21334001930309598
2024-02-26 10:00:00,0.09471404236617426,1.5388712404848344,1.5701821937119806,0.20385824066740282
2024-02-26 11:00:00,0.08810608592202257,1.5213236706838535,1.4881702485721984,0.1896355727138631
2024-02-26 12:00:00,0.06607956444151693,1.4084635693732717,1.2539797456253643,0.14222667953539733
2024-02-26 13:00:00,0.08370078162592144,1.4824411898295433,1.4491686774866528,0.18015379407816995
2024-02-26 14:00:00,0.08810608592202257,1.5050132100916598,1.5116798370836624,0.1896355727138631
2024-02-26 15:00:00,0.07709282518176974,1.4648936200285627,1.3906663208583345,0.1659311261246302
2024-02-26 16:00:00,0.044053042961011285,1.3467087953516708,1.0683689770240283,0.09481778635693155
2024-02-26 17:00:00,0.017621217184404514,1.355164051913553,0.7356057816062179,0.037927114542772616
2024-02-26 18:00:00,0.011013260740252821,1.353926942704766,0.5987381299396861,0.02370444658923289
2024-02-26 19:00:00,0.008810608592202257,1.2455109907033093,0.5118634363986326,0.018963557271386308
2024-02-26 20:00:00,0.006607956444151693,1.060623448448447,0.4469377740464732,0.014222667953539733
2024-02-26 21:00:00,0.006607956444151693,0.9145621248014669,0.410909984063478,0.014222667953539733
2024-02-26 22:00:00,0.006607956444151693,0.8011217223388744,0.3827187235843041,0.014222667953539733
2024-02-26 23:00:00,0.006607956444151693,0.7478424495374929,0.36392454993152146,0.014222667953539733
2024-02-27 00:00:00,0.006288916426863512,0.7161015707047903,0.347355155940331,0.013535980583831458
2024-02-27 01:00:00,0.006288916426863512,0.6807848500215684,0.3294008711877813,0.013535980583831458
2024-02-27 02:00:00,0.006288916426863512,0.6631264896799576,0.32042372881150644,0.013535980583831458
2024-02-27 03:00:00,0.006288916426863512,0.6631264896799576,0.32042372881150644,0.013535980583831458
2024-02-27 04:00:00,0.006288916426863512,0.6807848500215684,0.3294008711877813,0.013535980583831458
2024-02-27 05:00:00,0.010481527378105853,0.7975054227761206,0.4098823332718025,0.022559967639719097
2024-02-27 06:00:00,0.031444582134317556,1.1109446713308588,0.7120182990324108,0.06767990291915729
2024-02-27 07:00:00,0.07337069164674098,1.4386635963405092,1.2399047559820082,0.15791977347803368
2024-02-27 08:00:00,0.09433374640295267,1.5460747029591133,1.5373128574346304,0.20303970875747188
2024-02-27 09:00:00,0.09433374640295267,1.5107579822758914,1.5417216642494849,0.20303970875747188
2024-02-27 10:00:00,0.09014113545171033,1.4716174006105598,1.4956259931500897,0.19401572170158424
2024-02-27 11:00:00,0.08385221902484682,1.4549455076994502,1.4175851084980051,0.18047974111775278
2024-02-27 12:00:00,0.06288916426863511,1.347534401080846,1.1947206456033972,0.13535980583831458
2024-02-27 13:00:00,0.07965960807360448,1.4179118473012577,1.3804665797748852,0.17145575406186514
2024-02-27 14:00:00,0.08385221902484682,1.4393940686249787,1.4399482000654094,0.18047974111775278
2024-02-27 15:00:00,0.07337069164674098,1.4012399543901481,1.3247887866902048,0.15791977347803368
2024-02-27 16:00:00,0.04192610951242341,1.2888845329527963,1.0181051443640712,0.09023987055887639
2024-02-27 17:00:00,0.016770443804969365,1.2976700311304392,0.7015327989408788,0.036095948223550556
2024-02-27 18:00:00,0.010481527378105853,1.2965495772938012,0.5713113672981844,0.022559967639719097
2024-02-27 19:00:00,0.008385221902484682,1.1926770364682489,0.4885488565287926,0.018047974111775278
2024-02-27 20:00:00,0.006288916426863512,1.0154383470877544,0.42662665880633155,0.013535980583831458
2024-02-27 21:00:00,0.006288916426863512,0.8756525997006476,0.3922408678217055,0.013535980583831458
2024-02-27 22:00:00,0.006288916426863512,0.7669697304624838,0.36530944069288085,0.013535980583831458
2024-02-27 23:00:00,0.006288916426863512,0.7161015707047903,0.347355155940331,0.013535980583831458
2024-02-28 00:00:00,0.005531196385804082,0.6407169834771214,0.30800284521125393,0.011905098080774305
2024-02-28 01:00:00,0.005531196385804082,0.6093239801680679,0.29204329659675715,0.011905098080774305
2024-02-28 02:00:00,0.005531196385804082,0.5936274785135413,0.2840635222895088,0.011905098080774305
2024-02-28 03:00:00,0.005531196385804082,0.5936274785135413,0.2840635222895088,0.011905098080774305
2024-02-28 04:00:00,0.005531196385804082,0.6093239801680679,0.29204329659675715,0.011905098080774305
2024-02-28 05:00:00,0.009218660643006802,0.7138006325580082,0.36315541737986495,0.01984183013462384
2024-02-28 06:00:00,0.027655981929020405,0.9931845468428638,0.629505450050177,0.05952549040387152
2024-02-28 07:00:00,0.06453062450104761,1.2834032404926126,1.094068159336331,0.13889281094236688
2024-02-28 08:00:00,0.08296794578706122,1.3778729847177693,1.3555004815244425,0.17857647121161457
2024-02-28 09:00:00,0.08296794578706122,1.3464799814087158,1.3591810942352076,0.17857647121161457
2024-02-28 10:00:00,0.0792804815298585,1.3118895309091578,1.318555016815599,0.17063973915776504
2024-02-28 11:00:00,0.07374928514405442,1.2972973706114925,1.2499454008217967,0.15873464107699073
2024-02-28 12:00:00,0.05531196385804081,1.2028276263863358,1.0539802830512257,0.11905098080774304
2024-02-28 13:00:00,0.0700618208868517,1.2646546587965797,1.2172990977094367,0.1507979090231412
2024-02-28 14:00:00,0.07374928514405442,1.283548607641611,1.2695855621470589,0.15873464107699073
2024-02-28 15:00:00,0.06453062450104761,1.2500624984989142,1.1683296430408963,0.13889281094236688
2024-02-28 16:00:00,0.03687464257202721,1.1515519097554687,0.8987285417966733,0.07936732053849536
2024-02-28 17:00:00,0.014749857028810886,1.1611217317705436,0.6206094651106987,0.031746928215398144
2024-02-28 18:00:00,0.009218660643006802,1.1602783344427596,0.5061728060246181,0.01984183013462384
2024-02-28 19:00:00,0.007374928514405443,1.0671963951599803,0.4331767293379228,0.015873464107699072
2024-02-28 20:00:00,0.005531196385804082,0.9081237313561094,0.378387760110995,0.011905098080774305
2024-02-28 21:00:00,0.005531196385804082,0.7832424775862014,0.34790171674749587,0.011905098080774305
2024-02-28 22:00:00,0.005531196385804082,0.6858587497560562,0.32396239382575076,0.011905098080774305
2024-02-28 23:00:00,0.005531196385804082,0.6407169834771214,0.30800284521125393,0.011905098080774305
2024-02-29 00:00:00,0.005531196385804082,0.6407169834771214,0.30800284521125393,0.011905098080774305
2024-02-29 01:00:00,0.005531196385804082,0.6093239801680679,0.29204329659675715,0.011905098080774305
2024-02-29 02:00:00,0.005531196385804082,0.5936274785135413,0.2840635222895088,0.011905098080774305
2024-02-29 03:00:00,0.005531196385804082,0.5936274785135413,0.2840635222895088,0.011905098080774305
2024-02-29 04:00:00,0.005531196385804082,0.6093239801680679,0.29204329659675715,0.011905098080774305
2024-02-29 05:00:00,0.009218660643006802,0.7138006325580082,0.36315541737986495,0.01984183013462384
2024-02-29 06:00:00,0.027655981929020405,0.9931845468428638,0.629505450050177,0.05952549040387152
2024-02-29 07:00:00,0.06453062450104761,1.2834032404926126,1.094068159336331,0.13889281094236688
2024-02-29 08:00:00,0.08296794578706122,1.3778729847177693,1.3555004815244425,0.17857647121161457
2024-02-29 09:00:00,0.08296794578706122,1.3464799814087158,1.3591810942352076,0.17857647121161457
2024-02-29 10:00:00,0.0792804815298585,1.3118895309091578,1.318555016815599,0.17063973915776504
2024-02-29 11:00:00,0.07374928514405442,1.2972973706114925,1.2499454008217967,0.15873464107699073
2024-02-29 12:00:00,0.05531196385804081,1.2028276263863358,1.0539802830512257,0.11905098080774304
2024-02-29 13:00:00,0.0700618208868517,1.2646546587965797,1.2172990977094367,0.1507979090231412
2024-02-29 14:00:00,0.07374928514405442,1.283548607641611,1.2695855621470589,0.15873464107699073
2024-02-29 15:00:00,0.06453062450104761,1.2500624984989142,1.1683296430408963,0.13889281094236688
2024-02-29 16:00:00,0.03687464257202721,1.1515519097554687,0.8987285417966733,0.07936732053849536
2024-02-29 17:00:00,0.014749857028810886,1.1611217317705436,0.6206094651106987,0.031746928215398144
2024-02-29 18:00:00,0.009218660643006802,1.1602783344427596,0.5061728060246181,0.01984183013462384
2024-02-29 19:00:00,0.007374928514405443,1.0671963951599803,0.4331767293379228,0.015873464107699072
2024-02-29 20:00:00,0.005531196385804082,0.9081237313561094,0.378387760110995,0.011905098080774305
2024-02-29 21:00:00,0.005531196385804082,0.7832424775862014,0.34790171674749587,0.011905098080774305
2024-02-29 22:00:00,0.005531196385804082,0.6858587497560562,0.32396239382575076,0.011905098080774305
2024-02-29 23:00:00,0.005531196385804082,0.6407169834771214,0.30800284521125393,0.011905098080774305
2024-03-01 00:00:00,0.005151318332026004,0.7184889160218793,0.35950106927977354,0.011087465660314834
2024-03-01 01:00:00,0.005151318332026004,0.6807871249326202,0.3403342644405212,0.011087465660314834
2024-03-01 02:00:00,0.005151318332026004,0.6619362293879907,0.330750862020895,0.011087465660314834
2024-03-01 03:00:00,0.005151318332026004,0.6619362293879907,0.330750862020895,0.011087465660314834
2024-03-01 04:00:00,0.005151318332026004,0.6807871249326202,0.3403342644405212,0.011087465660314834
2024-03-01 05:00:00,0.008585530553376674,0.7950082130307466,0.41786963051128345,0.018479109433858054
2024-03-01 06:00:00,0.025756591660130022,1.0864689112595387,0.699343206564648,0.05543732830157417
2024-03-01 07:00:00,0.06009871387363672,1.3779053913045205,1.1832656562606925,0.12935376603700638
2024-03-01 08:00:00,0.07726977498039006,1.4658856670835347,1.4672501855726572,0.16631198490472252
2024-03-01 09:00:00,0.07726977498039006,1.4281838759942755,1.4744761049386081,0.16631198490472252
2024-03-01 10:00:00,0.07383556275903941,1.3917369252938434,1.4344885208617921,0.15892034113117928
2024-03-01 11:00:00,0.06868424442701339,1.3755731991252702,1.3624895241708044,0.14783287547086443
2024-03-01 12:00:00,0.051513183320260045,1.287592923346256,1.1664807422095171,0.11087465660314834
2024-03-01 13:00:00,0.06525003220566272,1.3477467874043363,1.3320853425136148,0.14044123169732123
2024-03-01 14:00:00,0.06868424442701339,1.365342842560139,1.3888822483760075,0.14783287547086443
2024-03-01 15:00:00,0.06009871387363672,1.331583061235763,1.2864790700278301,0.12935376603700638
2024-03-01 16:00:00,0.034342122213506694,1.2389242562421328,1.0240432363431946,0.07391643773543222
2024-03-01 17:00:00,0.013736848885402678,1.2434229499860352,0.7288213302132924,0.02956657509417289
2024-03-01 18:00:00,0.008585530553376674,1.2374895803825927,0.5952393103768304,0.018479109433858054
2024-03-01 19:00:00,0.006868424442701339,1.1406870588418665,0.5072991386140182,0.014783287547086445
2024-03-01 20:00:00,0.005151318332026004,0.9833514778624429,0.4449658633718508,0.011087465660314834
2024-03-01 21:00:00,0.005151318332026004,0.8646559142042252,0.40741808137790453,0.011087465660314834
2024-03-01 22:00:00,0.005151318332026004,0.7664210636762693,0.37866787411902597,0.011087465660314834
2024-03-01 23:00:00,0.005151318332026004,0.7184889160218793,0.35950106927977354,0.011087465660314834
2024-03-02 00:00:00,0.030516292361523558,0.8617837240693708,0.7316747732693848,0.0656818938047357
2024-03-02 01:00:00,0.030516292361523558,0.8254111370123773,0.7131837080579306,0.0656818938047357
2024-03-02 02:00:00,0.030516292361523558,0.8072248434838807,0.7039381754522036,0.0656818938047357
2024-03-02 03:00:00,0.030516292361523558,0.8072248434838807,0.7039381754522036,0.0656818938047357
2024-03-02 04:00:00,0.030516292361523558,0.8254111370123773,0.7131837080579306,0.0656818938047357
2024-03-02 05:00:00,0.030516292361523558,0.9004329366288144,0.7409203058751117,0.0656818938047357
2024-03-02 06:00:00,0.030516292361523558,1.0393401667144029,0.7871479689037469,0.0656818938047357
2024-03-02 07:00:00,0.030516292361523558,1.1395981842405478,0.8241300993266552,0.0656818938047357
2024-03-02 08:00:00,0.030516292361523558,1.1923472455624138,0.8333756319323821,0.0656818938047357
2024-03-02 09:00:00,0.030516292361523558,1.206447094324836,0.8333756319323821,0.0656818938047357
2024-03-02 10:00:00,0.030516292361523558,1.2134970187060472,0.8333756319323821,0.0656818938047357
2024-03-02 11:00:00,0.030516292361523558,1.2205469430872584,0.8333756319323821,0.0656818938047357
2024-03-02 12:00:00,0.030516292361523558,1.2123617754748797,0.8333756319323821,0.0656818938047357
2024-03-02 13:00:00,0.030516292361523558,1.2053118510936685,0.8333756319323821,0.0656818938047357
2024-03-02 14:00:00,0.030516292361523558,1.1982619267124572,0.8333756319323821,0.0656818938047357
2024-03-02 15:00:00,0.030516292361523558,1.1982619267124572,0.8333756319323821,0.0656818938047357
2024-03-02 16:00:00,0.030516292361523558,1.1982619267124572,0.8333756319323821,0.0656818938047357
2024-03-02 17:00:00,0.030516292361523558,1.1982619267124572,0.8333756319323821,0.0656818938047357
2024-03-02 18:00:00,0.030516292361523558,1.178934250912678,0.8333756319323821,0.0656818938047357
2024-03-02 19:00:00,0.030516292361523558,1.1332351139720231,0.8241300993266552,0.0656818938047357
2024-03-02 20:00:00,0.030516292361523558,1.0622997591216603,0.805639034115201,0.0656818938047357
2024-03-02 21:00:00,0.030516292361523558,0.9802280351240121,0.7779024362980199,0.0656818938047357
2024-03-02 22:00:00,0.030516292361523558,0.9163426046548606,0.7594113710865658,0.0656818938047357
2024-03-02 23:00:00,0.030516292361523558,0.8799700175978673,0.7409203058751117,0.0656818938047357
2024-03-03 00:00:00,0.03334548653570241,0.9339981192268576,0.7979540939972184,0.07177132397206795
2024-03-03 01:00:00,0.03334548653570241,0.8944724901688008,0.7778600879455991,0.07177132397206795
2024-03-03 02:00:00,0.03334548653570241,0.8747096756397725,0.7678130849197895,0.07177132397206795
2024-03-03 03:00:00,0.03334548653570241,0.8747096756397725,0.7678130849197895,0.07177132397206795
2024-03-03 04:00:00,0.03334548653570241,0.8944724901688008,0.7778600879455991,0.07177132397206795
2024-03-03 05:00:00,0.03334548653570241,0.9753091750308525,0.8080010970230279,0.07177132397206795
2024-03-03 06:00:00,0.03334548653570241,1.1248840232622686,0.858236112152076,0.07177132397206795
2024-03-03 07:00:00,0.03334548653570241,1.2331478156896896,0.8984241242553144,0.07177132397206795
2024-03-03 08:00:00,0.03334548653570241,1.2897874575663668,0.9084711272811239,0.07177132397206795
2024-03-03 09:00:00,0.03334548653570241,1.3051160436390494,0.9084711272811239,0.07177132397206795
2024-03-03 10:00:00,0.03334548653570241,1.3127803366753907,0.9084711272811239,0.07177132397206795
2024-03-03 11:00:00,0.03334548653570241,1.3204446297117318,0.9084711272811239,0.07177132397206795
2024-03-03 12:00:00,0.03334548653570241,1.311825333201745,0.9084711272811239,0.07177132397206795
2024-03-03 13:00:00,0.03334548653570241,1.304161040165404,0.9084711272811239,0.07177132397206795
2024-03-03 14:00:00,0.03334548653570241,1.2964967471290627,0.9084711272811239,0.07177132397206795
2024-03-03 15:00:00,0.03334548653570241,1.2964967471290627,0.9084711272811239,0.07177132397206795
2024-03-03 16:00:00,0.03334548653570241,1.2964967471290627,0.9084711272811239,0.07177132397206795
2024-03-03 17:00:00,0.03334548653570241,1.2964967471290627,0.9084711272811239,0.07177132397206795
2024-03-03 18:00:00,0.03334548653570241,1.2759035093277415,0.9084711272811239,0.07177132397206795
2024-03-03 19:00:00,0.03334548653570241,1.2269281604874054,0.8984241242553144,0.07177132397206795
2024-03-03 20:00:00,0.03334548653570241,1.1505257040816996,0.8783301182036951,0.07177132397206795
2024-03-03 21:00:00,0.03334548653570241,1.062024726183307,0.8481891091262664,0.07177132397206795
2024-03-03 22:00:00,0.03334548653570241,0.9932865628139423,0.8280951030746472,0.07177132397206795
2024-03-03 23:00:00,0.03334548653570241,0.9537609337558858,0.8080010970230279,0.07177132397206795
2024-03-04 00:00:00,0.00511786973095197,0.7143571883695904,0.3572833461705654,0.01101547239725278
2024-03-04 01:00:00,0.00511786973095197,0.6768845875281642,0.3382330568767117,0.01101547239725278
2024-03-04 02:00:00,0.00511786973095197,0.6581482871074511,0.3287079122297849,0.01101547239725278
2024-03-04 03:00:00,0.00511786973095197,0.6581482871074511,0.3287079122297849,0.01101547239725278
2024-03-04 04:00:00,0.00511786973095197,0.6768845875281642,0.3382330568767117,0.01101547239725278
2024-03-04 05:00:00,0.008529782884919948,0.790453547680834,0.4152800181514341,0.018359120662087964
2024-03-04 06:00:00,0.025589348654759845,1.0802047140636846,0.6949527105834153,0.055077361986263895
2024-03-04 07:00:00,0.05970848019443964,1.3698461829321416,1.1757403697956572,0.12851384463461576
2024-03-04 08:00:00,0.07676804596427954,1.457255187540516,1.4578685014456478,0.16523208595879169
2024-03-04 09:00:00,0.07676804596427954,1.4197825866990896,1.4650370776162687,0.16523208595879169
2024-03-04 10:00:00,0.07335613281031156,1.3835644853567017,1.4253051721038186,0.1578884376939565
2024-03-04 11:00:00,0.06823826307935958,1.3675096272866758,1.3537761653410587,0.1468729652967037
2024-03-04 12:00:00,0.05117869730951969,1.2801006226783012,1.1590442519059838,0.11015472397252779
2024-03-04 13:00:00,0.0648263499253916,1.3398599830525146,1.3235694044755353,0.13952931703186852
2024-03-04 14:00:00,0.06823826307935958,1.3573417839741895,1.3799950308055333,0.1468729652967037
2024-03-04 15:00:00,0.05970848019443964,1.3238051249824885,1.2782592631772502,0.12851384463461576
2024-03-04 16:00:00,0.03411913153967979,1.2317636051156124,1.0175355922252936,0.07343648264835186
2024-03-04 17:00:00,0.013647652615871917,1.2363265745375633,0.7242509890036335,0.029374593059340745
2024-03-04 18:00:00,0.008529782884919948,1.2304395597800237,0.5915446294904326,0.018359120662087964
2024-03-04 19:00:00,0.006823826307935959,1.1341799571964182,0.5041677060094325,0.014687296529670373
2024-03-04 20:00:00,0.00511786973095197,0.9777064100189843,0.4422241251674718,0.01101547239725278
2024-03-04 21:00:00,0.00511786973095197,0.8596841779587574,0.4049090694051997,0.01101547239725278
2024-03-04 22:00:00,0.00511786973095197,0.761997632523503,0.37633363546441917,0.01101547239725278
2024-03-04 23:00:00,0.00511786973095197,0.7143571883695904,0.3572833461705654,0.01101547239725278
2024-03-05 00:00:00,0.00488372952343372,0.6854350948035685,0.3417592844061082,0.010511519555818387
2024-03-05 01:00:00,0.00488372952343372,0.6495668256969721,0.3235246039300452,0.010511519555818387
2024-03-05 02:00:00,0.00488372952343372,0.631632691143674,0.31440726369201377,0.010511519555818387
2024-03-05 03:00:00,0.00488372952343372,0.631632691143674,0.31440726369201377,0.010511519555818387
2024-03-05 04:00:00,0.00488372952343372,0.6495668256969721,0.3235246039300452,0.010511519555818387
2024-03-05 05:00:00,0.008139549205722865,0.7585708902314454,0.39715273163248865,0.01751919925969731
2024-03-05 06:00:00,0.024418647617168603,1.0363553336927032,0.664219238714786,0.05255759777909193
2024-03-05 07:00:00,0.056976844440060063,1.313431724325487,1.1230633645404098,0.12263439481788117
2024-03-05 08:00:00,0.0732559428515058,1.3968418307393826,1.3921967125565806,0.1576727933372758
2024-03-05 09:00:00,0.0732559428515058,1.3609735616327863,1.3989638863598926,0.1576727933372758
2024-03-05 10:00:00,0.07000012316921665,1.3263574057967091,1.361021730798002,0.15066511363339688
2024-03-05 11:00:00,0.06511639364578292,1.3110646244165143,1.2927826535328384,0.1401535940775785
2024-03-05 12:00:00,0.048837295234337205,1.2276545180026186,1.1069888197812512,0.10511519555818385
2024-03-05 13:00:00,0.06186057396349379,1.2846523525897613,1.2639578382089793,0.13314591437369955
2024-03-05 14:00:00,0.06511639364578292,1.3013343738725403,1.3177845078122135,0.1401535940775785
2024-03-05 15:00:00,0.056976844440060063,1.2693595712095664,1.2207206152231906,0.12263439481788117
2024-03-05 16:00:00,0.03255819682289146,1.1816390472299687,0.9719820833999872,0.07007679703878925
2024-03-05 17:00:00,0.013023278729156585,1.186651946398261,0.6922586005360203,0.028030718815515696
2024-03-05 18:00:00,0.008139549205722865,1.18108941556204,0.5656818632856481,0.01751919925969731
2024-03-05 19:00:00,0.0065116393645782925,1.0886302456782808,0.4822476777773323,0.014015359407757848
2024-03-05 20:00:00,0.00488372952343372,0.9381909351147738,0.4230319577368184,0.010511519555818387
2024-03-05 21:00:00,0.00488372952343372,0.8248820242404825,0.38734598559626565,0.010511519555818387
2024-03-05 22:00:00,0.00488372952343372,0.7310336144541387,0.35999396488217117,0.010511519555818387
2024-03-05 23:00:00,0.00488372952343372,0.6854350948035685,0.3417592844061082,0.010511519555818387
2024-03-06 00:00:00,0.004382000507323184,0.6234591800192355,0.3084934377679856,0.009431620609887543
2024-03-06 01:00:00,0.004382000507323184,0.5910287646301318,0.2920064904729028,0.009431620609887543
2024-03-06 02:00:00,0.004382000507323184,0.57481355693558,0.2837630168253614,0.009431620609887543
2024-03-06 03:00:00,0.004382000507323184,0.57481355693558,0.2837630168253614,0.009431620609887543
2024-03-06 04:00:00,0.004382000507323184,0.5910287646301318,0.2920064904729028,0.009431620609887543
2024-03-06 05:00:00,0.0073033341788719735,0.6902509099827554,0.3583085462347483,0.015719367683145906
2024-03-06 06:00:00,0.02191000253661592,0.9423923757548858,0.5983617989962947,0.04715810304943771
2024-03-06 07:00:00,0.051123339252103814,1.1925435987397983,1.0101840675648792,0.11003557378202133
2024-03-06 08:00:00,0.06573000760984776,1.2673846375940967,1.2514714506514362,0.14147430914831313
2024-03-06 09:00:00,0.06573000760984776,1.2349542222049932,1.2573784765248006,0.14147430914831313
2024-03-06 10:00:00,0.06280867393829898,1.2037708067395816,1.223271499428395,0.13518656207505478
2024-03-06 11:00:00,0.05842667343097579,1.1901110468375966,1.1620822710866516,0.12575494146516725
2024-03-06 12:00:00,0.04382000507323184,1.115270007983298,0.9954414652282522,0.09431620609887542
2024-03-06 13:00:00,0.055505339759426994,1.1663502873124325,1.1362187676377875,0.11946719439190888
2024-03-06 14:00:00,0.05842667343097579,1.181318495083292,1.184476244255099,0.12575494146516725
2024-03-06 15:00:00,0.051123339252103814,1.1526905274104473,1.0974235124644913,0.11003557378202133
2024-03-06 16:00:00,0.029213336715487894,1.07422928033216,0.874367421631473,0.06287747073258362
2024-03-06 17:00:00,0.011685334686195158,1.080206314671184,0.6237034823911347,0.025150988293033447
2024-03-06 18:00:00,0.0073033341788719735,1.0753391065235034,0.510261649989681,0.015719367683145906
2024-03-06 19:00:00,0.005842667343097579,0.9910237209965571,0.435276188708546,0.012575494146516724
2024-03-06 20:00:00,0.004382000507323184,0.8535149174628937,0.38190588467113257,0.009431620609887543
2024-03-06 21:00:00,0.004382000507323184,0.7503059805584642,0.34971080600569265,0.009431620609887543
2024-03-06 22:00:00,0.004382000507323184,0.6646821471626436,0.3249803850630684,0.009431620609887543
2024-03-06 23:00:00,0.004382000507323184,0.6234591800192355,0.3084934377679856,0.009431620609887543
2024-03-07 00:00:00,0.005251664135248113,0.7308840989787458,0.36615423860739815,0.011303445449501003
2024-03-07 01:00:00,0.005251664135248113,0.6924947371459882,0.3466378871319497,0.011303445449501003
2024-03-07 02:00:00,0.005251664135248113,0.6733000562296095,0.33687971139422557,0.011303445449501003
2024-03-07 03:00:00,0.005251664135248113,0.6733000562296095,0.33687971139422557,0.011303445449501003
2024-03-07 04:00:00,0.005251664135248113,0.6924947371459882,0.3466378871319497,0.011303445449501003
2024-03-07 05:00:00,0.008752773558746853,0.8086722090804846,0.4256384675908315,0.01883907574916834
2024-03-07 06:00:00,0.026258320676240562,1.1052615028471022,0.7125146945083464,0.05651722724750502
2024-03-07 07:00:00,0.061269414911227976,1.4020830164216582,1.2058415156557987,0.13187353024417836
2024-03-07 08:00:00,0.07877496202872168,1.491777105712592,1.4953952379536863,0.16955168174251506
2024-03-07 09:00:00,0.07877496202872168,1.4533877438798344,1.5027931869056266,0.16955168174251506
2024-03-07 10:00:00,0.07527385260522294,1.4162542451052689,1.4620385671357137,0.16201605144284772
2024-03-07 11:00:00,0.07002218846997482,1.3997639146410537,1.3886296006600418,0.1507126059933467
2024-03-07 12:00:00,0.052516641352481123,1.31006982535012,1.188790213120117,0.11303445449501004
2024-03-07 13:00:00,0.06652107904647608,1.371407200459802,1.357633156627853,0.14317697569367938
2024-03-07 14:00:00,0.07002218846997482,1.3893460183179887,1.4155439010874307,0.1507126059933467
2024-03-07 15:00:00,0.061269414911227976,1.3549168699955867,1.31113849057957,0.13187353024417836
2024-03-07 16:00:00,0.03501109423498741,1.2604062096216946,1.0435661686968976,0.07535630299667335
2024-03-07 17:00:00,0.014004437693994967,1.2647120763314506,0.7425323538422696,0.030142521198669343
2024-03-07 18:00:00,0.008752773558746853,1.2586396421903001,0.6063233530360239,0.01883907574916834
2024-03-07 19:00:00,0.007002218846997484,1.160208363778211,0.5166934364277755,0.015071260599334672
2024-03-07 20:00:00,0.005251664135248113,1.0002866813928188,0.45319107798498803,0.011303445449501003
2024-03-07 21:00:00,0.005251664135248113,0.8795711229406288,0.41494511729601924,0.011303445449501003
2024-03-07 22:00:00,0.005251664135248113,0.7796913571345683,0.3856705900828466,0.011303445449501003
2024-03-07 23:00:00,0.005251664135248113,0.7308840989787458,0.36615423860739815,0.011303445449501003
2024-03-08 00:00:00,0.0062216735663951465,0.8507042008951228,0.4304682087744352,0.013391250078300632
2024-03-08 01:00:00,0.0062216735663951465,0.8056683218752126,0.40757290648242517,0.013391250078300632
2024-03-08 02:00:00,0.0062216735663951465,0.7831503823652577,0.3961252553364202,0.013391250078300632
2024-03-08 03:00:00,0.0062216735663951465,0.7831503823652577,0.3961252553364202,0.013391250078300632
2024-03-08 04:00:00,0.0062216735663951465,0.8056683218752126,0.40757290648242517,0.013391250078300632
2024-03-08 05:00:00,0.010369455943991912,0.940757504227952,0.500737226026463,0.022318750130501053
2024-03-08 06:00:00,0.031108367831975733,1.2869232215268827,0.8398390779640964,0.06695625039150316
2024-03-08 07:00:00,0.07258619160794338,1.635800059220656,1.424074823141824,0.15623125091350737
2024-03-08 08:00:00,0.09332510349592721,1.7420610124601446,1.7674640776369652,0.2008687511745095
2024-03-08 09:00:00,0.09332510349592721,1.6970251334402344,1.7765249792534712,0.2008687511745095
2024-03-08 10:00:00,0.08917732111833043,1.6532550032823818,1.7283556811169538,0.19194125112230906
2024-03-08 11:00:00,0.0829556475519353,1.6336074979602946,1.6413170067226694,0.17855000104400842
2024-03-08 12:00:00,0.062216735663951465,1.527346544720806,1.4044484319225816,0.13391250078300632
2024-03-08 13:00:00,0.07880786517433852,1.6001245266626376,1.6045953597321572,0.169622500991808
2024-03-08 14:00:00,0.0829556475519353,1.6213767173105353,1.6732732106311854,0.17855000104400842
2024-03-08 15:00:00,0.07258619160794338,1.5804770213405503,1.5495128892463887,0.15623125091350737
2024-03-08 16:00:00,0.04147782377596765,1.468065092290791,1.232287848116025,0.08927500052200421
2024-03-08 17:00:00,0.01659112951038706,1.4705069643371325,0.8750722489223817,0.03571000020880169
2024-03-08 18:00:00,0.010369455943991912,1.4630902396648044,0.7134690987415602,0.022318750130501053
2024-03-08 19:00:00,0.00829556475519353,1.3489143114962099,0.6075049819607624,0.017855000104400845
2024-03-08 20:00:00,0.0062216735663951465,1.1639936488531204,0.5327014859119807,0.013391250078300632
2024-03-08 21:00:00,0.0062216735663951465,1.023751474059197,0.4877064645044604,0.013391250078300632
2024-03-08 22:00:00,0.0062216735663951465,0.9079708605647921,0.45336351106644535,0.013391250078300632
2024-03-08 23:00:00,0.0062216735663951465,0.8507042008951228,0.4304682087744352,0.013391250078300632
2024-03-09 00:00:00,0.03577051011356999,0.9958961722189892,0.8547649403353615,0.07699083554406704
2024-03-09 01:00:00,0.03577051011356999,0.9536679357314496,0.8332969849921722,0.07699083554406704
2024-03-09 02:00:00,0.03577051011356999,0.9325538174876798,0.8225630073205775,0.07699083554406704
2024-03-09 03:00:00,0.03577051011356999,0.9325538174876798,0.8225630073205775,0.07699083554406704
2024-03-09 04:00:00,0.03577051011356999,0.9536679357314496,0.8332969849921722,0.07699083554406704
2024-03-09 05:00:00,0.03577051011356999,1.0394888079468851,0.8654989180069561,0.07699083554406704
2024-03-09 06:00:00,0.03577051011356999,1.1982073288747246,0.9191688063649294,0.07699083554406704
2024-03-09 07:00:00,0.03577051011356999,1.3133332140746685,0.9621047170513081,0.07699083554406704
2024-03-09 08:00:00,0.03577051011356999,1.373307639284041,0.9728386947229026,0.07699083554406704
2024-03-09 09:00:00,0.03577051011356999,1.389689428765518,0.9728386947229026,0.07699083554406704
2024-03-09 10:00:00,0.03577051011356999,1.3978803235062562,0.9728386947229026,0.07699083554406704
2024-03-09 11:00:00,0.03577051011356999,1.4060712182469948,0.9728386947229026,0.07699083554406704
2024-03-09 12:00:00,0.03577051011356999,1.3970798112533442,0.9728386947229026,0.07699083554406704
2024-03-09 13:00:00,0.03577051011356999,1.3888889165126057,0.9728386947229026,0.07699083554406704
2024-03-09 14:00:00,0.03577051011356999,1.3806980217718674,0.9728386947229026,0.07699083554406704
2024-03-09 15:00:00,0.03577051011356999,1.3806980217718674,0.9728386947229026,0.07699083554406704
2024-03-09 16:00:00,0.03577051011356999,1.3806980217718674,0.9728386947229026,0.07699083554406704
2024-03-09 17:00:00,0.03577051011356999,1.3806980217718674,0.9728386947229026,0.07699083554406704
2024-03-09 18:00:00,0.03577051011356999,1.3590200165406532,0.9728386947229026,0.07699083554406704
2024-03-09 19:00:00,0.03577051011356999,1.307236486072019,0.9621047170513081,0.07699083554406704
2024-03-09 20:00:00,0.03577051011356999,1.2261479426188762,0.9406367617081187,0.07699083554406704
2024-03-09 21:00:00,0.03577051011356999,1.1321361756627024,0.9084348286933348,0.07699083554406704
2024-03-09 22:00:00,0.03577051011356999,1.0592385269502982,0.8869668733501455,0.07699083554406704
2024-03-09 23:00:00,0.03577051011356999,1.0170102904627587,0.8654989180069561,0.07699083554406704
2024-03-10 00:00:00,0.03294131593939114,0.9236817770615025,0.7884856196075279,0.07090140537673478
2024-03-10 01:00:00,0.03294131593939114,0.8846065825750261,0.7686206051045037,0.07090140537673478
2024-03-10 02:00:00,0.03294131593939114,0.8650689853317881,0.7586880978529916,0.07090140537673478
2024-03-10 03:00:00,0.03294131593939114,0.8650689853317881,0.7586880978529916,0.07090140537673478
2024-03-10 04:00:00,0.03294131593939114,0.8846065825750261,0.7686206051045037,0.07090140537673478
2024-03-10 05:00:00,0.03294131593939114,0.964612569544847,0.79841812685904,0.07090140537673478
2024-03-10 06:00:00,0.03294131593939114,1.1126634723268591,0.8480806631166005,0.07090140537673478
2024-03-10 07:00:00,0.03294131593939114,1.2197835826255268,0.8878106921226488,0.07090140537673478
2024-03-10 08:00:00,0.03294131593939114,1.275867427280088,0.8977431993741609,0.07090140537673478
2024-03-10 09:00:00,0.03294131593939114,1.2910204794513047,0.8977431993741609,0.07090140537673478
2024-03-10 10:00:00,0.03294131593939114,1.2985970055369132,0.8977431993741609,0.07090140537673478
2024-03-10 11:00:00,0.03294131593939114,1.3061735316225214,0.8977431993741609,0.07090140537673478
2024-03-10 12:00:00,0.03294131593939114,1.2976162535264788,0.8977431993741609,0.07090140537673478
2024-03-10 13:00:00,0.03294131593939114,1.2900397274408704,0.8977431993741609,0.07090140537673478
2024-03-10 14:00:00,0.03294131593939114,1.2824632013552622,0.8977431993741609,0.07090140537673478
2024-03-10 15:00:00,0.03294131593939114,1.2824632013552622,0.8977431993741609,0.07090140537673478
2024-03-10 16:00:00,0.03294131593939114,1.2824632013552622,0.8977431993741609,0.07090140537673478
2024-03-10 17:00:00,0.03294131593939114,1.2824632013552622,0.8977431993741609,0.07090140537673478
2024-03-10 18:00:00,0.03294131593939114,1.2620507581255898,0.8977431993741609,0.07090140537673478
2024-03-10 19:00:00,0.03294131593939114,1.2135434395566367,0.8878106921226488,0.07090140537673478
2024-03-10 20:00:00,0.03294131593939114,1.137921997658837,0.8679456776196246,0.07090140537673478
2024-03-10 21:00:00,0.03294131593939114,1.0503394846034078,0.8381481558650884,0.07090140537673478
2024-03-10 22:00:00,0.03294131593939114,0.9822945687912165,0.8182831413620641,0.07090140537673478
2024-03-10 23:00:00,0.03294131593939114,0.9432193743047403,0.79841812685904,0.07090140537673478
2024-03-11 00:00:00,0.00488372952343372,0.6854350948035685,0.3417592844061082,0.010511519555818387
2024-03-11 01:00:00,0.00488372952343372,0.6495668256969721,0.3235246039300452,0.010511519555818387
2024-03-11 02:00:00,0.00488372952343372,0.631632691143674,0.31440726369201377,0.010511519555818387
2024-03-11 03:00:00,0.00488372952343372,0.631632691143674,0.31440726369201377,0.010511519555818387
2024-03-11 04:00:00,0.00488372952343372,0.6495668256969721,0.3235246039300452,0.010511519555818387
2024-03-11 05:00:00,0.008139549205722865,0.7585708902314454,0.39715273163248865,0.01751919925969731
2024-03-11 06:00:00,0.024418647617168603,1.0363553336927032,0.664219238714786,0.05255759777909193
2024-03-11 07:00:00,0.056976844440060063,1.313431724325487,1.1230633645404098,0.12263439481788117
2024-03-11 08:00:00,0.0732559428515058,1.3968418307393826,1.3921967125565806,0.1576727933372758
2024-03-11 09:00:00,0.0732559428515058,1.3609735616327863,1.3989638863598926,0.1576727933372758
2024-03-11 10:00:00,0.07000012316921665,1.3263574057967091,1.361021730798002,0.15066511363339688
2024-03-11 11:00:00,0.06511639364578292,1.3110646244165143,1.2927826535328384,0.1401535940775785
2024-03-11 12:00:00,0.048837295234337205,1.2276545180026186,1.1069888197812512,0.10511519555818385
2024-03-11 13:00:00,0.06186057396349379,1.2846523525897613,1.2639578382089793,0.13314591437369955
2024-03-11 14:00:00,0.06511639364578292,1.3013343738725403,1.3177845078122135,0.1401535940775785
2024-03-11 15:00:00,0.056976844440060063,1.2693595712095664,1.2207206152231906,0.12263439481788117
2024-03-11 16:00:00,0.03255819682289146,1.1816390472299687,0.9719820833999872,0.07007679703878925
2024-03-11 17:00:00,0.013023278729156585,1.186651946398261,0.6922586005360203,0.028030718815515696
2024-03-11 18:00:00,0.008139549205722865,1.18108941556204,0.5656818632856481,0.01751919925969731
2024-03-11 19:00:00,0.0065116393645782925,1.0886302456782808,0.4822476777773323,0.014015359407757848
2024-03-11 20:00:00,0.00488372952343372,0.9381909351147738,0.4230319577368184,0.010511519555818387
2024-03-11 21:00:00,0.00488372952343372,0.8248820242404825,0.38734598559626565,0.010511519555818387
2024-03-11 22:00:00,0.00488372952343372,0.7310336144541387,0.35999396488217117,0.010511519555818387
2024-03-11 23:00:00,0.00488372952343372,0.6854350948035685,0.3417592844061082,0.010511519555818387
2024-03-12 00:00:00,0.004147860299804934,0.5945370864532133,0.29296937600352835,0.00892766776845315
2024-03-12 01:00:00,0.004147860299804934,0.5637110027989396,0.2772980375262363,0.00892766776845315
2024-03-12 02:00:00,0.004147860299804934,0.5482979609718028,0.2694623682875903,0.00892766776845315
2024-03-12 03:00:00,0.004147860299804934,0.5482979609718028,0.2694623682875903,0.00892766776845315
2024-03-12 04:00:00,0.004147860299804934,0.5637110027989396,0.2772980375262363,0.00892766776845315
2024-03-12 05:00:00,0.00691310049967489,0.6583682525333666,0.3401812597158028,0.01487944628075525
2024-03-12 06:00:00,0.02073930149902467,0.8985429953839043,0.5676283271276653,0.04463833884226575
2024-03-12 07:00:00,0.04839170349772423,1.1361291401331435,0.9575070623096317,0.10415612396528674
2024-03-12 08:00:00,0.06221790449707401,1.2069712807929633,1.1857996617623687,0.13391501652679724
2024-03-12 09:00:00,0.06221790449707401,1.1761451971386896,1.1913052852684243,0.13391501652679724
2024-03-12 10:00:00,0.059452664297204055,1.1465637271795888,1.1589880581225784,0.12796323801449513
2024-03-12 11:00:00,0.05530480399739912,1.1336660439674346,1.101088759278431,0.119035570246042
2024-03-12 12:00:00,0.04147860299804934,1.062823903307615,0.9433860331035193,0.0892766776845315
2024-03-12 13:00:00,0.052539563797529165,1.1111426568496787,1.0766072013712313,0.11308379173373989
2024-03-12 14:00:00,0.05530480399739912,1.1253110849816428,1.1222657212617786,0.119035570246042
2024-03-12 15:00:00,0.04839170349772423,1.0982449736375248,1.0398848645104315,0.10415612396528674
2024-03-12 16:00:00,0.02765240199869956,1.024104722446516,0.8288139128061661,0.059517785123021
2024-03-12 17:00:00,0.011060960799479824,1.0305316865318814,0.5917110939235214,0.0238071140492084
2024-03-12 18:00:00,0.00691310049967489,1.0259889623055194,0.4843988837848964,0.01487944628075525
2024-03-12 19:00:00,0.005530480399739912,0.9454740094784193,0.41335616047644574,0.0119035570246042
2024-03-12 20:00:00,0.004147860299804934,0.8139994425586828,0.36271371724047907,0.00892766776845315
2024-03-12 21:00:00,0.004147860299804934,0.7155038268401891,0.33214772219675853,0.00892766776845315
2024-03-12 22:00:00,0.004147860299804934,0.6337181290932792,0.3086407144808205,0.00892766776845315
2024-03-12 23:00:00,0.004147860299804934,0.5945370864532133,0.29296937600352835,0.00892766776845315
2024-03-13 00:00:00,0.0038133742890645774,0.5532198099303247,0.2707921449114466,0.008207735137832588
2024-03-13 01:00:00,0.0038133742890645774,0.5246856287543794,0.2562859618881413,0.008207735137832588
2024-03-13 02:00:00,0.0038133742890645774,0.5104185381664068,0.2490328703764887,0.008207735137832588
2024-03-13 03:00:00,0.0038133742890645774,0.5104185381664068,0.2490328703764887,0.008207735137832588
2024-03-13 04:00:00,0.0038133742890645774,0.5246856287543794,0.2562859618881413,0.008207735137832588
2024-03-13 05:00:00,0.006355623815107629,0.6128215990342399,0.3142851361173093,0.013679558563054315
2024-03-13 06:00:00,0.01906687144532289,0.8359010234253593,0.5237233673153378,0.041038675689162946
2024-03-13 07:00:00,0.0444893667057534,1.0555370564093511,0.8822541976592781,0.0957569099413802
2024-03-13 08:00:00,0.057200614335968666,1.1206664853627728,1.0919828204922726,0.12311602706748882
2024-03-13 09:00:00,0.057200614335968666,1.0921323041868274,1.0969150120450297,0.12311602706748882
2024-03-13 10:00:00,0.054658364809925614,1.0648393278081705,1.0671545705428405,0.1176442036422671
2024-03-13 11:00:00,0.050844990520861034,1.0530303255814897,1.0139551709809733,0.10943646850443452
2024-03-13 12:00:00,0.03813374289064578,0.987900896628068,0.8690211300681868,0.08207735137832589
2024-03-13 13:00:00,0.04830274099481798,1.0322746133314598,0.9914478209904368,0.10396464507921278
2024-03-13 14:00:00,0.050844990520861034,1.045300499122144,1.0333935455570358,0.10943646850443452
2024-03-13 15:00:00,0.0444893667057534,1.0204656111047787,0.957686796004632,0.0957569099413802
2024-03-13 16:00:00,0.025422495260430517,0.9524982111813103,0.7637374716271568,0.05471823425221726
2024-03-13 17:00:00,0.010168998104172208,0.9595679320471636,0.546007681826931,0.021887293700886903
2024-03-13 18:00:00,0.006355623815107629,0.9554887562798283,0.44745207492091843,0.013679558563054315
2024-03-13 19:00:00,0.005084499052086104,0.8804029930239371,0.38204183443058826,0.010943646850443451
2024-03-13 20:00:00,0.0038133742890645774,0.7575487641240962,0.33529633519668856,0.008207735137832588
2024-03-13 21:00:00,0.0038133742890645774,0.6657864643855105,0.30705760246970987,0.008207735137832588
2024-03-13 22:00:00,0.0038133742890645774,0.5894838175656157,0.2852983279347519,0.008207735137832588
2024-03-13 23:00:00,0.0038133742890645774,0.5532198099303247,0.2707921449114466,0.008207735137832588
2024-03-14 00:00:00,0.0032447480708059718,0.48298043984141414,0.23309085205490762,0.006983849665777635
2024-03-14 01:00:00,0.0032447480708059718,0.45834249287862716,0.22056543330337985,0.006983849665777635
2024-03-14 02:00:00,0.0032447480708059718,0.4460235193972338,0.21430272392761598,0.006983849665777635
2024-03-14 03:00:00,0.0032447480708059718,0.4460235193972338,0.21430272392761598,0.006983849665777635
2024-03-14 04:00:00,0.0032447480708059718,0.45834249287862716,0.22056543330337985,0.006983849665777635
2024-03-14 05:00:00,0.005407913451343286,0.5353922880857246,0.27026172599987025,0.011639749442962723
2024-03-14 06:00:00,0.016223740354029858,0.729409671095833,0.44908493563438084,0.034919248328888174
2024-03-14 07:00:00,0.037855394159403005,0.9185305140789043,0.7543243277536771,0.08147824610073906
2024-03-14 08:00:00,0.04867122106208957,0.9739483331314489,0.9324941903331091,0.10475774498666451
2024-03-14 09:00:00,0.04867122106208957,0.9493103861686619,0.9364515475652588,0.10475774498666451
2024-03-14 10:00:00,0.04650805568155226,0.9259078488767596,0.911037641657286,0.10010184520947943
2024-03-14 11:00:00,0.04326330761074629,0.9159496043253831,0.8658280708752951,0.09311799554370179
2024-03-14 12:00:00,0.032447480708059716,0.8605317852728384,0.7426007949081214,0.06983849665777635
2024-03-14 13:00:00,0.04110014223020897,0.8981989393504872,0.8466768743430862,0.0884620957665167
2024-03-14 14:00:00,0.04326330761074629,0.9092825031609962,0.8823108468589727,0.09311799554370179
2024-03-14 15:00:00,0.037855394159403005,0.8882406947991107,0.8179500795447728,0.08147824610073906
2024-03-14 16:00:00,0.021631653805373144,0.8307671420304609,0.6531075216228407,0.046558997771850893
2024-03-14 17:00:00,0.008652661522149257,0.8389295494231431,0.4683118812627275,0.018623599108740358
2024-03-14 18:00:00,0.005407913451343286,0.8356384060361535,0.3846424998521558,0.011639749442962723
2024-03-14 19:00:00,0.004326330761074628,0.7697822650513173,0.32880748015263045,0.009311799554370179
2024-03-14 20:00:00,0.0032447480708059718,0.661582610785299,0.2886867857222446,0.006983849665777635
2024-03-14 21:00:00,0.0032447480708059718,0.5812669482125568,0.26440439893372714,0.006983849665777635
2024-03-14 22:00:00,0.0032447480708059718,0.514285487968588,0.24561627080643544,0.006983849665777635
2024-03-14 23:00:00,0.0032447480708059718,0.48298043984141414,0.23309085205490762,0.006983849665777635
2024-03-15 00:00:00,0.0033116452729540424,0.4912438951459918,0.23752629827332397,0.007127836191901745
2024-03-15 01:00:00,0.0033116452729540424,0.4661475676875392,0.22476784843099884,0.007127836191901745
2024-03-15 02:00:00,0.0033116452729540424,0.4535994039583129,0.2183886235098363,0.007127836191901745
2024-03-15 03:00:00,0.0033116452729540424,0.4535994039583129,0.2183886235098363,0.007127836191901745
2024-03-15 04:00:00,0.0033116452729540424,0.4661475676875392,0.22476784843099884,0.007127836191901745
2024-03-15 05:00:00,0.005519408788256738,0.5445016187855499,0.27544095071956887,0.011879726986502909
2024-03-15 06:00:00,0.016558226364770213,0.7419380654875419,0.4578659275968464,0.03563918095950872
2024-03-15 07:00:00,0.03863586151779716,0.9346489308236627,0.7693749006837477,0.08315808890552036
2024-03-15 08:00:00,0.049674679094310635,0.991209292217487,0.9512575585871283,0.10691754287852617
2024-03-15 09:00:00,0.049674679094310635,0.9661129647590343,0.9553296022099377,0.10691754287852617
2024-03-15 10:00:00,0.04746691557900794,0.9422527287510432,0.9294043391732335,0.10216565208392502
2024-03-15 11:00:00,0.0441552703060539,0.932076748002572,0.8832547885347867,0.09503781589202327
2024-03-15 12:00:00,0.033116452729540426,0.8755163866087478,0.7574737755151878,0.07127836191901744
2024-03-15 13:00:00,0.0419475067907512,0.913972548054131,0.8637087504192451,0.0902859250974221
2024-03-15 14:00:00,0.0441552703060539,0.9252846203328958,0.9000852819999212,0.09503781589202327
2024-03-15 15:00:00,0.03863586151779716,0.9037965673056598,0.8343896932459327,0.08315808890552036
2024-03-15 16:00:00,0.02207763515302695,0.8450884442835019,0.6661228098586425,0.047518907946011636
2024-03-15 17:00:00,0.00883105406121078,0.8531223003200867,0.4774525636820456,0.019007563178404654
2024-03-15 18:00:00,0.005519408788256738,0.8497384472412917,0.39203186162495135,0.011879726986502909
2024-03-15 19:00:00,0.00441552703060539,0.7827964683422136,0.335070345361802,0.009503781589202327
2024-03-15 20:00:00,0.0033116452729540424,0.6728727464722163,0.29417026213100267,0.007127836191901745
2024-03-15 21:00:00,0.0033116452729540424,0.5912104207034924,0.26942242287913687,0.007127836191901745
2024-03-15 22:00:00,0.0033116452729540424,0.5231323502741206,0.25028474811564916,0.007127836191901745
2024-03-15 23:00:00,0.0033116452729540424,0.4912438951459918,0.23752629827332397,0.007127836191901745
2024-03-16 00:00:00,0.019401600962963783,0.5780843145221015,0.47129172755289567,0.04175913243307329
2024-03-16 01:00:00,0.019401600962963783,0.5540986781835713,0.4590979299278045,0.04175913243307329
2024-03-16 02:00:00,0.019401600962963783,0.5421058600143062,0.4530010311152589,0.04175913243307329
2024-03-16 03:00:00,0.019401600962963783,0.5421058600143062,0.4530010311152589,0.04175913243307329
2024-03-16 04:00:00,0.019401600962963783,0.5540986781835713,0.4590979299278045,0.04175913243307329
2024-03-16 05:00:00,0.019401600962963783,0.6062762857636652,0.47738862636544116,0.04175913243307329
2024-03-16 06:00:00,0.019401600962963783,0.7032750159906453,0.507873120428169,0.04175913243307329
2024-03-16 07:00:00,0.019401600962963783,0.7720817749760619,0.5322607156783512,0.04175913243307329
2024-03-16 08:00:00,0.019401600962963783,0.8095464126897407,0.5383576144908967,0.04175913243307329
2024-03-16 09:00:00,0.019401600962963783,0.8188190791618556,0.5383576144908967,0.04175913243307329
2024-03-16 10:00:00,0.019401600962963783,0.8234554123979131,0.5383576144908967,0.04175913243307329
2024-03-16 11:00:00,0.019401600962963783,0.8280917456339706,0.5383576144908967,0.04175913243307329
2024-03-16 12:00:00,0.019401600962963783,0.8216120844050511,0.5383576144908967,0.04175913243307329
2024-03-16 13:00:00,0.019401600962963783,0.8169757511689937,0.5383576144908967,0.04175913243307329
2024-03-16 14:00:00,0.019401600962963783,0.8123394179329361,0.5383576144908967,0.04175913243307329
2024-03-16 15:00:00,0.019401600962963783,0.8123394179329361,0.5383576144908967,0.04175913243307329
2024-03-16 16:00:00,0.019401600962963783,0.8123394179329361,0.5383576144908967,0.04175913243307329
2024-03-16 17:00:00,0.019401600962963783,0.8123394179329361,0.5383576144908967,0.04175913243307329
2024-03-16 18:00:00,0.019401600962963783,0.7979835928534995,0.5383576144908967,0.04175913243307329
2024-03-16 19:00:00,0.019401600962963783,0.7651552883758782,0.5322607156783512,0.04175913243307329
2024-03-16 20:00:00,0.019401600962963783,0.7156978324929345,0.5200669180532601,0.04175913243307329
2024-03-16 21:00:00,0.019401600962963783,0.6588838916767831,0.5017762216156234,0.04175913243307329
2024-03-16 22:00:00,0.019401600962963783,0.6140627690298968,0.4895824239905323,0.04175913243307329
2024-03-16 23:00:00,0.019401600962963783,0.5900771326913665,0.47738862636544116,0.04175913243307329
2024-03-17 00:00:00,0.019603686261119413,0.583242485604779,0.47602596474774084,0.04219409173073988
2024-03-17 01:00:00,0.019603686261119413,0.5590316319804585,0.4637176713483522,0.04219409173073988
2024-03-17 02:00:00,0.019603686261119413,0.5469262051682983,0.4575635246486579,0.04219409173073988
2024-03-17 03:00:00,0.019603686261119413,0.5469262051682983,0.4575635246486579,0.04219409173073988
2024-03-17 04:00:00,0.019603686261119413,0.5590316319804585,0.4637176713483522,0.04219409173073988
2024-03-17 05:00:00,0.019603686261119413,0.6116245885066678,0.4821801114474351,0.04219409173073988
2024-03-17 06:00:00,0.019603686261119413,0.70938529145835,0.5129508449459067,0.04219409173073988
2024-03-17 07:00:00,0.019603686261119413,0.7787638915081435,0.5375674317446839,0.04219409173073988
2024-03-17 08:00:00,0.019603686261119413,0.8165064278328801,0.5437215784443782,0.04219409173073988
2024-03-17 09:00:00,0.019603686261119413,0.8258668612557278,0.5437215784443782,0.04219409173073988
2024-03-17 10:00:00,0.019603686261119413,0.8305470779671518,0.5437215784443782,0.04219409173073988
2024-03-17 11:00:00,0.019603686261119413,0.8352272946785756,0.5437215784443782,0.04219409173073988
2024-03-17 12:00:00,0.019603686261119413,0.8287166242426842,0.5437215784443782,0.04219409173073988
2024-03-17 13:00:00,0.019603686261119413,0.8240364075312603,0.5437215784443782,0.04219409173073988
2024-03-17 14:00:00,0.019603686261119413,0.8193561908198363,0.5437215784443782,0.04219409173073988
2024-03-17 15:00:00,0.019603686261119413,0.8193561908198363,0.5437215784443782,0.04219409173073988
2024-03-17 16:00:00,0.019603686261119413,0.8193561908198363,0.5437215784443782,0.04219409173073988
2024-03-17 17:00:00,0.019603686261119413,0.8193561908198363,0.5437215784443782,0.04219409173073988
2024-03-17 18:00:00,0.019603686261119413,0.8049099684545753,0.5437215784443782,0.04219409173073988
2024-03-17 19:00:00,0.019603686261119413,0.7718476488412627,0.5375674317446839,0.04219409173073988
2024-03-17 20:00:00,0.019603686261119413,0.7219996857043658,0.5252591383452954,0.04219409173073988
2024-03-17 21:00:00,0.019603686261119413,0.6647265124667326,0.5067966982462124,0.04219409173073988
2024-03-17 22:00:00,0.019603686261119413,0.6195587660412596,0.49448840484682377,0.04219409173073988
2024-03-17 23:00:00,0.019603686261119413,0.5953479124169392,0.4821801114474351,0.04219409173073988
2024-03-18 00:00:00,0.002910262060065615,0.44166316331852556,0.21091362096282593,0.006263917035157073
2024-03-18 01:00:00,0.002910262060065615,0.4193171188340671,0.1995533576652849,0.006263917035157073
2024-03-18 02:00:00,0.002910262060065615,0.40814409659183787,0.19387322601651444,0.006263917035157073
2024-03-18 03:00:00,0.002910262060065615,0.40814409659183787,0.19387322601651444,0.006263917035157073
2024-03-18 04:00:00,0.002910262060065615,0.4193171188340671,0.1995533576652849,0.006263917035157073
2024-03-18 05:00:00,0.004850436766776025,0.489845634586598,0.24436560240137667,0.01043986172526179
2024-03-18 06:00:00,0.014551310300328076,0.6667676991372882,0.4051799758220534,0.03131958517578537
2024-03-18 07:00:00,0.03395305736743218,0.8379384303551121,0.6790714631033236,0.07307903207683253
2024-03-18 08:00:00,0.043653930900984225,0.8876435377012585,0.8386773490630131,0.09395875552735611
2024-03-18 09:00:00,0.043653930900984225,0.8652974932167999,0.8420612743418644,0.09395875552735611
2024-03-18 10:00:00,0.04171375619427382,0.8441834495053414,0.8192041540775482,0.0897828108372514
2024-03-18 11:00:00,0.0388034941342082,0.835313885939438,0.7786944825778375,0.08351889380209432
2024-03-18 12:00:00,0.029102620600656152,0.7856087785932915,0.668235891872789,0.06263917035157074
2024-03-18 13:00:00,0.03686331942749779,0.8193308958322681,0.7615174939622918,0.07934294911198961
2024-03-18 14:00:00,0.0388034941342082,0.8292719173014974,0.7934386711542297,0.08351889380209432
2024-03-18 15:00:00,0.03395305736743218,0.8104613322663647,0.7357520110389735,0.07307903207683253
2024-03-18 16:00:00,0.0194017470671041,0.7591606307652553,0.5880310804438313,0.04175944690104716
2024-03-18 17:00:00,0.00776069882684164,0.7679657949384254,0.4226084691661372,0.016703778760418862
2024-03-18 18:00:00,0.004850436766776025,0.7651382000104625,0.3476956909881778,0.01043986172526179
2024-03-18 19:00:00,0.00388034941342082,0.704711248596835,0.297493154106773,0.008351889380209431
2024-03-18 20:00:00,0.002910262060065615,0.6051319323507125,0.2612694036784541,0.006263917035157073
2024-03-18 21:00:00,0.002910262060065615,0.531549585757878,0.23931427920667847,0.006263917035157073
2024-03-18 22:00:00,0.002910262060065615,0.4700511764409247,0.22227388426036696,0.006263917035157073
2024-03-18 23:00:00,0.002910262060065615,0.44166316331852556,0.21091362096282593,0.006263917035157073
2024-03-19 00:00:00,0.0032447480708059718,0.48298043984141414,0.23309085205490762,0.006983849665777635
2024-03-19 01:00:00,0.0032447480708059718,0.45834249287862716,0.22056543330337985,0.006983849665777635
2024-03-19 02:00:00,0.0032447480708059718,0.4460235193972338,0.21430272392761598,0.006983849665777635
2024-03-19 03:00:00,0.0032447480708059718,0.4460235193972338,0.21430272392761598,0.006983849665777635
2024-03-19 04:00:00,0.0032447480708059718,0.45834249287862716,0.22056543330337985,0.006983849665777635
2024-03-19 05:00:00,0.005407913451343286,0.5353922880857246,0.27026172599987025,0.011639749442962723
2024-03-19 06:00:00,0.016223740354029858,0.729409671095833,0.44908493563438084,0.034919248328888174
2024-03-19 07:00:00,0.037855394159403005,0.9185305140789043,0.7543243277536771,0.08147824610073906
2024-03-19 08:00:00,0.04867122106208957,0.9739483331314489,0.9324941903331091,0.10475774498666451
2024-03-19 09:00:00,0.04867122106208957,0.9493103861686619,0.9364515475652588,0.10475774498666451
2024-03-19 10:00:00,0.04650805568155226,0.9259078488767596,0.911037641657286,0.10010184520947943
2024-03-19 11:00:00,0.04326330761074629,0.9159496043253831,0.8658280708752951,0.09311799554370179
2024-03-19 12:00:00,0.032447480708059716,0.8605317852728384,0.7426007949081214,0.06983849665777635
2024-03-19 13:00:00,0.04110014223020897,0.8981989393504872,0.8466768743430862,0.0884620957665167
2024-03-19 14:00:00,0.04326330761074629,0.9092825031609962,0.8823108468589727,0.09311799554370179
2024-03-19 15:00:00,0.037855394159403005,0.8882406947991107,0.8179500795447728,0.08147824610073906
2024-03-19 16:00:00,0.021631653805373144,0.8307671420304609,0.6531075216228407,0.046558997771850893
2024-03-19 17:00:00,0.008652661522149257,0.8389295494231431,0.4683118812627275,0.018623599108740358
2024-03-19 18:00:00,0.005407913451343286,0.8356384060361535,0.3846424998521558,0.011639749442962723
2024-03-19 19:00:00,0.004326330761074628,0.7697822650513173,0.32880748015263045,0.009311799554370179
2024-03-19 20:00:00,0.0032447480708059718,0.661582610785299,0.2886867857222446,0.006983849665777635
2024-03-19 21:00:00,0.0032447480708059718,0.5812669482125568,0.26440439893372714,0.006983849665777635
2024-03-19 22:00:00,0.0032447480708059718,0.514285487968588,0.24561627080643544,0.006983849665777635
2024-03-19 23:00:00,0.0032447480708059718,0.48298043984141414,0.23309085205490762,0.006983849665777635
2024-03-20 00:00:00,0.003579234081546328,0.5242977163643027,0.2552680831469894,0.007703782296398195
2024-03-20 01:00:00,0.003579234081546328,0.4973678669231873,0.24157750894147484,0.007703782296398195
2024-03-20 02:00:00,0.003579234081546328,0.48390294220262964,0.2347322218387176,0.007703782296398195
2024-03-20 03:00:00,0.003579234081546328,0.48390294220262964,0.2347322218387176,0.007703782296398195
2024-03-20 04:00:00,0.003579234081546328,0.4973678669231873,0.24157750894147484,0.007703782296398195
2024-03-20 05:00:00,0.005965390135910547,0.5809389415848513,0.2961578495983638,0.012839637160663659
2024-03-20 06:00:00,0.01789617040773164,0.7920516430543779,0.49298989544670846,0.03851891148199098
2024-03-20 07:00:00,0.04175773095137383,0.9991225978026965,0.8295771924040306,0.08987746012464562
2024-03-20 08:00:00,0.053688511223194915,1.0602531285616394,1.0263110316032054,0.11555673444597293
2024-03-20 09:00:00,0.053688511223194915,1.033323279120524,1.0308418207886534,0.11555673444597293
2024-03-20 10:00:00,0.0513023551688307,1.0076322482481779,1.0028711292370238,0.11042087958170747
2024-03-20 11:00:00,0.047723121087284374,0.996585322711328,0.952961659172753,0.10271709728530927
2024-03-20 12:00:00,0.03579234081546328,0.9354547919523852,0.816965697943454,0.07703782296398196
2024-03-20 13:00:00,0.04533696503292016,0.9770669828687064,0.9318362547238808,0.09758124242104381
2024-03-20 14:00:00,0.047723121087284374,0.989293089020495,0.9711830225637156,0.10271709728530927
2024-03-20 15:00:00,0.04175773095137383,0.9660200573318567,0.9001481480505724,0.08987746012464562
2024-03-20 16:00:00,0.023861560543642187,0.9023736532956665,0.71818396280185,0.051358548642654635
2024-03-20 17:00:00,0.009544624217456874,0.909893303907861,0.5140152933593178,0.020543419457061854
2024-03-20 18:00:00,0.005965390135910547,0.9061386120618445,0.4215893087161338,0.012839637160663659
2024-03-20 19:00:00,0.004772312108728437,0.8348532815057995,0.360121806198488,0.010271709728530927
2024-03-20 20:00:00,0.003579234081546328,0.7180332892198856,0.31610416776603517,0.007703782296398195
2024-03-20 21:00:00,0.003579234081546328,0.6309843106672354,0.2894945186607758,0.007703782296398195
2024-03-20 22:00:00,0.003579234081546328,0.5585197994962514,0.26895865735250396,0.007703782296398195
2024-03-20 23:00:00,0.003579234081546328,0.5242977163643027,0.2552680831469894,0.007703782296398195
2024-03-21 00:00:00,0.004014065895508792,0.5780101758440579,0.28409848356669565,0.008639694716204923
2024-03-21 01:00:00,0.004014065895508792,0.5481008531811155,0.26889320727099825,0.008639694716204923
2024-03-21 02:00:00,0.004014065895508792,0.5331461918496444,0.26129056912314963,0.008639694716204923
2024-03-21 03:00:00,0.004014065895508792,0.5331461918496444,0.26129056912314963,0.008639694716204923
2024-03-21 04:00:00,0.004014065895508792,0.5481008531811155,0.26889320727099825,0.008639694716204923
2024-03-21 05:00:00,0.006690109825847986,0.640149591133716,0.32982281027640536,0.014399491193674873
2024-03-21 06:00:00,0.020070329477543957,0.8734862066004861,0.5500663432027343,0.04319847358102462
2024-03-21 07:00:00,0.0468307687809359,1.1038923066436266,0.9274059164494902,0.1007964383557241
2024-03-21 08:00:00,0.060210988432631875,1.172449362620887,1.1482729252543302,0.12959542074307384
2024-03-21 09:00:00,0.060210988432631875,1.1425400399579446,1.1535491759790664,0.12959542074307384
2024-03-21 10:00:00,0.057534944502292684,1.1138739674310214,1.1222546630906831,0.1238356242656039
2024-03-21 11:00:00,0.05352087860678389,1.1014117566130566,1.066235323959448,0.11519592954939899
2024-03-21 12:00:00,0.040140658955087914,1.0328547006357962,0.9136400718893862,0.08639694716204924
2024-03-21 13:00:00,0.0508448346764447,1.0795954394423912,1.0425434492189134,0.10943613307192904
2024-03-21 14:00:00,0.05352087860678389,1.0933068506378432,1.0867168509798815,0.11519592954939899
2024-03-21 15:00:00,0.0468307687809359,1.0671332286244264,1.0070056371081118,0.1007964383557241
2024-03-21 16:00:00,0.026760439303391944,0.9954621179404336,0.8027833363345623,0.057597964774699494
2024-03-21 17:00:00,0.010704175721356778,1.0021461847379942,0.5734297290848852,0.023039185909879797
2024-03-21 18:00:00,0.006690109825847986,0.997788879895243,0.4696201602393052,0.014399491193674873
2024-03-21 19:00:00,0.005352087860678389,0.9194456028966265,0.40083043005810276,0.011519592954939898
2024-03-21 20:00:00,0.004014065895508792,0.7914191711848482,0.3517467644229629,0.008639694716204923
2024-03-21 21:00:00,0.004014065895508792,0.6956168818583176,0.32211167430593907,0.008639694716204923
2024-03-21 22:00:00,0.004014065895508792,0.6160244044822137,0.29930375986239305,0.008639694716204923
2024-03-21 23:00:00,0.004014065895508792,0.5780101758440579,0.28409848356669565,0.008639694716204923
2024-03-22 00:00:00,0.0038133742890645774,0.5532198099303247,0.2707921449114466,0.008207735137832588
2024-03-22 01:00:00,0.0038133742890645774,0.5246856287543794,0.2562859618881413,0.008207735137832588
2024-03-22 02:00:00,0.0038133742890645774,0.5104185381664068,0.2490328703764887,0.008207735137832588
2024-03-22 03:00:00,0.0038133742890645774,0.5104185381664068,0.2490328703764887,0.008207735137832588
2024-03-22 04:00:00,0.0038133742890645774,0.5246856287543794,0.2562859618881413,0.008207735137832588
2024-03-22 05:00:00,0.006355623815107629,0.6128215990342399,0.3142851361173093,0.013679558563054315
2024-03-22 06:00:00,0.01906687144532289,0.8359010234253593,0.5237233673153378,0.041038675689162946
2024-03-22 07:00:00,0.0444893667057534,1.0555370564093511,0.8822541976592781,0.0957569099413802
2024-03-22 08:00:00,0.057200614335968666,1.1206664853627728,1.0919828204922726,0.12311602706748882
2024-03-22 09:00:00,0.057200614335968666,1.0921323041868274,1.0969150120450297,0.12311602706748882
2024-03-22 10:00:00,0.054658364809925614,1.0648393278081705,1.0671545705428405,0.1176442036422671
2024-03-22 11:00:00,0.050844990520861034,1.0530303255814897,1.0139551709809733,0.10943646850443452
2024-03-22 12:00:00,0.03813374289064578,0.987900896628068,0.8690211300681868,0.08207735137832589
2024-03-22 13:00:00,0.04830274099481798,1.0322746133314598,0.9914478209904368,0.10396464507921278
2024-03-22 14:00:00,0.050844990520861034,1.045300499122144,1.0333935455570358,0.10943646850443452
2024-03-22 15:00:00,0.0444893667057534,1.0204656111047787,0.957686796004632,0.0957569099413802
2024-03-22 16:00:00,0.025422495260430517,0.9524982111813103,0.7637374716271568,0.05471823425221726
2024-03-22 17:00:00,0.010168998104172208,0.9595679320471636,0.546007681826931,0.021887293700886903
2024-03-22 18:00:00,0.006355623815107629,0.9554887562798283,0.44745207492091843,0.013679558563054315
2024-03-22 19:00:00,0.005084499052086104,0.8804029930239371,0.38204183443058826,0.010943646850443451
2024-03-22 20:00:00,0.0038133742890645774,0.7575487641240962,0.33529633519668856,0.008207735137832588
2024-03-22 21:00:00,0.0038133742890645774,0.6657864643855105,0.30705760246970987,0.008207735137832588
2024-03-22 22:00:00,0.0038133742890645774,0.5894838175656157,0.2852983279347519,0.008207735137832588
2024-03-22 23:00:00,0.0038133742890645774,0.5532198099303247,0.2707921449114466,0.008207735137832588
2024-03-23 00:00:00,0.01778491857771872,0.5368189458606804,0.43341782999413353,0.038279458051740566
2024-03-23 01:00:00,0.01778491857771872,0.514635047808472,0.42213999856342244,0.038279458051740566
2024-03-23 02:00:00,0.01778491857771872,0.5035430987823678,0.4165010828480669,0.038279458051740566
2024-03-23 03:00:00,0.01778491857771872,0.5035430987823678,0.4165010828480669,0.038279458051740566
2024-03-23 04:00:00,0.01778491857771872,0.514635047808472,0.42213999856342244,0.038279458051740566
2024-03-23 05:00:00,0.01778491857771872,0.5634898638196433,0.439056745709489,0.038279458051740566
2024-03-23 06:00:00,0.01778491857771872,0.6543928122490079,0.46725132428626664,0.038279458051740566
2024-03-23 07:00:00,0.01778491857771872,0.7186248427194094,0.4898069871476888,0.038279458051740566
2024-03-23 08:00:00,0.01778491857771872,0.7538662915446244,0.49544590286304424,0.038279458051740566
2024-03-23 09:00:00,0.01778491857771872,0.7624368224108764,0.49544590286304424,0.038279458051740566
2024-03-23 10:00:00,0.01778491857771872,0.7667220878440024,0.49544590286304424,0.038279458051740566
2024-03-23 11:00:00,0.01778491857771872,0.7710073532771283,0.49544590286304424,0.038279458051740566
2024-03-23 12:00:00,0.01778491857771872,0.7647757657039848,0.49544590286304424,0.038279458051740566
2024-03-23 13:00:00,0.01778491857771872,0.7604905002708588,0.49544590286304424,0.038279458051740566
2024-03-23 14:00:00,0.01778491857771872,0.7562052348377328,0.49544590286304424,0.038279458051740566
2024-03-23 15:00:00,0.01778491857771872,0.7562052348377328,0.49544590286304424,0.038279458051740566
2024-03-23 16:00:00,0.01778491857771872,0.7562052348377328,0.49544590286304424,0.038279458051740566
2024-03-23 17:00:00,0.01778491857771872,0.7562052348377328,0.49544590286304424,0.038279458051740566
2024-03-23 18:00:00,0.01778491857771872,0.7425725880448915,0.49544590286304424,0.038279458051740566
2024-03-23 19:00:00,0.01778491857771872,0.7116164046528025,0.4898069871476888,0.038279458051740566
2024-03-23 20:00:00,0.01778491857771872,0.6652830068014832,0.4785291557169777,0.038279458051740566
2024-03-23 21:00:00,0.01778491857771872,0.612142925357186,0.4616124085709111,0.038279458051740566
2024-03-23 22:00:00,0.01778491857771872,0.5700947929389927,0.4503345771402001,0.038279458051740566
2024-03-23 23:00:00,0.01778491857771872,0.5479108948867845,0.439056745709489,0.038279458051740566
2024-03-24 00:00:00,0.016572406788784928,0.5058699193646147,0.405012406825062,0.03566970226574104
2024-03-24 01:00:00,0.016572406788784928,0.4850373250271477,0.39442155004013596,0.03566970226574104
2024-03-24 02:00:00,0.016572406788784928,0.47462102785841426,0.38912612164767296,0.03566970226574104
2024-03-24 03:00:00,0.016572406788784928,0.47462102785841426,0.38912612164767296,0.03566970226574104
2024-03-24 04:00:00,0.016572406788784928,0.4850373250271477,0.39442155004013596,0.03566970226574104
2024-03-24 05:00:00,0.016572406788784928,0.531400047361627,0.41030783521752495,0.03566970226574104
2024-03-24 06:00:00,0.016572406788784928,0.6177311594427798,0.43678497717984,0.03566970226574104
2024-03-24 07:00:00,0.016572406788784928,0.67853214352692,0.457966690749692,0.03566970226574104
2024-03-24 08:00:00,0.016572406788784928,0.7121062006857873,0.463262119142155,0.03566970226574104
2024-03-24 09:00:00,0.016572406788784928,0.7201501298476422,0.463262119142155,0.03566970226574104
2024-03-24 10:00:00,0.016572406788784928,0.7241720944285697,0.463262119142155,0.03566970226574104
2024-03-24 11:00:00,0.016572406788784928,0.7281940590094971,0.463262119142155,0.03566970226574104
2024-03-24 12:00:00,0.016572406788784928,0.7221485266781854,0.463262119142155,0.03566970226574104
2024-03-24 13:00:00,0.016572406788784928,0.718126562097258,0.463262119142155,0.03566970226574104
2024-03-24 14:00:00,0.016572406788784928,0.7141045975163305,0.463262119142155,0.03566970226574104
2024-03-24 15:00:00,0.016572406788784928,0.7141045975163305,0.463262119142155,0.03566970226574104
2024-03-24 16:00:00,0.016572406788784928,0.7141045975163305,0.463262119142155,0.03566970226574104
2024-03-24 17:00:00,0.016572406788784928,0.7141045975163305,0.463262119142155,0.03566970226574104
2024-03-24 18:00:00,0.016572406788784928,0.7010143344384356,0.463262119142155,0.03566970226574104
2024-03-24 19:00:00,0.016572406788784928,0.6714622418604959,0.457966690749692,0.03566970226574104
2024-03-24 20:00:00,0.016572406788784928,0.627471887532895,0.447375833964766,0.03566970226574104
2024-03-24 21:00:00,0.016572406788784928,0.5770872006174883,0.431489548787377,0.03566970226574104
2024-03-24 22:00:00,0.016572406788784928,0.5371188108708149,0.42089869200245095,0.03566970226574104
2024-03-24 23:00:00,0.016572406788784928,0.516286216533348,0.41030783521752495,0.03566970226574104
2024-03-25 00:00:00,0.003010607863287721,0.4540583462753921,0.21756679029045042,0.006479896824343241
2024-03-25 01:00:00,0.003010607863287721,0.43102473104743505,0.20585698035671338,0.006479896824343241
2024-03-25 02:00:00,0.003010607863287721,0.41950792343345655,0.20000207538984488,0.006479896824343241
2024-03-25 03:00:00,0.003010607863287721,0.41950792343345655,0.20000207538984488,0.006479896824343241
2024-03-25 04:00:00,0.003010607863287721,0.43102473104743505,0.20585698035671338,0.006479896824343241
2024-03-25 05:00:00,0.005017679772146202,0.503509630636336,0.2521344394809247,0.010799828040572067
2024-03-25 06:00:00,0.015053039316438605,0.6855602907248515,0.41835146376575155,0.032399484121716206
2024-03-25 07:00:00,0.035123758405023416,0.8621160554722496,0.7016473224984295,0.07559879628400447
2024-03-25 08:00:00,0.04515911794931582,0.9135349763303154,0.8668224014440418,0.09719845236514861
2024-03-25 09:00:00,0.04515911794931582,0.8905013611023583,0.8703783563088825,0.09719845236514861
2024-03-25 10:00:00,0.04315204604045734,0.8687007693167668,0.8467542003514694,0.09287852114891978
2024-03-25 11:00:00,0.040141438177169614,0.8595046014552213,0.8048345590670747,0.08639862432457654
2024-03-25 12:00:00,0.03010607863287721,0.8080856805971555,0.6905453627833885,0.06479896824343241
2024-03-25 13:00:00,0.03813436626831113,0.8429913088877338,0.7870653080765301,0.08207869310834771
2024-03-25 14:00:00,0.040141438177169614,0.8532750930593469,0.8201003238656525,0.08639862432457654
2024-03-25 15:00:00,0.035123758405023416,0.8337951410261885,0.7604114315907131,0.07559879628400447
2024-03-25 16:00:00,0.020070719088584807,0.7806425841448169,0.607554012797534,0.04319931216228827
2024-03-25 17:00:00,0.008028287635433923,0.7892549212838406,0.4363194927951142,0.01727972486491531
2024-03-25 18:00:00,0.005017679772146202,0.7862882618181697,0.3587797336473712,0.010799828040572067
2024-03-25 19:00:00,0.004014143817716961,0.7242325535331796,0.30688745192053024,0.008639862432457655
2024-03-25 20:00:00,0.003010607863287721,0.6220671358810884,0.2694946182915912,0.006479896824343241
2024-03-25 21:00:00,0.003010607863287721,0.5464647944942816,0.24684131512479304,0.006479896824343241
2024-03-25 22:00:00,0.003010607863287721,0.48332146989922364,0.2292766002241875,0.006479896824343241
2024-03-25 23:00:00,0.003010607863287721,0.4540583462753921,0.21756679029045042,0.006479896824343241
2024-03-26 00:00:00,0.002910262060065615,0.44166316331852556,0.21091362096282593,0.006263917035157073
2024-03-26 01:00:00,0.002910262060065615,0.4193171188340671,0.1995533576652849,0.006263917035157073
2024-03-26 02:00:00,0.002910262060065615,0.40814409659183787,0.19387322601651444,0.006263917035157073
2024-03-26 03:00:00,0.002910262060065615,0.40814409659183787,0.19387322601651444,0.006263917035157073
2024-03-26 04:00:00,0.002910262060065615,0.4193171188340671,0.1995533576652849,0.006263917035157073
2024-03-26 05:00:00,0.004850436766776025,0.489845634586598,0.24436560240137667,0.01043986172526179
2024-03-26 06:00:00,0.014551310300328076,0.6667676991372882,0.4051799758220534,0.03131958517578537
2024-03-26 07:00:00,0.03395305736743218,0.8379384303551121,0.6790714631033236,0.07307903207683253
2024-03-26 08:00:00,0.043653930900984225,0.8876435377012585,0.8386773490630131,0.09395875552735611
2024-03-26 09:00:00,0.043653930900984225,0.8652974932167999,0.8420612743418644,0.09395875552735611
2024-03-26 10:00:00,0.04171375619427382,0.8441834495053414,0.8192041540775482,0.0897828108372514
2024-03-26 11:00:00,0.0388034941342082,0.835313885939438,0.7786944825778375,0.08351889380209432
2024-03-26 12:00:00,0.029102620600656152,0.7856087785932915,0.668235891872789,0.06263917035157074
2024-03-26 13:00:00,0.03686331942749779,0.8193308958322681,0.7615174939622918,0.07934294911198961
2024-03-26 14:00:00,0.0388034941342082,0.8292719173014974,0.7934386711542297,0.08351889380209432
2024-03-26 15:00:00,0.03395305736743218,0.8104613322663647,0.7357520110389735,0.07307903207683253
2024-03-26 16:00:00,0.0194017470671041,0.7591606307652553,0.5880310804438313,0.04175944690104716
2024-03-26 17:00:00,0.00776069882684164,0.7679657949384254,0.4226084691661372,0.016703778760418862
2024-03-26 18:00:00,0.004850436766776025,0.7651382000104625,0.3476956909881778,0.01043986172526179
2024-03-26 19:00:00,0.00388034941342082,0.704711248596835,0.297493154106773,0.008351889380209431
2024-03-26 20:00:00,0.002910262060065615,0.6051319323507125,0.2612694036784541,0.006263917035157073
2024-03-26 21:00:00,0.002910262060065615,0.531549585757878,0.23931427920667847,0.006263917035157073
2024-03-26 22:00:00,0.002910262060065615,0.4700511764409247,0.22227388426036696,0.006263917035157073
2024-03-26 23:00:00,0.002910262060065615,0.44166316331852556,0.21091362096282593,0.006263917035157073
2024-03-27 00:00:00,0.002809916256843507,0.42926798036165886,0.20426045163520137,0.006047937245970903
2024-03-27 01:00:00,0.002809916256843507,0.4076095066206989,0.1932497349738564,0.006047937245970903
2024-03-27 02:00:00,0.002809916256843507,0.3967802697502189,0.1877443766431839,0.006047937245970903
2024-03-27 03:00:00,0.002809916256843507,0.3967802697502189,0.1877443766431839,0.006047937245970903
2024-03-27 04:00:00,0.002809916256843507,0.4076095066206989,0.1932497349738564,0.006047937245970903
2024-03-27 05:00:00,0.004683193761405845,0.47618163853685985,0.23659676532182858,0.010079895409951505
2024-03-27 06:00:00,0.014049581284217533,0.6479751075497245,0.392008487878355,0.030239686229854516
2024-03-27 07:00:00,0.03278235632984092,0.8137608052379741,0.6564956037082172,0.07055926786966053
2024-03-27 08:00:00,0.042148743852652604,0.8617520990722011,0.810532296681984,0.09071905868956355
2024-03-27 09:00:00,0.042148743852652604,0.8400936253312411,0.8137441923748456,0.09071905868956355
2024-03-27 10:00:00,0.04027546634809027,0.8196661296939157,0.7916541078036265,0.08668710052558294
2024-03-27 11:00:00,0.03746555009124676,0.8111231704236542,0.7525544060885999,0.08063916327961204
2024-03-27 12:00:00,0.028099162568435067,0.7631318765894273,0.645926420962189,0.06047937245970903
2024-03-27 13:00:00,0.03559227258668442,0.7956704827768022,0.7359696798480533,0.07660720511563143
2024-03-27 14:00:00,0.03746555009124676,0.8052687415436476,0.7667770184428067,0.08063916327961204
2024-03-27 15:00:00,0.03278235632984092,0.7871275235065407,0.7110925904872334,0.07055926786966053
2024-03-27 16:00:00,0.01873277504562338,0.7376786773856935,0.5685081480901283,0.04031958163980602
2024-03-27 17:00:00,0.007493110018249352,0.7466766685930099,0.40889744553715995,0.01612783265592241
2024-03-27 18:00:00,0.004683193761405845,0.743988138202755,0.3366116483289843,0.010079895409951505
2024-03-27 19:00:00,0.003746555009124676,0.6851899436604901,0.28809885629301574,0.008063916327961204
2024-03-27 20:00:00,0.002809916256843507,0.5881967288203364,0.25304418906531684,0.006047937245970903
2024-03-27 21:00:00,0.002809916256843507,0.5166343770214743,0.23178724328856384,0.006047937245970903
2024-03-27 22:00:00,0.002809916256843507,0.4567808829826256,0.21527116829654638,0.006047937245970903
2024-03-27 23:00:00,0.002809916256843507,0.42926798036165886,0.20426045163520137,0.006047937245970903
2024-03-28 00:00:00,0.0030440564643617572,0.45819007392768096,0.21978451339965857,0.006551890087405297
2024-03-28 01:00:00,0.0030440564643617572,0.43492726845189106,0.20795818792052284,0.006551890087405297
2024-03-28 02:00:00,0.0030440564643617572,0.4232958657139962,0.20204502518095502,0.006551890087405297
2024-03-28 03:00:00,0.0030440564643617572,0.4232958657139962,0.20204502518095502,0.006551890087405297
2024-03-28 04:00:00,0.0030440564643617572,0.43492726845189106,0.20795818792052284,0.006551890087405297
2024-03-28 05:00:00,0.005073427440602928,0.5080642959862487,0.25472405184077407,0.010919816812342161
2024-03-28 06:00:00,0.015220282321808784,0.691824487920706,0.42274195974698436,0.03275945043702649
2024-03-28 07:00:00,0.0355139920842205,0.8701752638446287,0.7091726089634649,0.07643871768639512
2024-03-28 08:00:00,0.045660846965426355,0.9221654558733345,0.8762040855710513,0.09827835131107945
2024-03-28 09:00:00,0.045660846965426355,0.8989026503975446,0.8798173836312221,0.09827835131107945
2024-03-28 10:00:00,0.04363147598918518,0.8768732092539085,0.8559375491094432,0.09391042458614259
2024-03-28 11:00:00,0.04058741952482343,0.8675681732938159,0.8135479178968205,0.08735853449873729
2024-03-28 12:00:00,0.03044056464361757,0.8155779812651102,0.6979818530869218,0.06551890087405297
2024-03-28 13:00:00,0.038558048548582254,0.8508781132395556,0.7955812461146095,0.08299060777380042
2024-03-28 14:00:00,0.04058741952482343,0.8612761516452968,0.8289875414361269,0.08735853449873729
2024-03-28 15:00:00,0.0355139920842205,0.8415730772794631,0.7686312384412931,0.07643871768639512
2024-03-28 16:00:00,0.020293709762411714,0.7878032352713374,0.614061656915435,0.043679267249368645
2024-03-28 17:00:00,0.008117483904964685,0.7963512967323124,0.44088983400477333,0.017471706899747457
2024-03-28 18:00:00,0.005073427440602928,0.7933382824207389,0.362474414533769,0.010919816812342161
2024-03-28 19:00:00,0.004058741952482342,0.7307396551786278,0.31001888452511595,0.008735853449873729
2024-03-28 20:00:00,0.0030440564643617572,0.6277122037245471,0.2722363564959702,0.006551890087405297
2024-03-28 21:00:00,0.0030440564643617572,0.5514365307397495,0.2493503270974979,0.006551890087405297
2024-03-28 22:00:00,0.0030440564643617572,0.48774490105199,0.23161083887879433,0.006551890087405297
2024-03-28 23:00:00,0.0030440564643617572,0.45819007392768096,0.21978451339965857,0.006551890087405297
2024-03-29 00:00:00,0.0025423274482512213,0.39621415914334795,0.1865186667615359,0.005471991141474453
2024-03-29 01:00:00,0.0025423274482512213,0.3763892073850507,0.17644007446338034,0.005471991141474453
2024-03-29 02:00:00,0.0025423274482512213,0.36647673150590215,0.17140077831430256,0.005471991141474453
2024-03-29 03:00:00,0.0025423274482512213,0.36647673150590215,0.17140077831430256,0.005471991141474453
2024-03-29 04:00:00,0.0025423274482512213,0.3763892073850507,0.17644007446338034,0.005471991141474453
2024-03-29 05:00:00,0.004237212413752035,0.43974431573755846,0.21587986644303364,0.009119985235790754
2024-03-29 06:00:00,0.012711637241256103,0.5978615299828884,0.3568845200284928,0.027359955707372263
2024-03-29 07:00:00,0.029660486896264247,0.74928713825894,0.5962933119879342,0.06383989665053529
2024-03-29 08:00:00,0.03813491172376832,0.7927082627280484,0.7354788236659069,0.08207986712211679
2024-03-29 09:00:00,0.03813491172376832,0.7728833109697512,0.7382319737961298,0.08207986712211679
2024-03-29 10:00:00,0.036440026758267505,0.7542866101967809,0.718187317739836,0.07843187302780048
2024-03-29 11:00:00,0.03389769931001628,0.746614595714898,0.6828475354506336,0.07295988188632603
2024-03-29 12:00:00,0.025423274482512206,0.7031934712457896,0.5864344985339227,0.054719911414744526
2024-03-29 13:00:00,0.03220281434451547,0.7325760479622268,0.6678421755434176,0.06931188779200974
2024-03-29 14:00:00,0.03389769931001628,0.7412602728560485,0.6956792778790121,0.07295988188632603
2024-03-29 15:00:00,0.029660486896264247,0.7249040334803438,0.6453341356825936,0.06383989665053529
2024-03-29 16:00:00,0.01694884965500814,0.6803934683735289,0.5164469951469206,0.036479940943163015
2024-03-29 17:00:00,0.006779539862003256,0.6899056650052353,0.3723347158598876,0.014591976377265206
2024-03-29 18:00:00,0.004237212413752035,0.687587973382202,0.3070542012378018,0.009119985235790754
2024-03-29 19:00:00,0.003389769931001628,0.6331331304969041,0.2630473954563296,0.007295988188632603
2024-03-29 20:00:00,0.0025423274482512213,0.5430361860726669,0.23111028343028428,0.005471991141474453
2024-03-29 21:00:00,0.0025423274482512213,0.4768604870577313,0.2117151475069248,0.005471991141474453
2024-03-29 22:00:00,0.0025423274482512213,0.42139343376049476,0.19659725905969147,0.005471991141474453
2024-03-29 23:00:00,0.0025423274482512213,0.39621415914334795,0.1865186667615359,0.005471991141474453
2024-03-30 00:00:00,0.014955724403539868,0.4646045507031935,0.3671385092662999,0.032190027884408313
2024-03-30 01:00:00,0.014955724403539868,0.4455736946520485,0.3574636186757539,0.032190027884408313
2024-03-30 02:00:00,0.014955724403539868,0.436058266626476,0.3526261733804809,0.032190027884408313
2024-03-30 03:00:00,0.014955724403539868,0.436058266626476,0.3526261733804809,0.032190027884408313
2024-03-30 04:00:00,0.014955724403539868,0.4455736946520485,0.3574636186757539,0.032190027884408313
2024-03-30 05:00:00,0.014955724403539868,0.4886136254176052,0.3719759545615728,0.032190027884408313
2024-03-30 06:00:00,0.014955724403539868,0.5688489557011422,0.39616318103793763,0.032190027884408313
2024-03-30 07:00:00,0.014955724403539868,0.6250752112702676,0.4155129622190295,0.032190027884408313
2024-03-30 08:00:00,0.014955724403539868,0.6564260795406711,0.4203504075143024,0.032190027884408313
2024-03-30 09:00:00,0.014955724403539868,0.6637678730966631,0.4203504075143024,0.032190027884408313
2024-03-30 10:00:00,0.014955724403539868,0.6674387698746591,0.4203504075143024,0.032190027884408313
2024-03-30 11:00:00,0.014955724403539868,0.671109666652655,0.4203504075143024,0.032190027884408313
2024-03-30 12:00:00,0.014955724403539868,0.6653122079771193,0.4203504075143024,0.032190027884408313
2024-03-30 13:00:00,0.014955724403539868,0.6616413111991233,0.4203504075143024,0.032190027884408313
2024-03-30 14:00:00,0.014955724403539868,0.6579704144211274,0.4203504075143024,0.032190027884408313
2024-03-30 15:00:00,0.014955724403539868,0.6579704144211274,0.4203504075143024,0.032190027884408313
2024-03-30 16:00:00,0.014955724403539868,0.6579704144211274,0.4203504075143024,0.032190027884408313
2024-03-30 17:00:00,0.014955724403539868,0.6579704144211274,0.4203504075143024,0.032190027884408313
2024-03-30 18:00:00,0.014955724403539868,0.6456033296298278,0.4203504075143024,0.032190027884408313
2024-03-30 19:00:00,0.014955724403539868,0.6179233581374202,0.4155129622190295,0.032190027884408313
2024-03-30 20:00:00,0.014955724403539868,0.5770570618414439,0.40583807162848357,0.032190027884408313
2024-03-30 21:00:00,0.014955724403539868,0.5303462342978912,0.39132573574266466,0.032190027884408313
2024-03-30 22:00:00,0.014955724403539868,0.4931508347799109,0.3816508451521187,0.032190027884408313
2024-03-30 23:00:00,0.014955724403539868,0.47411997872876593,0.3719759545615728,0.032190027884408313
2024-03-31 00:00:00,0.012126530229361013,0.3923901555457068,0.3008591885384662,0.02610059771707606
2024-03-31 01:00:00,0.012126530229361013,0.3765123414956251,0.2927872387880854,0.02610059771707606
2024-03-31 02:00:00,0.012126530229361013,0.36857343447058427,0.28875126391289496,0.02610059771707606
2024-03-31 03:00:00,0.012126530229361013,0.36857343447058427,0.28875126391289496,0.02610059771707606
2024-03-31 04:00:00,0.012126530229361013,0.3765123414956251,0.2927872387880854,0.02610059771707606
2024-03-31 05:00:00,0.012126530229361013,0.4137373870155672,0.3048951634136566,0.02610059771707606
2024-03-31 06:00:00,0.012126530229361013,0.4833050991532767,0.3250750377896086,0.02610059771707606
2024-03-31 07:00:00,0.012126530229361013,0.5315255798211256,0.3412189372903703,0.02610059771707606
2024-03-31 08:00:00,0.012126530229361013,0.558985867536718,0.34525491216556065,0.02610059771707606
2024-03-31 09:00:00,0.012126530229361013,0.5650989237824497,0.34525491216556065,0.02610059771707606
2024-03-31 10:00:00,0.012126530229361013,0.5681554519053158,0.34525491216556065,0.02610059771707606
2024-03-31 11:00:00,0.012126530229361013,0.5712119800281816,0.34525491216556065,0.02610059771707606
2024-03-31 12:00:00,0.012126530229361013,0.5658486502502538,0.34525491216556065,0.02610059771707606
2024-03-31 13:00:00,0.012126530229361013,0.5627921221273878,0.34525491216556065,0.02610059771707606
2024-03-31 14:00:00,0.012126530229361013,0.5597355940045219,0.34525491216556065,0.02610059771707606
2024-03-31 15:00:00,0.012126530229361013,0.5597355940045219,0.34525491216556065,0.02610059771707606
2024-03-31 16:00:00,0.012126530229361013,0.5597355940045219,0.34525491216556065,0.02610059771707606
2024-03-31 17:00:00,0.012126530229361013,0.5597355940045219,0.34525491216556065,0.02610059771707606
2024-03-31 18:00:00,0.012126530229361013,0.5486340712147642,0.34525491216556065,0.02610059771707606
2024-03-31 19:00:00,0.012126530229361013,0.5242303116220378,0.3412189372903703,0.02610059771707606
2024-03-31 20:00:00,0.012126530229361013,0.4888311168814045,0.33314698753998945,0.02610059771707606
2024-03-31 21:00:00,0.012126530229361013,0.4485495432385965,0.32103906291441825,0.02610059771707606
2024-03-31 22:00:00,0.012126530229361013,0.41620687662082917,0.3129671131640374,0.02610059771707606
2024-03-31 23:00:00,0.012126530229361013,0.4003290625707475,0.3048951634136566,0.02610059771707606
2024-04-01 00:00:00,0.002037405004644589,0.3052000070129075,0.1355900396809269,0.004385218805972333
2024-04-01 01:00:00,0.002037405004644589,0.2910489823772562,0.12839595368048082,0.004385218805972333
2024-04-01 02:00:00,0.002037405004644589,0.2839734700594305,0.12479891068025778,0.004385218805972333
2024-04-01 03:00:00,0.002037405004644589,0.2839734700594305,0.12479891068025778,0.004385218805972333
2024-04-01 04:00:00,0.002037405004644589,0.2910489823772562,0.12839595368048082,0.004385218805972333
2024-04-01 05:00:00,0.003395675007740982,0.340762960688256,0.15802297544312896,0.007308698009953888
2024-04-01 06:00:00,0.010187025023222947,0.4661846684216636,0.26620721827476085,0.021926094029861665
2024-04-01 07:00:00,0.023769725054186872,0.5856070632071709,0.45264918099877455,0.05116088606967722
2024-04-01 08:00:00,0.030561075069668837,0.6204031210719942,0.5609799300182319,0.06577828208958499
2024-04-01 09:00:00,0.030561075069668837,0.6062520964363429,0.5634267940809891,0.06577828208958499
2024-04-01 10:00:00,0.029202805066572444,0.5922173725455526,0.5478045513400778,0.06285480288560344
2024-04-01 11:00:00,0.027165400061927854,0.5868946715786197,0.5201258016658422,0.058469584079631105
2024-04-01 12:00:00,0.020374050046445893,0.5520986137137965,0.4439315528570624,0.04385218805972333
2024-04-01 13:00:00,0.02580713005883146,0.574819343613141,0.5081006019251539,0.05554610487564955
2024-04-01 14:00:00,0.027165400061927854,0.5817785551861057,0.5297667517290454,0.058469584079631105
2024-04-01 15:00:00,0.023769725054186872,0.5694966426462081,0.4900628023141217,0.05116088606967722
2024-04-01 16:00:00,0.013582700030963927,0.5346103009518272,0.38740259715384434,0.029234792039815553
2024-04-01 17:00:00,0.005433080012385571,0.5470393555789939,0.27424073439414487,0.011693916815926221
2024-04-01 18:00:00,0.003395675007740982,0.5468327710045752,0.22406643457243505,0.007308698009953888
2024-04-01 19:00:00,0.0027165400061927854,0.5025577944053693,0.19119445559608303,0.0058469584079631105
2024-04-01 20:00:00,0.002037405004644589,0.42652235523657683,0.167580033703779,0.004385218805972333
2024-04-01 21:00:00,0.002037405004644589,0.3703786352463108,0.15357525468204214,0.004385218805972333
2024-04-01 22:00:00,0.002037405004644589,0.324467148041073,0.142784125681373,0.004385218805972333
2024-04-01 23:00:00,0.002037405004644589,0.3052000070129075,0.1355900396809269,0.004385218805972333
2024-04-02 00:00:00,0.0016776891381385876,0.26660490032098105,0.11509807120366611,0.003610982569675308
2024-04-02 01:00:00,0.0016776891381385876,0.2544917967111161,0.10894002178001237,0.003610982569675308
2024-04-02 02:00:00,0.0016776891381385876,0.24843524490618363,0.10586099706818553,0.003610982569675308
2024-04-02 03:00:00,0.0016776891381385876,0.24843524490618363,0.10586099706818553,0.003610982569675308
2024-04-02 04:00:00,0.0016776891381385876,0.2544917967111161,0.10894002178001237,0.003610982569675308
2024-04-02 05:00:00,0.0027961485635643124,0.29798452521764673,0.13378293715538367,0.00601830428279218
2024-04-02 06:00:00,0.008388445690692938,0.4064779342982584,0.22367395419482725,0.01805491284837654
2024-04-02 07:00:00,0.019573039944950188,0.5076021071954983,0.3774609265571477,0.04212812997954526
2024-04-02 08:00:00,0.025165337072078815,0.5362548252987076,0.46634237624256275,0.05416473854512962
2024-04-02 09:00:00,0.025165337072078815,0.5241417216888427,0.46805853693243776,0.05416473854512962
2024-04-02 10:00:00,0.024046877646653086,0.5123546262632683,0.45507743239705667,0.051757416832012744
2024-04-02 11:00:00,0.0223691885085145,0.5080751320379304,0.43235010254819656,0.04814643426233744
2024-04-02 12:00:00,0.016776891381385876,0.47942241393472107,0.3697160199078775,0.03610982569675308
2024-04-02 13:00:00,0.021250729083088775,0.49802826721166366,0.4224480227246423,0.04573911254922056
2024-04-02 14:00:00,0.0223691885085145,0.5037588108323056,0.44022431266172535,0.04814643426233744
2024-04-02 15:00:00,0.019573039944950188,0.49374877298632575,0.407594902989311,0.04212812997954526
2024-04-02 16:00:00,0.01118459425425725,0.46545889004769403,0.32328464550193325,0.02407321713116872
2024-04-02 17:00:00,0.0044738377017029,0.47830631562799103,0.23065916541661777,0.009629286852467488
2024-04-02 18:00:00,0.0027961485635643124,0.47834314260827804,0.18955867863619047,0.00601830428279218
2024-04-02 19:00:00,0.00223691885085145,0.43945591651137594,0.1622468810663848,0.004814643426233744
2024-04-02 20:00:00,0.0016776891381385876,0.37234351853213277,0.1423550056027906,0.003610982569675308
2024-04-02 21:00:00,0.0016776891381385876,0.32337260062867695,0.13049319476280044,0.003610982569675308
2024-04-02 22:00:00,0.0016776891381385876,0.2830343251364709,0.12125612062731986,0.003610982569675308
2024-04-02 23:00:00,0.0016776891381385876,0.26660490032098105,0.11509807120366611,0.003610982569675308
2024-04-03 00:00:00,0.0017676181047650875,0.2762536769939626,0.12022106332298126,0.0038045416287495622
2024-04-03 01:00:00,0.0017676181047650875,0.26363109312765104,0.11380400475512943,0.0038045416287495622
2024-04-03 02:00:00,0.0017676181047650875,0.2573198011944953,0.11059547547120353,0.0038045416287495622
2024-04-03 03:00:00,0.0017676181047650875,0.2573198011944953,0.11059547547120353,0.0038045416287495622
2024-04-03 04:00:00,0.0017676181047650875,0.26363109312765104,0.11380400475512943,0.0038045416287495622
2024-04-03 05:00:00,0.002946030174608479,0.30867913408529896,0.13984294672731995,0.006340902714582604
2024-04-03 06:00:00,0.008838090523825438,0.4214046178291096,0.2343072702148106,0.01902270814374781
2024-04-03 07:00:00,0.02062221122225935,0.5271033461984163,0.39625799016755425,0.04438631900207823
2024-04-03 08:00:00,0.02651427157147631,0.5572918992420292,0.4900017646864798,0.057068124431243435
2024-04-03 09:00:00,0.02651427157147631,0.5446693153757176,0.4919006012195754,0.057068124431243435
2024-04-03 10:00:00,0.025335859501632918,0.5323203128338392,0.47825921213281175,0.05453176334541039
2024-04-03 11:00:00,0.02356824139686783,0.5277800169231026,0.4542940273276078,0.05072722171666083
2024-04-03 12:00:00,0.017676181047650875,0.4975914638794898,0.38826990314517357,0.03804541628749562
2024-04-03 13:00:00,0.02238982932702444,0.5172260363120328,0.4438611675247701,0.04819086063082779
2024-04-03 14:00:00,0.02356824139686783,0.5232637469207554,0.4626099224285552,0.05072722171666083
2024-04-03 15:00:00,0.02062221122225935,0.5126857404012962,0.42821187782051356,0.04438631900207823
2024-04-03 16:00:00,0.011784120698433915,0.4827467427737272,0.3393141334149109,0.025363610858330415
2024-04-03 17:00:00,0.004713648279373566,0.49548957561574164,0.24155455766099945,0.010145444343332167
2024-04-03 18:00:00,0.002946030174608479,0.4954655497073522,0.19818561762025158,0.006340902714582604
2024-04-03 19:00:00,0.002356824139686783,0.45523138598487417,0.16948377469880932,0.005072722171666083
2024-04-03 20:00:00,0.0017676181047650875,0.38588822770824366,0.14866126262803767,0.0038045416287495622
2024-04-03 21:00:00,0.0017676181047650875,0.33512410928308534,0.13626370974261082,0.0038045416287495622
2024-04-03 22:00:00,0.0017676181047650875,0.2933925308626214,0.1266381218908331,0.0038045416287495622
2024-04-03 23:00:00,0.0017676181047650875,0.2762536769939626,0.12022106332298126,0.0038045416287495622
2024-04-04 00:00:00,0.002217262937897588,0.3244975603588707,0.14583602391955722,0.004772336924120843
2024-04-04 01:00:00,0.002217262937897588,0.30932757521032617,0.13812391963071494,0.004772336924120843
2024-04-04 02:00:00,0.002217262937897588,0.3017425826360539,0.13426786748629382,0.004772336924120843
2024-04-04 03:00:00,0.002217262937897588,0.3017425826360539,0.13426786748629382,0.004772336924120843
2024-04-04 04:00:00,0.002217262937897588,0.30932757521032617,0.13812391963071494,0.004772336924120843
2024-04-04 05:00:00,0.0036954382298293137,0.3621521784235605,0.17014299458700152,0.007953894873534737
2024-04-04 06:00:00,0.01108631468948794,0.49603803548336606,0.28747385031472755,0.02386168462060421
2024-04-04 07:00:00,0.025868067608805195,0.6246095412130072,0.49024330821958767,0.055677264114743164
2024-04-04 08:00:00,0.033258944068463824,0.6624772689586373,0.6082987069060661,0.07158505386181264
2024-04-04 09:00:00,0.033258944068463824,0.6473072838100927,0.6111109226552643,0.07158505386181264
2024-04-04 10:00:00,0.031780768776532096,0.6321487456866945,0.594168110811588,0.06840349591239875
2024-04-04 11:00:00,0.02956350583863451,0.6263044413489642,0.5640136512246647,0.0636311589882779
2024-04-04 12:00:00,0.02217262937897588,0.588436713603334,0.48103931933165456,0.04772336924120842
2024-04-04 13:00:00,0.028085330546702782,0.6132148818138794,0.5509268915254095,0.06044960103886401
2024-04-04 14:00:00,0.02956350583863451,0.6207884273630054,0.5745379712627052,0.0636311589882779
2024-04-04 15:00:00,0.025868067608805195,0.6073705774761492,0.5312967519765267,0.055677264114743164
2024-04-04 16:00:00,0.014781752919317255,0.5691860064038936,0.41946157297979964,0.03181557949413895
2024-04-04 17:00:00,0.005912701167726901,0.5814058755544951,0.2960315188829083,0.01272623179765558
2024-04-04 18:00:00,0.0036954382298293137,0.5810775852027236,0.2413203125405572,0.007953894873534737
2024-04-04 19:00:00,0.0029563505838634506,0.5341087333523657,0.20566824286093205,0.00636311589882779
2024-04-04 20:00:00,0.002217262937897588,0.45361177358879873,0.18019254775427307,0.004772336924120843
2024-04-04 21:00:00,0.002217262937897588,0.39388165255512764,0.16511628464166286,0.004772336924120843
2024-04-04 22:00:00,0.002217262937897588,0.345183559493374,0.1535481282083995,0.004772336924120843
2024-04-04 23:00:00,0.002217262937897588,0.3244975603588707,0.14583602391955722,0.004772336924120843
2024-04-05 00:00:00,0.002621943287716838,0.3679170553872878,0.1688894884564755,0.005643352689954993
2024-04-05 01:00:00,0.002621943287716838,0.3504544090847337,0.16001184301874183,0.005643352689954993
2024-04-05 02:00:00,0.002621943287716838,0.3417230859334566,0.15557302029987502,0.005643352689954993
2024-04-05 03:00:00,0.002621943287716838,0.3417230859334566,0.15557302029987502,0.005643352689954993
2024-04-05 04:00:00,0.002621943287716838,0.3504544090847337,0.16001184301874183,0.005643352689954993
2024-04-05 05:00:00,0.004369905479528063,0.4102779183279958,0.19741303766071489,0.009405587816591655
2024-04-05 06:00:00,0.01310971643858419,0.5632081113721968,0.33532377240465266,0.028216763449774966
2024-04-05 07:00:00,0.030589338356696444,0.7123651167261387,0.5748300944664175,0.06583911471614158
2024-04-05 08:00:00,0.03932914931575257,0.7571441017035846,0.7147659549036935,0.08465029034932489
2024-04-05 09:00:00,0.03932914931575257,0.7396814554010304,0.7184002119473841,0.08465029034932489
2024-04-05 10:00:00,0.037581187123941345,0.7219943352542642,0.6984861196224864,0.08088805522268823
2024-04-05 11:00:00,0.03495924383622451,0.7149764233322395,0.6627613127320157,0.07524470253273324
2024-04-05 12:00:00,0.02621943287716838,0.6701974383547937,0.5645317938994873,0.05643352689954993
2024-04-05 13:00:00,0.03321128164441328,0.6996048427655412,0.6472860431259848,0.07148246740609658
2024-04-05 14:00:00,0.03495924383622451,0.7085606397610303,0.67527321521344,0.07524470253273324
2024-04-05 15:00:00,0.030589338356696444,0.6925869308435166,0.6240731387169384,0.06583911471614158
2024-04-05 16:00:00,0.017479621918112254,0.6469813436710432,0.4915942685881993,0.03762235126636662
2024-04-05 17:00:00,0.0069918487672449015,0.658730545499373,0.34506078398262613,0.015048940506546649
2024-04-05 18:00:00,0.004369905479528063,0.6581284171485576,0.2801415379688322,0.009405587816591655
2024-04-05 19:00:00,0.0034959243836224507,0.605098345983108,0.23823426420684243,0.007524470253273324
2024-04-05 20:00:00,0.002621943287716838,0.5145629648812982,0.20857070436788486,0.005643352689954993
2024-04-05 21:00:00,0.002621943287716838,0.4467634414999655,0.19108360205080965,0.005643352689954993
2024-04-05 22:00:00,0.002621943287716838,0.39179548526105124,0.17776713389420917,0.005643352689954993
2024-04-05 23:00:00,0.002621943287716838,0.3679170553872878,0.1688894884564755,0.005643352689954993
2024-04-06 00:00:00,0.01312430316311371,0.3853053083554315,0.30138305260425335,0.02824815925894328
2024-04-06 01:00:00,0.01312430316311371,0.3706486157948341,0.2939318955694905,0.02824815925894328
2024-04-06 02:00:00,0.01312430316311371,0.3633202695145354,0.2902063170521091,0.02824815925894328
2024-04-06 03:00:00,0.01312430316311371,0.3633202695145354,0.2902063170521091,0.02824815925894328
2024-04-06 04:00:00,0.01312430316311371,0.3706486157948341,0.2939318955694905,0.02824815925894328
2024-04-06 05:00:00,0.01312430316311371,0.4070634260551401,0.3051086311216347,0.02824815925894328
2024-04-06 06:00:00,0.01312430316311371,0.4763666883503235,0.32373652370854183,0.02824815925894328
2024-04-06 07:00:00,0.01312430316311371,0.5239118329457981,0.3386388377780675,0.02824815925894328
2024-04-06 08:00:00,0.01312430316311371,0.5532739267552466,0.34236441629544895,0.02824815925894328
2024-04-06 09:00:00,0.01312430316311371,0.5608779028649863,0.34236441629544895,0.02824815925894328
2024-04-06 10:00:00,0.01312430316311371,0.5646798909198562,0.34236441629544895,0.02824815925894328
2024-04-06 11:00:00,0.01312430316311371,0.568481878974726,0.34236441629544895,0.02824815925894328
2024-04-06 12:00:00,0.01312430316311371,0.5627099704069619,0.34236441629544895,0.02824815925894328
2024-04-06 13:00:00,0.01312430316311371,0.558907982352092,0.34236441629544895,0.02824815925894328
2024-04-06 14:00:00,0.01312430316311371,0.5551059942972223,0.34236441629544895,0.02824815925894328
2024-04-06 15:00:00,0.01312430316311371,0.5551059942972223,0.34236441629544895,0.02824815925894328
2024-04-06 16:00:00,0.01312430316311371,0.5551059942972223,0.34236441629544895,0.02824815925894328
2024-04-06 17:00:00,0.01312430316311371,0.5551059942972223,0.34236441629544895,0.02824815925894328
2024-04-06 18:00:00,0.01312430316311371,0.5426461433907064,0.34236441629544895,0.02824815925894328
2024-04-06 19:00:00,0.01312430316311371,0.5170860376361278,0.3386388377780675,0.02824815925894328
2024-04-06 20:00:00,0.01312430316311371,0.4803955975463806,0.3311876807433047,0.02824815925894328
2024-04-06 21:00:00,0.01312430316311371,0.44017879923120473,0.3200109451911604,0.02824815925894328
2024-04-06 22:00:00,0.01312430316311371,0.40729034719632745,0.31255978815639757,0.02824815925894328
2024-04-06 23:00:00,0.01312430316311371,0.3926336546357301,0.3051086311216347,0.02824815925894328
2024-04-07 00:00:00,0.00850607602281532,0.28047748484728957,0.2018436934996488,0.018308095079400767
2024-04-07 01:00:00,0.00850607602281532,0.2700763047862318,0.19655595032966944,0.018308095079400767
2024-04-07 02:00:00,0.00850607602281532,0.2648757147557029,0.19391207874467978,0.018308095079400767
2024-04-07 03:00:00,0.00850607602281532,0.2648757147557029,0.19391207874467978,0.018308095079400767
2024-04-07 04:00:00,0.00850607602281532,0.2700763047862318,0.19655595032966944,0.018308095079400767
2024-04-07 05:00:00,0.00850607602281532,0.2982080561797951,0.20448756508463847,0.018308095079400767
2024-04-07 06:00:00,0.00850607602281532,0.3518798850320125,0.21770692300958683,0.018308095079400767
2024-04-07 07:00:00,0.00850607602281532,0.38782114255172434,0.22828240934954555,0.018308095079400767
2024-04-07 08:00:00,0.00850607602281532,0.41076954607546884,0.2309262809345352,0.018308095079400767
2024-04-07 09:00:00,0.00850607602281532,0.41598737826670784,0.2309262809345352,0.018308095079400767
2024-04-07 10:00:00,0.00850607602281532,0.4185962943623273,0.2309262809345352,0.018308095079400767
2024-04-07 11:00:00,0.00850607602281532,0.4212052104579468,0.2309262809345352,0.018308095079400767
2024-04-07 12:00:00,0.00850607602281532,0.41619321793715613,0.2309262809345352,0.018308095079400767
2024-04-07 13:00:00,0.00850607602281532,0.4135843018415366,0.2309262809345352,0.018308095079400767
2024-04-07 14:00:00,0.00850607602281532,0.41097538574591713,0.2309262809345352,0.018308095079400767
2024-04-07 15:00:00,0.00850607602281532,0.41097538574591713,0.2309262809345352,0.018308095079400767
2024-04-07 16:00:00,0.00850607602281532,0.41097538574591713,0.2309262809345352,0.018308095079400767
2024-04-07 17:00:00,0.00850607602281532,0.41097538574591713,0.2309262809345352,0.018308095079400767
2024-04-07 18:00:00,0.00850607602281532,0.4008484808691117,0.2309262809345352,0.018308095079400767
2024-04-07 19:00:00,0.00850607602281532,0.3805089934409866,0.22828240934954555,0.018308095079400767
2024-04-07 20:00:00,0.00850607602281532,0.35235999988671307,0.22299466617956618,0.018308095079400767
2024-04-07 21:00:00,0.00850607602281532,0.3216193323975302,0.21506305142459717,0.018308095079400767
2024-04-07 22:00:00,0.00850607602281532,0.2960792549388762,0.20977530825461782,0.018308095079400767
2024-04-07 23:00:00,0.00850607602281532,0.28567807487781843,0.20448756508463847,0.018308095079400767
2024-04-08 00:00:00,0.0011381153383795888,0.20871224028309157,0.08436011848777508,0.002449628215229776
2024-04-08 01:00:00,0.0011381153383795888,0.19965601821190618,0.07975612392930986,0.002449628215229776
2024-04-08 02:00:00,0.0011381153383795888,0.19512790717631348,0.07745412665007728,0.002449628215229776
2024-04-08 03:00:00,0.0011381153383795888,0.19512790717631348,0.07745412665007728,0.002449628215229776
2024-04-08 04:00:00,0.0011381153383795888,0.19965601821190618,0.07975612392930986,0.002449628215229776
2024-04-08 05:00:00,0.0018968588972993147,0.2338168720117331,0.0974228797237659,0.004082713692049627
2024-04-08 06:00:00,0.005690576691897944,0.3169178331131509,0.15987405807492713,0.01224814107614888
2024-04-08 07:00:00,0.013278012281095201,0.3905946731779898,0.2646785448947081,0.028578995844347387
2024-04-08 08:00:00,0.017071730075693833,0.41003238163877825,0.32438604557905976,0.03674442322844664
2024-04-08 09:00:00,0.017071730075693833,0.4009761595675928,0.32500615120961157,0.03674442322844664
2024-04-08 10:00:00,0.016312986516774104,0.39256050683984245,0.3159867539825258,0.03511133775162679
2024-04-08 11:00:00,0.015174871178394517,0.38984582272689694,0.3006865538717288,0.032661709536397014
2024-04-08 12:00:00,0.011381153383795887,0.3704081142661085,0.2583927204841008,0.02449628215229776
2024-04-08 13:00:00,0.014416127619474792,0.38284165260944825,0.29396915392387557,0.031028624059577164
2024-04-08 14:00:00,0.015174871178394517,0.3867291943016059,0.3059106540607459,0.032661709536397014
2024-04-08 15:00:00,0.013278012281095201,0.3801269684965027,0.2838930540020957,0.028578995844347387
2024-04-08 16:00:00,0.007587435589197259,0.3617317736914947,0.2271077180240671,0.016330854768198507
2024-04-08 17:00:00,0.0030349742356789037,0.37520675570148737,0.1652868119503274,0.006532341907279402
2024-04-08 18:00:00,0.0018968588972993147,0.37560870001383284,0.13779704473182391,0.004082713692049627
2024-04-08 19:00:00,0.0015174871178394518,0.34480309967038647,0.1188255192718377,0.003266170953639701
2024-04-08 20:00:00,0.0011381153383795888,0.291075263475467,0.10451746345130826,0.002449628215229776
2024-04-08 21:00:00,0.0011381153383795888,0.2528635487022265,0.0958701048839381,0.002449628215229776
2024-04-08 22:00:00,0.0011381153383795888,0.22088509077956803,0.08896411304624029,0.002449628215229776
2024-04-08 23:00:00,0.0011381153383795888,0.20871224028309157,0.08436011848777508,0.002449628215229776
2024-04-09 00:00:00,0.0001039322221748372,0.09775130854380305,0.02544570911565043,0.00022369903587583258
2024-04-09 01:00:00,0.0001039322221748372,0.09455410942175346,0.023820319715463237,0.00022369903587583258
2024-04-09 02:00:00,0.0001039322221748372,0.09295550986072867,0.023007625015369643,0.00022369903587583258
2024-04-09 03:00:00,0.0001039322221748372,0.09295550986072867,0.023007625015369643,0.00022369903587583258
2024-04-09 04:00:00,0.0001039322221748372,0.09455410942175346,0.023820319715463237,0.00022369903587583258
2024-04-09 05:00:00,0.00017322037029139534,0.11082887003373151,0.027732769646498318,0.00037283172645972095
2024-04-09 06:00:00,0.000519661110874186,0.14526097250836104,0.0375909238451182,0.001118495179379163
2024-04-09 07:00:00,0.0012125425920397673,0.16633042464443104,0.0485123133750314,0.0026098220852180465
2024-04-09 08:00:00,0.0015589833326225579,0.16810603129057944,0.052303078474011465,0.0033554855381374886
2024-04-09 09:00:00,0.0015589833326225579,0.16490883216852983,0.05082241190752725,0.0033554855381374886
2024-04-09 10:00:00,0.0014896951845059998,0.16295511127827536,0.04939628702134063,0.0032063528475536
2024-04-09 11:00:00,0.0013857629623311627,0.16323964654741524,0.04833141890849809,0.0029826538116777676
2024-04-09 12:00:00,0.001039322221748372,0.16146403990126681,0.04502306325519464,0.002236990358758326
2024-04-09 13:00:00,0.0013164748142146044,0.16206730795520116,0.04771798872240506,0.002833521121093879
2024-04-09 14:00:00,0.0013857629623311627,0.16242242928443085,0.04847614174220108,0.0029826538116777676
2024-04-09 15:00:00,0.0012125425920397673,0.162351843224341,0.04679784344326551,0.0026098220852180465
2024-04-09 16:00:00,0.0006928814811655813,0.16292146734211194,0.04276860702482308,0.0014913269058388838
2024-04-09 17:00:00,0.0002771525924662325,0.17759926584235453,0.039989801139937185,0.0005965307623355535
2024-04-09 18:00:00,0.00017322037029139534,0.17870101837447877,0.03858724641512103,0.00037283172645972095
2024-04-09 19:00:00,0.00013857629623311625,0.163385200725156,0.03560124249895543,0.00029826538116777674
2024-04-09 20:00:00,0.0001039322221748372,0.13531110795019047,0.03199550766096686,0.00022369903587583258
2024-04-09 21:00:00,0.0001039322221748372,0.11772119917652937,0.029509182616118415,0.00022369903587583258
2024-04-09 22:00:00,0.0001039322221748372,0.10176572492883705,0.027071098515837624,0.00022369903587583258
2024-04-09 23:00:00,0.0001039322221748372,0.09775130854380305,0.02544570911565043,0.00022369903587583258
2024-04-10 00:00:00,0.0014079022382590873,0.23765857030203624,0.09972909484572055,0.00303030539245254
2024-04-10 01:00:00,0.0014079022382590873,0.22707390746151107,0.09434807285466108,0.00303030539245254
2024-04-10 02:00:00,0.0014079022382590873,0.2217815760412485,0.09165756185913136,0.00303030539245254
2024-04-10 03:00:00,0.0014079022382590873,0.2217815760412485,0.09165756185913136,0.00303030539245254
2024-04-10 04:00:00,0.0014079022382590873,0.22707390746151107,0.09434807285466108,0.00303030539245254
2024-04-10 05:00:00,0.0023465037304318125,0.2659006986146898,0.11560290843957474,0.005050508987420901
2024-04-10 06:00:00,0.007039511191295438,0.36169788370570455,0.19177400613487713,0.015151526962262702
2024-04-10 07:00:00,0.016425526113022688,0.4490983901867439,0.3210697357259278,0.0353535629119463
2024-04-10 08:00:00,0.021118533573886315,0.4731436034687428,0.3953642109108111,0.0454545808867881
2024-04-10 09:00:00,0.021118533573886315,0.4625589406282176,0.3965323440710245,0.0454545808867881
2024-04-10 10:00:00,0.020179932081713585,0.4524575665515553,0.3855320931897911,0.043434377291819745
2024-04-10 11:00:00,0.0187720298434545,0.4489604773824135,0.36651832820996255,0.040404071899367205
2024-04-10 12:00:00,0.014079022382590876,0.42491526410041464,0.31405437019598903,0.030303053924525404
2024-04-10 13:00:00,0.017833428351281773,0.4404349599105558,0.35820858832425884,0.03838386830439884
2024-04-10 14:00:00,0.0187720298434545,0.44524400256695557,0.37306748336123546,0.040404071899367205
2024-04-10 15:00:00,0.016425526113022688,0.4369378707414141,0.3457439784957032,0.0353535629119463
2024-04-10 16:00:00,0.00938601492172725,0.41359533186959424,0.2751961817630001,0.020202035949683603
2024-04-10 17:00:00,0.0037544059686909,0.4267565356647391,0.1979729886834725,0.00808081437987344
2024-04-10 18:00:00,0.0023465037304318125,0.42697592131105533,0.16367786168400714,0.005050508987420901
2024-04-10 19:00:00,0.00187720298434545,0.3921295080908811,0.1405362001691112,0.00404040718993672
2024-04-10 20:00:00,0.0014079022382590873,0.33170939100379976,0.12343623452704938,0.00303030539245254
2024-04-10 21:00:00,0.0014079022382590873,0.28811807466545164,0.11318164982336923,0.00303030539245254
2024-04-10 22:00:00,0.0014079022382590873,0.2519597079580194,0.10511011683678002,0.00303030539245254
2024-04-10 23:00:00,0.0014079022382590873,0.23765857030203624,0.09972909484572055,0.00303030539245254
2024-04-11 00:00:00,0.0018575470713915877,0.2859024536669443,0.12534405544229646,0.003998100687823818
2024-04-11 01:00:00,0.0018575470713915877,0.2727703895441861,0.11866798773024655,0.003998100687823818
2024-04-11 02:00:00,0.0018575470713915877,0.2662043574828071,0.11532995387422161,0.003998100687823818
2024-04-11 03:00:00,0.0018575470713915877,0.2662043574828071,0.11532995387422161,0.003998100687823818
2024-04-11 04:00:00,0.0018575470713915877,0.2727703895441861,0.11866798773024655,0.003998100687823818
2024-04-11 05:00:00,0.003095911785652646,0.31937374295295134,0.14590295629925626,0.0066635011463730305
2024-04-11 06:00:00,0.009287735356957937,0.43633130135996095,0.244940586234794,0.01999050343911909
2024-04-11 07:00:00,0.02167138249956852,0.5466045852013346,0.415055053777961,0.04664450802461122
2024-04-11 08:00:00,0.027863206070873815,0.5783289731853508,0.5136611531303971,0.05997151031735728
2024-04-11 09:00:00,0.027863206070873815,0.5651969090625927,0.5157426655067132,0.05997151031735728
2024-04-11 10:00:00,0.026624841356612756,0.5522859994044104,0.501440991868567,0.05730610985880806
2024-04-11 11:00:00,0.02476729428522117,0.547484901808275,0.4762379521070192,0.053308009170984244
2024-04-11 12:00:00,0.018575470713915875,0.5157605138242587,0.4068237863824698,0.03998100687823818
2024-04-11 13:00:00,0.02352892957096011,0.5364238054124022,0.46527431232489797,0.05064260871243503
2024-04-11 14:00:00,0.02476729428522117,0.5427686830092054,0.4849955321953852,0.053308009170984244
2024-04-11 15:00:00,0.02167138249956852,0.5316227078162669,0.4488288526517162,0.04664450802461122
2024-04-11 16:00:00,0.012383647142610584,0.5000345954997605,0.35534362132788866,0.026654004585492122
2024-04-11 17:00:00,0.004953458857044233,0.5126728356034924,0.2524499499053812,0.010661601834196848
2024-04-11 18:00:00,0.003095911785652646,0.5125879568064265,0.2068125566043127,0.0066635011463730305
2024-04-11 19:00:00,0.0024767294285221167,0.47100685545837256,0.17672066833123384,0.005330800917098424
2024-04-11 20:00:00,0.0018575470713915877,0.3994329368843547,0.15496751965328479,0.003998100687823818
2024-04-11 21:00:00,0.0018575470713915877,0.34687561793749383,0.14203422472242122,0.003998100687823818
2024-04-11 22:00:00,0.0018575470713915877,0.30375073658877194,0.13202012315434636,0.003998100687823818
2024-04-11 23:00:00,0.0018575470713915877,0.2859024536669443,0.12534405544229646,0.003998100687823818
2024-04-12 00:00:00,0.0022622274212108382,0.3293219486953614,0.1483975199792148,0.004869116453657969
2024-04-12 01:00:00,0.0022622274212108382,0.3138972234185936,0.14055591111827348,0.004869116453657969
2024-04-12 02:00:00,0.0022622274212108382,0.30618486078020973,0.13663510668780285,0.004869116453657969
2024-04-12 03:00:00,0.0022622274212108382,0.30618486078020973,0.13663510668780285,0.004869116453657969
2024-04-12 04:00:00,0.0022622274212108382,0.3138972234185936,0.14055591111827348,0.004869116453657969
2024-04-12 05:00:00,0.003770379035351397,0.3674994828573866,0.17317299937296965,0.008115194089429949
2024-04-12 06:00:00,0.01131113710605419,0.5035013772487916,0.2927905083247192,0.024345582268289846
2024-04-12 07:00:00,0.026392653247459777,0.6343601607144661,0.4996418400247909,0.05680635862600964
2024-04-12 08:00:00,0.03393341131816257,0.6729958059302981,0.6201284011280246,0.07303674680486955
2024-04-12 09:00:00,0.03393341131816257,0.6575710806535302,0.6230319547988331,0.07303674680486955
2024-04-12 10:00:00,0.03242525970402201,0.64213158897198,0.6057590006794655,0.06979066916909757
2024-04-12 11:00:00,0.030163032282811177,0.6361568837915503,0.5749856136143703,0.06492155271543959
2024-04-12 12:00:00,0.02262227421210838,0.5975212385757184,0.49031626095030256,0.04869116453657969
2024-04-12 13:00:00,0.028654880668670613,0.6228137663640639,0.5616334639254733,0.06167547507966761
2024-04-12 14:00:00,0.030163032282811177,0.6305408954072304,0.58573077614612,0.06492155271543959
2024-04-12 15:00:00,0.026392653247459777,0.6168390611836343,0.5416052393921279,0.05680635862600964
2024-04-12 16:00:00,0.015081516141405588,0.5778299327669102,0.42747631693628846,0.032460776357719795
2024-04-12 17:00:00,0.006032606456562235,0.5899975055483703,0.3014792150050991,0.012984310543087919
2024-04-12 18:00:00,0.003770379035351397,0.5896387887522606,0.2456337820325877,0.008115194089429949
2024-04-12 19:00:00,0.0030163032282811177,0.5419964680891147,0.20928668967714428,0.0064921552715439595
2024-04-12 20:00:00,0.0022622274212108382,0.46038412817685415,0.18334567626689657,0.004869116453657969
2024-04-12 21:00:00,0.0022622274212108382,0.39975740688233175,0.16800154213156804,0.004869116453657969
2024-04-12 22:00:00,0.0022622274212108382,0.3503626623564492,0.1562391288401561,0.004869116453657969
2024-04-12 23:00:00,0.0022622274212108382,0.3293219486953614,0.1483975199792148,0.004869116453657969
2024-04-13 00:00:00,0.025077361643886006,0.6566243809647397,0.5590143349926413,0.053975384194229765
2024-04-13 01:00:00,0.025077361643886006,0.6309534207582753,0.5459637538372624,0.053975384194229765
2024-04-13 02:00:00,0.025077361643886006,0.6181179406550431,0.5394384632595729,0.053975384194229765
2024-04-13 03:00:00,0.025077361643886006,0.6181179406550431,0.5394384632595729,0.053975384194229765
2024-04-13 04:00:00,0.025077361643886006,0.6309534207582753,0.5459637538372624,0.053975384194229765
2024-04-13 05:00:00,0.025077361643886006,0.688806736320739,0.5655396255703307,0.053975384194229765
2024-04-13 06:00:00,0.025077361643886006,0.7985678263506578,0.598166078458778,0.053975384194229765
2024-04-13 07:00:00,0.025077361643886006,0.8761465610245774,0.6242672407695359,0.053975384194229765
2024-04-13 08:00:00,0.025077361643886006,0.9221087943970242,0.6307925313472253,0.053975384194229765
2024-04-13 09:00:00,0.025077361643886006,0.9358886724134717,0.6307925313472253,0.053975384194229765
2024-04-13 10:00:00,0.025077361643886006,0.9427786114216954,0.6307925313472253,0.053975384194229765
2024-04-13 11:00:00,0.025077361643886006,0.9496685504299192,0.6307925313472253,0.053975384194229765
2024-04-13 12:00:00,0.025077361643886006,0.9419298003288123,0.6307925313472253,0.053975384194229765
2024-04-13 13:00:00,0.025077361643886006,0.9350398613205886,0.6307925313472253,0.053975384194229765
2024-04-13 14:00:00,0.025077361643886006,0.9281499223123648,0.6307925313472253,0.053975384194229765
2024-04-13 15:00:00,0.025077361643886006,0.9281499223123648,0.6307925313472253,0.053975384194229765
2024-04-13 16:00:00,0.025077361643886006,0.9281499223123648,0.6307925313472253,0.053975384194229765
2024-04-13 17:00:00,0.025077361643886006,0.9281499223123648,0.6307925313472253,0.053975384194229765
2024-04-13 18:00:00,0.025077361643886006,0.9096518581524808,0.6307925313472253,0.053975384194229765
2024-04-13 19:00:00,0.025077361643886006,0.870579563788258,0.6242672407695359,0.053975384194229765
2024-04-13 20:00:00,0.025077361643886006,0.8117818503125788,0.6112166596141569,0.053975384194229765
2024-04-13 21:00:00,0.025077361643886006,0.7470385957418916,0.5916407878810886,0.053975384194229765
2024-04-13 22:00:00,0.025077361643886006,0.6951308212744363,0.5785902067257096,0.053975384194229765
2024-04-13 23:00:00,0.025077361643886006,0.6694598610679718,0.5655396255703307,0.053975384194229765
2024-04-14 00:00:00,0.026707324163991325,0.6936224363205548,0.5941458735001489,0.057483642139950664
2024-04-14 01:00:00,0.026707324163991325,0.6664495305260175,0.5803317345101405,0.057483642139950664
2024-04-14 02:00:00,0.026707324163991325,0.6528630776287488,0.5734246650151363,0.057483642139950664
2024-04-14 03:00:00,0.026707324163991325,0.6528630776287488,0.5734246650151363,0.057483642139950664
2024-04-14 04:00:00,0.026707324163991325,0.6664495305260175,0.5803317345101405,0.057483642139950664
2024-04-14 05:00:00,0.026707324163991325,0.7272262786296844,0.6010529429951531,0.057483642139950664
2024-04-14 06:00:00,0.026707324163991325,0.8425043451688854,0.6355882904701741,0.057483642139950664
2024-04-14 07:00:00,0.026707324163991325,0.9241785693989567,0.663216568450191,0.057483642139950664
2024-04-14 08:00:00,0.026707324163991325,0.9724044581663577,0.670123637945195,0.057483642139950664
2024-04-14 09:00:00,0.026707324163991325,0.987026504624629,0.670123637945195,0.057483642139950664
2024-04-14 10:00:00,0.026707324163991325,0.9943375278537646,0.670123637945195,0.057483642139950664
2024-04-14 11:00:00,0.026707324163991325,1.0016485510829003,0.670123637945195,0.057483642139950664
2024-04-14 12:00:00,0.026707324163991325,0.9936415953181558,0.670123637945195,0.057483642139950664
2024-04-14 13:00:00,0.026707324163991325,0.9863305720890202,0.670123637945195,0.057483642139950664
2024-04-14 14:00:00,0.026707324163991325,0.9790195488598845,0.670123637945195,0.057483642139950664
2024-04-14 15:00:00,0.026707324163991325,0.9790195488598845,0.670123637945195,0.057483642139950664
2024-04-14 16:00:00,0.026707324163991325,0.9790195488598845,0.670123637945195,0.057483642139950664
2024-04-14 17:00:00,0.026707324163991325,0.9790195488598845,0.670123637945195,0.057483642139950664
2024-04-14 18:00:00,0.026707324163991325,0.9596980919836321,0.670123637945195,0.057483642139950664
2024-04-14 19:00:00,0.026707324163991325,0.9187832264453667,0.663216568450191,0.057483642139950664
2024-04-14 20:00:00,0.026707324163991325,0.856970884780697,0.6494024294601825,0.057483642139950664
2024-04-14 21:00:00,0.026707324163991325,0.7888831134478945,0.62868122097517,0.057483642139950664
2024-04-14 22:00:00,0.026707324163991325,0.7343817950123604,0.6148670819851615,0.057483642139950664
2024-04-14 23:00:00,0.026707324163991325,0.7072088892178232,0.6010529429951531,0.057483642139950664
2024-04-15 00:00:00,0.003791019853861339,0.4933511521360487,0.23548838600757285,0.008159620457920317
2024-04-15 01:00:00,0.003791019853861339,0.4692652624996888,0.22324362169526404,0.008159620457920317
2024-04-15 02:00:00,0.003791019853861339,0.45722231768150895,0.2171212395391097,0.008159620457920317
2024-04-15 03:00:00,0.003791019853861339,0.45722231768150895,0.2171212395391097,0.008159620457920317
2024-04-15 04:00:00,0.003791019853861339,0.4692652624996888,0.22324362169526404,0.008159620457920317
2024-04-15 05:00:00,0.006318366423102231,0.5493078336074758,0.27619316209588685,0.013599367429867197
2024-04-15 06:00:00,0.01895509926930669,0.7572549972732635,0.4735568806644365,0.04079810228960159
2024-04-15 07:00:00,0.04422856496171562,0.9658812237640745,0.8191919214017039,0.09519557200907038
2024-04-15 08:00:00,0.05686529780792008,1.0306260629667656,1.0223380046746173,0.12239430686880477
2024-04-15 09:00:00,0.05686529780792008,1.0065401733304058,1.0283470476801748,0.12239430686880477
2024-04-15 10:00:00,0.05433795123867919,0.9815482606716877,0.999849256187304,0.1169545598968579
2024-04-15 11:00:00,0.05054693138481785,0.9711399268394795,0.9480323348643632,0.10879493943893757
2024-04-15 12:00:00,0.03791019853861338,0.9063950876367883,0.8057322759843374,0.08159620457920318
2024-04-15 13:00:00,0.04801958481557696,0.949175841070342,0.9256569255276468,0.1033551924669907
2024-04-15 14:00:00,0.05054693138481785,0.9621248089108803,0.9662861421822294,0.10879493943893757
2024-04-15 15:00:00,0.04422856496171562,0.938767507238134,0.8920938115225722,0.09519557200907038
2024-04-15 16:00:00,0.025273465692408924,0.8717234291094758,0.6999776114569097,0.05439746971946879
2024-04-15 17:00:00,0.01010938627696357,0.8821129253401317,0.4867008831595888,0.021758987887787514
2024-04-15 18:00:00,0.006318366423102231,0.880719709436523,0.3922917447616266,0.013599367429867197
2024-04-15 19:00:00,0.005054693138481785,0.8101794491385857,0.3323138814283614,0.010879493943893757
2024-04-15 20:00:00,0.003791019853861339,0.6906441841707411,0.2905520456960968,0.008159620457920317
2024-04-15 21:00:00,0.003791019853861339,0.5995330540072752,0.2661002967883449,0.008159620457920317
2024-04-15 22:00:00,0.003791019853861339,0.5264521597010079,0.2477331503198817,0.008159620457920317
2024-04-15 23:00:00,0.003791019853861339,0.4933511521360487,0.23548838600757285,0.008159620457920317
2024-04-16 00:00:00,0.0034762684706685885,0.4595804337806131,0.21755791358996976,0.007482163751160422
2024-04-16 01:00:00,0.0034762684706685885,0.4372777250418163,0.20621968128235427,0.007482163751160422
2024-04-16 02:00:00,0.0034762684706685885,0.42612637067241793,0.20055056512854655,0.007482163751160422
2024-04-16 03:00:00,0.0034762684706685885,0.42612637067241793,0.20055056512854655,0.007482163751160422
2024-04-16 04:00:00,0.0034762684706685885,0.4372777250418163,0.20621968128235427,0.007482163751160422
2024-04-16 05:00:00,0.005793780784447648,0.5118767025706927,0.25498312859410976,0.012470272918600703
2024-04-16 06:00:00,0.017381342353342943,0.705011604915284,0.43634027459449476,0.037410818755802114
2024-04-16 07:00:00,0.040556465491133536,0.897626887253861,0.7534021987652807,0.08729191043020493
2024-04-16 08:00:00,0.052144027060028825,0.9569963041651399,0.9395301451209072,0.11223245626740633
2024-04-16 09:00:00,0.052144027060028825,0.9346935954263431,0.9448998226751928,0.11223245626740633
2024-04-16 10:00:00,0.04982651474624977,0.9116683576746889,0.9187130271121609,0.10724434709996605
2024-04-16 11:00:00,0.04635024627558118,0.9021728297413765,0.8712285981364235,0.09976218334880563
2024-04-16 12:00:00,0.034762684706685885,0.8428034128300975,0.7407936846538009,0.07482163751160423
2024-04-16 13:00:00,0.04403273396180213,0.8819836492190495,0.8507109187271994,0.09477407418136535
2024-04-16 14:00:00,0.04635024627558118,0.8938575326013053,0.8879365079983246,0.09976218334880563
2024-04-16 15:00:00,0.040556465491133536,0.8724881212857369,0.8199343996133631,0.08729191043020493
2024-04-16 16:00:00,0.02317512313779059,0.8112159445683593,0.6438744037614877,0.049881091674402814
2024-04-16 17:00:00,0.009270049255116236,0.8219715153830044,0.4485670103042528,0.019952436669761126
2024-04-16 18:00:00,0.005793780784447648,0.820791284589763,0.36209745831741275,0.012470272918600703
2024-04-16 19:00:00,0.004635024627558118,0.7549653059813418,0.30698475371487555,0.009976218334880563
2024-04-16 20:00:00,0.0034762684706685885,0.6432377020543526,0.2684801461077321,0.007482163751160422
2024-04-16 21:00:00,0.0034762684706685885,0.5584027737168458,0.2459034943590085,0.007482163751160422
2024-04-16 22:00:00,0.0034762684706685885,0.4901984396594811,0.22889614589758528,0.007482163751160422
2024-04-16 23:00:00,0.0034762684706685885,0.4595804337806131,0.21755791358996976,0.007482163751160422
2024-04-17 00:00:00,0.0030266236375360877,0.41133655041570505,0.1919429529933938,0.006514368455789143
2024-04-17 01:00:00,0.0030266236375360877,0.3915812429591412,0.18189976640676875,0.006514368455789143
2024-04-17 02:00:00,0.0030266236375360877,0.38170358923085934,0.17687817311345624,0.006514368455789143
2024-04-17 03:00:00,0.0030266236375360877,0.38170358923085934,0.17687817311345624,0.006514368455789143
2024-04-17 04:00:00,0.0030266236375360877,0.3915812429591412,0.18189976640676875,0.006514368455789143
2024-04-17 05:00:00,0.005044372729226813,0.4584036582324311,0.22468308073442822,0.010857280759648572
2024-04-17 06:00:00,0.01513311818768044,0.6303781872610276,0.38317369449457783,0.03257184227894571
2024-04-17 07:00:00,0.03531060910458769,0.8001206922392702,0.6594168807132473,0.07600096531754
2024-04-17 08:00:00,0.04539935456304132,0.8518109344485317,0.8212332029013208,0.09771552683683714
2024-04-17 09:00:00,0.04539935456304132,0.8320556269919679,0.8256895012395038,0.09771552683683714
2024-04-17 10:00:00,0.043381605471350594,0.8118399248218336,0.8028041284333847,0.09337261453297771
2024-04-17 11:00:00,0.0403549818338145,0.8036484053155148,0.7615089742393666,0.08685824607718858
2024-04-17 12:00:00,0.03026623637536088,0.7519581631062533,0.6480242684673199,0.06514368455789142
2024-04-17 13:00:00,0.03833723274212378,0.7859948037172029,0.74364519472656,0.08251533377332913
2024-04-17 14:00:00,0.0403549818338145,0.7963328521590551,0.7760084591641747,0.08685824607718858
2024-04-17 15:00:00,0.03531060910458769,0.7778032842108841,0.7168495254573499,0.07600096531754
2024-04-17 16:00:00,0.02017749091690725,0.7247766809381929,0.5637269641965991,0.04342912303859429
2024-04-17 17:00:00,0.008070996366762902,0.7360552154442509,0.3940900490823439,0.017371649215437712
2024-04-17 18:00:00,0.005044372729226813,0.7351792490943917,0.3189627633971071,0.010857280759648572
2024-04-17 19:00:00,0.004035498183381451,0.6760879586138502,0.2708002855527528,0.008685824607718856
2024-04-17 20:00:00,0.0030266236375360877,0.5755141561737975,0.23694886098149665,0.006514368455789143
2024-04-17 21:00:00,0.0030266236375360877,0.49964523044480347,0.21705091945995644,0.006514368455789143
2024-04-17 22:00:00,0.0030266236375360877,0.4384074110287285,0.20198613958001888,0.006514368455789143
2024-04-17 23:00:00,0.0030266236375360877,0.41133655041570505,0.1919429529933938,0.006514368455789143
2024-04-18 00:00:00,0.0025320143210903383,0.3582682787143063,0.16376649633716037,0.005449793630880738
2024-04-18 01:00:00,0.0025320143210903383,0.3413151126681987,0.1551478600436248,0.005449793630880738
2024-04-18 02:00:00,0.0025320143210903383,0.332838529645145,0.15083854189685703,0.005449793630880738
2024-04-18 03:00:00,0.0025320143210903383,0.332838529645145,0.15083854189685703,0.005449793630880738
2024-04-18 04:00:00,0.0025320143210903383,0.3413151126681987,0.1551478600436248,0.005449793630880738
2024-04-18 05:00:00,0.0042200238684838975,0.3995833094603436,0.1913530280887786,0.009082989384801229
2024-04-18 06:00:00,0.01266007160545169,0.5482814278413456,0.32469045638466937,0.02724896815440369
2024-04-18 07:00:00,0.02954016707938728,0.6928638777232207,0.556033030856011,0.06358092569360861
2024-04-18 08:00:00,0.03798021481635508,0.736107027760263,0.6911065664597764,0.08174690446321106
2024-04-18 09:00:00,0.03798021481635508,0.7191538617141555,0.6945581476602465,0.08174690446321106
2024-04-18 10:00:00,0.036292205268961514,0.7020286486836933,0.6753043398867312,0.07811370870929057
2024-04-18 11:00:00,0.03376019094787118,0.6952715384470673,0.6408173879526045,0.07266391507840983
2024-04-18 12:00:00,0.02532014321090338,0.652028388410025,0.5459779106621911,0.05449793630880738
2024-04-18 13:00:00,0.03207218140047762,0.6804070736651721,0.625872898325857,0.06903071932448934
2024-04-18 14:00:00,0.03376019094787118,0.6890557036725805,0.6528876054466102,0.07266391507840983
2024-04-18 15:00:00,0.02954016707938728,0.6736499634285462,0.6034561638857359,0.06358092569360861
2024-04-18 16:00:00,0.01688009547393559,0.6296934909450101,0.47556478067522173,0.036331957539204915
2024-04-18 17:00:00,0.006752038189574236,0.6415472855116224,0.3341653917382444,0.014532783015681967
2024-04-18 18:00:00,0.0042200238684838975,0.6410060100494835,0.2715145989847711,0.009082989384801229
2024-04-18 19:00:00,0.003376019094787118,0.5893228765096098,0.23099737057441797,0.007266391507840983
2024-04-18 20:00:00,0.0025320143210903383,0.5010182557051872,0.20226444734263785,0.005449793630880738
2024-04-18 21:00:00,0.0025320143210903383,0.43501193284555717,0.1853130870709993,0.005449793630880738
2024-04-18 22:00:00,0.0025320143210903383,0.3814372795349008,0.17238513263069596,0.005449793630880738
2024-04-18 23:00:00,0.0025320143210903383,0.3582682787143063,0.16376649633716037,0.005449793630880738
2024-04-19 00:00:00,0.0019474760380180879,0.29555123033992586,0.13046704756161165,0.004191659746898075
2024-04-19 01:00:00,0.0019474760380180879,0.28190968596072113,0.12353197070536366,0.004191659746898075
2024-04-19 02:00:00,0.0019474760380180879,0.2750889137711188,0.12006443227723967,0.004191659746898075
2024-04-19 03:00:00,0.0019474760380180879,0.2750889137711188,0.12006443227723967,0.004191659746898075
2024-04-19 04:00:00,0.0019474760380180879,0.28190968596072113,0.12353197070536366,0.004191659746898075
2024-04-19 05:00:00,0.0032457933966968137,0.3300683518206036,0.1519629658711926,0.006986099578163459
2024-04-19 06:00:00,0.00973738019009044,0.45125798489081226,0.25557390225477733,0.020958298734490375
2024-04-19 07:00:00,0.02272055377687769,0.5661058242042527,0.43385211738836765,0.048902697047144214
2024-04-19 08:00:00,0.02921214057027132,0.5993660471286726,0.5373205415743144,0.06287489620347113
2024-04-19 09:00:00,0.02921214057027132,0.5857245027494677,0.539584729793851,0.06287489620347113
2024-04-19 10:00:00,0.027913823211592595,0.5722516859749815,0.5246227716043224,0.06008045637220574
2024-04-19 11:00:00,0.02596634717357451,0.5671897866934473,0.4981818768864306,0.05588879662530767
2024-04-19 12:00:00,0.01947476038018088,0.5339295637690276,0.42537766961976603,0.04191659746898075
2024-04-19 13:00:00,0.024668029814895784,0.5556215745127716,0.4866874571250259,0.053094356794042286
2024-04-19 14:00:00,0.02596634717357451,0.5622736190976556,0.5073811419622153,0.05588879662530767
2024-04-19 15:00:00,0.02272055377687769,0.5505596752312375,0.46944582748291885,0.048902697047144214
2024-04-19 16:00:00,0.012983173586787255,0.5173224482257938,0.3713731092408665,0.027944398312653836
2024-04-19 17:00:00,0.005193269434714902,0.5298560955912431,0.263345342149763,0.011177759325061534
2024-04-19 18:00:00,0.0032457933966968137,0.5297103639055009,0.21543949558837383,0.006986099578163459
2024-04-19 19:00:00,0.002596634717357451,0.48678232493187085,0.18395756196365842,0.005588879662530767
2024-04-19 20:00:00,0.0019474760380180879,0.4129776460604658,0.16127377667853185,0.004191659746898075
2024-04-19 21:00:00,0.0019474760380180879,0.35862712659190227,0.14780473970223165,0.004191659746898075
2024-04-19 22:00:00,0.0019474760380180879,0.3141089423149225,0.13740212441785965,0.004191659746898075
2024-04-19 23:00:00,0.0019474760380180879,0.29555123033992586,0.13046704756161165,0.004191659746898075
2024-04-20 00:00:00,0.010951019802973297,0.3359745678810118,0.2545410012609101,0.0235704819979821
2024-04-20 01:00:00,0.010951019802973297,0.3233204694378448,0.24810792133898654,0.0235704819979821
2024-04-20 02:00:00,0.010951019802973297,0.3169934202162613,0.24489138137802477,0.0235704819979821
2024-04-20 03:00:00,0.010951019802973297,0.3169934202162613,0.24489138137802477,0.0235704819979821
2024-04-20 04:00:00,0.010951019802973297,0.3233204694378448,0.24810792133898654,0.0235704819979821
2024-04-20 05:00:00,0.010951019802973297,0.35583736964321316,0.25775754122187183,0.0235704819979821
2024-04-20 06:00:00,0.010951019802973297,0.4177846632593537,0.27384024102668075,0.0235704819979821
2024-04-20 07:00:00,0.010951019802973297,0.45986915511329296,0.28670640087052784,0.0235704819979821
2024-04-20 08:00:00,0.010951019802973297,0.48621304172946894,0.2899229408314896,0.0235704819979821
2024-04-20 09:00:00,0.010951019802973297,0.49269412658344364,0.2899229408314896,0.0235704819979821
2024-04-20 10:00:00,0.010951019802973297,0.49593466901043093,0.2899229408314896,0.0235704819979821
2024-04-20 11:00:00,0.010951019802973297,0.4991752114374183,0.2899229408314896,0.0235704819979821
2024-04-20 12:00:00,0.010951019802973297,0.49376091042117115,0.2899229408314896,0.0235704819979821
2024-04-20 13:00:00,0.010951019802973297,0.49052036799418375,0.2899229408314896,0.0235704819979821
2024-04-20 14:00:00,0.010951019802973297,0.48727982556719646,0.2899229408314896,0.0235704819979821
2024-04-20 15:00:00,0.010951019802973297,0.48727982556719646,0.2899229408314896,0.0235704819979821
2024-04-20 16:00:00,0.010951019802973297,0.48727982556719646,0.2899229408314896,0.0235704819979821
2024-04-20 17:00:00,0.010951019802973297,0.48727982556719646,0.2899229408314896,0.0235704819979821
2024-04-20 18:00:00,0.010951019802973297,0.47591783161583834,0.2899229408314896,0.0235704819979821
2024-04-20 19:00:00,0.010951019802973297,0.4528144874266497,0.28670640087052784,0.0235704819979821
2024-04-20 20:00:00,0.010951019802973297,0.42014355158889016,0.2802733209486043,0.0235704819979821
2024-04-20 21:00:00,0.010951019802973297,0.38438610895653447,0.270623701065719,0.0235704819979821
2024-04-20 22:00:00,0.010951019802973297,0.3549557155457622,0.26419062114379543,0.0235704819979821
2024-04-20 23:00:00,0.010951019802973297,0.34230161710259527,0.25775754122187183,0.0235704819979821
2024-04-21 00:00:00,0.01312430316311371,0.3853053083554315,0.30138305260425335,0.02824815925894328
2024-04-21 01:00:00,0.01312430316311371,0.3706486157948341,0.2939318955694905,0.02824815925894328
2024-04-21 02:00:00,0.01312430316311371,0.3633202695145354,0.2902063170521091,0.02824815925894328
2024-04-21 03:00:00,0.01312430316311371,0.3633202695145354,0.2902063170521091,0.02824815925894328
2024-04-21 04:00:00,0.01312430316311371,0.3706486157948341,0.2939318955694905,0.02824815925894328
2024-04-21 05:00:00,0.01312430316311371,0.4070634260551401,0.3051086311216347,0.02824815925894328
2024-04-21 06:00:00,0.01312430316311371,0.4763666883503235,0.32373652370854183,0.02824815925894328
2024-04-21 07:00:00,0.01312430316311371,0.5239118329457981,0.3386388377780675,0.02824815925894328
2024-04-21 08:00:00,0.01312430316311371,0.5532739267552466,0.34236441629544895,0.02824815925894328
2024-04-21 09:00:00,0.01312430316311371,0.5608779028649863,0.34236441629544895,0.02824815925894328
2024-04-21 10:00:00,0.01312430316311371,0.5646798909198562,0.34236441629544895,0.02824815925894328
2024-04-21 11:00:00,0.01312430316311371,0.568481878974726,0.34236441629544895,0.02824815925894328
2024-04-21 12:00:00,0.01312430316311371,0.5627099704069619,0.34236441629544895,0.02824815925894328
2024-04-21 13:00:00,0.01312430316311371,0.558907982352092,0.34236441629544895,0.02824815925894328
2024-04-21 14:00:00,0.01312430316311371,0.5551059942972223,0.34236441629544895,0.02824815925894328
2024-04-21 15:00:00,0.01312430316311371,0.5551059942972223,0.34236441629544895,0.02824815925894328
2024-04-21 16:00:00,0.01312430316311371,0.5551059942972223,0.34236441629544895,0.02824815925894328
2024-04-21 17:00:00,0.01312430316311371,0.5551059942972223,0.34236441629544895,0.02824815925894328
2024-04-21 18:00:00,0.01312430316311371,0.5426461433907064,0.34236441629544895,0.02824815925894328
2024-04-21 19:00:00,0.01312430316311371,0.5170860376361278,0.3386388377780675,0.02824815925894328
2024-04-21 20:00:00,0.01312430316311371,0.4803955975463806,0.3311876807433047,0.02824815925894328
2024-04-21 21:00:00,0.01312430316311371,0.44017879923120473,0.3200109451911604,0.02824815925894328
2024-04-21 22:00:00,0.01312430316311371,0.40729034719632745,0.31255978815639757,0.02824815925894328
2024-04-21 23:00:00,0.01312430316311371,0.3926336546357301,0.3051086311216347,0.02824815925894328
2024-04-22 00:00:00,0.002082369487957838,0.31002439534939824,0.13815153574058445,0.004481998335509459
2024-04-22 01:00:00,0.002082369487957838,0.2956186305855236,0.1308279451680393,0.004481998335509459
2024-04-22 02:00:00,0.002082369487957838,0.28841574820358634,0.12716614988176675,0.004481998335509459
2024-04-22 03:00:00,0.002082369487957838,0.28841574820358634,0.12716614988176675,0.004481998335509459
2024-04-22 04:00:00,0.002082369487957838,0.2956186305855236,0.1308279451680393,0.004481998335509459
2024-04-22 05:00:00,0.0034706158132630635,0.34611026512208204,0.16105298022909706,0.007469997225849098
2024-04-22 06:00:00,0.01041184743978919,0.4736480101870892,0.27152387628475244,0.022409991677547293
2024-04-22 07:00:00,0.024294310692841443,0.59535768270863,0.46204771280397766,0.05228998058094369
2024-04-22 08:00:00,0.031235542319367572,0.630921658043655,0.5728096242401902,0.06722997503264189
2024-04-22 09:00:00,0.031235542319367572,0.6165158932797803,0.5753478262245576,0.06722997503264189
2024-04-22 10:00:00,0.029847295994062346,0.6022002158308379,0.5593954412079551,0.06424197614230225
2024-04-22 11:00:00,0.027764926506104508,0.5967471140212057,0.5310977640555476,0.059759977806792784
2024-04-22 12:00:00,0.02082369487957838,0.5611831386861807,0.45320849447571027,0.044819983355094586
2024-04-22 13:00:00,0.026376680180799285,0.5844182281633254,0.5188071743252177,0.05677197891645314
2024-04-22 14:00:00,0.027764926506104508,0.5915310232303305,0.5409595566124602,0.059759977806792784
2024-04-22 15:00:00,0.024294310692841443,0.5789651263536932,0.5003712897297228,0.05228998058094369
2024-04-22 16:00:00,0.013882463253052254,0.5432542273148436,0.39541734111033305,0.029879988903396392
2024-04-22 17:00:00,0.005552985301220902,0.555630985572869,0.27968843051633563,0.011951995561358557
2024-04-22 18:00:00,0.0034706158132630635,0.5553939745541122,0.2283799040644655,0.007469997225849098
2024-04-22 19:00:00,0.002776492650610451,0.5104455291421183,0.19481290241229524,0.005975997780679278
2024-04-22 20:00:00,0.002082369487957838,0.43329470982463225,0.17073316221640245,0.004481998335509459
2024-04-22 21:00:00,0.002082369487957838,0.3762543895735149,0.15646051217194729,0.004481998335509459
2024-04-22 22:00:00,0.002082369487957838,0.3296462509041482,0.1454751263131296,0.004481998335509459
2024-04-22 23:00:00,0.002082369487957838,0.31002439534939824,0.13815153574058445,0.004481998335509459
2024-04-23 00:00:00,0.0019924405213313377,0.3003756186764166,0.13302854362126923,0.004288439276435202
2024-04-23 01:00:00,0.0019924405213313377,0.2864793341689886,0.1259639621929222,0.004288439276435202
2024-04-23 02:00:00,0.0019924405213313377,0.2795311919152746,0.12243167147874869,0.004288439276435202
2024-04-23 03:00:00,0.0019924405213313377,0.2795311919152746,0.12243167147874869,0.004288439276435202
2024-04-23 04:00:00,0.0019924405213313377,0.2864793341689886,0.1259639621929222,0.004288439276435202
2024-04-23 05:00:00,0.0033207342022188962,0.33541565625442976,0.15499297065716072,0.0071473987940586705
2024-04-23 06:00:00,0.009962202606656688,0.4587213266562379,0.26089056026476903,0.02144219638217601
2024-04-23 07:00:00,0.023245139415532273,0.5758564437057118,0.44325064919357093,0.05003179155841069
2024-04-23 08:00:00,0.029886607819970067,0.6098845841003333,0.549150235796273,0.06432658914652803
2024-04-23 09:00:00,0.029886607819970067,0.5959882995929052,0.5515057619374198,0.06432658914652803
2024-04-23 10:00:00,0.02855831413908251,0.582234529260267,0.5362136614721998,0.06146762962890456
2024-04-23 11:00:00,0.02656587361775117,0.5770422291360334,0.5091538392761362,0.057179190352469364
2024-04-23 12:00:00,0.019924405213313377,0.5430140887414119,0.4346546112384141,0.04288439276435202
2024-04-23 13:00:00,0.02523757993686361,0.5652204590629561,0.4973940295250898,0.05432023083484589
2024-04-23 14:00:00,0.02656587361775117,0.5720260871418805,0.5185739468456302,0.057179190352469364
2024-04-23 15:00:00,0.023245139415532273,0.5600281589387227,0.4797543148985201,0.05003179155841069
2024-04-23 16:00:00,0.013282936808875585,0.5259663745888103,0.3793878531973553,0.028589595176234682
2024-04-23 17:00:00,0.005313174723550234,0.5384477255851183,0.2687930382719539,0.011435838070493871
2024-04-23 18:00:00,0.0033207342022188962,0.5382715674550379,0.21975296508040437,0.0071473987940586705
2024-04-23 19:00:00,0.002656587361775117,0.49467005966862,0.18757600877987068,0.005717919035246936
2024-04-23 20:00:00,0.0019924405213313377,0.4197500006485212,0.16442690519115538,0.004288439276435202
2024-04-23 21:00:00,0.0019924405213313377,0.3645028809191065,0.15068999719213685,0.004288439276435202
2024-04-23 22:00:00,0.0019924405213313377,0.3192880451779977,0.1400931250496163,0.004288439276435202
2024-04-23 23:00:00,0.0019924405213313377,0.3003756186764166,0.13302854362126923,0.004288439276435202
2024-04-24 00:00:00,0.0018125825880783385,0.28107806533045354,0.12278255938263892,0.003901321158286692
2024-04-24 01:00:00,0.0018125825880783385,0.2682007413359187,0.11623599624268804,0.003901321158286692
2024-04-24 02:00:00,0.0018125825880783385,0.26176207933865125,0.11296271467271263,0.003901321158286692
2024-04-24 03:00:00,0.0018125825880783385,0.26176207933865125,0.11296271467271263,0.003901321158286692
2024-04-24 04:00:00,0.0018125825880783385,0.2682007413359187,0.11623599624268804,0.003901321158286692
2024-04-24 05:00:00,0.0030209709801305644,0.31402643851912526,0.1428729515132882,0.006502201930477821
2024-04-24 06:00:00,0.009062912940391693,0.42886795959453544,0.2396239282248024,0.01950660579143346
2024-04-24 07:00:00,0.021146796860913947,0.5368539656998756,0.40565652197275787,0.045515413513344746
2024-04-24 08:00:00,0.027188738821175076,0.5678104362136902,0.5018314589084387,0.058519817374300384
2024-04-24 09:00:00,0.027188738821175076,0.5549331122191553,0.5038216333631446,0.058519817374300384
2024-04-24 10:00:00,0.02598035042912285,0.542303156119125,0.4898501020006896,0.055918936602109254
2024-04-24 11:00:00,0.024167767841044515,0.537632459365689,0.46526598971731375,0.052017615443822565
2024-04-24 12:00:00,0.018125825880783385,0.5066759888518744,0.3975468447638219,0.03901321158286692
2024-04-24 13:00:00,0.02295937944899229,0.5268249208622178,0.4545677399248343,0.049416734671631435
2024-04-24 14:00:00,0.024167767841044515,0.5330162149649806,0.4738027273119705,0.052017615443822565
2024-04-24 15:00:00,0.021146796860913947,0.5221542241087817,0.4385203652361151,0.045515413513344746
2024-04-24 16:00:00,0.012083883920522258,0.49139066913674395,0.34732887737139995,0.026008807721911283
2024-04-24 17:00:00,0.004833553568208903,0.5040812056096172,0.24700225378319046,0.010403523088764513
2024-04-24 18:00:00,0.0030209709801305644,0.5040267532568895,0.20249908711228223,0.006502201930477821
2024-04-24 19:00:00,0.0024167767841044513,0.46311912072162353,0.1731022215150217,0.005201761544382256
2024-04-24 20:00:00,0.0018125825880783385,0.3926605822962993,0.15181439114066128,0.003901321158286692
2024-04-24 21:00:00,0.0018125825880783385,0.34099986361028967,0.1391489672325161,0.003901321158286692
2024-04-24 22:00:00,0.0018125825880783385,0.29857163372569673,0.1293291225225898,0.003901321158286692
2024-04-24 23:00:00,0.0018125825880783385,0.28107806533045354,0.12278255938263892,0.003901321158286692
2024-04-25 00:00:00,0.0015427956881988376,0.2521317353115087,0.10741358302469332,0.003320643981063924
2024-04-25 01:00:00,0.0015427956881988376,0.24078285208631356,0.10164404731733673,0.003320643981063924
2024-04-25 02:00:00,0.0015427956881988376,0.23510841047371606,0.09875927946365844,0.003320643981063924
2024-04-25 03:00:00,0.0015427956881988376,0.23510841047371606,0.09875927946365844,0.003320643981063924
2024-04-25 04:00:00,0.0015427956881988376,0.24078285208631356,0.10164404731733673,0.003320643981063924
2024-04-25 05:00:00,0.0025713261469980627,0.28194261191616826,0.1246929227974792,0.00553440663510654
2024-04-25 06:00:00,0.007713978440994188,0.3840879090019815,0.2077239801648522,0.01660321990531962
2024-04-25 07:00:00,0.017999283028986436,0.47835024869112114,0.34926533114153774,0.03874084644574578
2024-04-25 08:00:00,0.023141935322982563,0.5046992143837252,0.4308532935766869,0.04980965971595886
2024-04-25 09:00:00,0.023141935322982563,0.4933503311585301,0.4322954405017312,0.04980965971595886
2024-04-25 10:00:00,0.02211340486418334,0.4824060964074118,0.4203047627934239,0.04759589706191625
2024-04-25 11:00:00,0.0205706091759845,0.47851780471017197,0.3994342153790796,0.04427525308085232
2024-04-25 12:00:00,0.015427956881988376,0.4521688390175679,0.34188519505193327,0.03320643981063924
2024-04-25 13:00:00,0.019542078717185274,0.46923161356110976,0.39032830552445064,0.042061490426809706
2024-04-25 14:00:00,0.0205706091759845,0.4745014066996306,0.40664589801148043,0.04427525308085232
2024-04-25 15:00:00,0.017999283028986436,0.46534332186386995,0.37666944074250713,0.03874084644574578
2024-04-25 16:00:00,0.01028530458799225,0.4395271109586441,0.2992404136324667,0.02213762654042616
2024-04-25 17:00:00,0.0041141218351969,0.45253142564636517,0.21431607705004516,0.008855050616170463
2024-04-25 18:00:00,0.0025713261469980627,0.45265953195966674,0.17661827016009882,0.00553440663510654
2024-04-25 19:00:00,0.00205706091759845,0.4157927123011286,0.151391540617748,0.004427525308085232
2024-04-25 20:00:00,0.0015427956881988376,0.3520264547679663,0.13289562006492,0.003320643981063924
2024-04-25 21:00:00,0.0015427956881988376,0.3057453376470643,0.12183742229308483,0.003320643981063924
2024-04-25 22:00:00,0.0015427956881988376,0.26749701654724517,0.11318311873204993,0.003320643981063924
2024-04-25 23:00:00,0.0015427956881988376,0.2521317353115087,0.10741358302469332,0.003320643981063924
2024-04-26 00:00:00,0.001632724654825337,0.2617805119844902,0.1125365751440085,0.0035142030401381784
2024-04-26 01:00:00,0.001632724654825337,0.24992214850284852,0.1065080302924538,0.0035142030401381784
2024-04-26 02:00:00,0.001632724654825337,0.24399296676202772,0.10349375786667647,0.0035142030401381784
2024-04-26 03:00:00,0.001632724654825337,0.24399296676202772,0.10349375786667647,0.0035142030401381784
2024-04-26 04:00:00,0.001632724654825337,0.24992214850284852,0.1065080302924538,0.0035142030401381784
2024-04-26 05:00:00,0.0027212077580422286,0.2926372207838205,0.1307529323694155,0.005857005066896965
2024-04-26 06:00:00,0.008163623274126687,0.39901459253283267,0.21835729618483551,0.017571015200690893
2024-04-26 07:00:00,0.0190484543062956,0.4978514876940391,0.36806239475194424,0.04099903546827875
2024-04-26 08:00:00,0.02449086982238006,0.5257362883270467,0.45451268202060396,0.052713045602072676
2024-04-26 09:00:00,0.02449086982238006,0.513877924845405,0.4561375047888688,0.052713045602072676
2024-04-26 10:00:00,0.023402386719163164,0.5023717829779827,0.4434865425291789,0.050370243575313896
2024-04-26 11:00:00,0.02176966206433783,0.4982226895953441,0.4213781401584908,0.04685604053517572
2024-04-26 12:00:00,0.016327246548253373,0.4703378889623365,0.3604390782892293,0.03514203040138179
2024-04-26 13:00:00,0.020681178961120938,0.4884293826614789,0.4117414503245783,0.04451323850841693
2024-04-26 14:00:00,0.02176966206433783,0.4940063427880804,0.42903150777831023,0.04685604053517572
2024-04-26 15:00:00,0.0190484543062956,0.4842802892788403,0.3972864155737096,0.04099903546827875
2024-04-26 16:00:00,0.010884831032168914,0.4568149636846772,0.3152699015454443,0.02342802026758786
2024-04-26 17:00:00,0.004353932412867566,0.46971468563411567,0.2252114692944268,0.009371208107035144
2024-04-26 18:00:00,0.0027212077580422286,0.4697819390587408,0.18524520914415987,0.005857005066896965
2024-04-26 19:00:00,0.002176966206433783,0.4315681817746267,0.1586284342501725,0.004685604053517572
2024-04-26 20:00:00,0.001632724654825337,0.3655711639440771,0.13920187709016704,0.0035142030401381784
2024-04-26 21:00:00,0.001632724654825337,0.3174968463014727,0.1276079372728952,0.0035142030401381784
2024-04-26 22:00:00,0.001632724654825337,0.2778552222733956,0.1185651199955632,0.0035142030401381784
2024-04-26 23:00:00,0.001632724654825337,0.2617805119844902,0.1125365751440085,0.0035142030401381784
2024-04-27 00:00:00,0.00850607602281532,0.28047748484728957,0.2018436934996488,0.018308095079400767
2024-04-27 01:00:00,0.00850607602281532,0.2700763047862318,0.19655595032966944,0.018308095079400767
2024-04-27 02:00:00,0.00850607602281532,0.2648757147557029,0.19391207874467978,0.018308095079400767
2024-04-27 03:00:00,0.00850607602281532,0.2648757147557029,0.19391207874467978,0.018308095079400767
2024-04-27 04:00:00,0.00850607602281532,0.2700763047862318,0.19655595032966944,0.018308095079400767
2024-04-27 05:00:00,0.00850607602281532,0.2982080561797951,0.20448756508463847,0.018308095079400767
2024-04-27 06:00:00,0.00850607602281532,0.3518798850320125,0.21770692300958683,0.018308095079400767
2024-04-27 07:00:00,0.00850607602281532,0.38782114255172434,0.22828240934954555,0.018308095079400767
2024-04-27 08:00:00,0.00850607602281532,0.41076954607546884,0.2309262809345352,0.018308095079400767
2024-04-27 09:00:00,0.00850607602281532,0.41598737826670784,0.2309262809345352,0.018308095079400767
2024-04-27 10:00:00,0.00850607602281532,0.4185962943623273,0.2309262809345352,0.018308095079400767
2024-04-27 11:00:00,0.00850607602281532,0.4212052104579468,0.2309262809345352,0.018308095079400767
2024-04-27 12:00:00,0.00850607602281532,0.41619321793715613,0.2309262809345352,0.018308095079400767
2024-04-27 13:00:00,0.00850607602281532,0.4135843018415366,0.2309262809345352,0.018308095079400767
2024-04-27 14:00:00,0.00850607602281532,0.41097538574591713,0.2309262809345352,0.018308095079400767
2024-04-27 15:00:00,0.00850607602281532,0.41097538574591713,0.2309262809345352,0.018308095079400767
2024-04-27 16:00:00,0.00850607602281532,0.41097538574591713,0.2309262809345352,0.018308095079400767
2024-04-27 17:00:00,0.00850607602281532,0.41097538574591713,0.2309262809345352,0.018308095079400767
2024-04-27 18:00:00,0.00850607602281532,0.4008484808691117,0.2309262809345352,0.018308095079400767
2024-04-27 19:00:00,0.00850607602281532,0.3805089934409866,0.22828240934954555,0.018308095079400767
2024-04-27 20:00:00,0.00850607602281532,0.35235999988671307,0.22299466617956618,0.018308095079400767
2024-04-27 21:00:00,0.00850607602281532,0.3216193323975302,0.21506305142459717,0.018308095079400767
2024-04-27 22:00:00,0.00850607602281532,0.2960792549388762,0.20977530825461782,0.018308095079400767
2024-04-27 23:00:00,0.00850607602281532,0.28567807487781843,0.20448756508463847,0.018308095079400767
2024-04-28 00:00:00,0.010679359382955736,0.3298082253217092,0.24868574484299205,0.02298577234036194
2024-04-28 01:00:00,0.010679359382955736,0.317404451143221,0.2423799245601734,0.02298577234036194
2024-04-28 02:00:00,0.010679359382955736,0.31120256405397695,0.2392270144187641,0.02298577234036194
2024-04-28 03:00:00,0.010679359382955736,0.31120256405397695,0.2392270144187641,0.02298577234036194
2024-04-28 04:00:00,0.010679359382955736,0.317404451143221,0.2423799245601734,0.02298577234036194
2024-04-28 05:00:00,0.010679359382955736,0.34943411259172213,0.25183865498440133,0.02298577234036194
2024-04-28 06:00:00,0.010679359382955736,0.41046191012298233,0.26760320569144797,0.02298577234036194
2024-04-28 07:00:00,0.010679359382955736,0.45186382038422956,0.2802148462570852,0.02298577234036194
2024-04-28 08:00:00,0.010679359382955736,0.4778304311012465,0.28336775639849454,0.02298577234036194
2024-04-28 09:00:00,0.010679359382955736,0.48417115454825055,0.28336775639849454,0.02298577234036194
2024-04-28 10:00:00,0.010679359382955736,0.48734151627175254,0.28336775639849454,0.02298577234036194
2024-04-28 11:00:00,0.010679359382955736,0.4905118779952546,0.28336775639849454,0.02298577234036194
2024-04-28 12:00:00,0.010679359382955736,0.485142277922947,0.28336775639849454,0.02298577234036194
2024-04-28 13:00:00,0.010679359382955736,0.48197191619944496,0.28336775639849454,0.02298577234036194
2024-04-28 14:00:00,0.010679359382955736,0.47880155447594297,0.28336775639849454,0.02298577234036194
2024-04-28 15:00:00,0.010679359382955736,0.47880155447594297,0.28336775639849454,0.02298577234036194
2024-04-28 16:00:00,0.010679359382955736,0.47880155447594297,0.28336775639849454,0.02298577234036194
2024-04-28 17:00:00,0.010679359382955736,0.47880155447594297,0.28336775639849454,0.02298577234036194
2024-04-28 18:00:00,0.010679359382955736,0.4675767926439796,0.28336775639849454,0.02298577234036194
2024-04-28 19:00:00,0.010679359382955736,0.4447805436504647,0.2802148462570852,0.02298577234036194
2024-04-28 20:00:00,0.010679359382955736,0.4126120458442036,0.2739090259742666,0.02298577234036194
2024-04-28 21:00:00,0.010679359382955736,0.37741202267220053,0.2644502955500386,0.02298577234036194
2024-04-28 22:00:00,0.010679359382955736,0.34841388658944145,0.25814447526722,0.02298577234036194
2024-04-28 23:00:00,0.010679359382955736,0.33601011241095324,0.25183865498440133,0.02298577234036194
2024-04-29 00:00:00,0.002352156387837338,0.33897072536834305,0.15352051209852996,0.005062675512732226
2024-04-29 01:00:00,0.002352156387837338,0.32303651983512865,0.14541989409339057,0.005062675512732226
2024-04-29 02:00:00,0.002352156387837338,0.3150694170685215,0.1413695850908209,0.005062675512732226
2024-04-29 03:00:00,0.002352156387837338,0.3150694170685215,0.1413695850908209,0.005062675512732226
2024-04-29 04:00:00,0.002352156387837338,0.32303651983512865,0.14541989409339057,0.005062675512732226
2024-04-29 05:00:00,0.003920260646395564,0.37819409172503893,0.17923300894490593,0.008437792521220375
2024-04-29 06:00:00,0.01176078193918669,0.518428060779643,0.3034238243447026,0.025313377563661126
2024-04-29 07:00:00,0.027441824524768944,0.6538613997173843,0.5184389036351976,0.05906454764854263
2024-04-29 08:00:00,0.03528234581756007,0.6940328798736197,0.6437877895719418,0.07594013269098339
2024-04-29 09:00:00,0.03528234581756007,0.6780986743404053,0.6468740190859708,0.07594013269098339
2024-04-29 10:00:00,0.033714241559001844,0.662097275542551,0.6289407804152207,0.07256501568249524
2024-04-29 11:00:00,0.03136208517116451,0.6558617686767226,0.5969295383937816,0.067502340169763
2024-04-29 12:00:00,0.02352156387837338,0.6156902885204872,0.5088701441875987,0.05062675512732225
2024-04-29 13:00:00,0.02979398091260628,0.6420115354644333,0.5830466087256012,0.06412722316127485
2024-04-29 14:00:00,0.03136208517116451,0.6500458314956804,0.60811638591295,0.067502340169763
2024-04-29 15:00:00,0.027441824524768944,0.6357760285986049,0.5622222142233305,0.05906454764854263
2024-04-29 16:00:00,0.015681042585582255,0.5951177854929435,0.44350580484926616,0.0337511700848815
2024-04-29 17:00:00,0.006272417034232902,0.607180765536121,0.31237460724948085,0.013500468033952601
2024-04-29 18:00:00,0.003920260646395564,0.6067611958513349,0.2542607210166488,0.008437792521220375
2024-04-29 19:00:00,0.003136208517116451,0.5577719375626131,0.21652358330956883,0.0067502340169763005
2024-04-29 20:00:00,0.002352156387837338,0.47392883735296515,0.18965193329214367,0.005062675512732226
2024-04-29 21:00:00,0.002352156387837338,0.41150891553674024,0.17377205711137844,0.005062675512732226
2024-04-29 22:00:00,0.002352156387837338,0.3607208680825997,0.16162113010366935,0.005062675512732226
2024-04-29 23:00:00,0.002352156387837338,0.33897072536834305,0.15352051209852996,0.005062675512732226
2024-04-30 00:00:00,0.0021273339712710886,0.3148487836858891,0.14071303180024206,0.004578777865046587
2024-04-30 01:00:00,0.0021273339712710886,0.3001882787937912,0.13325993665559788,0.004578777865046587
2024-04-30 02:00:00,0.0021273339712710886,0.2928580263477422,0.1295333890832758,0.004578777865046587
2024-04-30 03:00:00,0.0021273339712710886,0.2928580263477422,0.1295333890832758,0.004578777865046587
2024-04-30 04:00:00,0.0021273339712710886,0.3001882787937912,0.13325993665559788,0.004578777865046587
2024-04-30 05:00:00,0.003545556618785148,0.35145756955590823,0.16408298501506524,0.007631296441744312
2024-04-30 06:00:00,0.010636669856355443,0.48111135195251487,0.2768405342947442,0.022893889325232935
2024-04-30 07:00:00,0.024818896331496035,0.605108302210089,0.4714462446091811,0.05341907509221019
2024-04-30 08:00:00,0.031910009569066325,0.6414401950153158,0.584639318462149,0.06868166797569882
2024-04-30 09:00:00,0.031910009569066325,0.6267796901232179,0.5872688583681267,0.06868166797569882
2024-04-30 10:00:00,0.030491786921552272,0.6121830591161236,0.5709863310758329,0.06562914939900108
2024-04-30 11:00:00,0.028364452950281185,0.606599556463792,0.5420697264452534,0.0610503715339545
2024-04-30 12:00:00,0.021273339712710886,0.5702676636585653,0.46248543609435844,0.04578777865046587
2024-04-30 13:00:00,0.026946230302767125,0.5940171127135102,0.5295137467252817,0.05799785295725677
2024-04-30 14:00:00,0.028364452950281185,0.6012834912745556,0.5521523614958753,0.0610503715339545
2024-04-30 15:00:00,0.024818896331496035,0.5884336100611787,0.5106797771453242,0.05341907509221019
2024-04-30 16:00:00,0.014182226475140593,0.5518981536778604,0.403432085066822,0.03052518576697725
2024-04-30 17:00:00,0.005672890590056236,0.5642226155667445,0.2851361266385266,0.0122100743067909
2024-04-30 18:00:00,0.003545556618785148,0.5639551781036494,0.23269337355649614,0.007631296441744312
2024-04-30 19:00:00,0.002836445295028118,0.5183332638788675,0.19843134922850753,0.00610503715339545
2024-04-30 20:00:00,0.0021273339712710886,0.4400670644126878,0.17388629072902603,0.004578777865046587
2024-04-30 21:00:00,0.0021273339712710886,0.3821301439007192,0.1593457696618525,0.004578777865046587
2024-04-30 22:00:00,0.0021273339712710886,0.3348253537672235,0.14816612694488623,0.004578777865046587
2024-04-30 23:00:00,0.0021273339712710886,0.3148487836858891,0.14071303180024206,0.004578777865046587
2024-05-01 00:00:00,0.00043486749788920076,0.25893745338197455,0.08869492348399581,0.0009359892242841123
2024-05-01 01:00:00,0.00043486749788920076,0.249440638334526,0.08386694063888427,0.0009359892242841123
2024-05-01 02:00:00,0.00043486749788920076,0.24469223081080174,0.08145294921632851,0.0009359892242841123
2024-05-01 03:00:00,0.00043486749788920076,0.24469223081080174,0.08145294921632851,0.0009359892242841123
2024-05-01 04:00:00,0.00043486749788920076,0.249440638334526,0.08386694063888427,0.0009359892242841123
2024-05-01 05:00:00,0.0007247791631486679,0.29173260694683073,0.10023130705112678,0.0015599820404735205
2024-05-01 06:00:00,0.002174337489446004,0.3833712377645022,0.15722696185786572,0.004679946121420561
2024-05-01 07:00:00,0.005073454142040676,0.4437845264190831,0.25708952527181717,0.010919874283314642
2024-05-01 08:00:00,0.0065230124683380115,0.45121392226272306,0.33204872704387123,0.014039838364261684
2024-05-01 09:00:00,0.0065230124683380115,0.44171710721527446,0.33964590364734676,0.014039838364261684
2024-05-01 10:00:00,0.006233100803078545,0.4354828205228222,0.33466523131896725,0.013415845548072276
2024-05-01 11:00:00,0.005798233305189343,0.4358510578566083,0.31839005051164465,0.012479856323788164
2024-05-01 12:00:00,0.004348674978892008,0.4284216620129684,0.2848480469015475,0.009359892242841122
2024-05-01 13:00:00,0.0055083216399298765,0.4317681226010022,0.3158233696058209,0.011855863507598756
2024-05-01 14:00:00,0.005798233305189343,0.4332540017697302,0.3308152099602317,0.012479856323788164
2024-05-01 15:00:00,0.005073454142040676,0.4321363599347883,0.31197334824708534,0.010919874283314642
2024-05-01 16:00:00,0.0028991166525946716,0.43093478586680883,0.2744286337949847,0.006239928161894082
2024-05-01 17:00:00,0.0011596466610378688,0.4663140656849595,0.20173073396221855,0.0024959712647576325
2024-05-01 18:00:00,0.0007247791631486679,0.46927935910562363,0.15646351444152598,0.0015599820404735205
2024-05-01 19:00:00,0.0005798233305189344,0.4298816815145291,0.1272296006399683,0.0012479856323788163
2024-05-01 20:00:00,0.00043486749788920076,0.35872902487727454,0.11214857468063766,0.0009359892242841123
2024-05-01 21:00:00,0.00043486749788920076,0.31228311860990976,0.10076488059677467,0.0009359892242841123
2024-05-01 22:00:00,0.00043486749788920076,0.2710313245163012,0.09352290632910736,0.0009359892242841123
2024-05-01 23:00:00,0.00043486749788920076,0.25893745338197455,0.08869492348399581,0.0009359892242841123
2024-05-02 00:00:00,0.00043486749788920076,0.25893745338197455,0.08869492348399581,0.0009359892242841123
2024-05-02 01:00:00,0.00043486749788920076,0.249440638334526,0.08386694063888427,0.0009359892242841123
2024-05-02 02:00:00,0.00043486749788920076,0.24469223081080174,0.08145294921632851,0.0009359892242841123
2024-05-02 03:00:00,0.00043486749788920076,0.24469223081080174,0.08145294921632851,0.0009359892242841123
2024-05-02 04:00:00,0.00043486749788920076,0.249440638334526,0.08386694063888427,0.0009359892242841123
2024-05-02 05:00:00,0.0007247791631486679,0.29173260694683073,0.10023130705112678,0.0015599820404735205
2024-05-02 06:00:00,0.002174337489446004,0.3833712377645022,0.15722696185786572,0.004679946121420561
2024-05-02 07:00:00,0.005073454142040676,0.4437845264190831,0.25708952527181717,0.010919874283314642
2024-05-02 08:00:00,0.0065230124683380115,0.45121392226272306,0.33204872704387123,0.014039838364261684
2024-05-02 09:00:00,0.0065230124683380115,0.44171710721527446,0.33964590364734676,0.014039838364261684
2024-05-02 10:00:00,0.006233100803078545,0.4354828205228222,0.33466523131896725,0.013415845548072276
2024-05-02 11:00:00,0.005798233305189343,0.4358510578566083,0.31839005051164465,0.012479856323788164
2024-05-02 12:00:00,0.004348674978892008,0.4284216620129684,0.2848480469015475,0.009359892242841122
2024-05-02 13:00:00,0.0055083216399298765,0.4317681226010022,0.3158233696058209,0.011855863507598756
2024-05-02 14:00:00,0.005798233305189343,0.4332540017697302,0.3308152099602317,0.012479856323788164
2024-05-02 15:00:00,0.005073454142040676,0.4321363599347883,0.31197334824708534,0.010919874283314642
2024-05-02 16:00:00,0.0028991166525946716,0.43093478586680883,0.2744286337949847,0.006239928161894082
2024-05-02 17:00:00,0.0011596466610378688,0.4663140656849595,0.20173073396221855,0.0024959712647576325
2024-05-02 18:00:00,0.0007247791631486679,0.46927935910562363,0.15646351444152598,0.0015599820404735205
2024-05-02 19:00:00,0.0005798233305189344,0.4298816815145291,0.1272296006399683,0.0012479856323788163
2024-05-02 20:00:00,0.00043486749788920076,0.35872902487727454,0.11214857468063766,0.0009359892242841123
2024-05-02 21:00:00,0.00043486749788920076,0.31228311860990976,0.10076488059677467,0.0009359892242841123
2024-05-02 22:00:00,0.00043486749788920076,0.2710313245163012,0.09352290632910736,0.0009359892242841123
2024-05-02 23:00:00,0.00043486749788920076,0.25893745338197455,0.08869492348399581,0.0009359892242841123
2024-05-03 00:00:00,0.00035938312704087517,0.22182855370487786,0.0742274942626217,0.0007735200628525539
2024-05-03 01:00:00,0.00035938312704087517,0.21377752122732102,0.07013451714420099,0.0007735200628525539
2024-05-03 02:00:00,0.00035938312704087517,0.2097520049885426,0.06808802858499065,0.0007735200628525539
2024-05-03 03:00:00,0.00035938312704087517,0.2097520049885426,0.06808802858499065,0.0007735200628525539
2024-05-03 04:00:00,0.00035938312704087517,0.21377752122732102,0.07013451714420099,0.0007735200628525539
2024-05-03 05:00:00,0.0005989718784014586,0.25007608977682166,0.08365866188533083,0.0012892001047542564
2024-05-03 06:00:00,0.0017969156352043757,0.3285463112627944,0.1299385573670415,0.003867600314262769
2024-05-03 07:00:00,0.004192803148810211,0.3799220362446704,0.20963807763890585,0.009024400733279795
2024-05-03 08:00:00,0.005390746905613128,0.3860618363522243,0.26849937502620447,0.011602800942788307
2024-05-03 09:00:00,0.005390746905613128,0.3780108038746674,0.2740575013675407,0.011602800942788307
2024-05-03 10:00:00,0.005151158154252544,0.3727573276143782,0.2698898567906276,0.011087120900886606
2024-05-03 11:00:00,0.0047917750272116685,0.37310459190455114,0.25705701930431646,0.010313600838034051
2024-05-03 12:00:00,0.0035938312704087514,0.36696479179699726,0.2303660667828743,0.007735200628525538
2024-05-03 13:00:00,0.004552186275851086,0.36968742756060124,0.25493586328661366,0.00979792079613235
2024-05-03 14:00:00,0.0047917750272116685,0.37091538758211207,0.2667081227640734,0.010313600838034051
2024-05-03 15:00:00,0.004192803148810211,0.3700346918507742,0.2517541292600595,0.009024400733279795
2024-05-03 16:00:00,0.0023958875136058343,0.3692289165731001,0.22180677525357068,0.0051568004190170255
2024-05-03 17:00:00,0.0009583550054423338,0.39982675410666413,0.16491729896698995,0.0020627201676068105
2024-05-03 18:00:00,0.0005989718784014586,0.4023632227192762,0.1295652200745793,0.0012892001047542564
2024-05-03 19:00:00,0.0004791775027211669,0.36851494609687024,0.10628000395516862,0.0010313600838034052
2024-05-03 20:00:00,0.00035938312704087517,0.3072942010179315,0.09381643722289015,0.0007735200628525539
2024-05-03 21:00:00,0.00035938312704087517,0.2674922914389635,0.08445993705867345,0.0007735200628525539
2024-05-03 22:00:00,0.00035938312704087517,0.2320687905048739,0.0783204713810424,0.0007735200628525539
2024-05-03 23:00:00,0.00035938312704087517,0.22182855370487786,0.0742274942626217,0.0007735200628525539
2024-05-04 00:00:00,0.003930328487010015,0.3883093299227684,0.27402606640801414,0.008459462088094604
2024-05-04 01:00:00,0.003930328487010015,0.3749179393401827,0.26721816252846214,0.008459462088094604
2024-05-04 02:00:00,0.003930328487010015,0.3682222440488898,0.2638142105886862,0.008459462088094604
2024-05-04 03:00:00,0.003930328487010015,0.3682222440488898,0.2638142105886862,0.008459462088094604
2024-05-04 04:00:00,0.003930328487010015,0.3749179393401827,0.26721816252846214,0.008459462088094604
2024-05-04 05:00:00,0.003930328487010015,0.42420096202377927,0.2774300183477901,0.008459462088094604
2024-05-04 06:00:00,0.003930328487010015,0.5187124297506485,0.29444977804666983,0.008459462088094604
2024-05-04 07:00:00,0.003930328487010015,0.577332265376507,0.3080655858057737,0.008459462088094604
2024-05-04 08:00:00,0.003930328487010015,0.6185061327794555,0.31146953774554964,0.008459462088094604
2024-05-04 09:00:00,0.003930328487010015,0.6237883680813933,0.31146953774554964,0.008459462088094604
2024-05-04 10:00:00,0.003930328487010015,0.6264294857323621,0.31146953774554964,0.008459462088094604
2024-05-04 11:00:00,0.003930328487010015,0.629070603383331,0.31146953774554964,0.008459462088094604
2024-05-04 12:00:00,0.003930328487010015,0.6173922286594438,0.31146953774554964,0.008459462088094604
2024-05-04 13:00:00,0.003930328487010015,0.6147511110084749,0.31146953774554964,0.008459462088094604
2024-05-04 14:00:00,0.003930328487010015,0.612109993357506,0.31146953774554964,0.008459462088094604
2024-05-04 15:00:00,0.003930328487010015,0.612109993357506,0.31146953774554964,0.008459462088094604
2024-05-04 16:00:00,0.003930328487010015,0.612109993357506,0.31146953774554964,0.008459462088094604
2024-05-04 17:00:00,0.003930328487010015,0.612109993357506,0.31146953774554964,0.008459462088094604
2024-05-04 18:00:00,0.003930328487010015,0.5919513136207063,0.31146953774554964,0.008459462088094604
2024-05-04 19:00:00,0.003930328487010015,0.5534185638687266,0.3080655858057737,0.008459462088094604
2024-05-04 20:00:00,0.003930328487010015,0.505549001174485,0.30125768192622177,0.008459462088094604
2024-05-04 21:00:00,0.003930328487010015,0.45362486083991954,0.2910458261068939,0.008459462088094604
2024-05-04 22:00:00,0.003930328487010015,0.4083964157966469,0.28423792222734195,0.008459462088094604
2024-05-04 23:00:00,0.003930328487010015,0.3950050252140612,0.2774300183477901,0.008459462088094604
2024-05-05 00:00:00,0.004516680296278256,0.4394743168797718,0.31691166605078946,0.009721499324214742
2024-05-05 01:00:00,0.004516680296278256,0.42425628597556,0.3091751363010971,0.009721499324214742
2024-05-05 02:00:00,0.004516680296278256,0.41664727052345407,0.30530687142625096,0.009721499324214742
2024-05-05 03:00:00,0.004516680296278256,0.41664727052345407,0.30530687142625096,0.009721499324214742
2024-05-05 04:00:00,0.004516680296278256,0.42425628597556,0.3091751363010971,0.009721499324214742
2024-05-05 05:00:00,0.004516680296278256,0.4798451087342557,0.32077993092563567,0.009721499324214742
2024-05-05 06:00:00,0.004516680296278256,0.5864229648547435,0.34012125529986653,0.009721499324214742
2024-05-05 07:00:00,0.004516680296278256,0.6526300291207474,0.35559431479925124,0.009721499324214742
2024-05-05 08:00:00,0.004516680296278256,0.6990192730856359,0.3594625796740974,0.009721499324214742
2024-05-05 09:00:00,0.004516680296278256,0.7050377251960406,0.3594625796740974,0.009721499324214742
2024-05-05 10:00:00,0.004516680296278256,0.7080469512512428,0.3594625796740974,0.009721499324214742
2024-05-05 11:00:00,0.004516680296278256,0.7110561773064452,0.3594625796740974,0.009721499324214742
2024-05-05 12:00:00,0.004516680296278256,0.6979514667454939,0.3594625796740974,0.009721499324214742
2024-05-05 13:00:00,0.004516680296278256,0.6949422406902915,0.3594625796740974,0.009721499324214742
2024-05-05 14:00:00,0.004516680296278256,0.6919330146350893,0.3594625796740974,0.009721499324214742
2024-05-05 15:00:00,0.004516680296278256,0.6919330146350893,0.3594625796740974,0.009721499324214742
2024-05-05 16:00:00,0.004516680296278256,0.6919330146350893,0.3594625796740974,0.009721499324214742
2024-05-05 17:00:00,0.004516680296278256,0.6919330146350893,0.3594625796740974,0.009721499324214742
2024-05-05 18:00:00,0.004516680296278256,0.6692667227384601,0.3594625796740974,0.009721499324214742
2024-05-05 19:00:00,0.004516680296278256,0.625886704828774,0.35559431479925124,0.009721499324214742
2024-05-05 20:00:00,0.004516680296278256,0.5718884454117794,0.34785778504955883,0.009721499324214742
2024-05-05 21:00:00,0.004516680296278256,0.5132903965978816,0.3362529904250204,0.009721499324214742
2024-05-05 22:00:00,0.004516680296278256,0.46230136323608934,0.32851646067532797,0.009721499324214742
2024-05-05 23:00:00,0.004516680296278256,0.4470833323318776,0.32077993092563567,0.009721499324214742
2024-05-06 00:00:00,0.0005858362395858514,0.3331552527361677,0.11762978192674396,0.0012609275471472288
2024-05-06 01:00:00,0.0005858362395858514,0.32076687254893577,0.11133178762825074,0.0012609275471472288
2024-05-06 02:00:00,0.0005858362395858514,0.31457268245531983,0.10818279047900414,0.0012609275471472288
2024-05-06 03:00:00,0.0005858362395858514,0.31457268245531983,0.10818279047900414,0.0012609275471472288
2024-05-06 04:00:00,0.0005858362395858514,0.32076687254893577,0.11133178762825074,0.0012609275471472288
2024-05-06 05:00:00,0.0009763937326430858,0.3750456412868487,0.13337659738271854,0.0021015459119120483
2024-05-06 06:00:00,0.0029291811979292575,0.49302109076791767,0.21180377083951402,0.006304637735736144
2024-05-06 07:00:00,0.006834756128501601,0.5715095067679082,0.3519924205376396,0.014710821383384337
2024-05-06 08:00:00,0.00878754359378777,0.5815180940837202,0.4591474310792044,0.018913913207208432
2024-05-06 09:00:00,0.00878754359378777,0.5691297138964883,0.47082270820695854,0.018913913207208432
2024-05-06 10:00:00,0.008396986100730537,0.5609338063397099,0.4642159803756464,0.018073294842443615
2024-05-06 11:00:00,0.007811149861144687,0.5613439897607223,0.44105611292630065,0.016812367295296386
2024-05-06 12:00:00,0.005858362395858515,0.5513354024449102,0.39381200713889386,0.012609275471472288
2024-05-06 13:00:00,0.007420592368087451,0.5559295126818039,0.43759838224423514,0.015971748930531566
2024-05-06 14:00:00,0.007811149861144687,0.5579312301449663,0.45902938435254803,0.016812367295296386
2024-05-06 15:00:00,0.006834756128501601,0.5563396961028163,0.43241178622113674,0.014710821383384337
2024-05-06 16:00:00,0.0039055749305723433,0.554346524454226,0.3796723508778126,0.008406183647648193
2024-05-06 17:00:00,0.0015622299722289372,0.59928868884155,0.2753576039526755,0.003362473459059277
2024-05-06 18:00:00,0.0009763937326430858,0.6031116318783182,0.21026010317541918,0.0021015459119120483
2024-05-06 19:00:00,0.0007811149861144686,0.5526151523498465,0.16912879400956762,0.0016812367295296385
2024-05-06 20:00:00,0.0005858362395858514,0.4615986725959603,0.1488128495961326,0.0012609275471472288
2024-05-06 21:00:00,0.0005858362395858514,0.40186477295180206,0.13337476767297698,0.0012609275471472288
2024-05-06 22:00:00,0.0005858362395858514,0.3489563925391556,0.12392777622523718,0.0012609275471472288
2024-05-06 23:00:00,0.0005858362395858514,0.3331552527361677,0.11762978192674396,0.0012609275471472288
2024-05-07 00:00:00,0.0004564344609887222,0.26953999614685925,0.09282847469010268,0.0009824089846931286
2024-05-07 01:00:00,0.0004564344609887222,0.25963010036515594,0.08779049020879374,0.0009824089846931286
2024-05-07 02:00:00,0.0004564344609887222,0.2546751524743043,0.08527149796813929,0.0009824089846931286
2024-05-07 03:00:00,0.0004564344609887222,0.2546751524743043,0.08527149796813929,0.0009824089846931286
2024-05-07 04:00:00,0.0004564344609887222,0.25963010036515594,0.08779049020879374,0.0009824089846931286
2024-05-07 05:00:00,0.0007607241016478704,0.3036344689954047,0.10496634852706845,0.001637348307821881
2024-05-07 06:00:00,0.002282172304943611,0.39903550247927577,0.165023648855244,0.004912044923465643
2024-05-07 07:00:00,0.005325068711535092,0.46203095218320095,0.2706470817383632,0.011461438154753168
2024-05-07 08:00:00,0.006846516914830833,0.4698288039514369,0.35020568476320446,0.01473613477039693
2024-05-07 09:00:00,0.006846516914830833,0.4599189081697336,0.3583854471558627,0.01473613477039693
2024-05-07 10:00:00,0.006542227274171685,0.4534043899252347,0.3531724811842071,0.014081195447268179
2024-05-07 11:00:00,0.006085792813182963,0.45377861955719595,0.33591377371373826,0.013098786462575049
2024-05-07 12:00:00,0.004564344609887222,0.44598076778896,0.3004143269354541,0.009824089846931287
2024-05-07 13:00:00,0.005781503172523815,0.44950546404111674,0.33321979998273715,0.012443847139446297
2024-05-07 14:00:00,0.006085792813182963,0.4510650343947639,0.3491315205877054,0.013098786462575049
2024-05-07 15:00:00,0.005325068711535092,0.449879693673078,0.3291788393862355,0.011461438154753168
2024-05-07 16:00:00,0.0030428964065914816,0.44856503423643984,0.28946345052110295,0.006549393231287524
2024-05-07 17:00:00,0.0012171585626365926,0.4853104404216152,0.21224885824656947,0.00261975729251501
2024-05-07 18:00:00,0.0007607241016478704,0.48839825521600855,0.16414874140351068,0.001637348307821881
2024-05-07 19:00:00,0.0006085792813182963,0.44741503449100295,0.1332151996927682,0.001309878646257505
2024-05-07 20:00:00,0.0004564344609887222,0.37342468883708674,0.11738632823999406,0.0009824089846931286
2024-05-07 21:00:00,0.0004564344609887222,0.32508049780160864,0.105423435893375,0.0009824089846931286
2024-05-07 22:00:00,0.0004564344609887222,0.28216347709099465,0.09786645917141161,0.0009824089846931286
2024-05-07 23:00:00,0.0004564344609887222,0.26953999614685925,0.09282847469010268,0.0009824089846931286
2024-05-08 00:00:00,0.000316249200841832,0.20062346817510837,0.06596039185040792,0.0006806805420345203
2024-05-08 01:00:00,0.000316249200841832,0.19339859716606106,0.06228741800438197,0.0006806805420345203
2024-05-08 02:00:00,0.000316249200841832,0.18978616166153742,0.06045093108136901,0.0006806805420345203
2024-05-08 03:00:00,0.000316249200841832,0.18978616166153742,0.06045093108136901,0.0006806805420345203
2024-05-08 04:00:00,0.000316249200841832,0.19339859716606106,0.06228741800438197,0.0006806805420345203
2024-05-08 05:00:00,0.0005270820014030534,0.22627236567967363,0.07418857893344745,0.0011344675700575338
2024-05-08 06:00:00,0.00158124600420916,0.297217781833247,0.11434518337228479,0.0034034027101726015
2024-05-08 07:00:00,0.003689574009821373,0.3434291847164346,0.1825229647058136,0.007941272990402736
2024-05-08 08:00:00,0.00474373801262748,0.3488320729747964,0.23218545958753775,0.010210208130517805
2024-05-08 09:00:00,0.00474373801262748,0.3416072019657491,0.23657841435050864,0.010210208130517805
2024-05-08 10:00:00,0.004532905212066259,0.3369141888095531,0.2328753570601477,0.009756421102494792
2024-05-08 11:00:00,0.004216656011224427,0.33724946850337567,0.2220095729001289,0.00907574056046027
2024-05-08 12:00:00,0.00316249200841832,0.33184658024501384,0.19923350671506093,0.006806805420345203
2024-05-08 13:00:00,0.004005823210663205,0.33421274468037215,0.22014300253278093,0.008621953532437257
2024-05-08 14:00:00,0.004216656011224427,0.3352933223320445,0.23007550150912576,0.00907574056046027
2024-05-08 15:00:00,0.003689574009821373,0.33454802437419473,0.21734314698175897,0.007941272990402736
2024-05-08 16:00:00,0.0021083280056122134,0.33396841983383796,0.19173714180133403,0.004537870280230135
2024-05-08 17:00:00,0.0008433312022448852,0.36183400463335247,0.14388105039828789,0.001815148112092054
2024-05-08 18:00:00,0.0005270820014030534,0.3641254304985062,0.11419476615060976,0.0011344675700575338
2024-05-08 19:00:00,0.0004216656011224426,0.3334482401439224,0.09430880584956879,0.000907574056046027
2024-05-08 20:00:00,0.000316249200841832,0.2779028730983069,0.08334093010417729,0.0006806805420345203
2024-05-08 21:00:00,0.000316249200841832,0.24189753305556572,0.07514282646547278,0.0006806805420345203
2024-05-08 22:00:00,0.000316249200841832,0.20980448535548687,0.06963336569643386,0.0006806805420345203
2024-05-08 23:00:00,0.000316249200841832,0.20062346817510837,0.06596039185040792,0.0006806805420345203
2024-05-09 00:00:00,0.0003917335716901575,0.23773236785220503,0.08042782107178202,0.0008431497034660788
2024-05-09 01:00:00,0.0003917335716901575,0.22906171427326602,0.07601984149906524,0.0008431497034660788
2024-05-09 02:00:00,0.0003917335716901575,0.22472638748379653,0.07381585171270685,0.0008431497034660788
2024-05-09 03:00:00,0.0003917335716901575,0.22472638748379653,0.07381585171270685,0.0008431497034660788
2024-05-09 04:00:00,0.0003917335716901575,0.22906171427326602,0.07601984149906524,0.0008431497034660788
2024-05-09 05:00:00,0.0006528892861502626,0.2679288828496827,0.09076122409924336,0.001405249505776798
2024-05-09 06:00:00,0.0019586678584507878,0.3520427083349548,0.14163358786310898,0.004215748517330394
2024-05-09 07:00:00,0.004570225003051837,0.4072916748908472,0.22997441233872495,0.009836746540437586
2024-05-09 08:00:00,0.005876003575352362,0.41398415888529516,0.2957348116052045,0.012647245551991182
2024-05-09 09:00:00,0.005876003575352362,0.4053135053063561,0.3021668166303147,0.012647245551991182
2024-05-09 10:00:00,0.005614847860892258,0.3996396817179971,0.2976507315884874,0.012085145749680462
2024-05-09 11:00:00,0.005223114289202101,0.3999959344554328,0.28334260410745704,0.011241996046214384
2024-05-09 12:00:00,0.0039173357169015755,0.3933034504609849,0.25371548683373424,0.008431497034660788
2024-05-09 13:00:00,0.004961958574741995,0.39629343972077313,0.28103050885198816,0.010679896243903664
2024-05-09 14:00:00,0.005223114289202101,0.39763193651966267,0.2941825887052841,0.011241996046214384
2024-05-09 15:00:00,0.004570225003051837,0.39664969245820886,0.2775623659687848,0.009836746540437586
2024-05-09 16:00:00,0.0026115571446010503,0.3956742891275467,0.2443590003427481,0.005620998023107192
2024-05-09 17:00:00,0.00104462285784042,0.4283213162116478,0.18069448539351646,0.002248399209242877
2024-05-09 18:00:00,0.0006528892861502626,0.4310415668848536,0.14109306051755643,0.001405249505776798
2024-05-09 19:00:00,0.00052231142892021,0.3948149755615812,0.11525840253436848,0.0011241996046214384
2024-05-09 20:00:00,0.0003917335716901575,0.3293376969576499,0.10167306756192479,0.0008431497034660788
2024-05-09 21:00:00,0.0003917335716901575,0.28668836022651195,0.09144777000357397,0.0008431497034660788
2024-05-09 22:00:00,0.0003917335716901575,0.24876701936691414,0.0848358006444988,0.0008431497034660788
2024-05-09 23:00:00,0.0003917335716901575,0.23773236785220503,0.08042782107178202,0.0008431497034660788
2024-05-10 00:00:00,0.00011136305139637753,0.09989931190870346,0.02669165539239259,0.00023969281814886266
2024-05-10 01:00:00,0.00011136305139637753,0.09659870787507646,0.02501369709024177,0.00023969281814886266
2024-05-10 02:00:00,0.00011136305139637753,0.09494840585826297,0.024174717939166368,0.00023969281814886266
2024-05-10 03:00:00,0.00011136305139637753,0.09494840585826297,0.024174717939166368,0.00023969281814886266
2024-05-10 04:00:00,0.00011136305139637753,0.09659870787507646,0.02501369709024177,0.00023969281814886266
2024-05-10 05:00:00,0.00018560508566062923,0.11320467621822079,0.029205684912001494,0.0003994880302481044
2024-05-10 06:00:00,0.0005568152569818876,0.14840726704289758,0.0402766568971907,0.0011984640907443133
2024-05-10 07:00:00,0.0012992355996244045,0.17008813995731487,0.05372617827362608,0.002796416211736731
2024-05-10 08:00:00,0.001670445770945663,0.17199069693201458,0.059694361253871404,0.00359539227223294
2024-05-10 09:00:00,0.001670445770945663,0.16869009289838757,0.058552751019607045,0.00359539227223294
2024-05-10 10:00:00,0.0015962037366814112,0.16665927948663414,0.05705648334036903,0.0034355970601336982
2024-05-10 11:00:00,0.0014848406852850339,0.16693763234779257,0.055534202480238666,0.0031959042419848352
2024-05-10 12:00:00,0.0011136305139637752,0.16503507537309287,0.05135384639294822,0.0023969281814886266
2024-05-10 13:00:00,0.0014105986510207819,0.1657080009992843,0.05487691395207606,0.0030361090298855935
2024-05-10 14:00:00,0.0014848406852850339,0.16608851239422423,0.056070550548125125,0.0031959042419848352
2024-05-10 15:00:00,0.0012992355996244045,0.16598635386044272,0.05389098115983215,0.002796416211736731
2024-05-10 16:00:00,0.0007424203426425169,0.1664810603223433,0.048906382903210595,0.0015979521209924176
2024-05-10 17:00:00,0.00029696813705700674,0.1813684446351227,0.04395886969695348,0.0006391808483969671
2024-05-10 18:00:00,0.00018560508566062923,0.18249591744984944,0.04118511001175471,0.0003994880302481044
2024-05-10 19:00:00,0.00014848406852850337,0.16688138686742027,0.03744561484796975,0.00031959042419848354
2024-05-10 20:00:00,0.00011136305139637753,0.13829406548009052,0.03358227129029132,0.00023969281814886266
2024-05-10 21:00:00,0.00011136305139637753,0.12032243073442633,0.030886551147769628,0.00023969281814886266
2024-05-10 22:00:00,0.00011136305139637753,0.10404903589589878,0.028369613694543404,0.00023969281814886266
2024-05-10 23:00:00,0.00011136305139637753,0.09989931190870346,0.02669165539239259,0.00023969281814886266
2024-05-11 00:00:00,0.0006076682344899756,0.0983744038330821,0.03100766843228653,0.0013079177500804728
2024-05-11 01:00:00,0.0006076682344899756,0.09533397507304402,0.02946197781686369,0.0013079177500804728
2024-05-11 02:00:00,0.0006076682344899756,0.09381376069302498,0.028689132509152275,0.0013079177500804728
2024-05-11 03:00:00,0.0006076682344899756,0.09381376069302498,0.028689132509152275,0.0013079177500804728
2024-05-11 04:00:00,0.0006076682344899756,0.09533397507304402,0.02946197781686369,0.0013079177500804728
2024-05-11 05:00:00,0.0006076682344899756,0.10888413066441248,0.03178051373999794,0.0013079177500804728
2024-05-11 06:00:00,0.0006076682344899756,0.1350193974941097,0.03564474027855503,0.0013079177500804728
2024-05-11 07:00:00,0.0006076682344899756,0.15064493749247657,0.038736121509400694,0.0013079177500804728
2024-05-11 08:00:00,0.0006076682344899756,0.16226500437776567,0.03950896681711211,0.0013079177500804728
2024-05-11 09:00:00,0.0006076682344899756,0.16337534443172436,0.03950896681711211,0.0013079177500804728
2024-05-11 10:00:00,0.0006076682344899756,0.1639305144587037,0.03950896681711211,0.0013079177500804728
2024-05-11 11:00:00,0.0006076682344899756,0.16448568448568307,0.03950896681711211,0.0013079177500804728
2024-05-11 12:00:00,0.0006076682344899756,0.1608898795051585,0.03950896681711211,0.0013079177500804728
2024-05-11 13:00:00,0.0006076682344899756,0.16033470947817915,0.03950896681711211,0.0013079177500804728
2024-05-11 14:00:00,0.0006076682344899756,0.15977953945119983,0.03950896681711211,0.0013079177500804728
2024-05-11 15:00:00,0.0006076682344899756,0.15977953945119983,0.03950896681711211,0.0013079177500804728
2024-05-11 16:00:00,0.0006076682344899756,0.15977953945119983,0.03950896681711211,0.0013079177500804728
2024-05-11 17:00:00,0.0006076682344899756,0.15977953945119983,0.03950896681711211,0.0013079177500804728
2024-05-11 18:00:00,0.0006076682344899756,0.15383066195343365,0.03950896681711211,0.0013079177500804728
2024-05-11 19:00:00,0.0006076682344899756,0.14276576509512393,0.038736121509400694,0.0013079177500804728
2024-05-11 20:00:00,0.0006076682344899756,0.12962548382981579,0.03719043089397786,0.0013079177500804728
2024-05-11 21:00:00,0.0006076682344899756,0.115520158211468,0.034871894970843614,0.0013079177500804728
2024-05-11 22:00:00,0.0006076682344899756,0.10293504697313921,0.03332620435542078,0.0013079177500804728
2024-05-11 23:00:00,0.0006076682344899756,0.09989461821310114,0.03178051373999794,0.0013079177500804728
2024-05-12 00:00:00,0.0006076682344899756,0.0983744038330821,0.03100766843228653,0.0013079177500804728
2024-05-12 01:00:00,0.0006076682344899756,0.09533397507304402,0.02946197781686369,0.0013079177500804728
2024-05-12 02:00:00,0.0006076682344899756,0.09381376069302498,0.028689132509152275,0.0013079177500804728
2024-05-12 03:00:00,0.0006076682344899756,0.09381376069302498,0.028689132509152275,0.0013079177500804728
2024-05-12 04:00:00,0.0006076682344899756,0.09533397507304402,0.02946197781686369,0.0013079177500804728
2024-05-12 05:00:00,0.0006076682344899756,0.10888413066441248,0.03178051373999794,0.0013079177500804728
2024-05-12 06:00:00,0.0006076682344899756,0.1350193974941097,0.03564474027855503,0.0013079177500804728
2024-05-12 07:00:00,0.0006076682344899756,0.15064493749247657,0.038736121509400694,0.0013079177500804728
2024-05-12 08:00:00,0.0006076682344899756,0.16226500437776567,0.03950896681711211,0.0013079177500804728
2024-05-12 09:00:00,0.0006076682344899756,0.16337534443172436,0.03950896681711211,0.0013079177500804728
2024-05-12 10:00:00,0.0006076682344899756,0.1639305144587037,0.03950896681711211,0.0013079177500804728
2024-05-12 11:00:00,0.0006076682344899756,0.16448568448568307,0.03950896681711211,0.0013079177500804728
2024-05-12 12:00:00,0.0006076682344899756,0.1608898795051585,0.03950896681711211,0.0013079177500804728
2024-05-12 13:00:00,0.0006076682344899756,0.16033470947817915,0.03950896681711211,0.0013079177500804728
2024-05-12 14:00:00,0.0006076682344899756,0.15977953945119983,0.03950896681711211,0.0013079177500804728
2024-05-12 15:00:00,0.0006076682344899756,0.15977953945119983,0.03950896681711211,0.0013079177500804728
2024-05-12 16:00:00,0.0006076682344899756,0.15977953945119983,0.03950896681711211,0.0013079177500804728
2024-05-12 17:00:00,0.0006076682344899756,0.15977953945119983,0.03950896681711211,0.0013079177500804728
2024-05-12 18:00:00,0.0006076682344899756,0.15383066195343365,0.03950896681711211,0.0013079177500804728
2024-05-12 19:00:00,0.0006076682344899756,0.14276576509512393,0.038736121509400694,0.0013079177500804728
2024-05-12 20:00:00,0.0006076682344899756,0.12962548382981579,0.03719043089397786,0.0013079177500804728
2024-05-12 21:00:00,0.0006076682344899756,0.115520158211468,0.034871894970843614,0.0013079177500804728
2024-05-12 22:00:00,0.0006076682344899756,0.10293504697313921,0.03332620435542078,0.0013079177500804728
2024-05-12 23:00:00,0.0006076682344899756,0.09989461821310114,0.03178051373999794,0.0013079177500804728
2024-05-13 00:00:00,0.00010057956984661664,0.09459804052626103,0.024624879789339124,0.0002164829379443541
2024-05-13 01:00:00,0.00010057956984661664,0.09150397685976142,0.023051922305287,0.0002164829379443541
2024-05-13 02:00:00,0.00010057956984661664,0.08995694502651162,0.02226544356326094,0.0002164829379443541
2024-05-13 03:00:00,0.00010057956984661664,0.08995694502651162,0.02226544356326094,0.0002164829379443541
2024-05-13 04:00:00,0.00010057956984661664,0.09150397685976142,0.023051922305287,0.0002164829379443541
2024-05-13 05:00:00,0.00016763261641102774,0.10725374519393373,0.026838164174030628,0.0003608048965739235
2024-05-13 06:00:00,0.0005028978492330832,0.14057513468551067,0.036378313398501484,0.0010824146897217704
2024-05-13 07:00:00,0.0011734283148771942,0.16096492707525584,0.04694740004035298,0.0025256342760174647
2024-05-13 08:00:00,0.0015086935476992499,0.16268325608765752,0.05061588239420464,0.0032472440691653118
2024-05-13 09:00:00,0.0015086935476992499,0.1595891924211579,0.049182979265348946,0.0032472440691653118
2024-05-13 10:00:00,0.0014416405011348386,0.15769849478542777,0.047802858407749,0.003102922110535742
2024-05-13 11:00:00,0.001341060931288222,0.15797385149749862,0.04677234087919171,0.002886439172591388
2024-05-13 12:00:00,0.0010057956984661665,0.15625552248509691,0.04357070637599482,0.002164829379443541
2024-05-13 13:00:00,0.0012740078847238109,0.15683933027922695,0.04617869876361781,0.002742117213961819
2024-05-13 14:00:00,0.001341060931288222,0.15718299608170727,0.04691239523438814,0.002886439172591388
2024-05-13 15:00:00,0.0011734283148771942,0.15711468699129777,0.04528823559025696,0.0025256342760174647
2024-05-13 16:00:00,0.000670530465644111,0.1576659361375277,0.04138897454015137,0.001443219586295694
2024-05-13 17:00:00,0.0002682121862576444,0.1718702572667947,0.03869980755477793,0.0005772878345182776
2024-05-13 18:00:00,0.00016763261641102774,0.17293646939465687,0.0373424965307623,0.0003608048965739235
2024-05-13 19:00:00,0.0001341060931288222,0.1581147103791832,0.03445281532156977,0.0002886439172591388
2024-05-13 20:00:00,0.00010057956984661664,0.1309462335001843,0.030963394510613088,0.0002164829379443541
2024-05-13 21:00:00,0.00010057956984661664,0.11392374113857681,0.028557273499469432,0.0002164829379443541
2024-05-13 22:00:00,0.00010057956984661664,0.09848295960855198,0.02619783727339125,0.0002164829379443541
2024-05-13 23:00:00,0.00010057956984661664,0.09459804052626103,0.024624879789339124,0.0002164829379443541
2024-05-14 00:00:00,0.00010057956984661664,0.09459804052626103,0.024624879789339124,0.0002164829379443541
2024-05-14 01:00:00,0.00010057956984661664,0.09150397685976142,0.023051922305287,0.0002164829379443541
2024-05-14 02:00:00,0.00010057956984661664,0.08995694502651162,0.02226544356326094,0.0002164829379443541
2024-05-14 03:00:00,0.00010057956984661664,0.08995694502651162,0.02226544356326094,0.0002164829379443541
2024-05-14 04:00:00,0.00010057956984661664,0.09150397685976142,0.023051922305287,0.0002164829379443541
2024-05-14 05:00:00,0.00016763261641102774,0.10725374519393373,0.026838164174030628,0.0003608048965739235
2024-05-14 06:00:00,0.0005028978492330832,0.14057513468551067,0.036378313398501484,0.0010824146897217704
2024-05-14 07:00:00,0.0011734283148771942,0.16096492707525584,0.04694740004035298,0.0025256342760174647
2024-05-14 08:00:00,0.0015086935476992499,0.16268325608765752,0.05061588239420464,0.0032472440691653118
2024-05-14 09:00:00,0.0015086935476992499,0.1595891924211579,0.049182979265348946,0.0032472440691653118
2024-05-14 10:00:00,0.0014416405011348386,0.15769849478542777,0.047802858407749,0.003102922110535742
2024-05-14 11:00:00,0.001341060931288222,0.15797385149749862,0.04677234087919171,0.002886439172591388
2024-05-14 12:00:00,0.0010057956984661665,0.15625552248509691,0.04357070637599482,0.002164829379443541
2024-05-14 13:00:00,0.0012740078847238109,0.15683933027922695,0.04617869876361781,0.002742117213961819
2024-05-14 14:00:00,0.001341060931288222,0.15718299608170727,0.04691239523438814,0.002886439172591388
2024-05-14 15:00:00,0.0011734283148771942,0.15711468699129777,0.04528823559025696,0.0025256342760174647
2024-05-14 16:00:00,0.000670530465644111,0.1576659361375277,0.04138897454015137,0.001443219586295694
2024-05-14 17:00:00,0.0002682121862576444,0.1718702572667947,0.03869980755477793,0.0005772878345182776
2024-05-14 18:00:00,0.00016763261641102774,0.17293646939465687,0.0373424965307623,0.0003608048965739235
2024-05-14 19:00:00,0.0001341060931288222,0.1581147103791832,0.03445281532156977,0.0002886439172591388
2024-05-14 20:00:00,0.00010057956984661664,0.1309462335001843,0.030963394510613088,0.0002164829379443541
2024-05-14 21:00:00,0.00010057956984661664,0.11392374113857681,0.028557273499469432,0.0002164829379443541
2024-05-14 22:00:00,0.00010057956984661664,0.09848295960855198,0.02619783727339125,0.0002164829379443541
2024-05-14 23:00:00,0.00010057956984661664,0.09459804052626103,0.024624879789339124,0.0002164829379443541
2024-05-15 00:00:00,0.0008662067598796314,0.4709883086796693,0.1713659476061334,0.0018643844324644449
2024-05-15 01:00:00,0.0008662067598796314,0.4532298789471253,0.16233793203707422,0.0018643844324644449
2024-05-15 02:00:00,0.0008662067598796314,0.44435066408085333,0.15782392425254463,0.0018643844324644449
2024-05-15 03:00:00,0.0008662067598796314,0.44435066408085333,0.15782392425254463,0.0018643844324644449
2024-05-15 04:00:00,0.0008662067598796314,0.4532298789471253,0.16233793203707422,0.0018643844324644449
2024-05-15 05:00:00,0.0014436779331327189,0.5297698479183106,0.19493213656996042,0.0031073073874407415
2024-05-15 06:00:00,0.004331033799398157,0.6966565320599749,0.3131607018054323,0.009321922162322225
2024-05-15 07:00:00,0.010105745531929031,0.8087130417014405,0.5282406546027385,0.02175115171208519
2024-05-15 08:00:00,0.01299310139819447,0.8235115560370008,0.6951878814305374,0.02796576648696667
2024-05-15 09:00:00,0.01299310139819447,0.8057531263044568,0.7144367738176661,0.02796576648696667
2024-05-15 10:00:00,0.012415630224941382,0.7939142085710729,0.7048102286237647,0.026722843531990375
2024-05-15 11:00:00,0.011549423465061751,0.7944022918683625,0.668864514553519,0.024858459099525932
2024-05-15 12:00:00,0.008662067598796314,0.7796037775328022,0.5961736475796798,0.01864384432464445
2024-05-15 13:00:00,0.010971952291808664,0.7865149514032928,0.6637519771441471,0.023615536144549636
2024-05-15 14:00:00,0.011549423465061751,0.7894746542704048,0.6971414225097069,0.024858459099525932
2024-05-15 15:00:00,0.010105745531929031,0.7870030347005824,0.6560831710300894,0.02175115171208519
2024-05-15 16:00:00,0.0057747117325308754,0.7835397532594294,0.57512496831735,0.012429229549762966
2024-05-15 17:00:00,0.0023098846930123505,0.846241560418075,0.41209321964923845,0.004971691819905187
2024-05-15 18:00:00,0.0014436779331327189,0.8516572813133224,0.3101680536812209,0.0031073073874407415
2024-05-15 19:00:00,0.0011549423465061753,0.7805487410440074,0.24694158169596636,0.0024858459099525933
2024-05-15 20:00:00,0.0008662067598796314,0.6526423040735196,0.21690364586776606,0.0018643844324644449
2024-05-15 21:00:00,0.0008662067598796314,0.5682307024438876,0.19393598652878136,0.0018643844324644449
2024-05-15 22:00:00,0.0008662067598796314,0.49367437601017095,0.1803939631751926,0.0018643844324644449
2024-05-15 23:00:00,0.0008662067598796314,0.4709883086796693,0.1713659476061334,0.0018643844324644449
2024-05-16 00:00:00,0.0006613206104341767,0.37026415241326427,0.132097211148118,0.001423396708578787
2024-05-16 01:00:00,0.0006613206104341767,0.3564299896561406,0.12506421112293398,0.001423396708578787
2024-05-16 02:00:00,0.0006613206104341767,0.3495129082775788,0.12154771111034196,0.001423396708578787
2024-05-16 03:00:00,0.0006613206104341767,0.3495129082775788,0.12154771111034196,0.001423396708578787
2024-05-16 04:00:00,0.0006613206104341767,0.3564299896561406,0.12506421112293398,0.001423396708578787
2024-05-16 05:00:00,0.0011022010173902946,0.41670215845685765,0.1499492425485144,0.0023723278476313115
2024-05-16 06:00:00,0.0033066030521708835,0.5478460172696253,0.23909217533033814,0.007116983542893935
2024-05-16 07:00:00,0.0077154071217320624,0.6353719969423208,0.39944386817055083,0.016606294933419183
2024-05-16 08:00:00,0.009919809156512652,0.6466701799942189,0.522696783096871,0.021350950628681805
2024-05-16 09:00:00,0.009919809156512652,0.6328360172370953,0.5364111104867644,0.021350950628681805
2024-05-16 10:00:00,0.009478928749556532,0.6236592992481538,0.5289913549039859,0.02040201948962928
2024-05-16 11:00:00,0.008817608139122357,0.6240904557127793,0.5023891441336287,0.018978622781050492
2024-05-16 12:00:00,0.006613206104341767,0.6127922726608812,0.448293987257567,0.01423396708578787
2024-05-16 13:00:00,0.008376727732166238,0.6180102077222047,0.4984858885634421,0.01802969164199797
2024-05-16 14:00:00,0.008817608139122357,0.6202698443325844,0.5231364715487061,0.018978622781050492
2024-05-16 15:00:00,0.0077154071217320624,0.6184413641868303,0.4926310052081624,0.016606294933419183
2024-05-16 16:00:00,0.0044088040695611785,0.6160523937479346,0.43229420941922647,0.009489311390525246
2024-05-16 17:00:00,0.0017635216278244713,0.6657760004198451,0.31217103894790393,0.0037957245562100987
2024-05-16 18:00:00,0.0011022010173902946,0.6700277682646655,0.2371583975423658,0.0023723278476313115
2024-05-16 19:00:00,0.0008817608139122357,0.6139818877675053,0.19007839069436724,0.0018978622781050493
2024-05-16 20:00:00,0.0006613206104341767,0.5130334964553032,0.16714498705388003,0.001423396708578787
2024-05-16 21:00:00,0.0006613206104341767,0.44665560012274813,0.14967971121107815,0.001423396708578787
2024-05-16 22:00:00,0.0006613206104341767,0.3879189265505828,0.13913021117330207,0.001423396708578787
2024-05-16 23:00:00,0.0006613206104341767,0.37026415241326427,0.132097211148118,0.001423396708578787
2024-05-17 00:00:00,0.00035938312704087517,0.22182855370487786,0.0742274942626217,0.0007735200628525539
2024-05-17 01:00:00,0.00035938312704087517,0.21377752122732102,0.07013451714420099,0.0007735200628525539
2024-05-17 02:00:00,0.00035938312704087517,0.2097520049885426,0.06808802858499065,0.0007735200628525539
2024-05-17 03:00:00,0.00035938312704087517,0.2097520049885426,0.06808802858499065,0.0007735200628525539
2024-05-17 04:00:00,0.00035938312704087517,0.21377752122732102,0.07013451714420099,0.0007735200628525539
2024-05-17 05:00:00,0.0005989718784014586,0.25007608977682166,0.08365866188533083,0.0012892001047542564
2024-05-17 06:00:00,0.0017969156352043757,0.3285463112627944,0.1299385573670415,0.003867600314262769
2024-05-17 07:00:00,0.004192803148810211,0.3799220362446704,0.20963807763890585,0.009024400733279795
2024-05-17 08:00:00,0.005390746905613128,0.3860618363522243,0.26849937502620447,0.011602800942788307
2024-05-17 09:00:00,0.005390746905613128,0.3780108038746674,0.2740575013675407,0.011602800942788307
2024-05-17 10:00:00,0.005151158154252544,0.3727573276143782,0.2698898567906276,0.011087120900886606
2024-05-17 11:00:00,0.0047917750272116685,0.37310459190455114,0.25705701930431646,0.010313600838034051
2024-05-17 12:00:00,0.0035938312704087514,0.36696479179699726,0.2303660667828743,0.007735200628525538
2024-05-17 13:00:00,0.004552186275851086,0.36968742756060124,0.25493586328661366,0.00979792079613235
2024-05-17 14:00:00,0.0047917750272116685,0.37091538758211207,0.2667081227640734,0.010313600838034051
2024-05-17 15:00:00,0.004192803148810211,0.3700346918507742,0.2517541292600595,0.009024400733279795
2024-05-17 16:00:00,0.0023958875136058343,0.3692289165731001,0.22180677525357068,0.0051568004190170255
2024-05-17 17:00:00,0.0009583550054423338,0.39982675410666413,0.16491729896698995,0.0020627201676068105
2024-05-17 18:00:00,0.0005989718784014586,0.4023632227192762,0.1295652200745793,0.0012892001047542564
2024-05-17 19:00:00,0.0004791775027211669,0.36851494609687024,0.10628000395516862,0.0010313600838034052
2024-05-17 20:00:00,0.00035938312704087517,0.3072942010179315,0.09381643722289015,0.0007735200628525539
2024-05-17 21:00:00,0.00035938312704087517,0.2674922914389635,0.08445993705867345,0.0007735200628525539
2024-05-17 22:00:00,0.00035938312704087517,0.2320687905048739,0.0783204713810424,0.0007735200628525539
2024-05-17 23:00:00,0.00035938312704087517,0.22182855370487786,0.0742274942626217,0.0007735200628525539
2024-05-18 00:00:00,0.0006076682344899756,0.0983744038330821,0.03100766843228653,0.0013079177500804728
2024-05-18 01:00:00,0.0006076682344899756,0.09533397507304402,0.02946197781686369,0.0013079177500804728
2024-05-18 02:00:00,0.0006076682344899756,0.09381376069302498,0.028689132509152275,0.0013079177500804728
2024-05-18 03:00:00,0.0006076682344899756,0.09381376069302498,0.028689132509152275,0.0013079177500804728
2024-05-18 04:00:00,0.0006076682344899756,0.09533397507304402,0.02946197781686369,0.0013079177500804728
2024-05-18 05:00:00,0.0006076682344899756,0.10888413066441248,0.03178051373999794,0.0013079177500804728
2024-05-18 06:00:00,0.0006076682344899756,0.1350193974941097,0.03564474027855503,0.0013079177500804728
2024-05-18 07:00:00,0.0006076682344899756,0.15064493749247657,0.038736121509400694,0.0013079177500804728
2024-05-18 08:00:00,0.0006076682344899756,0.16226500437776567,0.03950896681711211,0.0013079177500804728
2024-05-18 09:00:00,0.0006076682344899756,0.16337534443172436,0.03950896681711211,0.0013079177500804728
2024-05-18 10:00:00,0.0006076682344899756,0.1639305144587037,0.03950896681711211,0.0013079177500804728
2024-05-18 11:00:00,0.0006076682344899756,0.16448568448568307,0.03950896681711211,0.0013079177500804728
2024-05-18 12:00:00,0.0006076682344899756,0.1608898795051585,0.03950896681711211,0.0013079177500804728
2024-05-18 13:00:00,0.0006076682344899756,0.16033470947817915,0.03950896681711211,0.0013079177500804728
2024-05-18 14:00:00,0.0006076682344899756,0.15977953945119983,0.03950896681711211,0.0013079177500804728
2024-05-18 15:00:00,0.0006076682344899756,0.15977953945119983,0.03950896681711211,0.0013079177500804728
2024-05-18 16:00:00,0.0006076682344899756,0.15977953945119983,0.03950896681711211,0.0013079177500804728
2024-05-18 17:00:00,0.0006076682344899756,0.15977953945119983,0.03950896681711211,0.0013079177500804728
2024-05-18 18:00:00,0.0006076682344899756,0.15383066195343365,0.03950896681711211,0.0013079177500804728
2024-05-18 19:00:00,0.0006076682344899756,0.14276576509512393,0.038736121509400694,0.0013079177500804728
2024-05-18 20:00:00,0.0006076682344899756,0.12962548382981579,0.03719043089397786,0.0013079177500804728
2024-05-18 21:00:00,0.0006076682344899756,0.115520158211468,0.034871894970843614,0.0013079177500804728
2024-05-18 22:00:00,0.0006076682344899756,0.10293504697313921,0.03332620435542078,0.0013079177500804728
2024-05-18 23:00:00,0.0006076682344899756,0.09989461821310114,0.03178051373999794,0.0013079177500804728
2024-05-19 00:00:00,0.0006076682344899756,0.0983744038330821,0.03100766843228653,0.0013079177500804728
2024-05-19 01:00:00,0.0006076682344899756,0.09533397507304402,0.02946197781686369,0.0013079177500804728
2024-05-19 02:00:00,0.0006076682344899756,0.09381376069302498,0.028689132509152275,0.0013079177500804728
2024-05-19 03:00:00,0.0006076682344899756,0.09381376069302498,0.028689132509152275,0.0013079177500804728
2024-05-19 04:00:00,0.0006076682344899756,0.09533397507304402,0.02946197781686369,0.0013079177500804728
2024-05-19 05:00:00,0.0006076682344899756,0.10888413066441248,0.03178051373999794,0.0013079177500804728
2024-05-19 06:00:00,0.0006076682344899756,0.1350193974941097,0.03564474027855503,0.0013079177500804728
2024-05-19 07:00:00,0.0006076682344899756,0.15064493749247657,0.038736121509400694,0.0013079177500804728
2024-05-19 08:00:00,0.0006076682344899756,0.16226500437776567,0.03950896681711211,0.0013079177500804728
2024-05-19 09:00:00,0.0006076682344899756,0.16337534443172436,0.03950896681711211,0.0013079177500804728
2024-05-19 10:00:00,0.0006076682344899756,0.1639305144587037,0.03950896681711211,0.0013079177500804728
2024-05-19 11:00:00,0.0006076682344899756,0.16448568448568307,0.03950896681711211,0.0013079177500804728
2024-05-19 12:00:00,0.0006076682344899756,0.1608898795051585,0.03950896681711211,0.0013079177500804728
2024-05-19 13:00:00,0.0006076682344899756,0.16033470947817915,0.03950896681711211,0.0013079177500804728
2024-05-19 14:00:00,0.0006076682344899756,0.15977953945119983,0.03950896681711211,0.0013079177500804728
2024-05-19 15:00:00,0.0006076682344899756,0.15977953945119983,0.03950896681711211,0.0013079177500804728
2024-05-19 16:00:00,0.0006076682344899756,0.15977953945119983,0.03950896681711211,0.0013079177500804728
2024-05-19 17:00:00,0.0006076682344899756,0.15977953945119983,0.03950896681711211,0.0013079177500804728
2024-05-19 18:00:00,0.0006076682344899756,0.15383066195343365,0.03950896681711211,0.0013079177500804728
2024-05-19 19:00:00,0.0006076682344899756,0.14276576509512393,0.038736121509400694,0.0013079177500804728
2024-05-19 20:00:00,0.0006076682344899756,0.12962548382981579,0.03719043089397786,0.0013079177500804728
2024-05-19 21:00:00,0.0006076682344899756,0.115520158211468,0.034871894970843614,0.0013079177500804728
2024-05-19 22:00:00,0.0006076682344899756,0.10293504697313921,0.03332620435542078,0.0013079177500804728
2024-05-19 23:00:00,0.0006076682344899756,0.09989461821310114,0.03178051373999794,0.0013079177500804728
2024-05-20 00:00:00,0.00010057956984661664,0.09459804052626103,0.024624879789339124,0.0002164829379443541
2024-05-20 01:00:00,0.00010057956984661664,0.09150397685976142,0.023051922305287,0.0002164829379443541
2024-05-20 02:00:00,0.00010057956984661664,0.08995694502651162,0.02226544356326094,0.0002164829379443541
2024-05-20 03:00:00,0.00010057956984661664,0.08995694502651162,0.02226544356326094,0.0002164829379443541
2024-05-20 04:00:00,0.00010057956984661664,0.09150397685976142,0.023051922305287,0.0002164829379443541
2024-05-20 05:00:00,0.00016763261641102774,0.10725374519393373,0.026838164174030628,0.0003608048965739235
2024-05-20 06:00:00,0.0005028978492330832,0.14057513468551067,0.036378313398501484,0.0010824146897217704
2024-05-20 07:00:00,0.0011734283148771942,0.16096492707525584,0.04694740004035298,0.0025256342760174647
2024-05-20 08:00:00,0.0015086935476992499,0.16268325608765752,0.05061588239420464,0.0032472440691653118
2024-05-20 09:00:00,0.0015086935476992499,0.1595891924211579,0.049182979265348946,0.0032472440691653118
2024-05-20 10:00:00,0.0014416405011348386,0.15769849478542777,0.047802858407749,0.003102922110535742
2024-05-20 11:00:00,0.001341060931288222,0.15797385149749862,0.04677234087919171,0.002886439172591388
2024-05-20 12:00:00,0.0010057956984661665,0.15625552248509691,0.04357070637599482,0.002164829379443541
2024-05-20 13:00:00,0.0012740078847238109,0.15683933027922695,0.04617869876361781,0.002742117213961819
2024-05-20 14:00:00,0.001341060931288222,0.15718299608170727,0.04691239523438814,0.002886439172591388
2024-05-20 15:00:00,0.0011734283148771942,0.15711468699129777,0.04528823559025696,0.0025256342760174647
2024-05-20 16:00:00,0.000670530465644111,0.1576659361375277,0.04138897454015137,0.001443219586295694
2024-05-20 17:00:00,0.0002682121862576444,0.1718702572667947,0.03869980755477793,0.0005772878345182776
2024-05-20 18:00:00,0.00016763261641102774,0.17293646939465687,0.0373424965307623,0.0003608048965739235
2024-05-20 19:00:00,0.0001341060931288222,0.1581147103791832,0.03445281532156977,0.0002886439172591388
2024-05-20 20:00:00,0.00010057956984661664,0.1309462335001843,0.030963394510613088,0.0002164829379443541
2024-05-20 21:00:00,0.00010057956984661664,0.11392374113857681,0.028557273499469432,0.0002164829379443541
2024-05-20 22:00:00,0.00010057956984661664,0.09848295960855198,0.02619783727339125,0.0002164829379443541
2024-05-20 23:00:00,0.00010057956984661664,0.09459804052626103,0.024624879789339124,0.0002164829379443541
2024-05-21 00:00:00,0.00010057956984661664,0.09459804052626103,0.024624879789339124,0.0002164829379443541
2024-05-21 01:00:00,0.00010057956984661664,0.09150397685976142,0.023051922305287,0.0002164829379443541
2024-05-21 02:00:00,0.00010057956984661664,0.08995694502651162,0.02226544356326094,0.0002164829379443541
2024-05-21 03:00:00,0.00010057956984661664,0.08995694502651162,0.02226544356326094,0.0002164829379443541
2024-05-21 04:00:00,0.00010057956984661664,0.09150397685976142,0.023051922305287,0.0002164829379443541
2024-05-21 05:00:00,0.00016763261641102774,0.10725374519393373,0.026838164174030628,0.0003608048965739235
2024-05-21 06:00:00,0.0005028978492330832,0.14057513468551067,0.036378313398501484,0.0010824146897217704
2024-05-21 07:00:00,0.0011734283148771942,0.16096492707525584,0.04694740004035298,0.0025256342760174647
2024-05-21 08:00:00,0.0015086935476992499,0.16268325608765752,0.05061588239420464,0.0032472440691653118
2024-05-21 09:00:00,0.0015086935476992499,0.1595891924211579,0.049182979265348946,0.0032472440691653118
2024-05-21 10:00:00,0.0014416405011348386,0.15769849478542777,0.047802858407749,0.003102922110535742
2024-05-21 11:00:00,0.001341060931288222,0.15797385149749862,0.04677234087919171,0.002886439172591388
2024-05-21 12:00:00,0.0010057956984661665,0.15625552248509691,0.04357070637599482,0.002164829379443541
2024-05-21 13:00:00,0.0012740078847238109,0.15683933027922695,0.04617869876361781,0.002742117213961819
2024-05-21 14:00:00,0.001341060931288222,0.15718299608170727,0.04691239523438814,0.002886439172591388
2024-05-21 15:00:00,0.0011734283148771942,0.15711468699129777,0.04528823559025696,0.0025256342760174647
2024-05-21 16:00:00,0.000670530465644111,0.1576659361375277,0.04138897454015137,0.001443219586295694
2024-05-21 17:00:00,0.0002682121862576444,0.1718702572667947,0.03869980755477793,0.0005772878345182776
2024-05-21 18:00:00,0.00016763261641102774,0.17293646939465687,0.0373424965307623,0.0003608048965739235
2024-05-21 19:00:00,0.0001341060931288222,0.1581147103791832,0.03445281532156977,0.0002886439172591388
2024-05-21 20:00:00,0.00010057956984661664,0.1309462335001843,0.030963394510613088,0.0002164829379443541
2024-05-21 21:00:00,0.00010057956984661664,0.11392374113857681,0.028557273499469432,0.0002164829379443541
2024-05-21 22:00:00,0.00010057956984661664,0.09848295960855198,0.02619783727339125,0.0002164829379443541
2024-05-21 23:00:00,0.00010057956984661664,0.09459804052626103,0.024624879789339124,0.0002164829379443541
2024-05-22 00:00:00,0.00010057956984661664,0.09459804052626103,0.024624879789339124,0.0002164829379443541
2024-05-22 01:00:00,0.00010057956984661664,0.09150397685976142,0.023051922305287,0.0002164829379443541
2024-05-22 02:00:00,0.00010057956984661664,0.08995694502651162,0.02226544356326094,0.0002164829379443541
2024-05-22 03:00:00,0.00010057956984661664,0.08995694502651162,0.02226544356326094,0.0002164829379443541
2024-05-22 04:00:00,0.00010057956984661664,0.09150397685976142,0.023051922305287,0.0002164829379443541
2024-05-22 05:00:00,0.00016763261641102774,0.10725374519393373,0.026838164174030628,0.0003608048965739235
2024-05-22 06:00:00,0.0005028978492330832,0.14057513468551067,0.036378313398501484,0.0010824146897217704
2024-05-22 07:00:00,0.0011734283148771942,0.16096492707525584,0.04694740004035298,0.0025256342760174647
2024-05-22 08:00:00,0.0015086935476992499,0.16268325608765752,0.05061588239420464,0.0032472440691653118
2024-05-22 09:00:00,0.0015086935476992499,0.1595891924211579,0.049182979265348946,0.0032472440691653118
2024-05-22 10:00:00,0.0014416405011348386,0.15769849478542777,0.047802858407749,0.003102922110535742
2024-05-22 11:00:00,0.001341060931288222,0.15797385149749862,0.04677234087919171,0.002886439172591388
2024-05-22 12:00:00,0.0010057956984661665,0.15625552248509691,0.04357070637599482,0.002164829379443541
2024-05-22 13:00:00,0.0012740078847238109,0.15683933027922695,0.04617869876361781,0.002742117213961819
2024-05-22 14:00:00,0.001341060931288222,0.15718299608170727,0.04691239523438814,0.002886439172591388
2024-05-22 15:00:00,0.0011734283148771942,0.15711468699129777,0.04528823559025696,0.0025256342760174647
2024-05-22 16:00:00,0.000670530465644111,0.1576659361375277,0.04138897454015137,0.001443219586295694
2024-05-22 17:00:00,0.0002682121862576444,0.1718702572667947,0.03869980755477793,0.0005772878345182776
2024-05-22 18:00:00,0.00016763261641102774,0.17293646939465687,0.0373424965307623,0.0003608048965739235
2024-05-22 19:00:00,0.0001341060931288222,0.1581147103791832,0.03445281532156977,0.0002886439172591388
2024-05-22 20:00:00,0.00010057956984661664,0.1309462335001843,0.030963394510613088,0.0002164829379443541
2024-05-22 21:00:00,0.00010057956984661664,0.11392374113857681,0.028557273499469432,0.0002164829379443541
2024-05-22 22:00:00,0.00010057956984661664,0.09848295960855198,0.02619783727339125,0.0002164829379443541
2024-05-22 23:00:00,0.00010057956984661664,0.09459804052626103,0.024624879789339124,0.0002164829379443541
2024-05-23 00:00:00,0.00010057956984661664,0.09459804052626103,0.024624879789339124,0.0002164829379443541
2024-05-23 01:00:00,0.00010057956984661664,0.09150397685976142,0.023051922305287,0.0002164829379443541
2024-05-23 02:00:00,0.00010057956984661664,0.08995694502651162,0.02226544356326094,0.0002164829379443541
2024-05-23 03:00:00,0.00010057956984661664,0.08995694502651162,0.02226544356326094,0.0002164829379443541
2024-05-23 04:00:00,0.00010057956984661664,0.09150397685976142,0.023051922305287,0.0002164829379443541
2024-05-23 05:00:00,0.00016763261641102774,0.10725374519393373,0.026838164174030628,0.0003608048965739235
2024-05-23 06:00:00,0.0005028978492330832,0.14057513468551067,0.036378313398501484,0.0010824146897217704
2024-05-23 07:00:00,0.0011734283148771942,0.16096492707525584,0.04694740004035298,0.0025256342760174647
2024-05-23 08:00:00,0.0015086935476992499,0.16268325608765752,0.05061588239420464,0.0032472440691653118
2024-05-23 09:00:00,0.0015086935476992499,0.1595891924211579,0.049182979265348946,0.0032472440691653118
2024-05-23 10:00:00,0.0014416405011348386,0.15769849478542777,0.047802858407749,0.003102922110535742
2024-05-23 11:00:00,0.001341060931288222,0.15797385149749862,0.04677234087919171,0.002886439172591388
2024-05-23 12:00:00,0.0010057956984661665,0.15625552248509691,0.04357070637599482,0.002164829379443541
2024-05-23 13:00:00,0.0012740078847238109,0.15683933027922695,0.04617869876361781,0.002742117213961819
2024-05-23 14:00:00,0.001341060931288222,0.15718299608170727,0.04691239523438814,0.002886439172591388
2024-05-23 15:00:00,0.0011734283148771942,0.15711468699129777,0.04528823559025696,0.0025256342760174647
2024-05-23 16:00:00,0.000670530465644111,0.1576659361375277,0.04138897454015137,0.001443219586295694
2024-05-23 17:00:00,0.0002682121862576444,0.1718702572667947,0.03869980755477793,0.0005772878345182776
2024-05-23 18:00:00,0.00016763261641102774,0.17293646939465687,0.0373424965307623,0.0003608048965739235
2024-05-23 19:00:00,0.0001341060931288222,0.1581147103791832,0.03445281532156977,0.0002886439172591388
2024-05-23 20:00:00,0.00010057956984661664,0.1309462335001843,0.030963394510613088,0.0002164829379443541
2024-05-23 21:00:00,0.00010057956984661664,0.11392374113857681,0.028557273499469432,0.0002164829379443541
2024-05-23 22:00:00,0.00010057956984661664,0.09848295960855198,0.02619783727339125,0.0002164829379443541
2024-05-23 23:00:00,0.00010057956984661664,0.09459804052626103,0.024624879789339124,0.0002164829379443541
2024-05-24 00:00:00,0.00010057956984661664,0.09459804052626103,0.024624879789339124,0.0002164829379443541
2024-05-24 01:00:00,0.00010057956984661664,0.09150397685976142,0.023051922305287,0.0002164829379443541
2024-05-24 02:00:00,0.00010057956984661664,0.08995694502651162,0.02226544356326094,0.0002164829379443541
2024-05-24 03:00:00,0.00010057956984661664,0.08995694502651162,0.02226544356326094,0.0002164829379443541
2024-05-24 04:00:00,0.00010057956984661664,0.09150397685976142,0.023051922305287,0.0002164829379443541
2024-05-24 05:00:00,0.00016763261641102774,0.10725374519393373,0.026838164174030628,0.0003608048965739235
2024-05-24 06:00:00,0.0005028978492330832,0.14057513468551067,0.036378313398501484,0.0010824146897217704
2024-05-24 07:00:00,0.0011734283148771942,0.16096492707525584,0.04694740004035298,0.0025256342760174647
2024-05-24 08:00:00,0.0015086935476992499,0.16268325608765752,0.05061588239420464,0.0032472440691653118
2024-05-24 09:00:00,0.0015086935476992499,0.1595891924211579,0.049182979265348946,0.0032472440691653118
2024-05-24 10:00:00,0.0014416405011348386,0.15769849478542777,0.047802858407749,0.003102922110535742
2024-05-24 11:00:00,0.001341060931288222,0.15797385149749862,0.04677234087919171,0.002886439172591388
2024-05-24 12:00:00,0.0010057956984661665,0.15625552248509691,0.04357070637599482,0.002164829379443541
2024-05-24 13:00:00,0.0012740078847238109,0.15683933027922695,0.04617869876361781,0.002742117213961819
2024-05-24 14:00:00,0.001341060931288222,0.15718299608170727,0.04691239523438814,0.002886439172591388
2024-05-24 15:00:00,0.0011734283148771942,0.15711468699129777,0.04528823559025696,0.0025256342760174647
2024-05-24 16:00:00,0.000670530465644111,0.1576659361375277,0.04138897454015137,0.001443219586295694
2024-05-24 17:00:00,0.0002682121862576444,0.1718702572667947,0.03869980755477793,0.0005772878345182776
2024-05-24 18:00:00,0.00016763261641102774,0.17293646939465687,0.0373424965307623,0.0003608048965739235
2024-05-24 19:00:00,0.0001341060931288222,0.1581147103791832,0.03445281532156977,0.0002886439172591388
2024-05-24 20:00:00,0.00010057956984661664,0.1309462335001843,0.030963394510613088,0.0002164829379443541
2024-05-24 21:00:00,0.00010057956984661664,0.11392374113857681,0.028557273499469432,0.0002164829379443541
2024-05-24 22:00:00,0.00010057956984661664,0.09848295960855198,0.02619783727339125,0.0002164829379443541
2024-05-24 23:00:00,0.00010057956984661664,0.09459804052626103,0.024624879789339124,0.0002164829379443541
2024-05-25 00:00:00,0.0006076682344899756,0.0983744038330821,0.03100766843228653,0.0013079177500804728
2024-05-25 01:00:00,0.0006076682344899756,0.09533397507304402,0.02946197781686369,0.0013079177500804728
2024-05-25 02:00:00,0.0006076682344899756,0.09381376069302498,0.028689132509152275,0.0013079177500804728
2024-05-25 03:00:00,0.0006076682344899756,0.09381376069302498,0.028689132509152275,0.0013079177500804728
2024-05-25 04:00:00,0.0006076682344899756,0.09533397507304402,0.02946197781686369,0.0013079177500804728
2024-05-25 05:00:00,0.0006076682344899756,0.10888413066441248,0.03178051373999794,0.0013079177500804728
2024-05-25 06:00:00,0.0006076682344899756,0.1350193974941097,0.03564474027855503,0.0013079177500804728
2024-05-25 07:00:00,0.0006076682344899756,0.15064493749247657,0.038736121509400694,0.0013079177500804728
2024-05-25 08:00:00,0.0006076682344899756,0.16226500437776567,0.03950896681711211,0.0013079177500804728
2024-05-25 09:00:00,0.0006076682344899756,0.16337534443172436,0.03950896681711211,0.0013079177500804728
2024-05-25 10:00:00,0.0006076682344899756,0.1639305144587037,0.03950896681711211,0.0013079177500804728
2024-05-25 11:00:00,0.0006076682344899756,0.16448568448568307,0.03950896681711211,0.0013079177500804728
2024-05-25 12:00:00,0.0006076682344899756,0.1608898795051585,0.03950896681711211,0.0013079177500804728
2024-05-25 13:00:00,0.0006076682344899756,0.16033470947817915,0.03950896681711211,0.0013079177500804728
2024-05-25 14:00:00,0.0006076682344899756,0.15977953945119983,0.03950896681711211,0.0013079177500804728
2024-05-25 15:00:00,0.0006076682344899756,0.15977953945119983,0.03950896681711211,0.0013079177500804728
2024-05-25 16:00:00,0.0006076682344899756,0.15977953945119983,0.03950896681711211,0.0013079177500804728
2024-05-25 17:00:00,0.0006076682344899756,0.15977953945119983,0.03950896681711211,0.0013079177500804728
2024-05-25 18:00:00,0.0006076682344899756,0.15383066195343365,0.03950896681711211,0.0013079177500804728
2024-05-25 19:00:00,0.0006076682344899756,0.14276576509512393,0.038736121509400694,0.0013079177500804728
2024-05-25 20:00:00,0.0006076682344899756,0.12962548382981579,0.03719043089397786,0.0013079177500804728
2024-05-25 21:00:00,0.0006076682344899756,0.115520158211468,0.034871894970843614,0.0013079177500804728
2024-05-25 22:00:00,0.0006076682344899756,0.10293504697313921,0.03332620435542078,0.0013079177500804728
2024-05-25 23:00:00,0.0006076682344899756,0.09989461821310114,0.03178051373999794,0.0013079177500804728
2024-05-26 00:00:00,0.0006076682344899756,0.0983744038330821,0.03100766843228653,0.0013079177500804728
2024-05-26 01:00:00,0.0006076682344899756,0.09533397507304402,0.02946197781686369,0.0013079177500804728
2024-05-26 02:00:00,0.0006076682344899756,0.09381376069302498,0.028689132509152275,0.0013079177500804728
2024-05-26 03:00:00,0.0006076682344899756,0.09381376069302498,0.028689132509152275,0.0013079177500804728
2024-05-26 04:00:00,0.0006076682344899756,0.09533397507304402,0.02946197781686369,0.0013079177500804728
2024-05-26 05:00:00,0.0006076682344899756,0.10888413066441248,0.03178051373999794,0.0013079177500804728
2024-05-26 06:00:00,0.0006076682344899756,0.1350193974941097,0.03564474027855503,0.0013079177500804728
2024-05-26 07:00:00,0.0006076682344899756,0.15064493749247657,0.038736121509400694,0.0013079177500804728
2024-05-26 08:00:00,0.0006076682344899756,0.16226500437776567,0.03950896681711211,0.0013079177500804728
2024-05-26 09:00:00,0.0006076682344899756,0.16337534443172436,0.03950896681711211,0.0013079177500804728
2024-05-26 10:00:00,0.0006076682344899756,0.1639305144587037,0.03950896681711211,0.0013079177500804728
2024-05-26 11:00:00,0.0006076682344899756,0.16448568448568307,0.03950896681711211,0.0013079177500804728
2024-05-26 12:00:00,0.0006076682344899756,0.1608898795051585,0.03950896681711211,0.0013079177500804728
2024-05-26 13:00:00,0.0006076682344899756,0.16033470947817915,0.03950896681711211,0.0013079177500804728
2024-05-26 14:00:00,0.0006076682344899756,0.15977953945119983,0.03950896681711211,0.0013079177500804728
2024-05-26 15:00:00,0.0006076682344899756,0.15977953945119983,0.03950896681711211,0.0013079177500804728
2024-05-26 16:00:00,0.0006076682344899756,0.15977953945119983,0.03950896681711211,0.0013079177500804728
2024-05-26 17:00:00,0.0006076682344899756,0.15977953945119983,0.03950896681711211,0.0013079177500804728
2024-05-26 18:00:00,0.0006076682344899756,0.15383066195343365,0.03950896681711211,0.0013079177500804728
2024-05-26 19:00:00,0.0006076682344899756,0.14276576509512393,0.038736121509400694,0.0013079177500804728
2024-05-26 20:00:00,0.0006076682344899756,0.12962548382981579,0.03719043089397786,0.0013079177500804728
2024-05-26 21:00:00,0.0006076682344899756,0.115520158211468,0.034871894970843614,0.0013079177500804728
2024-05-26 22:00:00,0.0006076682344899756,0.10293504697313921,0.03332620435542078,0.0013079177500804728
2024-05-26 23:00:00,0.0006076682344899756,0.09989461821310114,0.03178051373999794,0.0013079177500804728
2024-05-27 00:00:00,0.00010057956984661664,0.09459804052626103,0.024624879789339124,0.0002164829379443541
2024-05-27 01:00:00,0.00010057956984661664,0.09150397685976142,0.023051922305287,0.0002164829379443541
2024-05-27 02:00:00,0.00010057956984661664,0.08995694502651162,0.02226544356326094,0.0002164829379443541
2024-05-27 03:00:00,0.00010057956984661664,0.08995694502651162,0.02226544356326094,0.0002164829379443541
2024-05-27 04:00:00,0.00010057956984661664,0.09150397685976142,0.023051922305287,0.0002164829379443541
2024-05-27 05:00:00,0.00016763261641102774,0.10725374519393373,0.026838164174030628,0.0003608048965739235
2024-05-27 06:00:00,0.0005028978492330832,0.14057513468551067,0.036378313398501484,0.0010824146897217704
2024-05-27 07:00:00,0.0011734283148771942,0.16096492707525584,0.04694740004035298,0.0025256342760174647
2024-05-27 08:00:00,0.0015086935476992499,0.16268325608765752,0.05061588239420464,0.0032472440691653118
2024-05-27 09:00:00,0.0015086935476992499,0.1595891924211579,0.049182979265348946,0.0032472440691653118
2024-05-27 10:00:00,0.0014416405011348386,0.15769849478542777,0.047802858407749,0.003102922110535742
2024-05-27 11:00:00,0.001341060931288222,0.15797385149749862,0.04677234087919171,0.002886439172591388
2024-05-27 12:00:00,0.0010057956984661665,0.15625552248509691,0.04357070637599482,0.002164829379443541
2024-05-27 13:00:00,0.0012740078847238109,0.15683933027922695,0.04617869876361781,0.002742117213961819
2024-05-27 14:00:00,0.001341060931288222,0.15718299608170727,0.04691239523438814,0.002886439172591388
2024-05-27 15:00:00,0.0011734283148771942,0.15711468699129777,0.04528823559025696,0.0025256342760174647
2024-05-27 16:00:00,0.000670530465644111,0.1576659361375277,0.04138897454015137,0.001443219586295694
2024-05-27 17:00:00,0.0002682121862576444,0.1718702572667947,0.03869980755477793,0.0005772878345182776
2024-05-27 18:00:00,0.00016763261641102774,0.17293646939465687,0.0373424965307623,0.0003608048965739235
2024-05-27 19:00:00,0.0001341060931288222,0.1581147103791832,0.03445281532156977,0.0002886439172591388
2024-05-27 20:00:00,0.00010057956984661664,0.1309462335001843,0.030963394510613088,0.0002164829379443541
2024-05-27 21:00:00,0.00010057956984661664,0.11392374113857681,0.028557273499469432,0.0002164829379443541
2024-05-27 22:00:00,0.00010057956984661664,0.09848295960855198,0.02619783727339125,0.0002164829379443541
2024-05-27 23:00:00,0.00010057956984661664,0.09459804052626103,0.024624879789339124,0.0002164829379443541
2024-05-28 00:00:00,0.00037016660859063574,0.22712982508732016,0.0762942698656751,0.0007967299430570617
2024-05-28 01:00:00,0.00037016660859063574,0.21887225224263593,0.0720962919291557,0.0007967299430570617
2024-05-28 02:00:00,0.00037016660859063574,0.21474346582029383,0.06999730296089601,0.0007967299430570617
2024-05-28 03:00:00,0.00037016660859063574,0.21474346582029383,0.06999730296089601,0.0007967299430570617
2024-05-28 04:00:00,0.00037016660859063574,0.21887225224263593,0.0720962919291557,0.0007967299430570617
2024-05-28 05:00:00,0.0006169443476510595,0.25602702080110856,0.08602618262330163,0.0013278832384284363
2024-05-28 06:00:00,0.0018508330429531786,0.33637844362018104,0.13383690086573055,0.003983649715285308
2024-05-28 07:00:00,0.004318610433557417,0.38904524912672916,0.21641685587217876,0.009295182668999053
2024-05-28 08:00:00,0.0055524991288595366,0.39536927719658105,0.277577853885871,0.011950949145855925
2024-05-28 09:00:00,0.0055524991288595366,0.3871117043518968,0.2834272731217985,0.011950949145855925
2024-05-28 10:00:00,0.0053057213897991125,0.38171811231558433,0.2791434817232473,0.01141979585048455
2024-05-28 11:00:00,0.004935554781208476,0.3820683727548449,0.26581888090536315,0.01062306590742749
2024-05-28 12:00:00,0.0037016660859063573,0.375744344684993,0.23814920679982743,0.007967299430570616
2024-05-28 13:00:00,0.004688777042148052,0.3785560982806584,0.2636340784750717,0.010091912612056114
2024-05-28 14:00:00,0.004935554781208476,0.37982090389462875,0.2758662780778101,0.01062306590742749
2024-05-28 15:00:00,0.004318610433557417,0.37890635871991896,0.26035687482963443,0.009295182668999053
2024-05-28 16:00:00,0.002467777390604238,0.3780440407579155,0.22932418361662965,0.005311532953713745
2024-05-28 17:00:00,0.0009871109562416952,0.4093249414749918,0.17017636110916534,0.0021246131814854977
2024-05-28 18:00:00,0.0006169443476510595,0.41192267077446854,0.1334078335555716,0.0013278832384284363
2024-05-28 19:00:00,0.0004935554781208476,0.37728162258510706,0.10927280348156852,0.0010623065907427488
2024-05-28 20:00:00,0.00037016660859063574,0.3146420329978375,0.09643531400256831,0.0007967299430570617
2024-05-28 21:00:00,0.00037016660859063574,0.2738909810348129,0.0867892147069736,0.0007967299430570617
2024-05-28 22:00:00,0.00037016660859063574,0.23763486679222054,0.0804922478021945,0.0007967299430570617
2024-05-28 23:00:00,0.00037016660859063574,0.22712982508732016,0.0762942698656751,0.0007967299430570617
2024-05-29 00:00:00,0.00021919786689398503,0.15291202573312704,0.04735941142292695,0.00047179162019394535
2024-05-29 01:00:00,0.00021919786689398503,0.1475460180282262,0.044631444939789225,0.00047179162019394535
2024-05-29 02:00:00,0.00021919786689398503,0.1448630141757758,0.04326746169822037,0.00047179162019394535
2024-05-29 03:00:00,0.00021919786689398503,0.1448630141757758,0.04326746169822037,0.00047179162019394535
2024-05-29 04:00:00,0.00021919786689398503,0.1475460180282262,0.044631444939789225,0.00047179162019394535
2024-05-29 05:00:00,0.00036532977815664173,0.17271398646109065,0.05288089229170987,0.000786319366989909
2024-05-29 06:00:00,0.0010959893344699252,0.22672859061676562,0.07926009188408227,0.002358958100969727
2024-05-29 07:00:00,0.002557308447096492,0.2613202687779041,0.1215139606063563,0.0055042355689293625
2024-05-29 08:00:00,0.0032879680034097756,0.26506510537558386,0.1504791498505378,0.007076874302909181
2024-05-29 09:00:00,0.0032879680034097756,0.259699097670683,0.15225046856218674,0.007076874302909181
2024-05-29 10:00:00,0.0031418360921471188,0.25626712649869665,0.14959273266656825,0.006762346556113217
2024-05-29 11:00:00,0.002922638225253134,0.256575440850731,0.14315281849070713,0.006290554935919272
2024-05-29 12:00:00,0.0021919786689398504,0.25283060425305115,0.12918524656248115,0.004717916201939454
2024-05-29 13:00:00,0.0027765063139904775,0.25439470819985677,0.1418590658366575,0.005976027189123308
2024-05-29 14:00:00,0.002922638225253134,0.2551436755193927,0.14765210368549378,0.006290554935919272
2024-05-29 15:00:00,0.002557308447096492,0.2547030225518911,0.13991843685558303,0.0055042355689293625
2024-05-29 16:00:00,0.001461319112626567,0.25463230217049826,0.12408046653380181,0.003145277467959636
2024-05-29 17:00:00,0.0005845276450506267,0.2763503183184014,0.09654949111870838,0.0012581109871838544
2024-05-29 18:00:00,0.00036532977815664173,0.278090398001774,0.07961124482167839,0.000786319366989909
2024-05-29 19:00:00,0.00029226382252531334,0.2545481517497897,0.06737361011196921,0.0006290554935919272
2024-05-29 20:00:00,0.00021919786689398503,0.21177238527915168,0.05977103908707338,0.00047179162019394535
2024-05-29 21:00:00,0.00021919786689398503,0.18430932669292066,0.054179327630771254,0.00047179162019394535
2024-05-29 22:00:00,0.00021919786689398503,0.15970979876936614,0.05008737790606468,0.00047179162019394535
2024-05-29 23:00:00,0.00021919786689398503,0.15291202573312704,0.04735941142292695,0.00047179162019394535
2024-05-30 00:00:00,0.00010057956984661664,0.09459804052626103,0.024624879789339124,0.0002164829379443541
2024-05-30 01:00:00,0.00010057956984661664,0.09150397685976142,0.023051922305287,0.0002164829379443541
2024-05-30 02:00:00,0.00010057956984661664,0.08995694502651162,0.02226544356326094,0.0002164829379443541
2024-05-30 03:00:00,0.00010057956984661664,0.08995694502651162,0.02226544356326094,0.0002164829379443541
2024-05-30 04:00:00,0.00010057956984661664,0.09150397685976142,0.023051922305287,0.0002164829379443541
2024-05-30 05:00:00,0.00016763261641102774,0.10725374519393373,0.026838164174030628,0.0003608048965739235
2024-05-30 06:00:00,0.0005028978492330832,0.14057513468551067,0.036378313398501484,0.0010824146897217704
2024-05-30 07:00:00,0.0011734283148771942,0.16096492707525584,0.04694740004035298,0.0025256342760174647
2024-05-30 08:00:00,0.0015086935476992499,0.16268325608765752,0.05061588239420464,0.0032472440691653118
2024-05-30 09:00:00,0.0015086935476992499,0.1595891924211579,0.049182979265348946,0.0032472440691653118
2024-05-30 10:00:00,0.0014416405011348386,0.15769849478542777,0.047802858407749,0.003102922110535742
2024-05-30 11:00:00,0.001341060931288222,0.15797385149749862,0.04677234087919171,0.002886439172591388
2024-05-30 12:00:00,0.0010057956984661665,0.15625552248509691,0.04357070637599482,0.002164829379443541
2024-05-30 13:00:00,0.0012740078847238109,0.15683933027922695,0.04617869876361781,0.002742117213961819
2024-05-30 14:00:00,0.001341060931288222,0.15718299608170727,0.04691239523438814,0.002886439172591388
2024-05-30 15:00:00,0.0011734283148771942,0.15711468699129777,0.04528823559025696,0.0025256342760174647
2024-05-30 16:00:00,0.000670530465644111,0.1576659361375277,0.04138897454015137,0.001443219586295694
2024-05-30 17:00:00,0.0002682121862576444,0.1718702572667947,0.03869980755477793,0.0005772878345182776
2024-05-30 18:00:00,0.00016763261641102774,0.17293646939465687,0.0373424965307623,0.0003608048965739235
2024-05-30 19:00:00,0.0001341060931288222,0.1581147103791832,0.03445281532156977,0.0002886439172591388
2024-05-30 20:00:00,0.00010057956984661664,0.1309462335001843,0.030963394510613088,0.0002164829379443541
2024-05-30 21:00:00,0.00010057956984661664,0.11392374113857681,0.028557273499469432,0.0002164829379443541
2024-05-30 22:00:00,0.00010057956984661664,0.09848295960855198,0.02619783727339125,0.0002164829379443541
2024-05-30 23:00:00,0.00010057956984661664,0.09459804052626103,0.024624879789339124,0.0002164829379443541
2024-05-31 00:00:00,0.00010057956984661664,0.09459804052626103,0.024624879789339124,0.0002164829379443541
2024-05-31 01:00:00,0.00010057956984661664,0.09150397685976142,0.023051922305287,0.0002164829379443541
2024-05-31 02:00:00,0.00010057956984661664,0.08995694502651162,0.02226544356326094,0.0002164829379443541
2024-05-31 03:00:00,0.00010057956984661664,0.08995694502651162,0.02226544356326094,0.0002164829379443541
2024-05-31 04:00:00,0.00010057956984661664,0.09150397685976142,0.023051922305287,0.0002164829379443541
2024-05-31 05:00:00,0.00016763261641102774,0.10725374519393373,0.026838164174030628,0.0003608048965739235
2024-05-31 06:00:00,0.0005028978492330832,0.14057513468551067,0.036378313398501484,0.0010824146897217704
2024-05-31 07:00:00,0.0011734283148771942,0.16096492707525584,0.04694740004035298,0.0025256342760174647
2024-05-31 08:00:00,0.0015086935476992499,0.16268325608765752,0.05061588239420464,0.0032472440691653118
2024-05-31 09:00:00,0.0015086935476992499,0.1595891924211579,0.049182979265348946,0.0032472440691653118
2024-05-31 10:00:00,0.0014416405011348386,0.15769849478542777,0.047802858407749,0.003102922110535742
2024-05-31 11:00:00,0.001341060931288222,0.15797385149749862,0.04677234087919171,0.002886439172591388
2024-05-31 12:00:00,0.0010057956984661665,0.15625552248509691,0.04357070637599482,0.002164829379443541
2024-05-31 13:00:00,0.0012740078847238109,0.15683933027922695,0.04617869876361781,0.002742117213961819
2024-05-31 14:00:00,0.001341060931288222,0.15718299608170727,0.04691239523438814,0.002886439172591388
2024-05-31 15:00:00,0.0011734283148771942,0.15711468699129777,0.04528823559025696,0.0025256342760174647
2024-05-31 16:00:00,0.000670530465644111,0.1576659361375277,0.04138897454015137,0.001443219586295694
2024-05-31 17:00:00,0.0002682121862576444,0.1718702572667947,0.03869980755477793,0.0005772878345182776
2024-05-31 18:00:00,0.00016763261641102774,0.17293646939465687,0.0373424965307623,0.0003608048965739235
2024-05-31 19:00:00,0.0001341060931288222,0.1581147103791832,0.03445281532156977,0.0002886439172591388
2024-05-31 20:00:00,0.00010057956984661664,0.1309462335001843,0.030963394510613088,0.0002164829379443541
2024-05-31 21:00:00,0.00010057956984661664,0.11392374113857681,0.028557273499469432,0.0002164829379443541
2024-05-31 22:00:00,0.00010057956984661664,0.09848295960855198,0.02619783727339125,0.0002164829379443541
2024-05-31 23:00:00,0.00010057956984661664,0.09459804052626103,0.024624879789339124,0.0002164829379443541
2024-06-01 00:00:00,0.0006279238423063081,0.10165355062751817,0.032041257380029414,0.0013515150084164886
2024-06-01 01:00:00,0.0006279238423063081,0.09851177424214548,0.030444043744092486,0.0013515150084164886
2024-06-01 02:00:00,0.0006279238423063081,0.09694088604945915,0.029645436926124022,0.0013515150084164886
2024-06-01 03:00:00,0.0006279238423063081,0.09694088604945915,0.029645436926124022,0.0013515150084164886
2024-06-01 04:00:00,0.0006279238423063081,0.09851177424214548,0.030444043744092486,0.0013515150084164886
2024-06-01 05:00:00,0.0006279238423063081,0.11251360168655956,0.03283986419799787,0.0013515150084164886
2024-06-01 06:00:00,0.0006279238423063081,0.1395200440772467,0.03683289828784019,0.0013515150084164886
2024-06-01 07:00:00,0.0006279238423063081,0.15566643540889247,0.040027325559714055,0.0013515150084164886
2024-06-01 08:00:00,0.0006279238423063081,0.1676738378570245,0.04082593237768252,0.0013515150084164886
2024-06-01 09:00:00,0.0006279238423063081,0.16882118924611517,0.04082593237768252,0.0013515150084164886
2024-06-01 10:00:00,0.0006279238423063081,0.1693948649406605,0.04082593237768252,0.0013515150084164886
2024-06-01 11:00:00,0.0006279238423063081,0.16996854063520583,0.04082593237768252,0.0013515150084164886
2024-06-01 12:00:00,0.0006279238423063081,0.1662528754886638,0.04082593237768252,0.0013515150084164886
2024-06-01 13:00:00,0.0006279238423063081,0.16567919979411846,0.04082593237768252,0.0013515150084164886
2024-06-01 14:00:00,0.0006279238423063081,0.16510552409957313,0.04082593237768252,0.0013515150084164886
2024-06-01 15:00:00,0.0006279238423063081,0.16510552409957313,0.04082593237768252,0.0013515150084164886
2024-06-01 16:00:00,0.0006279238423063081,0.16510552409957313,0.04082593237768252,0.0013515150084164886
2024-06-01 17:00:00,0.0006279238423063081,0.16510552409957313,0.04082593237768252,0.0013515150084164886
2024-06-01 18:00:00,0.0006279238423063081,0.15895835068521477,0.04082593237768252,0.0013515150084164886
2024-06-01 19:00:00,0.0006279238423063081,0.14752462393162805,0.040027325559714055,0.0013515150084164886
2024-06-01 20:00:00,0.0006279238423063081,0.13394633329080965,0.03843011192377713,0.0013515150084164886
2024-06-01 21:00:00,0.0006279238423063081,0.11937083015185027,0.036034291469871735,0.0013515150084164886
2024-06-01 22:00:00,0.0006279238423063081,0.1063662152055772,0.0344370778339348,0.0013515150084164886
2024-06-01 23:00:00,0.0006279238423063081,0.1032244388202045,0.03283986419799787,0.0013515150084164886
2024-06-02 00:00:00,0.0006279238423063081,0.10165355062751817,0.032041257380029414,0.0013515150084164886
2024-06-02 01:00:00,0.0006279238423063081,0.09851177424214548,0.030444043744092486,0.0013515150084164886
2024-06-02 02:00:00,0.0006279238423063081,0.09694088604945915,0.029645436926124022,0.0013515150084164886
2024-06-02 03:00:00,0.0006279238423063081,0.09694088604945915,0.029645436926124022,0.0013515150084164886
2024-06-02 04:00:00,0.0006279238423063081,0.09851177424214548,0.030444043744092486,0.0013515150084164886
2024-06-02 05:00:00,0.0006279238423063081,0.11251360168655956,0.03283986419799787,0.0013515150084164886
2024-06-02 06:00:00,0.0006279238423063081,0.1395200440772467,0.03683289828784019,0.0013515150084164886
2024-06-02 07:00:00,0.0006279238423063081,0.15566643540889247,0.040027325559714055,0.0013515150084164886
2024-06-02 08:00:00,0.0006279238423063081,0.1676738378570245,0.04082593237768252,0.0013515150084164886
2024-06-02 09:00:00,0.0006279238423063081,0.16882118924611517,0.04082593237768252,0.0013515150084164886
2024-06-02 10:00:00,0.0006279238423063081,0.1693948649406605,0.04082593237768252,0.0013515150084164886
2024-06-02 11:00:00,0.0006279238423063081,0.16996854063520583,0.04082593237768252,0.0013515150084164886
2024-06-02 12:00:00,0.0006279238423063081,0.1662528754886638,0.04082593237768252,0.0013515150084164886
2024-06-02 13:00:00,0.0006279238423063081,0.16567919979411846,0.04082593237768252,0.0013515150084164886
2024-06-02 14:00:00,0.0006279238423063081,0.16510552409957313,0.04082593237768252,0.0013515150084164886
2024-06-02 15:00:00,0.0006279238423063081,0.16510552409957313,0.04082593237768252,0.0013515150084164886
2024-06-02 16:00:00,0.0006279238423063081,0.16510552409957313,0.04082593237768252,0.0013515150084164886
2024-06-02 17:00:00,0.0006279238423063081,0.16510552409957313,0.04082593237768252,0.0013515150084164886
2024-06-02 18:00:00,0.0006279238423063081,0.15895835068521477,0.04082593237768252,0.0013515150084164886
2024-06-02 19:00:00,0.0006279238423063081,0.14752462393162805,0.040027325559714055,0.0013515150084164886
2024-06-02 20:00:00,0.0006279238423063081,0.13394633329080965,0.03843011192377713,0.0013515150084164886
2024-06-02 21:00:00,0.0006279238423063081,0.11937083015185027,0.036034291469871735,0.0013515150084164886
2024-06-02 22:00:00,0.0006279238423063081,0.1063662152055772,0.0344370778339348,0.0013515150084164886
2024-06-02 23:00:00,0.0006279238423063081,0.1032244388202045,0.03283986419799787,0.0013515150084164886
2024-06-03 00:00:00,0.0001039322221748372,0.09775130854380305,0.02544570911565043,0.00022369903587583258
2024-06-03 01:00:00,0.0001039322221748372,0.09455410942175346,0.023820319715463237,0.00022369903587583258
2024-06-03 02:00:00,0.0001039322221748372,0.09295550986072867,0.023007625015369643,0.00022369903587583258
2024-06-03 03:00:00,0.0001039322221748372,0.09295550986072867,0.023007625015369643,0.00022369903587583258
2024-06-03 04:00:00,0.0001039322221748372,0.09455410942175346,0.023820319715463237,0.00022369903587583258
2024-06-03 05:00:00,0.00017322037029139534,0.11082887003373151,0.027732769646498318,0.00037283172645972095
2024-06-03 06:00:00,0.000519661110874186,0.14526097250836104,0.0375909238451182,0.001118495179379163
2024-06-03 07:00:00,0.0012125425920397673,0.16633042464443104,0.0485123133750314,0.0026098220852180465
2024-06-03 08:00:00,0.0015589833326225579,0.16810603129057944,0.052303078474011465,0.0033554855381374886
2024-06-03 09:00:00,0.0015589833326225579,0.16490883216852983,0.05082241190752725,0.0033554855381374886
2024-06-03 10:00:00,0.0014896951845059998,0.16295511127827536,0.04939628702134063,0.0032063528475536
2024-06-03 11:00:00,0.0013857629623311627,0.16323964654741524,0.04833141890849809,0.0029826538116777676
2024-06-03 12:00:00,0.001039322221748372,0.16146403990126681,0.04502306325519464,0.002236990358758326
2024-06-03 13:00:00,0.0013164748142146044,0.16206730795520116,0.04771798872240506,0.002833521121093879
2024-06-03 14:00:00,0.0013857629623311627,0.16242242928443085,0.04847614174220108,0.0029826538116777676
2024-06-03 15:00:00,0.0012125425920397673,0.162351843224341,0.04679784344326551,0.0026098220852180465
2024-06-03 16:00:00,0.0006928814811655813,0.16292146734211194,0.04276860702482308,0.0014913269058388838
2024-06-03 17:00:00,0.0002771525924662325,0.17759926584235453,0.039989801139937185,0.0005965307623355535
2024-06-03 18:00:00,0.00017322037029139534,0.17870101837447877,0.03858724641512103,0.00037283172645972095
2024-06-03 19:00:00,0.00013857629623311625,0.163385200725156,0.03560124249895543,0.00029826538116777674
2024-06-03 20:00:00,0.0001039322221748372,0.13531110795019047,0.03199550766096686,0.00022369903587583258
2024-06-03 21:00:00,0.0001039322221748372,0.11772119917652937,0.029509182616118415,0.00022369903587583258
2024-06-03 22:00:00,0.0001039322221748372,0.10176572492883705,0.027071098515837624,0.00022369903587583258
2024-06-03 23:00:00,0.0001039322221748372,0.09775130854380305,0.02544570911565043,0.00022369903587583258
2024-06-04 00:00:00,0.0001039322221748372,0.09775130854380305,0.02544570911565043,0.00022369903587583258
2024-06-04 01:00:00,0.0001039322221748372,0.09455410942175346,0.023820319715463237,0.00022369903587583258
2024-06-04 02:00:00,0.0001039322221748372,0.09295550986072867,0.023007625015369643,0.00022369903587583258
2024-06-04 03:00:00,0.0001039322221748372,0.09295550986072867,0.023007625015369643,0.00022369903587583258
2024-06-04 04:00:00,0.0001039322221748372,0.09455410942175346,0.023820319715463237,0.00022369903587583258
2024-06-04 05:00:00,0.00017322037029139534,0.11082887003373151,0.027732769646498318,0.00037283172645972095
2024-06-04 06:00:00,0.000519661110874186,0.14526097250836104,0.0375909238451182,0.001118495179379163
2024-06-04 07:00:00,0.0012125425920397673,0.16633042464443104,0.0485123133750314,0.0026098220852180465
2024-06-04 08:00:00,0.0015589833326225579,0.16810603129057944,0.052303078474011465,0.0033554855381374886
2024-06-04 09:00:00,0.0015589833326225579,0.16490883216852983,0.05082241190752725,0.0033554855381374886
2024-06-04 10:00:00,0.0014896951845059998,0.16295511127827536,0.04939628702134063,0.0032063528475536
2024-06-04 11:00:00,0.0013857629623311627,0.16323964654741524,0.04833141890849809,0.0029826538116777676
2024-06-04 12:00:00,0.001039322221748372,0.16146403990126681,0.04502306325519464,0.002236990358758326
2024-06-04 13:00:00,0.0013164748142146044,0.16206730795520116,0.04771798872240506,0.002833521121093879
2024-06-04 14:00:00,0.0013857629623311627,0.16242242928443085,0.04847614174220108,0.0029826538116777676
2024-06-04 15:00:00,0.0012125425920397673,0.162351843224341,0.04679784344326551,0.0026098220852180465
2024-06-04 16:00:00,0.0006928814811655813,0.16292146734211194,0.04276860702482308,0.0014913269058388838
2024-06-04 17:00:00,0.0002771525924662325,0.17759926584235453,0.039989801139937185,0.0005965307623355535
2024-06-04 18:00:00,0.00017322037029139534,0.17870101837447877,0.03858724641512103,0.00037283172645972095
2024-06-04 19:00:00,0.00013857629623311625,0.163385200725156,0.03560124249895543,0.00029826538116777674
2024-06-04 20:00:00,0.0001039322221748372,0.13531110795019047,0.03199550766096686,0.00022369903587583258
2024-06-04 21:00:00,0.0001039322221748372,0.11772119917652937,0.029509182616118415,0.00022369903587583258
2024-06-04 22:00:00,0.0001039322221748372,0.10176572492883705,0.027071098515837624,0.00022369903587583258
2024-06-04 23:00:00,0.0001039322221748372,0.09775130854380305,0.02544570911565043,0.00022369903587583258
2024-06-05 00:00:00,0.0001039322221748372,0.09775130854380305,0.02544570911565043,0.00022369903587583258
2024-06-05 01:00:00,0.0001039322221748372,0.09455410942175346,0.023820319715463237,0.00022369903587583258
2024-06-05 02:00:00,0.0001039322221748372,0.09295550986072867,0.023007625015369643,0.00022369903587583258
2024-06-05 03:00:00,0.0001039322221748372,0.09295550986072867,0.023007625015369643,0.00022369903587583258
2024-06-05 04:00:00,0.0001039322221748372,0.09455410942175346,0.023820319715463237,0.00022369903587583258
2024-06-05 05:00:00,0.00017322037029139534,0.11082887003373151,0.027732769646498318,0.00037283172645972095
2024-06-05 06:00:00,0.000519661110874186,0.14526097250836104,0.0375909238451182,0.001118495179379163
2024-06-05 07:00:00,0.0012125425920397673,0.16633042464443104,0.0485123133750314,0.0026098220852180465
2024-06-05 08:00:00,0.0015589833326225579,0.16810603129057944,0.052303078474011465,0.0033554855381374886
2024-06-05 09:00:00,0.0015589833326225579,0.16490883216852983,0.05082241190752725,0.0033554855381374886
2024-06-05 10:00:00,0.0014896951845059998,0.16295511127827536,0.04939628702134063,0.0032063528475536
2024-06-05 11:00:00,0.0013857629623311627,0.16323964654741524,0.04833141890849809,0.0029826538116777676
2024-06-05 12:00:00,0.001039322221748372,0.16146403990126681,0.04502306325519464,0.002236990358758326
2024-06-05 13:00:00,0.0013164748142146044,0.16206730795520116,0.04771798872240506,0.002833521121093879
2024-06-05 14:00:00,0.0013857629623311627,0.16242242928443085,0.04847614174220108,0.0029826538116777676
2024-06-05 15:00:00,0.0012125425920397673,0.162351843224341,0.04679784344326551,0.0026098220852180465
2024-06-05 16:00:00,0.0006928814811655813,0.16292146734211194,0.04276860702482308,0.0014913269058388838
2024-06-05 17:00:00,0.0002771525924662325,0.17759926584235453,0.039989801139937185,0.0005965307623355535
2024-06-05 18:00:00,0.00017322037029139534,0.17870101837447877,0.03858724641512103,0.00037283172645972095
2024-06-05 19:00:00,0.00013857629623311625,0.163385200725156,0.03560124249895543,0.00029826538116777674
2024-06-05 20:00:00,0.0001039322221748372,0.13531110795019047,0.03199550766096686,0.00022369903587583258
2024-06-05 21:00:00,0.0001039322221748372,0.11772119917652937,0.029509182616118415,0.00022369903587583258
2024-06-05 22:00:00,0.0001039322221748372,0.10176572492883705,0.027071098515837624,0.00022369903587583258
2024-06-05 23:00:00,0.0001039322221748372,0.09775130854380305,0.02544570911565043,0.00022369903587583258
2024-06-06 00:00:00,0.0012431892729374754,0.23524959623162378,0.06818873593948713,0.0026757846214378435
2024-06-06 01:00:00,0.0012431892729374754,0.22776001539300808,0.06438118913297881,0.0026757846214378435
2024-06-06 02:00:00,0.0012431892729374754,0.22401522497370024,0.06247741572972466,0.0026757846214378435
2024-06-06 03:00:00,0.0012431892729374754,0.22401522497370024,0.06247741572972466,0.0026757846214378435
2024-06-06 04:00:00,0.0012431892729374754,0.22776001539300808,0.06438118913297881,0.0026757846214378435
2024-06-06 05:00:00,0.002071982121562459,0.26950596543718885,0.07935691174215981,0.004459641035729739
2024-06-06 06:00:00,0.0062159463646873775,0.36771087426531535,0.13141330418075875,0.013378923107189217
2024-06-06 07:00:00,0.014503874850937213,0.4514317916716456,0.21465376231739255,0.031217487250108176
2024-06-06 08:00:00,0.018647839094062132,0.47267077886211323,0.25168750961565317,0.04013676932156765
2024-06-06 09:00:00,0.018647839094062132,0.4651811980234975,0.2479491435043765,0.04013676932156765
2024-06-06 10:00:00,0.017819046245437148,0.45718861016609613,0.23870780133670186,0.03835291290727576
2024-06-06 11:00:00,0.01657585697249967,0.4527865304344404,0.2276322674948395,0.03567712828583791
2024-06-06 12:00:00,0.012431892729374755,0.43154754324397276,0.1908291225140177,0.026757846214378433
2024-06-06 13:00:00,0.015747064123874686,0.44656911657086235,0.22029469873041904,0.03389327187154602
2024-06-06 14:00:00,0.01657585697249967,0.45081691400895585,0.22770144819007115,0.03567712828583791
2024-06-06 15:00:00,0.014503874850937213,0.44216703683920655,0.2092883455837883,0.031217487250108176
2024-06-06 16:00:00,0.008287928486249835,0.41799257932378203,0.15604505209516947,0.017838564142918956
2024-06-06 17:00:00,0.003315171394499934,0.4323624485901151,0.1154812828389967,0.007135425657167582
2024-06-06 18:00:00,0.002071982121562459,0.4299299852839439,0.10424432737492717,0.004459641035729739
2024-06-06 19:00:00,0.001657585697249967,0.39208310795263324,0.09474892162423505,0.003567712828583791
2024-06-06 20:00:00,0.0012431892729374754,0.3240332164221899,0.08344198339726426,0.0026757846214378435
2024-06-06 21:00:00,0.0012431892729374754,0.28240138853347246,0.07770760295575793,0.0026757846214378435
2024-06-06 22:00:00,0.0012431892729374754,0.24470879349572403,0.07199628274599545,0.0026757846214378435
2024-06-06 23:00:00,0.0012431892729374754,0.23524959623162378,0.06818873593948713,0.0026757846214378435
2024-06-07 00:00:00,0.0016029546573888352,0.27867010813304094,0.08168653388385663,0.003450127437931112
2024-06-07 01:00:00,0.0016029546573888352,0.2698250383312991,0.07718988473851006,0.003450127437931112
2024-06-07 02:00:00,0.0016029546573888352,0.2654025034304282,0.07494156016583679,0.003450127437931112
2024-06-07 03:00:00,0.0016029546573888352,0.2654025034304282,0.07494156016583679,0.003450127437931112
2024-06-07 04:00:00,0.0016029546573888352,0.2698250383312991,0.07718988473851006,0.003450127437931112
2024-06-07 05:00:00,0.0026715910956480586,0.3196145218803859,0.09565927240394767,0.005750212396551853
2024-06-07 06:00:00,0.008014773286944176,0.43795821166224835,0.16104142428675056,0.017250637189655558
2024-06-07 07:00:00,0.018701137669536412,0.5414638023118188,0.267119483036033,0.040251486775862974
2024-06-07 08:00:00,0.02404431986083253,0.5688491202004925,0.31465101418669805,0.05175191156896668
2024-06-07 09:00:00,0.02404431986083253,0.5600040503987506,0.31019969032443423,0.05175191156896668
2024-06-07 10:00:00,0.022975683422573306,0.550104451920145,0.2984903848047108,0.04945182661034594
2024-06-07 11:00:00,0.02137272876518447,0.5442223885040275,0.28425358810105267,0.046001699172414826
2024-06-07 12:00:00,0.016029546573888352,0.5168370706153538,0.23687314122733033,0.034501274379311116
2024-06-07 13:00:00,0.020304092326925247,0.5364117929758081,0.27479260715400244,0.04370161421379408
2024-06-07 14:00:00,0.02137272876518447,0.5418888565535429,0.2842989133841355,0.046001699172414826
2024-06-07 15:00:00,0.018701137669536412,0.5305297295596906,0.2606011357334272,0.040251486775862974
2024-06-07 16:00:00,0.010686364382592234,0.49854135152852014,0.1918165610647526,0.023000849586207413
2024-06-07 17:00:00,0.004274545753036894,0.5128139799841449,0.13932069811238396,0.009200339834482965
2024-06-07 18:00:00,0.0026715910956480586,0.509265448518512,0.12497814241486596,0.005750212396551853
2024-06-07 19:00:00,0.002137272876518447,0.4643034997086788,0.11342713608484968,0.004600169917241483
2024-06-07 20:00:00,0.0016029546573888352,0.38362967172913714,0.09968823889293718,0.003450127437931112
2024-06-07 21:00:00,0.0016029546573888352,0.3344056588567177,0.09292815674722306,0.003450127437931112
2024-06-07 22:00:00,0.0016029546573888352,0.28984870988526734,0.0861831830292032,0.003450127437931112
2024-06-07 23:00:00,0.0016029546573888352,0.27867010813304094,0.08168653388385663,0.003450127437931112
2024-06-08 00:00:00,0.005337352659603615,0.21697751153839764,0.09687917435030972,0.011487877571540147
2024-06-08 01:00:00,0.005337352659603615,0.21094975278317657,0.09381478742487445,0.011487877571540147
2024-06-08 02:00:00,0.005337352659603615,0.20793587340556605,0.09228259396215682,0.011487877571540147
2024-06-08 03:00:00,0.005337352659603615,0.20793587340556605,0.09228259396215682,0.011487877571540147
2024-06-08 04:00:00,0.005337352659603615,0.21094975278317657,0.09381478742487445,0.011487877571540147
2024-06-08 05:00:00,0.005337352659603615,0.23795066876978838,0.09841136781302735,0.011487877571540147
2024-06-08 06:00:00,0.005337352659603615,0.29006580212998,0.10607233512661551,0.011487877571540147
2024-06-08 07:00:00,0.005337352659603615,0.3212077782587809,0.11220110897748606,0.011487877571540147
2024-06-08 08:00:00,0.005337352659603615,0.3444352970193287,0.11373330244020369,0.011487877571540147
2024-06-08 09:00:00,0.005337352659603615,0.34668965854848566,0.11373330244020369,0.011487877571540147
2024-06-08 10:00:00,0.005337352659603615,0.3478168393130642,0.11373330244020369,0.011487877571540147
2024-06-08 11:00:00,0.005337352659603615,0.3489440200776427,0.11373330244020369,0.011487877571540147
2024-06-08 12:00:00,0.005337352659603615,0.3417603089361306,0.11373330244020369,0.011487877571540147
2024-06-08 13:00:00,0.005337352659603615,0.34063312817155206,0.11373330244020369,0.011487877571540147
2024-06-08 14:00:00,0.005337352659603615,0.33950594740697354,0.11373330244020369,0.011487877571540147
2024-06-08 15:00:00,0.005337352659603615,0.33950594740697354,0.11373330244020369,0.011487877571540147
2024-06-08 16:00:00,0.005337352659603615,0.33950594740697354,0.11373330244020369,0.011487877571540147
2024-06-08 17:00:00,0.005337352659603615,0.33950594740697354,0.11373330244020369,0.011487877571540147
2024-06-08 18:00:00,0.005337352659603615,0.32760319993012693,0.11373330244020369,0.011487877571540147
2024-06-08 19:00:00,0.005337352659603615,0.30550286193415765,0.11220110897748606,0.011487877571540147
2024-06-08 20:00:00,0.005337352659603615,0.2792614637959993,0.10913672205205079,0.011487877571540147
2024-06-08 21:00:00,0.005337352659603615,0.25113336704480904,0.1045401416638979,0.011487877571540147
2024-06-08 22:00:00,0.005337352659603615,0.2260191496712292,0.10147575473846261,0.011487877571540147
2024-06-08 23:00:00,0.005337352659603615,0.21999139091600814,0.09841136781302735,0.011487877571540147
2024-06-09 00:00:00,0.006786407680310485,0.2524618072032838,0.1168293026488576,0.014606758360193596
2024-06-09 01:00:00,0.006786407680310485,0.24554605387272477,0.11331347778819206,0.014606758360193596
2024-06-09 02:00:00,0.006786407680310485,0.24208817720744524,0.1115555653578593,0.014606758360193596
2024-06-09 03:00:00,0.006786407680310485,0.24208817720744524,0.1115555653578593,0.014606758360193596
2024-06-09 04:00:00,0.006786407680310485,0.24554605387272477,0.11331347778819206,0.014606758360193596
2024-06-09 05:00:00,0.006786407680310485,0.27654668941078203,0.11858721507919036,0.014606758360193596
2024-06-09 06:00:00,0.006786407680310485,0.33638757383851353,0.12737677723085417,0.014606758360193596
2024-06-09 07:00:00,0.006786407680310485,0.37214357605874676,0.13440842695218522,0.014606758360193596
2024-06-09 08:00:00,0.006786407680310485,0.39882343830003786,0.136166339382518,0.014606758360193596
2024-06-09 09:00:00,0.006786407680310485,0.4014184183338307,0.136166339382518,0.014606758360193596
2024-06-09 10:00:00,0.006786407680310485,0.4027159083507271,0.136166339382518,0.014606758360193596
2024-06-09 11:00:00,0.006786407680310485,0.40401339836762357,0.136166339382518,0.014606758360193596
2024-06-09 12:00:00,0.006786407680310485,0.395762596150736,0.136166339382518,0.014606758360193596
2024-06-09 13:00:00,0.006786407680310485,0.39446510613383956,0.136166339382518,0.014606758360193596
2024-06-09 14:00:00,0.006786407680310485,0.3931676161169432,0.136166339382518,0.014606758360193596
2024-06-09 15:00:00,0.006786407680310485,0.3931676161169432,0.136166339382518,0.014606758360193596
2024-06-09 16:00:00,0.006786407680310485,0.3931676161169432,0.136166339382518,0.014606758360193596
2024-06-09 17:00:00,0.006786407680310485,0.3931676161169432,0.136166339382518,0.014606758360193596
2024-06-09 18:00:00,0.006786407680310485,0.3794939227747155,0.136166339382518,0.014606758360193596
2024-06-09 19:00:00,0.006786407680310485,0.35411155055032084,0.13440842695218522,0.014606758360193596
2024-06-09 20:00:00,0.006786407680310485,0.3239738116437502,0.1308926020915197,0.014606758360193596
2024-06-09 21:00:00,0.006786407680310485,0.2916756860887965,0.12561886480052142,0.014606758360193596
2024-06-09 22:00:00,0.006786407680310485,0.26283543719912233,0.12210303993985588,0.014606758360193596
2024-06-09 23:00:00,0.006786407680310485,0.2559196838685633,0.11858721507919036,0.014606758360193596
2024-06-10 00:00:00,0.0001039322221748372,0.09775130854380305,0.02544570911565043,0.00022369903587583258
2024-06-10 01:00:00,0.0001039322221748372,0.09455410942175346,0.023820319715463237,0.00022369903587583258
2024-06-10 02:00:00,0.0001039322221748372,0.09295550986072867,0.023007625015369643,0.00022369903587583258
2024-06-10 03:00:00,0.0001039322221748372,0.09295550986072867,0.023007625015369643,0.00022369903587583258
2024-06-10 04:00:00,0.0001039322221748372,0.09455410942175346,0.023820319715463237,0.00022369903587583258
2024-06-10 05:00:00,0.00017322037029139534,0.11082887003373151,0.027732769646498318,0.00037283172645972095
2024-06-10 06:00:00,0.000519661110874186,0.14526097250836104,0.0375909238451182,0.001118495179379163
2024-06-10 07:00:00,0.0012125425920397673,0.16633042464443104,0.0485123133750314,0.0026098220852180465
2024-06-10 08:00:00,0.0015589833326225579,0.16810603129057944,0.052303078474011465,0.0033554855381374886
2024-06-10 09:00:00,0.0015589833326225579,0.16490883216852983,0.05082241190752725,0.0033554855381374886
2024-06-10 10:00:00,0.0014896951845059998,0.16295511127827536,0.04939628702134063,0.0032063528475536
2024-06-10 11:00:00,0.0013857629623311627,0.16323964654741524,0.04833141890849809,0.0029826538116777676
2024-06-10 12:00:00,0.001039322221748372,0.16146403990126681,0.04502306325519464,0.002236990358758326
2024-06-10 13:00:00,0.0013164748142146044,0.16206730795520116,0.04771798872240506,0.002833521121093879
2024-06-10 14:00:00,0.0013857629623311627,0.16242242928443085,0.04847614174220108,0.0029826538116777676
2024-06-10 15:00:00,0.0012125425920397673,0.162351843224341,0.04679784344326551,0.0026098220852180465
2024-06-10 16:00:00,0.0006928814811655813,0.16292146734211194,0.04276860702482308,0.0014913269058388838
2024-06-10 17:00:00,0.0002771525924662325,0.17759926584235453,0.039989801139937185,0.0005965307623355535
2024-06-10 18:00:00,0.00017322037029139534,0.17870101837447877,0.03858724641512103,0.00037283172645972095
2024-06-10 19:00:00,0.00013857629623311625,0.163385200725156,0.03560124249895543,0.00029826538116777674
2024-06-10 20:00:00,0.0001039322221748372,0.13531110795019047,0.03199550766096686,0.00022369903587583258
2024-06-10 21:00:00,0.0001039322221748372,0.11772119917652937,0.029509182616118415,0.00022369903587583258
2024-06-10 22:00:00,0.0001039322221748372,0.10176572492883705,0.027071098515837624,0.00022369903587583258
2024-06-10 23:00:00,0.0001039322221748372,0.09775130854380305,0.02544570911565043,0.00022369903587583258
2024-06-11 00:00:00,0.00034377581180907585,0.12669831647808097,0.03444424107856338,0.0007399275802046749
2024-06-11 01:00:00,0.00034377581180907585,0.12259745804728063,0.03235945011915069,0.0007399275802046749
2024-06-11 02:00:00,0.00034377581180907585,0.12054702883188045,0.03131705463944435,0.0007399275802046749
2024-06-11 03:00:00,0.00034377581180907585,0.12054702883188045,0.03131705463944435,0.0007399275802046749
2024-06-11 04:00:00,0.00034377581180907585,0.12259745804728063,0.03235945011915069,0.0007399275802046749
2024-06-11 05:00:00,0.0005729596863484597,0.14423457432919606,0.038601010087690166,0.0012332126336744582
2024-06-11 06:00:00,0.0017188790590453792,0.19209253077298277,0.05734300391577929,0.0036996379010233744
2024-06-11 07:00:00,0.004010717804439218,0.2263517650712128,0.08348946052079151,0.008632488435721208
2024-06-11 08:00:00,0.005156637177136138,0.23222492551616522,0.09427874818804112,0.011098913703070123
2024-06-11 09:00:00,0.005156637177136138,0.22812406708536487,0.09232277645423219,0.011098913703070123
2024-06-11 10:00:00,0.004927453302596753,0.22489900578097421,0.08925134266667967,0.01060562864960034
2024-06-11 11:00:00,0.004583677490787677,0.22419688526047288,0.08607896597930666,0.009865701069395666
2024-06-11 12:00:00,0.0034377581180907585,0.21832372481552045,0.07571907573073622,0.007399275802046749
2024-06-11 13:00:00,0.004354493616248294,0.221962425558498,0.0840499276714605,0.009372416015925882
2024-06-11 14:00:00,0.004583677490787677,0.22313705764748848,0.08620778520491042,0.009865701069395666
2024-06-11 15:00:00,0.004010717804439218,0.22126030503799668,0.08100637020969123,0.008632488435721208
2024-06-11 16:00:00,0.0022918387453938387,0.216620648811937,0.0666162796712117,0.004932850534697833
2024-06-11 17:00:00,0.0009167354981575355,0.23123362010504073,0.0558827446555286,0.001973140213879133
2024-06-11 18:00:00,0.0005729596863484597,0.23159132719752382,0.052409789775080165,0.0012332126336744582
2024-06-11 19:00:00,0.00045836774907876776,0.2115321285625194,0.048053385472698454,0.0009865701069395666
2024-06-11 20:00:00,0.00034377581180907585,0.17504207815482173,0.04282634465808206,0.0007399275802046749
2024-06-11 21:00:00,0.00034377581180907585,0.15239071272535934,0.03965621847709511,0.0007399275802046749
2024-06-11 22:00:00,0.00034377581180907585,0.13185900252186575,0.03652903203797608,0.0007399275802046749
2024-06-11 23:00:00,0.00034377581180907585,0.12669831647808097,0.03444424107856338,0.0007399275802046749
2024-06-12 00:00:00,0.0001039322221748372,0.09775130854380305,0.02544570911565043,0.00022369903587583258
2024-06-12 01:00:00,0.0001039322221748372,0.09455410942175346,0.023820319715463237,0.00022369903587583258
2024-06-12 02:00:00,0.0001039322221748372,0.09295550986072867,0.023007625015369643,0.00022369903587583258
2024-06-12 03:00:00,0.0001039322221748372,0.09295550986072867,0.023007625015369643,0.00022369903587583258
2024-06-12 04:00:00,0.0001039322221748372,0.09455410942175346,0.023820319715463237,0.00022369903587583258
2024-06-12 05:00:00,0.00017322037029139534,0.11082887003373151,0.027732769646498318,0.00037283172645972095
2024-06-12 06:00:00,0.000519661110874186,0.14526097250836104,0.0375909238451182,0.001118495179379163
2024-06-12 07:00:00,0.0012125425920397673,0.16633042464443104,0.0485123133750314,0.0026098220852180465
2024-06-12 08:00:00,0.0015589833326225579,0.16810603129057944,0.052303078474011465,0.0033554855381374886
2024-06-12 09:00:00,0.0015589833326225579,0.16490883216852983,0.05082241190752725,0.0033554855381374886
2024-06-12 10:00:00,0.0014896951845059998,0.16295511127827536,0.04939628702134063,0.0032063528475536
2024-06-12 11:00:00,0.0013857629623311627,0.16323964654741524,0.04833141890849809,0.0029826538116777676
2024-06-12 12:00:00,0.001039322221748372,0.16146403990126681,0.04502306325519464,0.002236990358758326
2024-06-12 13:00:00,0.0013164748142146044,0.16206730795520116,0.04771798872240506,0.002833521121093879
2024-06-12 14:00:00,0.0013857629623311627,0.16242242928443085,0.04847614174220108,0.0029826538116777676
2024-06-12 15:00:00,0.0012125425920397673,0.162351843224341,0.04679784344326551,0.0026098220852180465
2024-06-12 16:00:00,0.0006928814811655813,0.16292146734211194,0.04276860702482308,0.0014913269058388838
2024-06-12 17:00:00,0.0002771525924662325,0.17759926584235453,0.039989801139937185,0.0005965307623355535
2024-06-12 18:00:00,0.00017322037029139534,0.17870101837447877,0.03858724641512103,0.00037283172645972095
2024-06-12 19:00:00,0.00013857629623311625,0.163385200725156,0.03560124249895543,0.00029826538116777674
2024-06-12 20:00:00,0.0001039322221748372,0.13531110795019047,0.03199550766096686,0.00022369903587583258
2024-06-12 21:00:00,0.0001039322221748372,0.11772119917652937,0.029509182616118415,0.00022369903587583258
2024-06-12 22:00:00,0.0001039322221748372,0.10176572492883705,0.027071098515837624,0.00022369903587583258
2024-06-12 23:00:00,0.0001039322221748372,0.09775130854380305,0.02544570911565043,0.00022369903587583258
2024-06-13 00:00:00,0.0001039322221748372,0.09775130854380305,0.02544570911565043,0.00022369903587583258
2024-06-13 01:00:00,0.0001039322221748372,0.09455410942175346,0.023820319715463237,0.00022369903587583258
2024-06-13 02:00:00,0.0001039322221748372,0.09295550986072867,0.023007625015369643,0.00022369903587583258
2024-06-13 03:00:00,0.0001039322221748372,0.09295550986072867,0.023007625015369643,0.00022369903587583258
2024-06-13 04:00:00,0.0001039322221748372,0.09455410942175346,0.023820319715463237,0.00022369903587583258
2024-06-13 05:00:00,0.00017322037029139534,0.11082887003373151,0.027732769646498318,0.00037283172645972095
2024-06-13 06:00:00,0.000519661110874186,0.14526097250836104,0.0375909238451182,0.001118495179379163
2024-06-13 07:00:00,0.0012125425920397673,0.16633042464443104,0.0485123133750314,0.0026098220852180465
2024-06-13 08:00:00,0.0015589833326225579,0.16810603129057944,0.052303078474011465,0.0033554855381374886
2024-06-13 09:00:00,0.0015589833326225579,0.16490883216852983,0.05082241190752725,0.0033554855381374886
2024-06-13 10:00:00,0.0014896951845059998,0.16295511127827536,0.04939628702134063,0.0032063528475536
2024-06-13 11:00:00,0.0013857629623311627,0.16323964654741524,0.04833141890849809,0.0029826538116777676
2024-06-13 12:00:00,0.001039322221748372,0.16146403990126681,0.04502306325519464,0.002236990358758326
2024-06-13 13:00:00,0.0013164748142146044,0.16206730795520116,0.04771798872240506,0.002833521121093879
2024-06-13 14:00:00,0.0013857629623311627,0.16242242928443085,0.04847614174220108,0.0029826538116777676
2024-06-13 15:00:00,0.0012125425920397673,0.162351843224341,0.04679784344326551,0.0026098220852180465
2024-06-13 16:00:00,0.0006928814811655813,0.16292146734211194,0.04276860702482308,0.0014913269058388838
2024-06-13 17:00:00,0.0002771525924662325,0.17759926584235453,0.039989801139937185,0.0005965307623355535
2024-06-13 18:00:00,0.00017322037029139534,0.17870101837447877,0.03858724641512103,0.00037283172645972095
2024-06-13 19:00:00,0.00013857629623311625,0.163385200725156,0.03560124249895543,0.00029826538116777674
2024-06-13 20:00:00,0.0001039322221748372,0.13531110795019047,0.03199550766096686,0.00022369903587583258
2024-06-13 21:00:00,0.0001039322221748372,0.11772119917652937,0.029509182616118415,0.00022369903587583258
2024-06-13 22:00:00,0.0001039322221748372,0.10176572492883705,0.027071098515837624,0.00022369903587583258
2024-06-13 23:00:00,0.0001039322221748372,0.09775130854380305,0.02544570911565043,0.00022369903587583258
2024-06-14 00:00:00,0.0001039322221748372,0.09775130854380305,0.02544570911565043,0.00022369903587583258
2024-06-14 01:00:00,0.0001039322221748372,0.09455410942175346,0.023820319715463237,0.00022369903587583258
2024-06-14 02:00:00,0.0001039322221748372,0.09295550986072867,0.023007625015369643,0.00022369903587583258
2024-06-14 03:00:00,0.0001039322221748372,0.09295550986072867,0.023007625015369643,0.00022369903587583258
2024-06-14 04:00:00,0.0001039322221748372,0.09455410942175346,0.023820319715463237,0.00022369903587583258
2024-06-14 05:00:00,0.00017322037029139534,0.11082887003373151,0.027732769646498318,0.00037283172645972095
2024-06-14 06:00:00,0.000519661110874186,0.14526097250836104,0.0375909238451182,0.001118495179379163
2024-06-14 07:00:00,0.0012125425920397673,0.16633042464443104,0.0485123133750314,0.0026098220852180465
2024-06-14 08:00:00,0.0015589833326225579,0.16810603129057944,0.052303078474011465,0.0033554855381374886
2024-06-14 09:00:00,0.0015589833326225579,0.16490883216852983,0.05082241190752725,0.0033554855381374886
2024-06-14 10:00:00,0.0014896951845059998,0.16295511127827536,0.04939628702134063,0.0032063528475536
2024-06-14 11:00:00,0.0013857629623311627,0.16323964654741524,0.04833141890849809,0.0029826538116777676
2024-06-14 12:00:00,0.001039322221748372,0.16146403990126681,0.04502306325519464,0.002236990358758326
2024-06-14 13:00:00,0.0013164748142146044,0.16206730795520116,0.04771798872240506,0.002833521121093879
2024-06-14 14:00:00,0.0013857629623311627,0.16242242928443085,0.04847614174220108,0.0029826538116777676
2024-06-14 15:00:00,0.0012125425920397673,0.162351843224341,0.04679784344326551,0.0026098220852180465
2024-06-14 16:00:00,0.0006928814811655813,0.16292146734211194,0.04276860702482308,0.0014913269058388838
2024-06-14 17:00:00,0.0002771525924662325,0.17759926584235453,0.039989801139937185,0.0005965307623355535
2024-06-14 18:00:00,0.00017322037029139534,0.17870101837447877,0.03858724641512103,0.00037283172645972095
2024-06-14 19:00:00,0.00013857629623311625,0.163385200725156,0.03560124249895543,0.00029826538116777674
2024-06-14 20:00:00,0.0001039322221748372,0.13531110795019047,0.03199550766096686,0.00022369903587583258
2024-06-14 21:00:00,0.0001039322221748372,0.11772119917652937,0.029509182616118415,0.00022369903587583258
2024-06-14 22:00:00,0.0001039322221748372,0.10176572492883705,0.027071098515837624,0.00022369903587583258
2024-06-14 23:00:00,0.0001039322221748372,0.09775130854380305,0.02544570911565043,0.00022369903587583258
2024-06-15 00:00:00,0.0006279238423063081,0.10165355062751817,0.032041257380029414,0.0013515150084164886
2024-06-15 01:00:00,0.0006279238423063081,0.09851177424214548,0.030444043744092486,0.0013515150084164886
2024-06-15 02:00:00,0.0006279238423063081,0.09694088604945915,0.029645436926124022,0.0013515150084164886
2024-06-15 03:00:00,0.0006279238423063081,0.09694088604945915,0.029645436926124022,0.0013515150084164886
2024-06-15 04:00:00,0.0006279238423063081,0.09851177424214548,0.030444043744092486,0.0013515150084164886
2024-06-15 05:00:00,0.0006279238423063081,0.11251360168655956,0.03283986419799787,0.0013515150084164886
2024-06-15 06:00:00,0.0006279238423063081,0.1395200440772467,0.03683289828784019,0.0013515150084164886
2024-06-15 07:00:00,0.0006279238423063081,0.15566643540889247,0.040027325559714055,0.0013515150084164886
2024-06-15 08:00:00,0.0006279238423063081,0.1676738378570245,0.04082593237768252,0.0013515150084164886
2024-06-15 09:00:00,0.0006279238423063081,0.16882118924611517,0.04082593237768252,0.0013515150084164886
2024-06-15 10:00:00,0.0006279238423063081,0.1693948649406605,0.04082593237768252,0.0013515150084164886
2024-06-15 11:00:00,0.0006279238423063081,0.16996854063520583,0.04082593237768252,0.0013515150084164886
2024-06-15 12:00:00,0.0006279238423063081,0.1662528754886638,0.04082593237768252,0.0013515150084164886
2024-06-15 13:00:00,0.0006279238423063081,0.16567919979411846,0.04082593237768252,0.0013515150084164886
2024-06-15 14:00:00,0.0006279238423063081,0.16510552409957313,0.04082593237768252,0.0013515150084164886
2024-06-15 15:00:00,0.0006279238423063081,0.16510552409957313,0.04082593237768252,0.0013515150084164886
2024-06-15 16:00:00,0.0006279238423063081,0.16510552409957313,0.04082593237768252,0.0013515150084164886
2024-06-15 17:00:00,0.0006279238423063081,0.16510552409957313,0.04082593237768252,0.0013515150084164886
2024-06-15 18:00:00,0.0006279238423063081,0.15895835068521477,0.04082593237768252,0.0013515150084164886
2024-06-15 19:00:00,0.0006279238423063081,0.14752462393162805,0.040027325559714055,0.0013515150084164886
2024-06-15 20:00:00,0.0006279238423063081,0.13394633329080965,0.03843011192377713,0.0013515150084164886
2024-06-15 21:00:00,0.0006279238423063081,0.11937083015185027,0.036034291469871735,0.0013515150084164886
2024-06-15 22:00:00,0.0006279238423063081,0.1063662152055772,0.0344370778339348,0.0013515150084164886
2024-06-15 23:00:00,0.0006279238423063081,0.1032244388202045,0.03283986419799787,0.0013515150084164886
2024-06-16 00:00:00,0.0006279238423063081,0.10165355062751817,0.032041257380029414,0.0013515150084164886
2024-06-16 01:00:00,0.0006279238423063081,0.09851177424214548,0.030444043744092486,0.0013515150084164886
2024-06-16 02:00:00,0.0006279238423063081,0.09694088604945915,0.029645436926124022,0.0013515150084164886
2024-06-16 03:00:00,0.0006279238423063081,0.09694088604945915,0.029645436926124022,0.0013515150084164886
2024-06-16 04:00:00,0.0006279238423063081,0.09851177424214548,0.030444043744092486,0.0013515150084164886
2024-06-16 05:00:00,0.0006279238423063081,0.11251360168655956,0.03283986419799787,0.0013515150084164886
2024-06-16 06:00:00,0.0006279238423063081,0.1395200440772467,0.03683289828784019,0.0013515150084164886
2024-06-16 07:00:00,0.0006279238423063081,0.15566643540889247,0.040027325559714055,0.0013515150084164886
2024-06-16 08:00:00,0.0006279238423063081,0.1676738378570245,0.04082593237768252,0.0013515150084164886
2024-06-16 09:00:00,0.0006279238423063081,0.16882118924611517,0.04082593237768252,0.0013515150084164886
2024-06-16 10:00:00,0.0006279238423063081,0.1693948649406605,0.04082593237768252,0.0013515150084164886
2024-06-16 11:00:00,0.0006279238423063081,0.16996854063520583,0.04082593237768252,0.0013515150084164886
2024-06-16 12:00:00,0.0006279238423063081,0.1662528754886638,0.04082593237768252,0.0013515150084164886
2024-06-16 13:00:00,0.0006279238423063081,0.16567919979411846,0.04082593237768252,0.0013515150084164886
2024-06-16 14:00:00,0.0006279238423063081,0.16510552409957313,0.04082593237768252,0.0013515150084164886
2024-06-16 15:00:00,0.0006279238423063081,0.16510552409957313,0.04082593237768252,0.0013515150084164886
2024-06-16 16:00:00,0.0006279238423063081,0.16510552409957313,0.04082593237768252,0.0013515150084164886
2024-06-16 17:00:00,0.0006279238423063081,0.16510552409957313,0.04082593237768252,0.0013515150084164886
2024-06-16 18:00:00,0.0006279238423063081,0.15895835068521477,0.04082593237768252,0.0013515150084164886
2024-06-16 19:00:00,0.0006279238423063081,0.14752462393162805,0.040027325559714055,0.0013515150084164886
2024-06-16 20:00:00,0.0006279238423063081,0.13394633329080965,0.03843011192377713,0.0013515150084164886
2024-06-16 21:00:00,0.0006279238423063081,0.11937083015185027,0.036034291469871735,0.0013515150084164886
2024-06-16 22:00:00,0.0006279238423063081,0.1063662152055772,0.0344370778339348,0.0013515150084164886
2024-06-16 23:00:00,0.0006279238423063081,0.1032244388202045,0.03283986419799787,0.0013515150084164886
2024-06-17 00:00:00,0.0001039322221748372,0.09775130854380305,0.02544570911565043,0.00022369903587583258
2024-06-17 01:00:00,0.0001039322221748372,0.09455410942175346,0.023820319715463237,0.00022369903587583258
2024-06-17 02:00:00,0.0001039322221748372,0.09295550986072867,0.023007625015369643,0.00022369903587583258
2024-06-17 03:00:00,0.0001039322221748372,0.09295550986072867,0.023007625015369643,0.00022369903587583258
2024-06-17 04:00:00,0.0001039322221748372,0.09455410942175346,0.023820319715463237,0.00022369903587583258
2024-06-17 05:00:00,0.00017322037029139534,0.11082887003373151,0.027732769646498318,0.00037283172645972095
2024-06-17 06:00:00,0.000519661110874186,0.14526097250836104,0.0375909238451182,0.001118495179379163
2024-06-17 07:00:00,0.0012125425920397673,0.16633042464443104,0.0485123133750314,0.0026098220852180465
2024-06-17 08:00:00,0.0015589833326225579,0.16810603129057944,0.052303078474011465,0.0033554855381374886
2024-06-17 09:00:00,0.0015589833326225579,0.16490883216852983,0.05082241190752725,0.0033554855381374886
2024-06-17 10:00:00,0.0014896951845059998,0.16295511127827536,0.04939628702134063,0.0032063528475536
2024-06-17 11:00:00,0.0013857629623311627,0.16323964654741524,0.04833141890849809,0.0029826538116777676
2024-06-17 12:00:00,0.001039322221748372,0.16146403990126681,0.04502306325519464,0.002236990358758326
2024-06-17 13:00:00,0.0013164748142146044,0.16206730795520116,0.04771798872240506,0.002833521121093879
2024-06-17 14:00:00,0.0013857629623311627,0.16242242928443085,0.04847614174220108,0.0029826538116777676
2024-06-17 15:00:00,0.0012125425920397673,0.162351843224341,0.04679784344326551,0.0026098220852180465
2024-06-17 16:00:00,0.0006928814811655813,0.16292146734211194,0.04276860702482308,0.0014913269058388838
2024-06-17 17:00:00,0.0002771525924662325,0.17759926584235453,0.039989801139937185,0.0005965307623355535
2024-06-17 18:00:00,0.00017322037029139534,0.17870101837447877,0.03858724641512103,0.00037283172645972095
2024-06-17 19:00:00,0.00013857629623311625,0.163385200725156,0.03560124249895543,0.00029826538116777674
2024-06-17 20:00:00,0.0001039322221748372,0.13531110795019047,0.03199550766096686,0.00022369903587583258
2024-06-17 21:00:00,0.0001039322221748372,0.11772119917652937,0.029509182616118415,0.00022369903587583258
2024-06-17 22:00:00,0.0001039322221748372,0.10176572492883705,0.027071098515837624,0.00022369903587583258
2024-06-17 23:00:00,0.0001039322221748372,0.09775130854380305,0.02544570911565043,0.00022369903587583258
2024-06-18 00:00:00,0.0001039322221748372,0.09775130854380305,0.02544570911565043,0.00022369903587583258
2024-06-18 01:00:00,0.0001039322221748372,0.09455410942175346,0.023820319715463237,0.00022369903587583258
2024-06-18 02:00:00,0.0001039322221748372,0.09295550986072867,0.023007625015369643,0.00022369903587583258
2024-06-18 03:00:00,0.0001039322221748372,0.09295550986072867,0.023007625015369643,0.00022369903587583258
2024-06-18 04:00:00,0.0001039322221748372,0.09455410942175346,0.023820319715463237,0.00022369903587583258
2024-06-18 05:00:00,0.00017322037029139534,0.11082887003373151,0.027732769646498318,0.00037283172645972095
2024-06-18 06:00:00,0.000519661110874186,0.14526097250836104,0.0375909238451182,0.001118495179379163
2024-06-18 07:00:00,0.0012125425920397673,0.16633042464443104,0.0485123133750314,0.0026098220852180465
2024-06-18 08:00:00,0.0015589833326225579,0.16810603129057944,0.052303078474011465,0.0033554855381374886
2024-06-18 09:00:00,0.0015589833326225579,0.16490883216852983,0.05082241190752725,0.0033554855381374886
2024-06-18 10:00:00,0.0014896951845059998,0.16295511127827536,0.04939628702134063,0.0032063528475536
2024-06-18 11:00:00,0.0013857629623311627,0.16323964654741524,0.04833141890849809,0.0029826538116777676
2024-06-18 12:00:00,0.001039322221748372,0.16146403990126681,0.04502306325519464,0.002236990358758326
2024-06-18 13:00:00,0.0013164748142146044,0.16206730795520116,0.04771798872240506,0.002833521121093879
2024-06-18 14:00:00,0.0013857629623311627,0.16242242928443085,0.04847614174220108,0.0029826538116777676
2024-06-18 15:00:00,0.0012125425920397673,0.162351843224341,0.04679784344326551,0.0026098220852180465
2024-06-18 16:00:00,0.0006928814811655813,0.16292146734211194,0.04276860702482308,0.0014913269058388838
2024-06-18 17:00:00,0.0002771525924662325,0.17759926584235453,0.039989801139937185,0.0005965307623355535
2024-06-18 18:00:00,0.00017322037029139534,0.17870101837447877,0.03858724641512103,0.00037283172645972095
2024-06-18 19:00:00,0.00013857629623311625,0.163385200725156,0.03560124249895543,0.00029826538116777674
2024-06-18 20:00:00,0.0001039322221748372,0.13531110795019047,0.03199550766096686,0.00022369903587583258
2024-06-18 21:00:00,0.0001039322221748372,0.11772119917652937,0.029509182616118415,0.00022369903587583258
2024-06-18 22:00:00,0.0001039322221748372,0.10176572492883705,0.027071098515837624,0.00022369903587583258
2024-06-18 23:00:00,0.0001039322221748372,0.09775130854380305,0.02544570911565043,0.00022369903587583258
2024-06-19 00:00:00,0.0008834238884861156,0.19182908433020665,0.054690937995117636,0.001901441804944576
2024-06-19 01:00:00,0.0008834238884861156,0.1856949924547171,0.05157249352744757,0.001901441804944576
2024-06-19 02:00:00,0.0008834238884861156,0.1826279465169723,0.05001327129361254,0.001901441804944576
2024-06-19 03:00:00,0.0008834238884861156,0.1826279465169723,0.05001327129361254,0.001901441804944576
2024-06-19 04:00:00,0.0008834238884861156,0.1856949924547171,0.05157249352744757,0.001901441804944576
2024-06-19 05:00:00,0.0014723731474768592,0.21939740899399168,0.06305455108037196,0.003169069674907627
2024-06-19 06:00:00,0.004417119442430577,0.2974635368683823,0.10178518407476697,0.009507209024722879
2024-06-19 07:00:00,0.010306612032338014,0.36139978103147247,0.16218804159875214,0.022183487724353388
2024-06-19 08:00:00,0.013251358327291733,0.37649243752373407,0.18872400504460835,0.02852162707416864
2024-06-19 09:00:00,0.013251358327291733,0.37035834564824444,0.18569859668431876,0.02852162707416864
2024-06-19 10:00:00,0.01266240906830099,0.36427276841204737,0.17892521786869298,0.027253999204205587
2024-06-19 11:00:00,0.011778985179814874,0.3613506723648534,0.17101094688862634,0.025352557399261014
2024-06-19 12:00:00,0.008834238884861154,0.34625801587259186,0.14478510380070508,0.019014418049445758
2024-06-19 13:00:00,0.01119003592082413,0.3567264401659166,0.16579679030683558,0.02408492952929796
2024-06-19 14:00:00,0.011778985179814874,0.3597449714643689,0.17110398299600685,0.025352557399261014
2024-06-19 15:00:00,0.010306612032338014,0.35380434411872264,0.15797555543414948,0.022183487724353388
2024-06-19 16:00:00,0.005889492589907437,0.33744380711904404,0.12027354312558636,0.012676278699630507
2024-06-19 17:00:00,0.0023557970359629745,0.35191091719608536,0.09164186756560945,0.005070511479852203
2024-06-19 18:00:00,0.0014723731474768592,0.35059452204937586,0.08351051233498837,0.003169069674907627
2024-06-19 19:00:00,0.0011778985179814873,0.31986271619658774,0.07607070716362041,0.0025352557399261014
2024-06-19 20:00:00,0.0008834238884861156,0.2644367611152426,0.06719572790159138,0.001901441804944576
2024-06-19 21:00:00,0.0008834238884861156,0.23039711821022718,0.06248704916429281,0.001901441804944576
2024-06-19 22:00:00,0.0008834238884861156,0.1995688771061807,0.05780938246278771,0.001901441804944576
2024-06-19 23:00:00,0.0008834238884861156,0.19182908433020665,0.054690937995117636,0.001901441804944576
2024-06-20 00:00:00,0.0001039322221748372,0.09775130854380305,0.02544570911565043,0.00022369903587583258
2024-06-20 01:00:00,0.0001039322221748372,0.09455410942175346,0.023820319715463237,0.00022369903587583258
2024-06-20 02:00:00,0.0001039322221748372,0.09295550986072867,0.023007625015369643,0.00022369903587583258
2024-06-20 03:00:00,0.0001039322221748372,0.09295550986072867,0.023007625015369643,0.00022369903587583258
2024-06-20 04:00:00,0.0001039322221748372,0.09455410942175346,0.023820319715463237,0.00022369903587583258
2024-06-20 05:00:00,0.00017322037029139534,0.11082887003373151,0.027732769646498318,0.00037283172645972095
2024-06-20 06:00:00,0.000519661110874186,0.14526097250836104,0.0375909238451182,0.001118495179379163
2024-06-20 07:00:00,0.0012125425920397673,0.16633042464443104,0.0485123133750314,0.0026098220852180465
2024-06-20 08:00:00,0.0015589833326225579,0.16810603129057944,0.052303078474011465,0.0033554855381374886
2024-06-20 09:00:00,0.0015589833326225579,0.16490883216852983,0.05082241190752725,0.0033554855381374886
2024-06-20 10:00:00,0.0014896951845059998,0.16295511127827536,0.04939628702134063,0.0032063528475536
2024-06-20 11:00:00,0.0013857629623311627,0.16323964654741524,0.04833141890849809,0.0029826538116777676
2024-06-20 12:00:00,0.001039322221748372,0.16146403990126681,0.04502306325519464,0.002236990358758326
2024-06-20 13:00:00,0.0013164748142146044,0.16206730795520116,0.04771798872240506,0.002833521121093879
2024-06-20 14:00:00,0.0013857629623311627,0.16242242928443085,0.04847614174220108,0.0029826538116777676
2024-06-20 15:00:00,0.0012125425920397673,0.162351843224341,0.04679784344326551,0.0026098220852180465
2024-06-20 16:00:00,0.0006928814811655813,0.16292146734211194,0.04276860702482308,0.0014913269058388838
2024-06-20 17:00:00,0.0002771525924662325,0.17759926584235453,0.039989801139937185,0.0005965307623355535
2024-06-20 18:00:00,0.00017322037029139534,0.17870101837447877,0.03858724641512103,0.00037283172645972095
2024-06-20 19:00:00,0.00013857629623311625,0.163385200725156,0.03560124249895543,0.00029826538116777674
2024-06-20 20:00:00,0.0001039322221748372,0.13531110795019047,0.03199550766096686,0.00022369903587583258
2024-06-20 21:00:00,0.0001039322221748372,0.11772119917652937,0.029509182616118415,0.00022369903587583258
2024-06-20 22:00:00,0.0001039322221748372,0.10176572492883705,0.027071098515837624,0.00022369903587583258
2024-06-20 23:00:00,0.0001039322221748372,0.09775130854380305,0.02544570911565043,0.00022369903587583258
2024-06-21 00:00:00,0.0001039322221748372,0.09775130854380305,0.02544570911565043,0.00022369903587583258
2024-06-21 01:00:00,0.0001039322221748372,0.09455410942175346,0.023820319715463237,0.00022369903587583258
2024-06-21 02:00:00,0.0001039322221748372,0.09295550986072867,0.023007625015369643,0.00022369903587583258
2024-06-21 03:00:00,0.0001039322221748372,0.09295550986072867,0.023007625015369643,0.00022369903587583258
2024-06-21 04:00:00,0.0001039322221748372,0.09455410942175346,0.023820319715463237,0.00022369903587583258
2024-06-21 05:00:00,0.00017322037029139534,0.11082887003373151,0.027732769646498318,0.00037283172645972095
2024-06-21 06:00:00,0.000519661110874186,0.14526097250836104,0.0375909238451182,0.001118495179379163
2024-06-21 07:00:00,0.0012125425920397673,0.16633042464443104,0.0485123133750314,0.0026098220852180465
2024-06-21 08:00:00,0.0015589833326225579,0.16810603129057944,0.052303078474011465,0.0033554855381374886
2024-06-21 09:00:00,0.0015589833326225579,0.16490883216852983,0.05082241190752725,0.0033554855381374886
2024-06-21 10:00:00,0.0014896951845059998,0.16295511127827536,0.04939628702134063,0.0032063528475536
2024-06-21 11:00:00,0.0013857629623311627,0.16323964654741524,0.04833141890849809,0.0029826538116777676
2024-06-21 12:00:00,0.001039322221748372,0.16146403990126681,0.04502306325519464,0.002236990358758326
2024-06-21 13:00:00,0.0013164748142146044,0.16206730795520116,0.04771798872240506,0.002833521121093879
2024-06-21 14:00:00,0.0013857629623311627,0.16242242928443085,0.04847614174220108,0.0029826538116777676
2024-06-21 15:00:00,0.0012125425920397673,0.162351843224341,0.04679784344326551,0.0026098220852180465
2024-06-21 16:00:00,0.0006928814811655813,0.16292146734211194,0.04276860702482308,0.0014913269058388838
2024-06-21 17:00:00,0.0002771525924662325,0.17759926584235453,0.039989801139937185,0.0005965307623355535
2024-06-21 18:00:00,0.00017322037029139534,0.17870101837447877,0.03858724641512103,0.00037283172645972095
2024-06-21 19:00:00,0.00013857629623311625,0.163385200725156,0.03560124249895543,0.00029826538116777674
2024-06-21 20:00:00,0.0001039322221748372,0.13531110795019047,0.03199550766096686,0.00022369903587583258
2024-06-21 21:00:00,0.0001039322221748372,0.11772119917652937,0.029509182616118415,0.00022369903587583258
2024-06-21 22:00:00,0.0001039322221748372,0.10176572492883705,0.027071098515837624,0.00022369903587583258
2024-06-21 23:00:00,0.0001039322221748372,0.09775130854380305,0.02544570911565043,0.00022369903587583258
2024-06-22 00:00:00,0.0006279238423063081,0.10165355062751817,0.032041257380029414,0.0013515150084164886
2024-06-22 01:00:00,0.0006279238423063081,0.09851177424214548,0.030444043744092486,0.0013515150084164886
2024-06-22 02:00:00,0.0006279238423063081,0.09694088604945915,0.029645436926124022,0.0013515150084164886
2024-06-22 03:00:00,0.0006279238423063081,0.09694088604945915,0.029645436926124022,0.0013515150084164886
2024-06-22 04:00:00,0.0006279238423063081,0.09851177424214548,0.030444043744092486,0.0013515150084164886
2024-06-22 05:00:00,0.0006279238423063081,0.11251360168655956,0.03283986419799787,0.0013515150084164886
2024-06-22 06:00:00,0.0006279238423063081,0.1395200440772467,0.03683289828784019,0.0013515150084164886
2024-06-22 07:00:00,0.0006279238423063081,0.15566643540889247,0.040027325559714055,0.0013515150084164886
2024-06-22 08:00:00,0.0006279238423063081,0.1676738378570245,0.04082593237768252,0.0013515150084164886
2024-06-22 09:00:00,0.0006279238423063081,0.16882118924611517,0.04082593237768252,0.0013515150084164886
2024-06-22 10:00:00,0.0006279238423063081,0.1693948649406605,0.04082593237768252,0.0013515150084164886
2024-06-22 11:00:00,0.0006279238423063081,0.16996854063520583,0.04082593237768252,0.0013515150084164886
2024-06-22 12:00:00,0.0006279238423063081,0.1662528754886638,0.04082593237768252,0.0013515150084164886
2024-06-22 13:00:00,0.0006279238423063081,0.16567919979411846,0.04082593237768252,0.0013515150084164886
2024-06-22 14:00:00,0.0006279238423063081,0.16510552409957313,0.04082593237768252,0.0013515150084164886
2024-06-22 15:00:00,0.0006279238423063081,0.16510552409957313,0.04082593237768252,0.0013515150084164886
2024-06-22 16:00:00,0.0006279238423063081,0.16510552409957313,0.04082593237768252,0.0013515150084164886
2024-06-22 17:00:00,0.0006279238423063081,0.16510552409957313,0.04082593237768252,0.0013515150084164886
2024-06-22 18:00:00,0.0006279238423063081,0.15895835068521477,0.04082593237768252,0.0013515150084164886
2024-06-22 19:00:00,0.0006279238423063081,0.14752462393162805,0.040027325559714055,0.0013515150084164886
2024-06-22 20:00:00,0.0006279238423063081,0.13394633329080965,0.03843011192377713,0.0013515150084164886
2024-06-22 21:00:00,0.0006279238423063081,0.11937083015185027,0.036034291469871735,0.0013515150084164886
2024-06-22 22:00:00,0.0006279238423063081,0.1063662152055772,0.0344370778339348,0.0013515150084164886
2024-06-22 23:00:00,0.0006279238423063081,0.1032244388202045,0.03283986419799787,0.0013515150084164886
2024-06-23 00:00:00,0.0006279238423063081,0.10165355062751817,0.032041257380029414,0.0013515150084164886
2024-06-23 01:00:00,0.0006279238423063081,0.09851177424214548,0.030444043744092486,0.0013515150084164886
2024-06-23 02:00:00,0.0006279238423063081,0.09694088604945915,0.029645436926124022,0.0013515150084164886
2024-06-23 03:00:00,0.0006279238423063081,0.09694088604945915,0.029645436926124022,0.0013515150084164886
2024-06-23 04:00:00,0.0006279238423063081,0.09851177424214548,0.030444043744092486,0.0013515150084164886
2024-06-23 05:00:00,0.0006279238423063081,0.11251360168655956,0.03283986419799787,0.0013515150084164886
2024-06-23 06:00:00,0.0006279238423063081,0.1395200440772467,0.03683289828784019,0.0013515150084164886
2024-06-23 07:00:00,0.0006279238423063081,0.15566643540889247,0.040027325559714055,0.0013515150084164886
2024-06-23 08:00:00,0.0006279238423063081,0.1676738378570245,0.04082593237768252,0.0013515150084164886
2024-06-23 09:00:00,0.0006279238423063081,0.16882118924611517,0.04082593237768252,0.0013515150084164886
2024-06-23 10:00:00,0.0006279238423063081,0.1693948649406605,0.04082593237768252,0.0013515150084164886
2024-06-23 11:00:00,0.0006279238423063081,0.16996854063520583,0.04082593237768252,0.0013515150084164886
2024-06-23 12:00:00,0.0006279238423063081,0.1662528754886638,0.04082593237768252,0.0013515150084164886
2024-06-23 13:00:00,0.0006279238423063081,0.16567919979411846,0.04082593237768252,0.0013515150084164886
2024-06-23 14:00:00,0.0006279238423063081,0.16510552409957313,0.04082593237768252,0.0013515150084164886
2024-06-23 15:00:00,0.0006279238423063081,0.16510552409957313,0.04082593237768252,0.0013515150084164886
2024-06-23 16:00:00,0.0006279238423063081,0.16510552409957313,0.04082593237768252,0.0013515150084164886
2024-06-23 17:00:00,0.0006279238423063081,0.16510552409957313,0.04082593237768252,0.0013515150084164886
2024-06-23 18:00:00,0.0006279238423063081,0.15895835068521477,0.04082593237768252,0.0013515150084164886
2024-06-23 19:00:00,0.0006279238423063081,0.14752462393162805,0.040027325559714055,0.0013515150084164886
2024-06-23 20:00:00,0.0006279238423063081,0.13394633329080965,0.03843011192377713,0.0013515150084164886
2024-06-23 21:00:00,0.0006279238423063081,0.11937083015185027,0.036034291469871735,0.0013515150084164886
2024-06-23 22:00:00,0.0006279238423063081,0.1063662152055772,0.0344370778339348,0.0013515150084164886
2024-06-23 23:00:00,0.0006279238423063081,0.1032244388202045,0.03283986419799787,0.0013515150084164886
2024-06-24 00:00:00,0.0001039322221748372,0.09775130854380305,0.02544570911565043,0.00022369903587583258
2024-06-24 01:00:00,0.0001039322221748372,0.09455410942175346,0.023820319715463237,0.00022369903587583258
2024-06-24 02:00:00,0.0001039322221748372,0.09295550986072867,0.023007625015369643,0.00022369903587583258
2024-06-24 03:00:00,0.0001039322221748372,0.09295550986072867,0.023007625015369643,0.00022369903587583258
2024-06-24 04:00:00,0.0001039322221748372,0.09455410942175346,0.023820319715463237,0.00022369903587583258
2024-06-24 05:00:00,0.00017322037029139534,0.11082887003373151,0.027732769646498318,0.00037283172645972095
2024-06-24 06:00:00,0.000519661110874186,0.14526097250836104,0.0375909238451182,0.001118495179379163
2024-06-24 07:00:00,0.0012125425920397673,0.16633042464443104,0.0485123133750314,0.0026098220852180465
2024-06-24 08:00:00,0.0015589833326225579,0.16810603129057944,0.052303078474011465,0.0033554855381374886
2024-06-24 09:00:00,0.0015589833326225579,0.16490883216852983,0.05082241190752725,0.0033554855381374886
2024-06-24 10:00:00,0.0014896951845059998,0.16295511127827536,0.04939628702134063,0.0032063528475536
2024-06-24 11:00:00,0.0013857629623311627,0.16323964654741524,0.04833141890849809,0.0029826538116777676
2024-06-24 12:00:00,0.001039322221748372,0.16146403990126681,0.04502306325519464,0.002236990358758326
2024-06-24 13:00:00,0.0013164748142146044,0.16206730795520116,0.04771798872240506,0.002833521121093879
2024-06-24 14:00:00,0.0013857629623311627,0.16242242928443085,0.04847614174220108,0.0029826538116777676
2024-06-24 15:00:00,0.0012125425920397673,0.162351843224341,0.04679784344326551,0.0026098220852180465
2024-06-24 16:00:00,0.0006928814811655813,0.16292146734211194,0.04276860702482308,0.0014913269058388838
2024-06-24 17:00:00,0.0002771525924662325,0.17759926584235453,0.039989801139937185,0.0005965307623355535
2024-06-24 18:00:00,0.00017322037029139534,0.17870101837447877,0.03858724641512103,0.00037283172645972095
2024-06-24 19:00:00,0.00013857629623311625,0.163385200725156,0.03560124249895543,0.00029826538116777674
2024-06-24 20:00:00,0.0001039322221748372,0.13531110795019047,0.03199550766096686,0.00022369903587583258
2024-06-24 21:00:00,0.0001039322221748372,0.11772119917652937,0.029509182616118415,0.00022369903587583258
2024-06-24 22:00:00,0.0001039322221748372,0.10176572492883705,0.027071098515837624,0.00022369903587583258
2024-06-24 23:00:00,0.0001039322221748372,0.09775130854380305,0.02544570911565043,0.00022369903587583258
2024-06-25 00:00:00,0.0001039322221748372,0.09775130854380305,0.02544570911565043,0.00022369903587583258
2024-06-25 01:00:00,0.0001039322221748372,0.09455410942175346,0.023820319715463237,0.00022369903587583258
2024-06-25 02:00:00,0.0001039322221748372,0.09295550986072867,0.023007625015369643,0.00022369903587583258
2024-06-25 03:00:00,0.0001039322221748372,0.09295550986072867,0.023007625015369643,0.00022369903587583258
2024-06-25 04:00:00,0.0001039322221748372,0.09455410942175346,0.023820319715463237,0.00022369903587583258
2024-06-25 05:00:00,0.00017322037029139534,0.11082887003373151,0.027732769646498318,0.00037283172645972095
2024-06-25 06:00:00,0.000519661110874186,0.14526097250836104,0.0375909238451182,0.001118495179379163
2024-06-25 07:00:00,0.0012125425920397673,0.16633042464443104,0.0485123133750314,0.0026098220852180465
2024-06-25 08:00:00,0.0015589833326225579,0.16810603129057944,0.052303078474011465,0.0033554855381374886
2024-06-25 09:00:00,0.0015589833326225579,0.16490883216852983,0.05082241190752725,0.0033554855381374886
2024-06-25 10:00:00,0.0014896951845059998,0.16295511127827536,0.04939628702134063,0.0032063528475536
2024-06-25 11:00:00,0.0013857629623311627,0.16323964654741524,0.04833141890849809,0.0029826538116777676
2024-06-25 12:00:00,0.001039322221748372,0.16146403990126681,0.04502306325519464,0.002236990358758326
2024-06-25 13:00:00,0.0013164748142146044,0.16206730795520116,0.04771798872240506,0.002833521121093879
2024-06-25 14:00:00,0.0013857629623311627,0.16242242928443085,0.04847614174220108,0.0029826538116777676
2024-06-25 15:00:00,0.0012125425920397673,0.162351843224341,0.04679784344326551,0.0026098220852180465
2024-06-25 16:00:00,0.0006928814811655813,0.16292146734211194,0.04276860702482308,0.0014913269058388838
2024-06-25 17:00:00,0.0002771525924662325,0.17759926584235453,0.039989801139937185,0.0005965307623355535
2024-06-25 18:00:00,0.00017322037029139534,0.17870101837447877,0.03858724641512103,0.00037283172645972095
2024-06-25 19:00:00,0.00013857629623311625,0.163385200725156,0.03560124249895543,0.00029826538116777674
2024-06-25 20:00:00,0.0001039322221748372,0.13531110795019047,0.03199550766096686,0.00022369903587583258
2024-06-25 21:00:00,0.0001039322221748372,0.11772119917652937,0.029509182616118415,0.00022369903587583258
2024-06-25 22:00:00,0.0001039322221748372,0.10176572492883705,0.027071098515837624,0.00022369903587583258
2024-06-25 23:00:00,0.0001039322221748372,0.09775130854380305,0.02544570911565043,0.00022369903587583258
2024-06-26 00:00:00,0.0001039322221748372,0.09775130854380305,0.02544570911565043,0.00022369903587583258
2024-06-26 01:00:00,0.0001039322221748372,0.09455410942175346,0.023820319715463237,0.00022369903587583258
2024-06-26 02:00:00,0.0001039322221748372,0.09295550986072867,0.023007625015369643,0.00022369903587583258
2024-06-26 03:00:00,0.0001039322221748372,0.09295550986072867,0.023007625015369643,0.00022369903587583258
2024-06-26 04:00:00,0.0001039322221748372,0.09455410942175346,0.023820319715463237,0.00022369903587583258
2024-06-26 05:00:00,0.00017322037029139534,0.11082887003373151,0.027732769646498318,0.00037283172645972095
2024-06-26 06:00:00,0.000519661110874186,0.14526097250836104,0.0375909238451182,0.001118495179379163
2024-06-26 07:00:00,0.0012125425920397673,0.16633042464443104,0.0485123133750314,0.0026098220852180465
2024-06-26 08:00:00,0.0015589833326225579,0.16810603129057944,0.052303078474011465,0.0033554855381374886
2024-06-26 09:00:00,0.0015589833326225579,0.16490883216852983,0.05082241190752725,0.0033554855381374886
2024-06-26 10:00:00,0.0014896951845059998,0.16295511127827536,0.04939628702134063,0.0032063528475536
2024-06-26 11:00:00,0.0013857629623311627,0.16323964654741524,0.04833141890849809,0.0029826538116777676
2024-06-26 12:00:00,0.001039322221748372,0.16146403990126681,0.04502306325519464,0.002236990358758326
2024-06-26 13:00:00,0.0013164748142146044,0.16206730795520116,0.04771798872240506,0.002833521121093879
2024-06-26 14:00:00,0.0013857629623311627,0.16242242928443085,0.04847614174220108,0.0029826538116777676
2024-06-26 15:00:00,0.0012125425920397673,0.162351843224341,0.04679784344326551,0.0026098220852180465
2024-06-26 16:00:00,0.0006928814811655813,0.16292146734211194,0.04276860702482308,0.0014913269058388838
2024-06-26 17:00:00,0.0002771525924662325,0.17759926584235453,0.039989801139937185,0.0005965307623355535
2024-06-26 18:00:00,0.00017322037029139534,0.17870101837447877,0.03858724641512103,0.00037283172645972095
2024-06-26 19:00:00,0.00013857629623311625,0.163385200725156,0.03560124249895543,0.00029826538116777674
2024-06-26 20:00:00,0.0001039322221748372,0.13531110795019047,0.03199550766096686,0.00022369903587583258
2024-06-26 21:00:00,0.0001039322221748372,0.11772119917652937,0.029509182616118415,0.00022369903587583258
2024-06-26 22:00:00,0.0001039322221748372,0.10176572492883705,0.027071098515837624,0.00022369903587583258
2024-06-26 23:00:00,0.0001039322221748372,0.09775130854380305,0.02544570911565043,0.00022369903587583258
2024-06-27 00:00:00,0.0001039322221748372,0.09775130854380305,0.02544570911565043,0.00022369903587583258
2024-06-27 01:00:00,0.0001039322221748372,0.09455410942175346,0.023820319715463237,0.00022369903587583258
2024-06-27 02:00:00,0.0001039322221748372,0.09295550986072867,0.023007625015369643,0.00022369903587583258
2024-06-27 03:00:00,0.0001039322221748372,0.09295550986072867,0.023007625015369643,0.00022369903587583258
2024-06-27 04:00:00,0.0001039322221748372,0.09455410942175346,0.023820319715463237,0.00022369903587583258
2024-06-27 05:00:00,0.00017322037029139534,0.11082887003373151,0.027732769646498318,0.00037283172645972095
2024-06-27 06:00:00,0.000519661110874186,0.14526097250836104,0.0375909238451182,0.001118495179379163
2024-06-27 07:00:00,0.0012125425920397673,0.16633042464443104,0.0485123133750314,0.0026098220852180465
2024-06-27 08:00:00,0.0015589833326225579,0.16810603129057944,0.052303078474011465,0.0033554855381374886
2024-06-27 09:00:00,0.0015589833326225579,0.16490883216852983,0.05082241190752725,0.0033554855381374886
2024-06-27 10:00:00,0.0014896951845059998,0.16295511127827536,0.04939628702134063,0.0032063528475536
2024-06-27 11:00:00,0.0013857629623311627,0.16323964654741524,0.04833141890849809,0.0029826538116777676
2024-06-27 12:00:00,0.001039322221748372,0.16146403990126681,0.04502306325519464,0.002236990358758326
2024-06-27 13:00:00,0.0013164748142146044,0.16206730795520116,0.04771798872240506,0.002833521121093879
2024-06-27 14:00:00,0.0013857629623311627,0.16242242928443085,0.04847614174220108,0.0029826538116777676
2024-06-27 15:00:00,0.0012125425920397673,0.162351843224341,0.04679784344326551,0.0026098220852180465
2024-06-27 16:00:00,0.0006928814811655813,0.16292146734211194,0.04276860702482308,0.0014913269058388838
2024-06-27 17:00:00,0.0002771525924662325,0.17759926584235453,0.039989801139937185,0.0005965307623355535
2024-06-27 18:00:00,0.00017322037029139534,0.17870101837447877,0.03858724641512103,0.00037283172645972095
2024-06-27 19:00:00,0.00013857629623311625,0.163385200725156,0.03560124249895543,0.00029826538116777674
2024-06-27 20:00:00,0.0001039322221748372,0.13531110795019047,0.03199550766096686,0.00022369903587583258
2024-06-27 21:00:00,0.0001039322221748372,0.11772119917652937,0.029509182616118415,0.00022369903587583258
2024-06-27 22:00:00,0.0001039322221748372,0.10176572492883705,0.027071098515837624,0.00022369903587583258
2024-06-27 23:00:00,0.0001039322221748372,0.09775130854380305,0.02544570911565043,0.00022369903587583258
2024-06-28 00:00:00,0.0001039322221748372,0.09775130854380305,0.02544570911565043,0.00022369903587583258
2024-06-28 01:00:00,0.0001039322221748372,0.09455410942175346,0.023820319715463237,0.00022369903587583258
2024-06-28 02:00:00,0.0001039322221748372,0.09295550986072867,0.023007625015369643,0.00022369903587583258
2024-06-28 03:00:00,0.0001039322221748372,0.09295550986072867,0.023007625015369643,0.00022369903587583258
2024-06-28 04:00:00,0.0001039322221748372,0.09455410942175346,0.023820319715463237,0.00022369903587583258
2024-06-28 05:00:00,0.00017322037029139534,0.11082887003373151,0.027732769646498318,0.00037283172645972095
2024-06-28 06:00:00,0.000519661110874186,0.14526097250836104,0.0375909238451182,0.001118495179379163
2024-06-28 07:00:00,0.0012125425920397673,0.16633042464443104,0.0485123133750314,0.0026098220852180465
2024-06-28 08:00:00,0.0015589833326225579,0.16810603129057944,0.052303078474011465,0.0033554855381374886
2024-06-28 09:00:00,0.0015589833326225579,0.16490883216852983,0.05082241190752725,0.0033554855381374886
2024-06-28 10:00:00,0.0014896951845059998,0.16295511127827536,0.04939628702134063,0.0032063528475536
2024-06-28 11:00:00,0.0013857629623311627,0.16323964654741524,0.04833141890849809,0.0029826538116777676
2024-06-28 12:00:00,0.001039322221748372,0.16146403990126681,0.04502306325519464,0.002236990358758326
2024-06-28 13:00:00,0.0013164748142146044,0.16206730795520116,0.04771798872240506,0.002833521121093879
2024-06-28 14:00:00,0.0013857629623311627,0.16242242928443085,0.04847614174220108,0.0029826538116777676
2024-06-28 15:00:00,0.0012125425920397673,0.162351843224341,0.04679784344326551,0.0026098220852180465
2024-06-28 16:00:00,0.0006928814811655813,0.16292146734211194,0.04276860702482308,0.0014913269058388838
2024-06-28 17:00:00,0.0002771525924662325,0.17759926584235453,0.039989801139937185,0.0005965307623355535
2024-06-28 18:00:00,0.00017322037029139534,0.17870101837447877,0.03858724641512103,0.00037283172645972095
2024-06-28 19:00:00,0.00013857629623311625,0.163385200725156,0.03560124249895543,0.00029826538116777674
2024-06-28 20:00:00,0.0001039322221748372,0.13531110795019047,0.03199550766096686,0.00022369903587583258
2024-06-28 21:00:00,0.0001039322221748372,0.11772119917652937,0.029509182616118415,0.00022369903587583258
2024-06-28 22:00:00,0.0001039322221748372,0.10176572492883705,0.027071098515837624,0.00022369903587583258
2024-06-28 23:00:00,0.0001039322221748372,0.09775130854380305,0.02544570911565043,0.00022369903587583258
2024-06-29 00:00:00,0.0006279238423063081,0.10165355062751817,0.032041257380029414,0.0013515150084164886
2024-06-29 01:00:00,0.0006279238423063081,0.09851177424214548,0.030444043744092486,0.0013515150084164886
2024-06-29 02:00:00,0.0006279238423063081,0.09694088604945915,0.029645436926124022,0.0013515150084164886
2024-06-29 03:00:00,0.0006279238423063081,0.09694088604945915,0.029645436926124022,0.0013515150084164886
2024-06-29 04:00:00,0.0006279238423063081,0.09851177424214548,0.030444043744092486,0.0013515150084164886
2024-06-29 05:00:00,0.0006279238423063081,0.11251360168655956,0.03283986419799787,0.0013515150084164886
2024-06-29 06:00:00,0.0006279238423063081,0.1395200440772467,0.03683289828784019,0.0013515150084164886
2024-06-29 07:00:00,0.0006279238423063081,0.15566643540889247,0.040027325559714055,0.0013515150084164886
2024-06-29 08:00:00,0.0006279238423063081,0.1676738378570245,0.04082593237768252,0.0013515150084164886
2024-06-29 09:00:00,0.0006279238423063081,0.16882118924611517,0.04082593237768252,0.0013515150084164886
2024-06-29 10:00:00,0.0006279238423063081,0.1693948649406605,0.04082593237768252,0.0013515150084164886
2024-06-29 11:00:00,0.0006279238423063081,0.16996854063520583,0.04082593237768252,0.0013515150084164886
2024-06-29 12:00:00,0.0006279238423063081,0.1662528754886638,0.04082593237768252,0.0013515150084164886
2024-06-29 13:00:00,0.0006279238423063081,0.16567919979411846,0.04082593237768252,0.0013515150084164886
2024-06-29 14:00:00,0.0006279238423063081,0.16510552409957313,0.04082593237768252,0.0013515150084164886
2024-06-29 15:00:00,0.0006279238423063081,0.16510552409957313,0.04082593237768252,0.0013515150084164886
2024-06-29 16:00:00,0.0006279238423063081,0.16510552409957313,0.04082593237768252,0.0013515150084164886
2024-06-29 17:00:00,0.0006279238423063081,0.16510552409957313,0.04082593237768252,0.0013515150084164886
2024-06-29 18:00:00,0.0006279238423063081,0.15895835068521477,0.04082593237768252,0.0013515150084164886
2024-06-29 19:00:00,0.0006279238423063081,0.14752462393162805,0.040027325559714055,0.0013515150084164886
2024-06-29 20:00:00,0.0006279238423063081,0.13394633329080965,0.03843011192377713,0.0013515150084164886
2024-06-29 21:00:00,0.0006279238423063081,0.11937083015185027,0.036034291469871735,0.0013515150084164886
2024-06-29 22:00:00,0.0006279238423063081,0.1063662152055772,0.0344370778339348,0.0013515150084164886
2024-06-29 23:00:00,0.0006279238423063081,0.1032244388202045,0.03283986419799787,0.0013515150084164886
2024-06-30 00:00:00,0.0006279238423063081,0.10165355062751817,0.032041257380029414,0.0013515150084164886
2024-06-30 01:00:00,0.0006279238423063081,0.09851177424214548,0.030444043744092486,0.0013515150084164886
2024-06-30 02:00:00,0.0006279238423063081,0.09694088604945915,0.029645436926124022,0.0013515150084164886
2024-06-30 03:00:00,0.0006279238423063081,0.09694088604945915,0.029645436926124022,0.0013515150084164886
2024-06-30 04:00:00,0.0006279238423063081,0.09851177424214548,0.030444043744092486,0.0013515150084164886
2024-06-30 05:00:00,0.0006279238423063081,0.11251360168655956,0.03283986419799787,0.0013515150084164886
2024-06-30 06:00:00,0.0006279238423063081,0.1395200440772467,0.03683289828784019,0.0013515150084164886
2024-06-30 07:00:00,0.0006279238423063081,0.15566643540889247,0.040027325559714055,0.0013515150084164886
2024-06-30 08:00:00,0.0006279238423063081,0.1676738378570245,0.04082593237768252,0.0013515150084164886
2024-06-30 09:00:00,0.0006279238423063081,0.16882118924611517,0.04082593237768252,0.0013515150084164886
2024-06-30 10:00:00,0.0006279238423063081,0.1693948649406605,0.04082593237768252,0.0013515150084164886
2024-06-30 11:00:00,0.0006279238423063081,0.16996854063520583,0.04082593237768252,0.0013515150084164886
2024-06-30 12:00:00,0.0006279238423063081,0.1662528754886638,0.04082593237768252,0.0013515150084164886
2024-06-30 13:00:00,0.0006279238423063081,0.16567919979411846,0.04082593237768252,0.0013515150084164886
2024-06-30 14:00:00,0.0006279238423063081,0.16510552409957313,0.04082593237768252,0.0013515150084164886
2024-06-30 15:00:00,0.0006279238423063081,0.16510552409957313,0.04082593237768252,0.0013515150084164886
2024-06-30 16:00:00,0.0006279238423063081,0.16510552409957313,0.04082593237768252,0.0013515150084164886
2024-06-30 17:00:00,0.0006279238423063081,0.16510552409957313,0.04082593237768252,0.0013515150084164886
2024-06-30 18:00:00,0.0006279238423063081,0.15895835068521477,0.04082593237768252,0.0013515150084164886
2024-06-30 19:00:00,0.0006279238423063081,0.14752462393162805,0.040027325559714055,0.0013515150084164886
2024-06-30 20:00:00,0.0006279238423063081,0.13394633329080965,0.03843011192377713,0.0013515150084164886
2024-06-30 21:00:00,0.0006279238423063081,0.11937083015185027,0.036034291469871735,0.0013515150084164886
2024-06-30 22:00:00,0.0006279238423063081,0.1063662152055772,0.0344370778339348,0.0013515150084164886
2024-06-30 23:00:00,0.0006279238423063081,0.1032244388202045,0.03283986419799787,0.0013515150084164886
2024-07-01 00:00:00,0.00010057956984661664,0.09459804052626103,0.024624879789339124,0.0002164829379443541
2024-07-01 01:00:00,0.00010057956984661664,0.09150397685976142,0.023051922305287,0.0002164829379443541
2024-07-01 02:00:00,0.00010057956984661664,0.08995694502651162,0.02226544356326094,0.0002164829379443541
2024-07-01 03:00:00,0.00010057956984661664,0.08995694502651162,0.02226544356326094,0.0002164829379443541
2024-07-01 04:00:00,0.00010057956984661664,0.09150397685976142,0.023051922305287,0.0002164829379443541
2024-07-01 05:00:00,0.00016763261641102774,0.10725374519393373,0.026838164174030628,0.0003608048965739235
2024-07-01 06:00:00,0.0005028978492330832,0.14057513468551067,0.036378313398501484,0.0010824146897217704
2024-07-01 07:00:00,0.0011734283148771942,0.16096492707525584,0.04694740004035298,0.0025256342760174647
2024-07-01 08:00:00,0.0015086935476992499,0.16268325608765752,0.05061588239420464,0.0032472440691653118
2024-07-01 09:00:00,0.0015086935476992499,0.1595891924211579,0.049182979265348946,0.0032472440691653118
2024-07-01 10:00:00,0.0014416405011348386,0.15769849478542777,0.047802858407749,0.003102922110535742
2024-07-01 11:00:00,0.001341060931288222,0.15797385149749862,0.04677234087919171,0.002886439172591388
2024-07-01 12:00:00,0.0010057956984661665,0.15625552248509691,0.04357070637599482,0.002164829379443541
2024-07-01 13:00:00,0.0012740078847238109,0.15683933027922695,0.04617869876361781,0.002742117213961819
2024-07-01 14:00:00,0.001341060931288222,0.15718299608170727,0.04691239523438814,0.002886439172591388
2024-07-01 15:00:00,0.0011734283148771942,0.15711468699129777,0.04528823559025696,0.0025256342760174647
2024-07-01 16:00:00,0.000670530465644111,0.1576659361375277,0.04138897454015137,0.001443219586295694
2024-07-01 17:00:00,0.0002682121862576444,0.1718702572667947,0.03869980755477793,0.0005772878345182776
2024-07-01 18:00:00,0.00016763261641102774,0.17293646939465687,0.0373424965307623,0.0003608048965739235
2024-07-01 19:00:00,0.0001341060931288222,0.1581147103791832,0.03445281532156977,0.0002886439172591388
2024-07-01 20:00:00,0.00010057956984661664,0.1309462335001843,0.030963394510613088,0.0002164829379443541
2024-07-01 21:00:00,0.00010057956984661664,0.11392374113857681,0.028557273499469432,0.0002164829379443541
2024-07-01 22:00:00,0.00010057956984661664,0.09848295960855198,0.02619783727339125,0.0002164829379443541
2024-07-01 23:00:00,0.00010057956984661664,0.09459804052626103,0.024624879789339124,0.0002164829379443541
2024-07-02 00:00:00,-4.91554288724109e-06,0.09217755840976745,0.02200690247994079,-1.0579993207807114e-05
2024-07-02 01:00:00,-4.91554288724109e-06,0.08933643287514306,0.0205625334706001,-1.0579993207807114e-05
2024-07-02 02:00:00,-4.91554288724109e-06,0.08791587010783088,0.01984034896592976,-1.0579993207807114e-05
2024-07-02 03:00:00,-4.91554288724109e-06,0.08791587010783088,0.01984034896592976,-1.0579993207807114e-05
2024-07-02 04:00:00,-4.91554288724109e-06,0.08933643287514306,0.0205625334706001,-1.0579993207807114e-05
2024-07-02 05:00:00,-8.19257147873515e-06,0.10452644259267274,0.02355055431026044,-1.763332201301186e-05
2024-07-02 06:00:00,-2.4577714436205453e-05,0.13583762354094056,0.029952739858092665,-5.289996603903557e-05
2024-07-02 07:00:00,-5.7348000351146054e-05,0.1522970347517591,0.03519796761910736,-0.000123433254091083
2024-07-02 08:00:00,-7.373314330861635e-05,0.15221305626619056,0.03697733577974893,-0.00015869989811710672
2024-07-02 09:00:00,-7.373314330861635e-05,0.14937193073156618,0.03591785298713227,-0.00015869989811710672
2024-07-02 10:00:00,-7.04561147171223e-05,0.1479681636613677,0.03522468106705765,-0.00015164656931190197
2024-07-02 11:00:00,-6.55405718298812e-05,0.14897490581158782,0.0348833137272272,-0.00014106657610409487
2024-07-02 12:00:00,-4.9155428872410905e-05,0.14905888429715633,0.034386899622332406,-0.00010579993207807115
2024-07-02 13:00:00,-6.226354323838715e-05,0.14801015290415195,0.03491232631182292,-0.00013401324729889013
2024-07-02 14:00:00,-6.55405718298812e-05,0.14799335720703824,0.03526819994395123,-0.00014106657610409487
2024-07-02 15:00:00,-5.7348000351146054e-05,0.14901689505437207,0.0349558451887165,-0.000123433254091083
2024-07-02 16:00:00,-3.27702859149406e-05,0.15252652275913622,0.03525414704998135,-7.053328805204744e-05
2024-07-02 17:00:00,-1.310811436597624e-05,0.16990071984458535,0.03494816048327619,-2.8213315220818973e-05
2024-07-02 18:00:00,-8.19257147873515e-06,0.17188901059935507,0.03370872530442299,-1.763332201301186e-05
2024-07-02 19:00:00,-6.55405718298812e-06,0.15712961719603116,0.030915201054836427,-1.4106657610409486e-05
2024-07-02 20:00:00,-4.91554288724109e-06,0.12946200947090128,0.027912673922878224,-1.0579993207807114e-05
2024-07-02 21:00:00,-4.91554288724109e-06,0.11174957240537177,0.025617825003292516,-1.0579993207807114e-05
2024-07-02 22:00:00,-4.91554288724109e-06,0.09600023254894142,0.023451271489281483,-1.0579993207807114e-05
2024-07-02 23:00:00,-4.91554288724109e-06,0.09217755840976745,0.02200690247994079,-1.0579993207807114e-05
2024-07-03 00:00:00,5.955369267233876e-05,0.09365674192540242,0.02360677750235089,0.00012818068694073613
2024-07-03 01:00:00,5.955369267233876e-05,0.0906610430879654,0.02208382664735321,0.00012818068694073613
2024-07-03 02:00:00,5.955369267233876e-05,0.0891631936692469,0.021322351219854378,0.00012818068694073613
2024-07-03 03:00:00,5.955369267233876e-05,0.0891631936692469,0.021322351219854378,0.00012818068694073613
2024-07-03 04:00:00,5.955369267233876e-05,0.0906610430879654,0.02208382664735321,0.00012818068694073613
2024-07-03 05:00:00,9.925615445389794e-05,0.10619312751566558,0.025559649227008895,0.0002136344782345602
2024-07-03 06:00:00,0.0002977684633616938,0.1387327692404001,0.033879479243898065,0.0006409034347036807
2024-07-03 07:00:00,0.0006947930811772856,0.15759408006056266,0.0423781763209797,0.0014954413476419215
2024-07-03 08:00:00,0.0008933053900850815,0.15861151171264262,0.045312003155249664,0.001922710304111042
2024-07-03 09:00:00,0.0008933053900850815,0.1556158128752056,0.04402431904604249,0.001922710304111042
2024-07-03 10:00:00,0.0008536029283035223,0.1539144771260711,0.04291134499748015,0.0018372565128172177
2024-07-03 11:00:00,0.0007940492356311835,0.15447426150853333,0.04214883032009441,0.0017090758258764816
2024-07-03 12:00:00,0.0005955369267233876,0.15345682985645337,0.03999922597179278,0.0012818068694073613
2024-07-03 13:00:00,0.0007543467738496243,0.1534057613000311,0.04179733169903092,0.0016236220345826576
2024-07-03 14:00:00,0.0007940492356311835,0.15360924763044712,0.04238409706588491,0.0017090758258764816
2024-07-03 15:00:00,0.0006947930811772856,0.15396554568249335,0.04127008376743568,0.0014954413476419215
2024-07-03 16:00:00,0.00039702461781559176,0.15566727537926434,0.039003208293974155,0.0008545379129382408
2024-07-03 17:00:00,0.00015880984712623672,0.17110432604704665,0.03724083369363837,0.0003418151651752963
2024-07-03 18:00:00,9.925615445389794e-05,0.17252912430759507,0.035929363276074794,0.0002136344782345602
2024-07-03 19:00:00,7.940492356311836e-05,0.1577316185857352,0.033077076440062365,0.00017090758258764816
2024-07-03 20:00:00,5.955369267233876e-05,0.13036903526657423,0.029777003170938423,0.00012818068694073613
2024-07-03 21:00:00,5.955369267233876e-05,0.11307823107566375,0.027414154639845083,0.00012818068694073613
2024-07-03 22:00:00,5.955369267233876e-05,0.09751745464092566,0.025129728357348568,0.00012818068694073613
2024-07-03 23:00:00,5.955369267233876e-05,0.09365674192540242,0.02360677750235089,0.00012818068694073613
2024-07-04 00:00:00,0.00010057956984661664,0.09459804052626103,0.024624879789339124,0.0002164829379443541
2024-07-04 01:00:00,0.00010057956984661664,0.09150397685976142,0.023051922305287,0.0002164829379443541
2024-07-04 02:00:00,0.00010057956984661664,0.08995694502651162,0.02226544356326094,0.0002164829379443541
2024-07-04 03:00:00,0.00010057956984661664,0.08995694502651162,0.02226544356326094,0.0002164829379443541
2024-07-04 04:00:00,0.00010057956984661664,0.09150397685976142,0.023051922305287,0.0002164829379443541
2024-07-04 05:00:00,0.00016763261641102774,0.10725374519393373,0.026838164174030628,0.0003608048965739235
2024-07-04 06:00:00,0.0005028978492330832,0.14057513468551067,0.036378313398501484,0.0010824146897217704
2024-07-04 07:00:00,0.0011734283148771942,0.16096492707525584,0.04694740004035298,0.0025256342760174647
2024-07-04 08:00:00,0.0015086935476992499,0.16268325608765752,0.05061588239420464,0.0032472440691653118
2024-07-04 09:00:00,0.0015086935476992499,0.1595891924211579,0.049182979265348946,0.0032472440691653118
2024-07-04 10:00:00,0.0014416405011348386,0.15769849478542777,0.047802858407749,0.003102922110535742
2024-07-04 11:00:00,0.001341060931288222,0.15797385149749862,0.04677234087919171,0.002886439172591388
2024-07-04 12:00:00,0.0010057956984661665,0.15625552248509691,0.04357070637599482,0.002164829379443541
2024-07-04 13:00:00,0.0012740078847238109,0.15683933027922695,0.04617869876361781,0.002742117213961819
2024-07-04 14:00:00,0.001341060931288222,0.15718299608170727,0.04691239523438814,0.002886439172591388
2024-07-04 15:00:00,0.0011734283148771942,0.15711468699129777,0.04528823559025696,0.0025256342760174647
2024-07-04 16:00:00,0.000670530465644111,0.1576659361375277,0.04138897454015137,0.001443219586295694
2024-07-04 17:00:00,0.0002682121862576444,0.1718702572667947,0.03869980755477793,0.0005772878345182776
2024-07-04 18:00:00,0.00016763261641102774,0.17293646939465687,0.0373424965307623,0.0003608048965739235
2024-07-04 19:00:00,0.0001341060931288222,0.1581147103791832,0.03445281532156977,0.0002886439172591388
2024-07-04 20:00:00,0.00010057956984661664,0.1309462335001843,0.030963394510613088,0.0002164829379443541
2024-07-04 21:00:00,0.00010057956984661664,0.11392374113857681,0.028557273499469432,0.0002164829379443541
2024-07-04 22:00:00,0.00010057956984661664,0.09848295960855198,0.02619783727339125,0.0002164829379443541
2024-07-04 23:00:00,0.00010057956984661664,0.09459804052626103,0.024624879789339124,0.0002164829379443541
2024-07-05 00:00:00,0.00010057956984661664,0.09459804052626103,0.024624879789339124,0.0002164829379443541
2024-07-05 01:00:00,0.00010057956984661664,0.09150397685976142,0.023051922305287,0.0002164829379443541
2024-07-05 02:00:00,0.00010057956984661664,0.08995694502651162,0.02226544356326094,0.0002164829379443541
2024-07-05 03:00:00,0.00010057956984661664,0.08995694502651162,0.02226544356326094,0.0002164829379443541
2024-07-05 04:00:00,0.00010057956984661664,0.09150397685976142,0.023051922305287,0.0002164829379443541
2024-07-05 05:00:00,0.00016763261641102774,0.10725374519393373,0.026838164174030628,0.0003608048965739235
2024-07-05 06:00:00,0.0005028978492330832,0.14057513468551067,0.036378313398501484,0.0010824146897217704
2024-07-05 07:00:00,0.0011734283148771942,0.16096492707525584,0.04694740004035298,0.0025256342760174647
2024-07-05 08:00:00,0.0015086935476992499,0.16268325608765752,0.05061588239420464,0.0032472440691653118
2024-07-05 09:00:00,0.0015086935476992499,0.1595891924211579,0.049182979265348946,0.0032472440691653118
2024-07-05 10:00:00,0.0014416405011348386,0.15769849478542777,0.047802858407749,0.003102922110535742
2024-07-05 11:00:00,0.001341060931288222,0.15797385149749862,0.04677234087919171,0.002886439172591388
2024-07-05 12:00:00,0.0010057956984661665,0.15625552248509691,0.04357070637599482,0.002164829379443541
2024-07-05 13:00:00,0.0012740078847238109,0.15683933027922695,0.04617869876361781,0.002742117213961819
2024-07-05 14:00:00,0.001341060931288222,0.15718299608170727,0.04691239523438814,0.002886439172591388
2024-07-05 15:00:00,0.0011734283148771942,0.15711468699129777,0.04528823559025696,0.0025256342760174647
2024-07-05 16:00:00,0.000670530465644111,0.1576659361375277,0.04138897454015137,0.001443219586295694
2024-07-05 17:00:00,0.0002682121862576444,0.1718702572667947,0.03869980755477793,0.0005772878345182776
2024-07-05 18:00:00,0.00016763261641102774,0.17293646939465687,0.0373424965307623,0.0003608048965739235
2024-07-05 19:00:00,0.0001341060931288222,0.1581147103791832,0.03445281532156977,0.0002886439172591388
2024-07-05 20:00:00,0.00010057956984661664,0.1309462335001843,0.030963394510613088,0.0002164829379443541
2024-07-05 21:00:00,0.00010057956984661664,0.11392374113857681,0.028557273499469432,0.0002164829379443541
2024-07-05 22:00:00,0.00010057956984661664,0.09848295960855198,0.02619783727339125,0.0002164829379443541
2024-07-05 23:00:00,0.00010057956984661664,0.09459804052626103,0.024624879789339124,0.0002164829379443541
2024-07-06 00:00:00,0.0006076682344899756,0.0983744038330821,0.03100766843228653,0.0013079177500804728
2024-07-06 01:00:00,0.0006076682344899756,0.09533397507304402,0.02946197781686369,0.0013079177500804728
2024-07-06 02:00:00,0.0006076682344899756,0.09381376069302498,0.028689132509152275,0.0013079177500804728
2024-07-06 03:00:00,0.0006076682344899756,0.09381376069302498,0.028689132509152275,0.0013079177500804728
2024-07-06 04:00:00,0.0006076682344899756,0.09533397507304402,0.02946197781686369,0.0013079177500804728
2024-07-06 05:00:00,0.0006076682344899756,0.10888413066441248,0.03178051373999794,0.0013079177500804728
2024-07-06 06:00:00,0.0006076682344899756,0.1350193974941097,0.03564474027855503,0.0013079177500804728
2024-07-06 07:00:00,0.0006076682344899756,0.15064493749247657,0.038736121509400694,0.0013079177500804728
2024-07-06 08:00:00,0.0006076682344899756,0.16226500437776567,0.03950896681711211,0.0013079177500804728
2024-07-06 09:00:00,0.0006076682344899756,0.16337534443172436,0.03950896681711211,0.0013079177500804728
2024-07-06 10:00:00,0.0006076682344899756,0.1639305144587037,0.03950896681711211,0.0013079177500804728
2024-07-06 11:00:00,0.0006076682344899756,0.16448568448568307,0.03950896681711211,0.0013079177500804728
2024-07-06 12:00:00,0.0006076682344899756,0.1608898795051585,0.03950896681711211,0.0013079177500804728
2024-07-06 13:00:00,0.0006076682344899756,0.16033470947817915,0.03950896681711211,0.0013079177500804728
2024-07-06 14:00:00,0.0006076682344899756,0.15977953945119983,0.03950896681711211,0.0013079177500804728
2024-07-06 15:00:00,0.0006076682344899756,0.15977953945119983,0.03950896681711211,0.0013079177500804728
2024-07-06 16:00:00,0.0006076682344899756,0.15977953945119983,0.03950896681711211,0.0013079177500804728
2024-07-06 17:00:00,0.0006076682344899756,0.15977953945119983,0.03950896681711211,0.0013079177500804728
2024-07-06 18:00:00,0.0006076682344899756,0.15383066195343365,0.03950896681711211,0.0013079177500804728
2024-07-06 19:00:00,0.0006076682344899756,0.14276576509512393,0.038736121509400694,0.0013079177500804728
2024-07-06 20:00:00,0.0006076682344899756,0.12962548382981579,0.03719043089397786,0.0013079177500804728
2024-07-06 21:00:00,0.0006076682344899756,0.115520158211468,0.034871894970843614,0.0013079177500804728
2024-07-06 22:00:00,0.0006076682344899756,0.10293504697313921,0.03332620435542078,0.0013079177500804728
2024-07-06 23:00:00,0.0006076682344899756,0.09989461821310114,0.03178051373999794,0.0013079177500804728
2024-07-07 00:00:00,0.0006076682344899756,0.0983744038330821,0.03100766843228653,0.0013079177500804728
2024-07-07 01:00:00,0.0006076682344899756,0.09533397507304402,0.02946197781686369,0.0013079177500804728
2024-07-07 02:00:00,0.0006076682344899756,0.09381376069302498,0.028689132509152275,0.0013079177500804728
2024-07-07 03:00:00,0.0006076682344899756,0.09381376069302498,0.028689132509152275,0.0013079177500804728
2024-07-07 04:00:00,0.0006076682344899756,0.09533397507304402,0.02946197781686369,0.0013079177500804728
2024-07-07 05:00:00,0.0006076682344899756,0.10888413066441248,0.03178051373999794,0.0013079177500804728
2024-07-07 06:00:00,0.0006076682344899756,0.1350193974941097,0.03564474027855503,0.0013079177500804728
2024-07-07 07:00:00,0.0006076682344899756,0.15064493749247657,0.038736121509400694,0.0013079177500804728
2024-07-07 08:00:00,0.0006076682344899756,0.16226500437776567,0.03950896681711211,0.0013079177500804728
2024-07-07 09:00:00,0.0006076682344899756,0.16337534443172436,0.03950896681711211,0.0013079177500804728
2024-07-07 10:00:00,0.0006076682344899756,0.1639305144587037,0.03950896681711211,0.0013079177500804728
2024-07-07 11:00:00,0.0006076682344899756,0.16448568448568307,0.03950896681711211,0.0013079177500804728
2024-07-07 12:00:00,0.0006076682344899756,0.1608898795051585,0.03950896681711211,0.0013079177500804728
2024-07-07 13:00:00,0.0006076682344899756,0.16033470947817915,0.03950896681711211,0.0013079177500804728
2024-07-07 14:00:00,0.0006076682344899756,0.15977953945119983,0.03950896681711211,0.0013079177500804728
2024-07-07 15:00:00,0.0006076682344899756,0.15977953945119983,0.03950896681711211,0.0013079177500804728
2024-07-07 16:00:00,0.0006076682344899756,0.15977953945119983,0.03950896681711211,0.0013079177500804728
2024-07-07 17:00:00,0.0006076682344899756,0.15977953945119983,0.03950896681711211,0.0013079177500804728
2024-07-07 18:00:00,0.0006076682344899756,0.15383066195343365,0.03950896681711211,0.0013079177500804728
2024-07-07 19:00:00,0.0006076682344899756,0.14276576509512393,0.038736121509400694,0.0013079177500804728
2024-07-07 20:00:00,0.0006076682344899756,0.12962548382981579,0.03719043089397786,0.0013079177500804728
2024-07-07 21:00:00,0.0006076682344899756,0.115520158211468,0.034871894970843614,0.0013079177500804728
2024-07-07 22:00:00,0.0006076682344899756,0.10293504697313921,0.03332620435542078,0.0013079177500804728
2024-07-07 23:00:00,0.0006076682344899756,0.09989461821310114,0.03178051373999794,0.0013079177500804728
2024-07-08 00:00:00,0.00010057956984661664,0.09459804052626103,0.024624879789339124,0.0002164829379443541
2024-07-08 01:00:00,0.00010057956984661664,0.09150397685976142,0.023051922305287,0.0002164829379443541
2024-07-08 02:00:00,0.00010057956984661664,0.08995694502651162,0.02226544356326094,0.0002164829379443541
2024-07-08 03:00:00,0.00010057956984661664,0.08995694502651162,0.02226544356326094,0.0002164829379443541
2024-07-08 04:00:00,0.00010057956984661664,0.09150397685976142,0.023051922305287,0.0002164829379443541
2024-07-08 05:00:00,0.00016763261641102774,0.10725374519393373,0.026838164174030628,0.0003608048965739235
2024-07-08 06:00:00,0.0005028978492330832,0.14057513468551067,0.036378313398501484,0.0010824146897217704
2024-07-08 07:00:00,0.0011734283148771942,0.16096492707525584,0.04694740004035298,0.0025256342760174647
2024-07-08 08:00:00,0.0015086935476992499,0.16268325608765752,0.05061588239420464,0.0032472440691653118
2024-07-08 09:00:00,0.0015086935476992499,0.1595891924211579,0.049182979265348946,0.0032472440691653118
2024-07-08 10:00:00,0.0014416405011348386,0.15769849478542777,0.047802858407749,0.003102922110535742
2024-07-08 11:00:00,0.001341060931288222,0.15797385149749862,0.04677234087919171,0.002886439172591388
2024-07-08 12:00:00,0.0010057956984661665,0.15625552248509691,0.04357070637599482,0.002164829379443541
2024-07-08 13:00:00,0.0012740078847238109,0.15683933027922695,0.04617869876361781,0.002742117213961819
2024-07-08 14:00:00,0.001341060931288222,0.15718299608170727,0.04691239523438814,0.002886439172591388
2024-07-08 15:00:00,0.0011734283148771942,0.15711468699129777,0.04528823559025696,0.0025256342760174647
2024-07-08 16:00:00,0.000670530465644111,0.1576659361375277,0.04138897454015137,0.001443219586295694
2024-07-08 17:00:00,0.0002682121862576444,0.1718702572667947,0.03869980755477793,0.0005772878345182776
2024-07-08 18:00:00,0.00016763261641102774,0.17293646939465687,0.0373424965307623,0.0003608048965739235
2024-07-08 19:00:00,0.0001341060931288222,0.1581147103791832,0.03445281532156977,0.0002886439172591388
2024-07-08 20:00:00,0.00010057956984661664,0.1309462335001843,0.030963394510613088,0.0002164829379443541
2024-07-08 21:00:00,0.00010057956984661664,0.11392374113857681,0.028557273499469432,0.0002164829379443541
2024-07-08 22:00:00,0.00010057956984661664,0.09848295960855198,0.02619783727339125,0.0002164829379443541
2024-07-08 23:00:00,0.00010057956984661664,0.09459804052626103,0.024624879789339124,0.0002164829379443541
2024-07-09 00:00:00,0.00010057956984661664,0.09459804052626103,0.024624879789339124,0.0002164829379443541
2024-07-09 01:00:00,0.00010057956984661664,0.09150397685976142,0.023051922305287,0.0002164829379443541
2024-07-09 02:00:00,0.00010057956984661664,0.08995694502651162,0.02226544356326094,0.0002164829379443541
2024-07-09 03:00:00,0.00010057956984661664,0.08995694502651162,0.02226544356326094,0.0002164829379443541
2024-07-09 04:00:00,0.00010057956984661664,0.09150397685976142,0.023051922305287,0.0002164829379443541
2024-07-09 05:00:00,0.00016763261641102774,0.10725374519393373,0.026838164174030628,0.0003608048965739235
2024-07-09 06:00:00,0.0005028978492330832,0.14057513468551067,0.036378313398501484,0.0010824146897217704
2024-07-09 07:00:00,0.0011734283148771942,0.16096492707525584,0.04694740004035298,0.0025256342760174647
2024-07-09 08:00:00,0.0015086935476992499,0.16268325608765752,0.05061588239420464,0.0032472440691653118
2024-07-09 09:00:00,0.0015086935476992499,0.1595891924211579,0.049182979265348946,0.0032472440691653118
2024-07-09 10:00:00,0.0014416405011348386,0.15769849478542777,0.047802858407749,0.003102922110535742
2024-07-09 11:00:00,0.001341060931288222,0.15797385149749862,0.04677234087919171,0.002886439172591388
2024-07-09 12:00:00,0.0010057956984661665,0.15625552248509691,0.04357070637599482,0.002164829379443541
2024-07-09 13:00:00,0.0012740078847238109,0.15683933027922695,0.04617869876361781,0.002742117213961819
2024-07-09 14:00:00,0.001341060931288222,0.15718299608170727,0.04691239523438814,0.002886439172591388
2024-07-09 15:00:00,0.0011734283148771942,0.15711468699129777,0.04528823559025696,0.0025256342760174647
2024-07-09 16:00:00,0.000670530465644111,0.1576659361375277,0.04138897454015137,0.001443219586295694
2024-07-09 17:00:00,0.0002682121862576444,0.1718702572667947,0.03869980755477793,0.0005772878345182776
2024-07-09 18:00:00,0.00016763261641102774,0.17293646939465687,0.0373424965307623,0.0003608048965739235
2024-07-09 19:00:00,0.0001341060931288222,0.1581147103791832,0.03445281532156977,0.0002886439172591388
2024-07-09 20:00:00,0.00010057956984661664,0.1309462335001843,0.030963394510613088,0.0002164829379443541
2024-07-09 21:00:00,0.00010057956984661664,0.11392374113857681,0.028557273499469432,0.0002164829379443541
2024-07-09 22:00:00,0.00010057956984661664,0.09848295960855198,0.02619783727339125,0.0002164829379443541
2024-07-09 23:00:00,0.00010057956984661664,0.09459804052626103,0.024624879789339124,0.0002164829379443541
2024-07-10 00:00:00,0.00010057956984661664,0.09459804052626103,0.024624879789339124,0.0002164829379443541
2024-07-10 01:00:00,0.00010057956984661664,0.09150397685976142,0.023051922305287,0.0002164829379443541
2024-07-10 02:00:00,0.00010057956984661664,0.08995694502651162,0.02226544356326094,0.0002164829379443541
2024-07-10 03:00:00,0.00010057956984661664,0.08995694502651162,0.02226544356326094,0.0002164829379443541
2024-07-10 04:00:00,0.00010057956984661664,0.09150397685976142,0.023051922305287,0.0002164829379443541
2024-07-10 05:00:00,0.00016763261641102774,0.10725374519393373,0.026838164174030628,0.0003608048965739235
2024-07-10 06:00:00,0.0005028978492330832,0.14057513468551067,0.036378313398501484,0.0010824146897217704
2024-07-10 07:00:00,0.0011734283148771942,0.16096492707525584,0.04694740004035298,0.0025256342760174647
2024-07-10 08:00:00,0.0015086935476992499,0.16268325608765752,0.05061588239420464,0.0032472440691653118
2024-07-10 09:00:00,0.0015086935476992499,0.1595891924211579,0.049182979265348946,0.0032472440691653118
2024-07-10 10:00:00,0.0014416405011348386,0.15769849478542777,0.047802858407749,0.003102922110535742
2024-07-10 11:00:00,0.001341060931288222,0.15797385149749862,0.04677234087919171,0.002886439172591388
2024-07-10 12:00:00,0.0010057956984661665,0.15625552248509691,0.04357070637599482,0.002164829379443541
2024-07-10 13:00:00,0.0012740078847238109,0.15683933027922695,0.04617869876361781,0.002742117213961819
2024-07-10 14:00:00,0.001341060931288222,0.15718299608170727,0.04691239523438814,0.002886439172591388
2024-07-10 15:00:00,0.0011734283148771942,0.15711468699129777,0.04528823559025696,0.0025256342760174647
2024-07-10 16:00:00,0.000670530465644111,0.1576659361375277,0.04138897454015137,0.001443219586295694
2024-07-10 17:00:00,0.0002682121862576444,0.1718702572667947,0.03869980755477793,0.0005772878345182776
2024-07-10 18:00:00,0.00016763261641102774,0.17293646939465687,0.0373424965307623,0.0003608048965739235
2024-07-10 19:00:00,0.0001341060931288222,0.1581147103791832,0.03445281532156977,0.0002886439172591388
2024-07-10 20:00:00,0.00010057956984661664,0.1309462335001843,0.030963394510613088,0.0002164829379443541
2024-07-10 21:00:00,0.00010057956984661664,0.11392374113857681,0.028557273499469432,0.0002164829379443541
2024-07-10 22:00:00,0.00010057956984661664,0.09848295960855198,0.02619783727339125,0.0002164829379443541
2024-07-10 23:00:00,0.00010057956984661664,0.09459804052626103,0.024624879789339124,0.0002164829379443541
2024-07-11 00:00:00,0.00010057956984661664,0.09459804052626103,0.024624879789339124,0.0002164829379443541
2024-07-11 01:00:00,0.00010057956984661664,0.09150397685976142,0.023051922305287,0.0002164829379443541
2024-07-11 02:00:00,0.00010057956984661664,0.08995694502651162,0.02226544356326094,0.0002164829379443541
2024-07-11 03:00:00,0.00010057956984661664,0.08995694502651162,0.02226544356326094,0.0002164829379443541
2024-07-11 04:00:00,0.00010057956984661664,0.09150397685976142,0.023051922305287,0.0002164829379443541
2024-07-11 05:00:00,0.00016763261641102774,0.10725374519393373,0.026838164174030628,0.0003608048965739235
2024-07-11 06:00:00,0.0005028978492330832,0.14057513468551067,0.036378313398501484,0.0010824146897217704
2024-07-11 07:00:00,0.0011734283148771942,0.16096492707525584,0.04694740004035298,0.0025256342760174647
2024-07-11 08:00:00,0.0015086935476992499,0.16268325608765752,0.05061588239420464,0.0032472440691653118
2024-07-11 09:00:00,0.0015086935476992499,0.1595891924211579,0.049182979265348946,0.0032472440691653118
2024-07-11 10:00:00,0.0014416405011348386,0.15769849478542777,0.047802858407749,0.003102922110535742
2024-07-11 11:00:00,0.001341060931288222,0.15797385149749862,0.04677234087919171,0.002886439172591388
2024-07-11 12:00:00,0.0010057956984661665,0.15625552248509691,0.04357070637599482,0.002164829379443541
2024-07-11 13:00:00,0.0012740078847238109,0.15683933027922695,0.04617869876361781,0.002742117213961819
2024-07-11 14:00:00,0.001341060931288222,0.15718299608170727,0.04691239523438814,0.002886439172591388
2024-07-11 15:00:00,0.0011734283148771942,0.15711468699129777,0.04528823559025696,0.0025256342760174647
2024-07-11 16:00:00,0.000670530465644111,0.1576659361375277,0.04138897454015137,0.001443219586295694
2024-07-11 17:00:00,0.0002682121862576444,0.1718702572667947,0.03869980755477793,0.0005772878345182776
2024-07-11 18:00:00,0.00016763261641102774,0.17293646939465687,0.0373424965307623,0.0003608048965739235
2024-07-11 19:00:00,0.0001341060931288222,0.1581147103791832,0.03445281532156977,0.0002886439172591388
2024-07-11 20:00:00,0.00010057956984661664,0.1309462335001843,0.030963394510613088,0.0002164829379443541
2024-07-11 21:00:00,0.00010057956984661664,0.11392374113857681,0.028557273499469432,0.0002164829379443541
2024-07-11 22:00:00,0.00010057956984661664,0.09848295960855198,0.02619783727339125,0.0002164829379443541
2024-07-11 23:00:00,0.00010057956984661664,0.09459804052626103,0.024624879789339124,0.0002164829379443541
2024-07-12 00:00:00,0.00010057956984661664,0.09459804052626103,0.024624879789339124,0.0002164829379443541
2024-07-12 01:00:00,0.00010057956984661664,0.09150397685976142,0.023051922305287,0.0002164829379443541
2024-07-12 02:00:00,0.00010057956984661664,0.08995694502651162,0.02226544356326094,0.0002164829379443541
2024-07-12 03:00:00,0.00010057956984661664,0.08995694502651162,0.02226544356326094,0.0002164829379443541
2024-07-12 04:00:00,0.00010057956984661664,0.09150397685976142,0.023051922305287,0.0002164829379443541
2024-07-12 05:00:00,0.00016763261641102774,0.10725374519393373,0.026838164174030628,0.0003608048965739235
2024-07-12 06:00:00,0.0005028978492330832,0.14057513468551067,0.036378313398501484,0.0010824146897217704
2024-07-12 07:00:00,0.0011734283148771942,0.16096492707525584,0.04694740004035298,0.0025256342760174647
2024-07-12 08:00:00,0.0015086935476992499,0.16268325608765752,0.05061588239420464,0.0032472440691653118
2024-07-12 09:00:00,0.0015086935476992499,0.1595891924211579,0.049182979265348946,0.0032472440691653118
2024-07-12 10:00:00,0.0014416405011348386,0.15769849478542777,0.047802858407749,0.003102922110535742
2024-07-12 11:00:00,0.001341060931288222,0.15797385149749862,0.04677234087919171,0.002886439172591388
2024-07-12 12:00:00,0.0010057956984661665,0.15625552248509691,0.04357070637599482,0.002164829379443541
2024-07-12 13:00:00,0.0012740078847238109,0.15683933027922695,0.04617869876361781,0.002742117213961819
2024-07-12 14:00:00,0.001341060931288222,0.15718299608170727,0.04691239523438814,0.002886439172591388
2024-07-12 15:00:00,0.0011734283148771942,0.15711468699129777,0.04528823559025696,0.0025256342760174647
2024-07-12 16:00:00,0.000670530465644111,0.1576659361375277,0.04138897454015137,0.001443219586295694
2024-07-12 17:00:00,0.0002682121862576444,0.1718702572667947,0.03869980755477793,0.0005772878345182776
2024-07-12 18:00:00,0.00016763261641102774,0.17293646939465687,0.0373424965307623,0.0003608048965739235
2024-07-12 19:00:00,0.0001341060931288222,0.1581147103791832,0.03445281532156977,0.0002886439172591388
2024-07-12 20:00:00,0.00010057956984661664,0.1309462335001843,0.030963394510613088,0.0002164829379443541
2024-07-12 21:00:00,0.00010057956984661664,0.11392374113857681,0.028557273499469432,0.0002164829379443541
2024-07-12 22:00:00,0.00010057956984661664,0.09848295960855198,0.02619783727339125,0.0002164829379443541
2024-07-12 23:00:00,0.00010057956984661664,0.09459804052626103,0.024624879789339124,0.0002164829379443541
2024-07-13 00:00:00,0.0006076682344899756,0.0983744038330821,0.03100766843228653,0.0013079177500804728
2024-07-13 01:00:00,0.0006076682344899756,0.09533397507304402,0.02946197781686369,0.0013079177500804728
2024-07-13 02:00:00,0.0006076682344899756,0.09381376069302498,0.028689132509152275,0.0013079177500804728
2024-07-13 03:00:00,0.0006076682344899756,0.09381376069302498,0.028689132509152275,0.0013079177500804728
2024-07-13 04:00:00,0.0006076682344899756,0.09533397507304402,0.02946197781686369,0.0013079177500804728
2024-07-13 05:00:00,0.0006076682344899756,0.10888413066441248,0.03178051373999794,0.0013079177500804728
2024-07-13 06:00:00,0.0006076682344899756,0.1350193974941097,0.03564474027855503,0.0013079177500804728
2024-07-13 07:00:00,0.0006076682344899756,0.15064493749247657,0.038736121509400694,0.0013079177500804728
2024-07-13 08:00:00,0.0006076682344899756,0.16226500437776567,0.03950896681711211,0.0013079177500804728
2024-07-13 09:00:00,0.0006076682344899756,0.16337534443172436,0.03950896681711211,0.0013079177500804728
2024-07-13 10:00:00,0.0006076682344899756,0.1639305144587037,0.03950896681711211,0.0013079177500804728
2024-07-13 11:00:00,0.0006076682344899756,0.16448568448568307,0.03950896681711211,0.0013079177500804728
2024-07-13 12:00:00,0.0006076682344899756,0.1608898795051585,0.03950896681711211,0.0013079177500804728
2024-07-13 13:00:00,0.0006076682344899756,0.16033470947817915,0.03950896681711211,0.0013079177500804728
2024-07-13 14:00:00,0.0006076682344899756,0.15977953945119983,0.03950896681711211,0.0013079177500804728
2024-07-13 15:00:00,0.0006076682344899756,0.15977953945119983,0.03950896681711211,0.0013079177500804728
2024-07-13 16:00:00,0.0006076682344899756,0.15977953945119983,0.03950896681711211,0.0013079177500804728
2024-07-13 17:00:00,0.0006076682344899756,0.15977953945119983,0.03950896681711211,0.0013079177500804728
2024-07-13 18:00:00,0.0006076682344899756,0.15383066195343365,0.03950896681711211,0.0013079177500804728
2024-07-13 19:00:00,0.0006076682344899756,0.14276576509512393,0.038736121509400694,0.0013079177500804728
2024-07-13 20:00:00,0.0006076682344899756,0.12962548382981579,0.03719043089397786,0.0013079177500804728
2024-07-13 21:00:00,0.0006076682344899756,0.115520158211468,0.034871894970843614,0.0013079177500804728
2024-07-13 22:00:00,0.0006076682344899756,0.10293504697313921,0.03332620435542078,0.0013079177500804728
2024-07-13 23:00:00,0.0006076682344899756,0.09989461821310114,0.03178051373999794,0.0013079177500804728
2024-07-14 00:00:00,0.0006076682344899756,0.0983744038330821,0.03100766843228653,0.0013079177500804728
2024-07-14 01:00:00,0.0006076682344899756,0.09533397507304402,0.02946197781686369,0.0013079177500804728
2024-07-14 02:00:00,0.0006076682344899756,0.09381376069302498,0.028689132509152275,0.0013079177500804728
2024-07-14 03:00:00,0.0006076682344899756,0.09381376069302498,0.028689132509152275,0.0013079177500804728
2024-07-14 04:00:00,0.0006076682344899756,0.09533397507304402,0.02946197781686369,0.0013079177500804728
2024-07-14 05:00:00,0.0006076682344899756,0.10888413066441248,0.03178051373999794,0.0013079177500804728
2024-07-14 06:00:00,0.0006076682344899756,0.1350193974941097,0.03564474027855503,0.0013079177500804728
2024-07-14 07:00:00,0.0006076682344899756,0.15064493749247657,0.038736121509400694,0.0013079177500804728
2024-07-14 08:00:00,0.0006076682344899756,0.16226500437776567,0.03950896681711211,0.0013079177500804728
2024-07-14 09:00:00,0.0006076682344899756,0.16337534443172436,0.03950896681711211,0.0013079177500804728
2024-07-14 10:00:00,0.0006076682344899756,0.1639305144587037,0.03950896681711211,0.0013079177500804728
2024-07-14 11:00:00,0.0006076682344899756,0.16448568448568307,0.03950896681711211,0.0013079177500804728
2024-07-14 12:00:00,0.0006076682344899756,0.1608898795051585,0.03950896681711211,0.0013079177500804728
2024-07-14 13:00:00,0.0006076682344899756,0.16033470947817915,0.03950896681711211,0.0013079177500804728
2024-07-14 14:00:00,0.0006076682344899756,0.15977953945119983,0.03950896681711211,0.0013079177500804728
2024-07-14 15:00:00,0.0006076682344899756,0.15977953945119983,0.03950896681711211,0.0013079177500804728
2024-07-14 16:00:00,0.0006076682344899756,0.15977953945119983,0.03950896681711211,0.0013079177500804728
2024-07-14 17:00:00,0.0006076682344899756,0.15977953945119983,0.03950896681711211,0.0013079177500804728
2024-07-14 18:00:00,0.0006076682344899756,0.15383066195343365,0.03950896681711211,0.0013079177500804728
2024-07-14 19:00:00,0.0006076682344899756,0.14276576509512393,0.038736121509400694,0.0013079177500804728
2024-07-14 20:00:00,0.0006076682344899756,0.12962548382981579,0.03719043089397786,0.0013079177500804728
2024-07-14 21:00:00,0.0006076682344899756,0.115520158211468,0.034871894970843614,0.0013079177500804728
2024-07-14 22:00:00,0.0006076682344899756,0.10293504697313921,0.03332620435542078,0.0013079177500804728
2024-07-14 23:00:00,0.0006076682344899756,0.09989461821310114,0.03178051373999794,0.0013079177500804728
2024-07-15 00:00:00,0.00010057956984661664,0.09459804052626103,0.024624879789339124,0.0002164829379443541
2024-07-15 01:00:00,0.00010057956984661664,0.09150397685976142,0.023051922305287,0.0002164829379443541
2024-07-15 02:00:00,0.00010057956984661664,0.08995694502651162,0.02226544356326094,0.0002164829379443541
2024-07-15 03:00:00,0.00010057956984661664,0.08995694502651162,0.02226544356326094,0.0002164829379443541
2024-07-15 04:00:00,0.00010057956984661664,0.09150397685976142,0.023051922305287,0.0002164829379443541
2024-07-15 05:00:00,0.00016763261641102774,0.10725374519393373,0.026838164174030628,0.0003608048965739235
2024-07-15 06:00:00,0.0005028978492330832,0.14057513468551067,0.036378313398501484,0.0010824146897217704
2024-07-15 07:00:00,0.0011734283148771942,0.16096492707525584,0.04694740004035298,0.0025256342760174647
2024-07-15 08:00:00,0.0015086935476992499,0.16268325608765752,0.05061588239420464,0.0032472440691653118
2024-07-15 09:00:00,0.0015086935476992499,0.1595891924211579,0.049182979265348946,0.0032472440691653118
2024-07-15 10:00:00,0.0014416405011348386,0.15769849478542777,0.047802858407749,0.003102922110535742
2024-07-15 11:00:00,0.001341060931288222,0.15797385149749862,0.04677234087919171,0.002886439172591388
2024-07-15 12:00:00,0.0010057956984661665,0.15625552248509691,0.04357070637599482,0.002164829379443541
2024-07-15 13:00:00,0.0012740078847238109,0.15683933027922695,0.04617869876361781,0.002742117213961819
2024-07-15 14:00:00,0.001341060931288222,0.15718299608170727,0.04691239523438814,0.002886439172591388
2024-07-15 15:00:00,0.0011734283148771942,0.15711468699129777,0.04528823559025696,0.0025256342760174647
2024-07-15 16:00:00,0.000670530465644111,0.1576659361375277,0.04138897454015137,0.001443219586295694
2024-07-15 17:00:00,0.0002682121862576444,0.1718702572667947,0.03869980755477793,0.0005772878345182776
2024-07-15 18:00:00,0.00016763261641102774,0.17293646939465687,0.0373424965307623,0.0003608048965739235
2024-07-15 19:00:00,0.0001341060931288222,0.1581147103791832,0.03445281532156977,0.0002886439172591388
2024-07-15 20:00:00,0.00010057956984661664,0.1309462335001843,0.030963394510613088,0.0002164829379443541
2024-07-15 21:00:00,0.00010057956984661664,0.11392374113857681,0.028557273499469432,0.0002164829379443541
2024-07-15 22:00:00,0.00010057956984661664,0.09848295960855198,0.02619783727339125,0.0002164829379443541
2024-07-15 23:00:00,0.00010057956984661664,0.09459804052626103,0.024624879789339124,0.0002164829379443541
2024-07-16 00:00:00,0.00010057956984661664,0.09459804052626103,0.024624879789339124,0.0002164829379443541
2024-07-16 01:00:00,0.00010057956984661664,0.09150397685976142,0.023051922305287,0.0002164829379443541
2024-07-16 02:00:00,0.00010057956984661664,0.08995694502651162,0.02226544356326094,0.0002164829379443541
2024-07-16 03:00:00,0.00010057956984661664,0.08995694502651162,0.02226544356326094,0.0002164829379443541
2024-07-16 04:00:00,0.00010057956984661664,0.09150397685976142,0.023051922305287,0.0002164829379443541
2024-07-16 05:00:00,0.00016763261641102774,0.10725374519393373,0.026838164174030628,0.0003608048965739235
2024-07-16 06:00:00,0.0005028978492330832,0.14057513468551067,0.036378313398501484,0.0010824146897217704
2024-07-16 07:00:00,0.0011734283148771942,0.16096492707525584,0.04694740004035298,0.0025256342760174647
2024-07-16 08:00:00,0.0015086935476992499,0.16268325608765752,0.05061588239420464,0.0032472440691653118
2024-07-16 09:00:00,0.0015086935476992499,0.1595891924211579,0.049182979265348946,0.0032472440691653118
2024-07-16 10:00:00,0.0014416405011348386,0.15769849478542777,0.047802858407749,0.003102922110535742
2024-07-16 11:00:00,0.001341060931288222,0.15797385149749862,0.04677234087919171,0.002886439172591388
2024-07-16 12:00:00,0.0010057956984661665,0.15625552248509691,0.04357070637599482,0.002164829379443541
2024-07-16 13:00:00,0.0012740078847238109,0.15683933027922695,0.04617869876361781,0.002742117213961819
2024-07-16 14:00:00,0.001341060931288222,0.15718299608170727,0.04691239523438814,0.002886439172591388
2024-07-16 15:00:00,0.0011734283148771942,0.15711468699129777,0.04528823559025696,0.0025256342760174647
2024-07-16 16:00:00,0.000670530465644111,0.1576659361375277,0.04138897454015137,0.001443219586295694
2024-07-16 17:00:00,0.0002682121862576444,0.1718702572667947,0.03869980755477793,0.0005772878345182776
2024-07-16 18:00:00,0.00016763261641102774,0.17293646939465687,0.0373424965307623,0.0003608048965739235
2024-07-16 19:00:00,0.0001341060931288222,0.1581147103791832,0.03445281532156977,0.0002886439172591388
2024-07-16 20:00:00,0.00010057956984661664,0.1309462335001843,0.030963394510613088,0.0002164829379443541
2024-07-16 21:00:00,0.00010057956984661664,0.11392374113857681,0.028557273499469432,0.0002164829379443541
2024-07-16 22:00:00,0.00010057956984661664,0.09848295960855198,0.02619783727339125,0.0002164829379443541
2024-07-16 23:00:00,0.00010057956984661664,0.09459804052626103,0.024624879789339124,0.0002164829379443541
2024-07-17 00:00:00,0.00010057956984661664,0.09459804052626103,0.024624879789339124,0.0002164829379443541
2024-07-17 01:00:00,0.00010057956984661664,0.09150397685976142,0.023051922305287,0.0002164829379443541
2024-07-17 02:00:00,0.00010057956984661664,0.08995694502651162,0.02226544356326094,0.0002164829379443541
2024-07-17 03:00:00,0.00010057956984661664,0.08995694502651162,0.02226544356326094,0.0002164829379443541
2024-07-17 04:00:00,0.00010057956984661664,0.09150397685976142,0.023051922305287,0.0002164829379443541
2024-07-17 05:00:00,0.00016763261641102774,0.10725374519393373,0.026838164174030628,0.0003608048965739235
2024-07-17 06:00:00,0.0005028978492330832,0.14057513468551067,0.036378313398501484,0.0010824146897217704
2024-07-17 07:00:00,0.0011734283148771942,0.16096492707525584,0.04694740004035298,0.0025256342760174647
2024-07-17 08:00:00,0.0015086935476992499,0.16268325608765752,0.05061588239420464,0.0032472440691653118
2024-07-17 09:00:00,0.0015086935476992499,0.1595891924211579,0.049182979265348946,0.0032472440691653118
2024-07-17 10:00:00,0.0014416405011348386,0.15769849478542777,0.047802858407749,0.003102922110535742
2024-07-17 11:00:00,0.001341060931288222,0.15797385149749862,0.04677234087919171,0.002886439172591388
2024-07-17 12:00:00,0.0010057956984661665,0.15625552248509691,0.04357070637599482,0.002164829379443541
2024-07-17 13:00:00,0.0012740078847238109,0.15683933027922695,0.04617869876361781,0.002742117213961819
2024-07-17 14:00:00,0.001341060931288222,0.15718299608170727,0.04691239523438814,0.002886439172591388
2024-07-17 15:00:00,0.0011734283148771942,0.15711468699129777,0.04528823559025696,0.0025256342760174647
2024-07-17 16:00:00,0.000670530465644111,0.1576659361375277,0.04138897454015137,0.001443219586295694
2024-07-17 17:00:00,0.0002682121862576444,0.1718702572667947,0.03869980755477793,0.0005772878345182776
2024-07-17 18:00:00,0.00016763261641102774,0.17293646939465687,0.0373424965307623,0.0003608048965739235
2024-07-17 19:00:00,0.0001341060931288222,0.1581147103791832,0.03445281532156977,0.0002886439172591388
2024-07-17 20:00:00,0.00010057956984661664,0.1309462335001843,0.030963394510613088,0.0002164829379443541
2024-07-17 21:00:00,0.00010057956984661664,0.11392374113857681,0.028557273499469432,0.0002164829379443541
2024-07-17 22:00:00,0.00010057956984661664,0.09848295960855198,0.02619783727339125,0.0002164829379443541
2024-07-17 23:00:00,0.00010057956984661664,0.09459804052626103,0.024624879789339124,0.0002164829379443541
2024-07-18 00:00:00,0.00010057956984661664,0.09459804052626103,0.024624879789339124,0.0002164829379443541
2024-07-18 01:00:00,0.00010057956984661664,0.09150397685976142,0.023051922305287,0.0002164829379443541
2024-07-18 02:00:00,0.00010057956984661664,0.08995694502651162,0.02226544356326094,0.0002164829379443541
2024-07-18 03:00:00,0.00010057956984661664,0.08995694502651162,0.02226544356326094,0.0002164829379443541
2024-07-18 04:00:00,0.00010057956984661664,0.09150397685976142,0.023051922305287,0.0002164829379443541
2024-07-18 05:00:00,0.00016763261641102774,0.10725374519393373,0.026838164174030628,0.0003608048965739235
2024-07-18 06:00:00,0.0005028978492330832,0.14057513468551067,0.036378313398501484,0.0010824146897217704
2024-07-18 07:00:00,0.0011734283148771942,0.16096492707525584,0.04694740004035298,0.0025256342760174647
2024-07-18 08:00:00,0.0015086935476992499,0.16268325608765752,0.05061588239420464,0.0032472440691653118
2024-07-18 09:00:00,0.0015086935476992499,0.1595891924211579,0.049182979265348946,0.0032472440691653118
2024-07-18 10:00:00,0.0014416405011348386,0.15769849478542777,0.047802858407749,0.003102922110535742
2024-07-18 11:00:00,0.001341060931288222,0.15797385149749862,0.04677234087919171,0.002886439172591388
2024-07-18 12:00:00,0.0010057956984661665,0.15625552248509691,0.04357070637599482,0.002164829379443541
2024-07-18 13:00:00,0.0012740078847238109,0.15683933027922695,0.04617869876361781,0.002742117213961819
2024-07-18 14:00:00,0.001341060931288222,0.15718299608170727,0.04691239523438814,0.002886439172591388
2024-07-18 15:00:00,0.0011734283148771942,0.15711468699129777,0.04528823559025696,0.0025256342760174647
2024-07-18 16:00:00,0.000670530465644111,0.1576659361375277,0.04138897454015137,0.001443219586295694
2024-07-18 17:00:00,0.0002682121862576444,0.1718702572667947,0.03869980755477793,0.0005772878345182776
2024-07-18 18:00:00,0.00016763261641102774,0.17293646939465687,0.0373424965307623,0.0003608048965739235
2024-07-18 19:00:00,0.0001341060931288222,0.1581147103791832,0.03445281532156977,0.0002886439172591388
2024-07-18 20:00:00,0.00010057956984661664,0.1309462335001843,0.030963394510613088,0.0002164829379443541
2024-07-18 21:00:00,0.00010057956984661664,0.11392374113857681,0.028557273499469432,0.0002164829379443541
2024-07-18 22:00:00,0.00010057956984661664,0.09848295960855198,0.02619783727339125,0.0002164829379443541
2024-07-18 23:00:00,0.00010057956984661664,0.09459804052626103,0.024624879789339124,0.0002164829379443541
2024-07-19 00:00:00,0.00010057956984661664,0.09459804052626103,0.024624879789339124,0.0002164829379443541
2024-07-19 01:00:00,0.00010057956984661664,0.09150397685976142,0.023051922305287,0.0002164829379443541
2024-07-19 02:00:00,0.00010057956984661664,0.08995694502651162,0.02226544356326094,0.0002164829379443541
2024-07-19 03:00:00,0.00010057956984661664,0.08995694502651162,0.02226544356326094,0.0002164829379443541
2024-07-19 04:00:00,0.00010057956984661664,0.09150397685976142,0.023051922305287,0.0002164829379443541
2024-07-19 05:00:00,0.00016763261641102774,0.10725374519393373,0.026838164174030628,0.0003608048965739235
2024-07-19 06:00:00,0.0005028978492330832,0.14057513468551067,0.036378313398501484,0.0010824146897217704
2024-07-19 07:00:00,0.0011734283148771942,0.16096492707525584,0.04694740004035298,0.0025256342760174647
2024-07-19 08:00:00,0.0015086935476992499,0.16268325608765752,0.05061588239420464,0.0032472440691653118
2024-07-19 09:00:00,0.0015086935476992499,0.1595891924211579,0.049182979265348946,0.0032472440691653118
2024-07-19 10:00:00,0.0014416405011348386,0.15769849478542777,0.047802858407749,0.003102922110535742
2024-07-19 11:00:00,0.001341060931288222,0.15797385149749862,0.04677234087919171,0.002886439172591388
2024-07-19 12:00:00,0.0010057956984661665,0.15625552248509691,0.04357070637599482,0.002164829379443541
2024-07-19 13:00:00,0.0012740078847238109,0.15683933027922695,0.04617869876361781,0.002742117213961819
2024-07-19 14:00:00,0.001341060931288222,0.15718299608170727,0.04691239523438814,0.002886439172591388
2024-07-19 15:00:00,0.0011734283148771942,0.15711468699129777,0.04528823559025696,0.0025256342760174647
2024-07-19 16:00:00,0.000670530465644111,0.1576659361375277,0.04138897454015137,0.001443219586295694
2024-07-19 17:00:00,0.0002682121862576444,0.1718702572667947,0.03869980755477793,0.0005772878345182776
2024-07-19 18:00:00,0.00016763261641102774,0.17293646939465687,0.0373424965307623,0.0003608048965739235
2024-07-19 19:00:00,0.0001341060931288222,0.1581147103791832,0.03445281532156977,0.0002886439172591388
2024-07-19 20:00:00,0.00010057956984661664,0.1309462335001843,0.030963394510613088,0.0002164829379443541
2024-07-19 21:00:00,0.00010057956984661664,0.11392374113857681,0.028557273499469432,0.0002164829379443541
2024-07-19 22:00:00,0.00010057956984661664,0.09848295960855198,0.02619783727339125,0.0002164829379443541
2024-07-19 23:00:00,0.00010057956984661664,0.09459804052626103,0.024624879789339124,0.0002164829379443541
2024-07-20 00:00:00,-2.9698071610414924e-05,0.09302736138835951,0.024910713461287464,-6.392079229716799e-05
2024-07-20 01:00:00,-2.9698071610414924e-05,0.09023548613385861,0.023491382267926676,-6.392079229716799e-05
2024-07-20 02:00:00,-2.9698071610414924e-05,0.08883954850660816,0.02278171667124628,-6.392079229716799e-05
2024-07-20 03:00:00,-2.9698071610414924e-05,0.08883954850660816,0.02278171667124628,-6.392079229716799e-05
2024-07-20 04:00:00,-2.9698071610414924e-05,0.09023548613385861,0.023491382267926676,-6.392079229716799e-05
2024-07-20 05:00:00,-2.9698071610414924e-05,0.10371179220804756,0.025620379057967855,-6.392079229716799e-05
2024-07-20 06:00:00,-2.9698071610414924e-05,0.12995750084892507,0.029168707041369816,-6.392079229716799e-05
2024-07-20 07:00:00,-2.9698071610414924e-05,0.14551877867011453,0.03200736942809139,-6.392079229716799e-05
2024-07-20 08:00:00,-2.9698071610414924e-05,0.15758127772930267,0.03271703502477178,-6.392079229716799e-05
2024-07-20 09:00:00,-2.9698071610414924e-05,0.15895934596880273,0.03271703502477178,-6.392079229716799e-05
2024-07-20 10:00:00,-2.9698071610414924e-05,0.15964838008855278,0.03271703502477178,-6.392079229716799e-05
2024-07-20 11:00:00,-2.9698071610414924e-05,0.1603374142083028,0.03271703502477178,-6.392079229716799e-05
2024-07-20 12:00:00,-2.9698071610414924e-05,0.15662201693132777,0.03271703502477178,-6.392079229716799e-05
2024-07-20 13:00:00,-2.9698071610414924e-05,0.15593298281157772,0.03271703502477178,-6.392079229716799e-05
2024-07-20 14:00:00,-2.9698071610414924e-05,0.1552439486918277,0.03271703502477178,-6.392079229716799e-05
2024-07-20 15:00:00,-2.9698071610414924e-05,0.1552439486918277,0.03271703502477178,-6.392079229716799e-05
2024-07-20 16:00:00,-2.9698071610414924e-05,0.1552439486918277,0.03271703502477178,-6.392079229716799e-05
2024-07-20 17:00:00,-2.9698071610414924e-05,0.1552439486918277,0.03271703502477178,-6.392079229716799e-05
2024-07-20 18:00:00,-2.9698071610414924e-05,0.14898181865661506,0.03271703502477178,-6.392079229716799e-05
2024-07-20 19:00:00,-2.9698071610414924e-05,0.13760835371717697,0.03200736942809139,-6.392079229716799e-05
2024-07-20 20:00:00,-2.9698071610414924e-05,0.12414991703073837,0.030588038234730604,-6.392079229716799e-05
2024-07-20 21:00:00,-2.9698071610414924e-05,0.1099845768367994,0.02845904144468943,-6.392079229716799e-05
2024-07-20 22:00:00,-2.9698071610414924e-05,0.09721517427011084,0.02703971025132864,-6.392079229716799e-05
2024-07-20 23:00:00,-2.9698071610414924e-05,0.09442329901560995,0.025620379057967855,-6.392079229716799e-05
2024-07-21 00:00:00,0.0005722589952621758,0.0980773459194864,0.030668948711675467,0.0012317044977261588
2024-07-21 01:00:00,0.0005722589952621758,0.09505072568753371,0.029130278064144963,0.0012317044977261588
2024-07-21 02:00:00,0.0005722589952621758,0.09353741557155738,0.028360942740379716,0.0012317044977261588
2024-07-21 03:00:00,0.0005722589952621758,0.09353741557155738,0.028360942740379716,0.0012317044977261588
2024-07-21 04:00:00,0.0005722589952621758,0.09505072568753371,0.029130278064144963,0.0012317044977261588
2024-07-21 05:00:00,0.0005722589952621758,0.10859677852794776,0.03143828403544071,0.0012317044977261588
2024-07-21 06:00:00,0.0005722589952621758,0.13473818101382168,0.03528496065426695,0.0012317044977261588
2024-07-21 07:00:00,0.0005722589952621758,0.15036015089123425,0.03836230194932795,0.0012317044977261588
2024-07-21 08:00:00,0.0005722589952621758,0.16200479734173992,0.03913163727309319,0.0012317044977261588
2024-07-21 09:00:00,0.0005722589952621758,0.16313001118378426,0.03913163727309319,0.0012317044977261588
2024-07-21 10:00:00,0.0005722589952621758,0.16369261810480643,0.03913163727309319,0.0012317044977261588
2024-07-21 11:00:00,0.0005722589952621758,0.1642552250258286,0.03913163727309319,0.0012317044977261588
2024-07-21 12:00:00,0.0005722589952621758,0.16065277602883457,0.03913163727309319,0.0012317044977261588
2024-07-21 13:00:00,0.0005722589952621758,0.1600901691078124,0.03913163727309319,0.0012317044977261588
2024-07-21 14:00:00,0.0005722589952621758,0.15952756218679023,0.03913163727309319,0.0012317044977261588
2024-07-21 15:00:00,0.0005722589952621758,0.15952756218679023,0.03913163727309319,0.0012317044977261588
2024-07-21 16:00:00,0.0005722589952621758,0.15952756218679023,0.03913163727309319,0.0012317044977261588
2024-07-21 17:00:00,0.0005722589952621758,0.15952756218679023,0.03913163727309319,0.0012317044977261588
2024-07-21 18:00:00,0.0005722589952621758,0.15356128177027706,0.03913163727309319,0.0012317044977261588
2024-07-21 19:00:00,0.0005722589952621758,0.14247924224079353,0.03836230194932795,0.0012317044977261588
2024-07-21 20:00:00,0.0005722589952621758,0.1293212856743115,0.03682363130179745,0.0012317044977261588
2024-07-21 21:00:00,0.0005722589952621758,0.11521262591287529,0.03451562533050171,0.0012317044977261588
2024-07-21 22:00:00,0.0005722589952621758,0.10261727626741542,0.0329769546829712,0.0012317044977261588
2024-07-21 23:00:00,0.0005722589952621758,0.09959065603546273,0.03143828403544071,0.0012317044977261588
2024-07-22 00:00:00,0.00010057956984661664,0.09459804052626103,0.024624879789339124,0.0002164829379443541
2024-07-22 01:00:00,0.00010057956984661664,0.09150397685976142,0.023051922305287,0.0002164829379443541
2024-07-22 02:00:00,0.00010057956984661664,0.08995694502651162,0.02226544356326094,0.0002164829379443541
2024-07-22 03:00:00,0.00010057956984661664,0.08995694502651162,0.02226544356326094,0.0002164829379443541
2024-07-22 04:00:00,0.00010057956984661664,0.09150397685976142,0.023051922305287,0.0002164829379443541
2024-07-22 05:00:00,0.00016763261641102774,0.10725374519393373,0.026838164174030628,0.0003608048965739235
2024-07-22 06:00:00,0.0005028978492330832,0.14057513468551067,0.036378313398501484,0.0010824146897217704
2024-07-22 07:00:00,0.0011734283148771942,0.16096492707525584,0.04694740004035298,0.0025256342760174647
2024-07-22 08:00:00,0.0015086935476992499,0.16268325608765752,0.05061588239420464,0.0032472440691653118
2024-07-22 09:00:00,0.0015086935476992499,0.1595891924211579,0.049182979265348946,0.0032472440691653118
2024-07-22 10:00:00,0.0014416405011348386,0.15769849478542777,0.047802858407749,0.003102922110535742
2024-07-22 11:00:00,0.001341060931288222,0.15797385149749862,0.04677234087919171,0.002886439172591388
2024-07-22 12:00:00,0.0010057956984661665,0.15625552248509691,0.04357070637599482,0.002164829379443541
2024-07-22 13:00:00,0.0012740078847238109,0.15683933027922695,0.04617869876361781,0.002742117213961819
2024-07-22 14:00:00,0.001341060931288222,0.15718299608170727,0.04691239523438814,0.002886439172591388
2024-07-22 15:00:00,0.0011734283148771942,0.15711468699129777,0.04528823559025696,0.0025256342760174647
2024-07-22 16:00:00,0.000670530465644111,0.1576659361375277,0.04138897454015137,0.001443219586295694
2024-07-22 17:00:00,0.0002682121862576444,0.1718702572667947,0.03869980755477793,0.0005772878345182776
2024-07-22 18:00:00,0.00016763261641102774,0.17293646939465687,0.0373424965307623,0.0003608048965739235
2024-07-22 19:00:00,0.0001341060931288222,0.1581147103791832,0.03445281532156977,0.0002886439172591388
2024-07-22 20:00:00,0.00010057956984661664,0.1309462335001843,0.030963394510613088,0.0002164829379443541
2024-07-22 21:00:00,0.00010057956984661664,0.11392374113857681,0.028557273499469432,0.0002164829379443541
2024-07-22 22:00:00,0.00010057956984661664,0.09848295960855198,0.02619783727339125,0.0002164829379443541
2024-07-22 23:00:00,0.00010057956984661664,0.09459804052626103,0.024624879789339124,0.0002164829379443541
2024-07-23 00:00:00,7.713621146131504e-05,0.09406015561148467,0.024043107053917274,0.00016602450879942967
2024-07-23 01:00:00,7.713621146131504e-05,0.09102230041873512,0.022498724786467694,0.00016602450879942967
2024-07-23 02:00:00,7.713621146131504e-05,0.08950337282236034,0.021726533652742904,0.00016602450879942967
2024-07-23 03:00:00,7.713621146131504e-05,0.08950337282236034,0.021726533652742904,0.00016602450879942967
2024-07-23 04:00:00,7.713621146131504e-05,0.09102230041873512,0.022498724786467694,0.00016602450879942967
2024-07-23 05:00:00,0.00012856035243552508,0.10664767794920907,0.02610758420430392,0.0002767075146657161
2024-07-23 06:00:00,0.0003856810573065752,0.13952235443116176,0.03495040816729953,0.0008301225439971483
2024-07-23 07:00:00,0.0008999224670486756,0.15903872878114547,0.044336415057853955,0.0019369526026600126
2024-07-23 08:00:00,0.0011570431719197258,0.16035654501622046,0.04758509425765894,0.0024903676319914447
2024-07-23 09:00:00,0.0011570431719197258,0.1573186898234709,0.04623517342574526,0.0024903676319914447
2024-07-23 10:00:00,0.0011056190309455156,0.15553619898008111,0.04500770788759537,0.002379684626125158
2024-07-23 11:00:00,0.0010284828194842006,0.15597408578951844,0.04413033484542182,0.0022136601173257287
2024-07-23 12:00:00,0.0007713621146131504,0.15465626955444345,0.04152986043073651,0.0016602450879942966
2024-07-23 13:00:00,0.0009770586785099906,0.15487729086254362,0.043675060440996734,0.002102977111459442
2024-07-23 14:00:00,0.0010284828194842006,0.1551408541095586,0.04432479628095773,0.0022136601173257287
2024-07-23 15:00:00,0.0008999224670486756,0.15531517767198094,0.04299214883435908,0.0019369526026600126
2024-07-23 16:00:00,0.0005142414097421003,0.15652384427566293,0.040025679542335824,0.0011068300586628643
2024-07-23 17:00:00,0.00020569656389684014,0.1714325822840815,0.03786610820555532,0.0004427320234651457
2024-07-23 18:00:00,0.00012856035243552508,0.17270370077347869,0.036534991813798004,0.0002767075146657161
2024-07-23 19:00:00,0.00010284828194842007,0.1578958007829272,0.033666678817851244,0.00022136601173257286
2024-07-23 20:00:00,7.713621146131504e-05,0.1306164059381214,0.030285456602227565,0.00016602450879942967
2024-07-23 21:00:00,7.713621146131504e-05,0.11344059253119793,0.027904062722541232,0.00016602450879942967
2024-07-23 22:00:00,7.713621146131504e-05,0.09793124248419409,0.025587489321366858,0.00016602450879942967
2024-07-23 23:00:00,7.713621146131504e-05,0.09406015561148467,0.024043107053917274,0.00016602450879942967
2024-07-24 00:00:00,-0.00021004492875863103,0.08747106540547436,0.016916391044999587,-0.0004520912482258981
2024-07-24 01:00:00,-0.00021004492875863103,0.0851217640161629,0.01572205518093113,-0.0004520912482258981
2024-07-24 02:00:00,-0.00021004492875863103,0.08394711332150719,0.015124887248896903,-0.0004520912482258981
2024-07-24 03:00:00,-0.00021004492875863103,0.08394711332150719,0.015124887248896903,-0.0004520912482258981
2024-07-24 04:00:00,-0.00021004492875863103,0.0851217640161629,0.01572205518093113,-0.0004520912482258981
2024-07-24 05:00:00,-0.00035007488126438506,0.09922335420133192,0.017157979575151742,-0.0007534854137098302
2024-07-24 06:00:00,-0.0010502246437931553,0.12662579631538753,0.017458569085075513,-0.0022604562411294906
2024-07-24 07:00:00,-0.0024505241688506955,0.1354427996782932,0.012351849022240905,-0.005274397895968811
2024-07-24 08:00:00,-0.003150673931379466,0.13185433439111593,0.010457939584973947,-0.006781368723388472
2024-07-24 09:00:00,-0.003150673931379466,0.12950503300180446,0.010124551890599853,-0.006781368723388472
2024-07-24 10:00:00,-0.0030106439788737116,0.1290480753645842,0.010767114015713387,-0.00647997455790454
2024-07-24 11:00:00,-0.0028005990501150805,0.13147695586676134,0.011765760931740659,-0.006027883309678642
2024-07-24 12:00:00,-0.0021004492875863106,0.1350654211539386,0.016529497601322173,-0.004520912482258981
2024-07-24 13:00:00,-0.0026605690976093267,0.13084230800817284,0.013005490988888419,-0.0057264891441947095
2024-07-24 14:00:00,-0.0028005990501150805,0.13012461495073738,0.012626709101435025,-0.006027883309678642
2024-07-24 15:00:00,-0.0024505241688506955,0.13327118851034997,0.014865086074610057,-0.005274397895968811
2024-07-24 16:00:00,-0.0014002995250575402,0.14253321896781948,0.02332531581909519,-0.003013941654839321
2024-07-24 17:00:00,-0.0005601198100230161,0.16607106374584496,0.02765329117757837,-0.0012055766619357283
2024-07-24 18:00:00,-0.00035007488126438506,0.16985228516404602,0.026643059030985447,-0.0007534854137098302
2024-07-24 19:00:00,-0.00028005990501150805,0.15521415822879106,0.024036506647299366,-0.0006027883309678642
2024-07-24 20:00:00,-0.00021004492875863103,0.12657601830285092,0.02198071722450487,-0.0004520912482258981
2024-07-24 21:00:00,-0.00021004492875863103,0.1075220220908064,0.019902230705170734,-0.0004520912482258981
2024-07-24 22:00:00,-0.00021004492875863103,0.09117270771080976,0.018110726909068047,-0.0004520912482258981
2024-07-24 23:00:00,-0.00021004492875863103,0.08747106540547436,0.016916391044999587,-0.0004520912482258981
2024-07-25 00:00:00,9.452967090844139e-07,0.09231202963846154,0.02215234566379625,2.0346140784242373e-06
2024-07-25 01:00:00,9.452967090844139e-07,0.08945685198539964,0.020700832850304926,2.0346140784242373e-06
2024-07-25 02:00:00,9.452967090844139e-07,0.08802926315886869,0.019975076443559267,2.0346140784242373e-06
2024-07-25 03:00:00,9.452967090844139e-07,0.08802926315886869,0.019975076443559267,2.0346140784242373e-06
2024-07-25 04:00:00,9.452967090844139e-07,0.08945685198539964,0.020700832850304926,2.0346140784242373e-06
2024-07-25 05:00:00,1.5754945151406897e-06,0.1046779594038539,0.023733199302692118,3.3910234640403952e-06
2024-07-25 06:00:00,4.72648354542207e-06,0.1361008186045278,0.030309716165893157,1.0173070392121186e-05
2024-07-25 07:00:00,1.1028461605984829e-05,0.1527785843252867,0.03585071386473212,2.3737164248282767e-05
2024-07-25 08:00:00,1.4179450636266208e-05,0.15279473403404986,0.03773503281388537,3.0519211176363557e-05
2024-07-25 09:00:00,1.4179450636266208e-05,0.14993955638098794,0.03665480444703321,3.0519211176363557e-05
2024-07-25 10:00:00,1.3549252830209932e-05,0.14850873761270436,0.03592346869709606,2.91628017907474e-05
2024-07-25 11:00:00,1.2603956121125518e-05,0.14947484723858287,0.03554381523566968,2.7128187712323162e-05
2024-07-25 12:00:00,9.45296709084414e-06,0.14945869752981972,0.03489711110864699,2.0346140784242372e-05
2024-07-25 13:00:00,1.1973758315069243e-05,0.1485006627583228,0.0355382358924782,2.5771778326707004e-05
2024-07-25 14:00:00,1.2603956121125518e-05,0.1485038927000754,0.03591509968230885,2.7128187712323162e-05
2024-07-25 15:00:00,1.1028461605984829e-05,0.1494667723842013,0.035529866877690976,2.3737164248282767e-05
2024-07-25 16:00:00,6.301978060562759e-06,0.1528120457246024,0.03559497079943524,1.3564093856161581e-05
2024-07-25 17:00:00,2.520791224225104e-06,0.17001013859026365,0.03515658532058184,5.4256375424646325e-06
2024-07-25 18:00:00,1.5754945151406897e-06,0.17194720275464961,0.03391060148366406,3.3910234640403952e-06
2024-07-25 19:00:00,1.260395612112552e-06,0.15718434459509517,0.031111735180766056,2.7128187712323163e-06
2024-07-25 20:00:00,9.452967090844139e-07,0.129544466361417,0.0280821583999746,2.0346140784242373e-06
2024-07-25 21:00:00,9.452967090844139e-07,0.11187035955721648,0.025781127697524563,2.0346140784242373e-06
2024-07-25 22:00:00,9.452967090844139e-07,0.0961381618300309,0.02360385847728758,2.0346140784242373e-06
2024-07-25 23:00:00,9.452967090844139e-07,0.09231202963846154,0.02215234566379625,2.0346140784242373e-06
2024-07-26 00:00:00,5.369285307601327e-05,0.09352227069670832,0.02346133431849542,0.00011556607965450482
2024-07-26 01:00:00,5.369285307601327e-05,0.09054062397770882,0.02194552726764838,0.00011556607965450482
2024-07-26 02:00:00,5.369285307601327e-05,0.08904980061820907,0.02118762374222486,0.00011556607965450482
2024-07-26 03:00:00,5.369285307601327e-05,0.08904980061820907,0.02118762374222486,0.00011556607965450482
2024-07-26 04:00:00,5.369285307601327e-05,0.09054062397770882,0.02194552726764838,0.00011556607965450482
2024-07-26 05:00:00,8.948808846002213e-05,0.1060416107044844,0.025377004234577213,0.00019261013275750804
2024-07-26 06:00:00,0.0002684642653800664,0.13846957417681285,0.03352250293609757,0.0005778303982725241
2024-07-26 07:00:00,0.0006264166192201548,0.15711253048703505,0.04172543007535493,0.0013482709293025563
2024-07-26 08:00:00,0.0008053927961401992,0.15802983394478334,0.044554306121113225,0.0017334911948175724
2024-07-26 09:00:00,0.0008053927961401992,0.1550481872257838,0.043287367586141545,0.0017334911948175724
2024-07-26 10:00:00,0.0007695975607561903,0.1533739031747344,0.042212557367441735,0.001656447141714569
2024-07-26 11:00:00,0.000715904707680177,0.15397432008153827,0.04148832881165193,0.0015408810620600644
2024-07-26 12:00:00,0.0005369285307601328,0.15305701662379,0.03948901448547819,0.0011556607965450482
2024-07-26 13:00:00,0.0006801094722961681,0.15291525144586027,0.04117142211837564,0.0014638370089570612
2024-07-26 14:00:00,0.000715904707680177,0.15309871213740994,0.041737197327527294,0.0015408810620600644
2024-07-26 15:00:00,0.0006264166192201548,0.15351566835266414,0.0406960620784612,0.0013482709293025563
2024-07-26 16:00:00,0.0003579523538400885,0.15538175241379815,0.03866238454452025,0.0007704405310300322
2024-07-26 17:00:00,0.0001431809415360354,0.17099490730136832,0.03703240885633271,0.00030817621241201285
2024-07-26 18:00:00,8.948808846002213e-05,0.1724709321523005,0.03572748709683371,0.00019261013275750804
2024-07-26 19:00:00,7.15904707680177e-05,0.1576768911866712,0.032880542314132725,0.00015408810620600642
2024-07-26 20:00:00,5.369285307601327e-05,0.1302865783760585,0.02960751869384204,0.00011556607965450482
2024-07-26 21:00:00,5.369285307601327e-05,0.11295744392381903,0.027250851945613025,0.00011556607965450482
2024-07-26 22:00:00,5.369285307601327e-05,0.09737952535983618,0.024977141369342464,0.00011556607965450482
2024-07-26 23:00:00,5.369285307601327e-05,0.09352227069670832,0.02346133431849542,0.00011556607965450482
2024-07-27 00:00:00,0.0004306220383509786,0.09688911426510362,0.02931406982923124,0.0009268514883089068
2024-07-27 01:00:00,0.0004306220383509786,0.09391772814549253,0.027803479053270082,0.0009268514883089068
2024-07-27 02:00:00,0.0004306220383509786,0.09243203508568698,0.027048183665289504,0.0009268514883089068
2024-07-27 03:00:00,0.0004306220383509786,0.09243203508568698,0.027048183665289504,0.0009268514883089068
2024-07-27 04:00:00,0.0004306220383509786,0.09391772814549253,0.027803479053270082,0.0009268514883089068
2024-07-27 05:00:00,0.0004306220383509786,0.10744736998208888,0.03006936521721181,0.0009268514883089068
2024-07-27 06:00:00,0.0004306220383509786,0.13361331509266955,0.0338458421571147,0.0009268514883089068
2024-07-27 07:00:00,0.0004306220383509786,0.14922100448626488,0.03686702370903701,0.0009268514883089068
2024-07-27 08:00:00,0.0004306220383509786,0.16096396919763706,0.03762231909701758,0.0009268514883089068
2024-07-27 09:00:00,0.0004306220383509786,0.16214867819202392,0.03762231909701758,0.0009268514883089068
2024-07-27 10:00:00,0.0004306220383509786,0.16274103268921736,0.03762231909701758,0.0009268514883089068
2024-07-27 11:00:00,0.0004306220383509786,0.16333338718641077,0.03762231909701758,0.0009268514883089068
2024-07-27 12:00:00,0.0004306220383509786,0.15970436212353886,0.03762231909701758,0.0009268514883089068
2024-07-27 13:00:00,0.0004306220383509786,0.15911200762634545,0.03762231909701758,0.0009268514883089068
2024-07-27 14:00:00,0.0004306220383509786,0.158519653129152,0.03762231909701758,0.0009268514883089068
2024-07-27 15:00:00,0.0004306220383509786,0.158519653129152,0.03762231909701758,0.0009268514883089068
2024-07-27 16:00:00,0.0004306220383509786,0.158519653129152,0.03762231909701758,0.0009268514883089068
2024-07-27 17:00:00,0.0004306220383509786,0.158519653129152,0.03762231909701758,0.0009268514883089068
2024-07-27 18:00:00,0.0004306220383509786,0.1524837610376507,0.03762231909701758,0.0009268514883089068
2024-07-27 19:00:00,0.0004306220383509786,0.141333150823472,0.03686702370903701,0.0009268514883089068
2024-07-27 20:00:00,0.0004306220383509786,0.1281044930522943,0.03535643293307585,0.0009268514883089068
2024-07-27 21:00:00,0.0004306220383509786,0.1139824967185045,0.03309054676913412,0.0009268514883089068
2024-07-27 22:00:00,0.0004306220383509786,0.10134619344452023,0.03157995599317297,0.0009268514883089068
2024-07-27 23:00:00,0.0004306220383509786,0.09837480732490914,0.03006936521721181,0.0009268514883089068
2024-07-28 00:00:00,0.0005368497560343783,0.09778028800589073,0.03033022899106443,0.0011554912453718494
2024-07-28 01:00:00,0.0005368497560343783,0.09476747630202344,0.028798578311426265,0.0011554912453718494
2024-07-28 02:00:00,0.0005368497560343783,0.0932610704500898,0.02803275297160718,0.0011554912453718494
2024-07-28 03:00:00,0.0005368497560343783,0.0932610704500898,0.02803275297160718,0.0011554912453718494
2024-07-28 04:00:00,0.0005368497560343783,0.09476747630202344,0.028798578311426265,0.0011554912453718494
2024-07-28 05:00:00,0.0005368497560343783,0.10830942639148307,0.031096054330883506,0.0011554912453718494
2024-07-28 06:00:00,0.0005368497560343783,0.13445696453353367,0.03492518102997891,0.0011554912453718494
2024-07-28 07:00:00,0.0005368497560343783,0.1500753642899919,0.03798848238925524,0.0011554912453718494
2024-07-28 08:00:00,0.0005368497560343783,0.16174459030571423,0.03875430772907432,0.0011554912453718494
2024-07-28 09:00:00,0.0005368497560343783,0.16288467793584419,0.03875430772907432,0.0011554912453718494
2024-07-28 10:00:00,0.0005368497560343783,0.16345472175090917,0.03875430772907432,0.0011554912453718494
2024-07-28 11:00:00,0.0005368497560343783,0.16402476556597415,0.03875430772907432,0.0011554912453718494
2024-07-28 12:00:00,0.0005368497560343783,0.16041567255251066,0.03875430772907432,0.0011554912453718494
2024-07-28 13:00:00,0.0005368497560343783,0.15984562873744568,0.03875430772907432,0.0011554912453718494
2024-07-28 14:00:00,0.0005368497560343783,0.1592755849223807,0.03875430772907432,0.0011554912453718494
2024-07-28 15:00:00,0.0005368497560343783,0.1592755849223807,0.03875430772907432,0.0011554912453718494
2024-07-28 16:00:00,0.0005368497560343783,0.1592755849223807,0.03875430772907432,0.0011554912453718494
2024-07-28 17:00:00,0.0005368497560343783,0.1592755849223807,0.03875430772907432,0.0011554912453718494
2024-07-28 18:00:00,0.0005368497560343783,0.1532919015871205,0.03875430772907432,0.0011554912453718494
2024-07-28 19:00:00,0.0005368497560343783,0.1421927193864632,0.03798848238925524,0.0011554912453718494
2024-07-28 20:00:00,0.0005368497560343783,0.1290170875188072,0.03645683170961707,0.0011554912453718494
2024-07-28 21:00:00,0.0005368497560343783,0.11490509361428261,0.034159355690159834,0.0011554912453718494
2024-07-28 22:00:00,0.0005368497560343783,0.10229950556169164,0.03262770501052167,0.0011554912453718494
2024-07-28 23:00:00,0.0005368497560343783,0.09928669385782436,0.031096054330883506,0.0011554912453718494
2024-07-29 00:00:00,0.00010057956984661664,0.09459804052626103,0.024624879789339124,0.0002164829379443541
2024-07-29 01:00:00,0.00010057956984661664,0.09150397685976142,0.023051922305287,0.0002164829379443541
2024-07-29 02:00:00,0.00010057956984661664,0.08995694502651162,0.02226544356326094,0.0002164829379443541
2024-07-29 03:00:00,0.00010057956984661664,0.08995694502651162,0.02226544356326094,0.0002164829379443541
2024-07-29 04:00:00,0.00010057956984661664,0.09150397685976142,0.023051922305287,0.0002164829379443541
2024-07-29 05:00:00,0.00016763261641102774,0.10725374519393373,0.026838164174030628,0.0003608048965739235
2024-07-29 06:00:00,0.0005028978492330832,0.14057513468551067,0.036378313398501484,0.0010824146897217704
2024-07-29 07:00:00,0.0011734283148771942,0.16096492707525584,0.04694740004035298,0.0025256342760174647
2024-07-29 08:00:00,0.0015086935476992499,0.16268325608765752,0.05061588239420464,0.0032472440691653118
2024-07-29 09:00:00,0.0015086935476992499,0.1595891924211579,0.049182979265348946,0.0032472440691653118
2024-07-29 10:00:00,0.0014416405011348386,0.15769849478542777,0.047802858407749,0.003102922110535742
2024-07-29 11:00:00,0.001341060931288222,0.15797385149749862,0.04677234087919171,0.002886439172591388
2024-07-29 12:00:00,0.0010057956984661665,0.15625552248509691,0.04357070637599482,0.002164829379443541
2024-07-29 13:00:00,0.0012740078847238109,0.15683933027922695,0.04617869876361781,0.002742117213961819
2024-07-29 14:00:00,0.001341060931288222,0.15718299608170727,0.04691239523438814,0.002886439172591388
2024-07-29 15:00:00,0.0011734283148771942,0.15711468699129777,0.04528823559025696,0.0025256342760174647
2024-07-29 16:00:00,0.000670530465644111,0.1576659361375277,0.04138897454015137,0.001443219586295694
2024-07-29 17:00:00,0.0002682121862576444,0.1718702572667947,0.03869980755477793,0.0005772878345182776
2024-07-29 18:00:00,0.00016763261641102774,0.17293646939465687,0.0373424965307623,0.0003608048965739235
2024-07-29 19:00:00,0.0001341060931288222,0.1581147103791832,0.03445281532156977,0.0002886439172591388
2024-07-29 20:00:00,0.00010057956984661664,0.1309462335001843,0.030963394510613088,0.0002164829379443541
2024-07-29 21:00:00,0.00010057956984661664,0.11392374113857681,0.028557273499469432,0.0002164829379443541
2024-07-29 22:00:00,0.00010057956984661664,0.09848295960855198,0.02619783727339125,0.0002164829379443541
2024-07-29 23:00:00,0.00010057956984661664,0.09459804052626103,0.024624879789339124,0.0002164829379443541
2024-07-30 00:00:00,0.00010057956984661664,0.09459804052626103,0.024624879789339124,0.0002164829379443541
2024-07-30 01:00:00,0.00010057956984661664,0.09150397685976142,0.023051922305287,0.0002164829379443541
2024-07-30 02:00:00,0.00010057956984661664,0.08995694502651162,0.02226544356326094,0.0002164829379443541
2024-07-30 03:00:00,0.00010057956984661664,0.08995694502651162,0.02226544356326094,0.0002164829379443541
2024-07-30 04:00:00,0.00010057956984661664,0.09150397685976142,0.023051922305287,0.0002164829379443541
2024-07-30 05:00:00,0.00016763261641102774,0.10725374519393373,0.026838164174030628,0.0003608048965739235
2024-07-30 06:00:00,0.0005028978492330832,0.14057513468551067,0.036378313398501484,0.0010824146897217704
2024-07-30 07:00:00,0.0011734283148771942,0.16096492707525584,0.04694740004035298,0.0025256342760174647
2024-07-30 08:00:00,0.0015086935476992499,0.16268325608765752,0.05061588239420464,0.0032472440691653118
2024-07-30 09:00:00,0.0015086935476992499,0.1595891924211579,0.049182979265348946,0.0032472440691653118
2024-07-30 10:00:00,0.0014416405011348386,0.15769849478542777,0.047802858407749,0.003102922110535742
2024-07-30 11:00:00,0.001341060931288222,0.15797385149749862,0.04677234087919171,0.002886439172591388
2024-07-30 12:00:00,0.0010057956984661665,0.15625552248509691,0.04357070637599482,0.002164829379443541
2024-07-30 13:00:00,0.0012740078847238109,0.15683933027922695,0.04617869876361781,0.002742117213961819
2024-07-30 14:00:00,0.001341060931288222,0.15718299608170727,0.04691239523438814,0.002886439172591388
2024-07-30 15:00:00,0.0011734283148771942,0.15711468699129777,0.04528823559025696,0.0025256342760174647
2024-07-30 16:00:00,0.000670530465644111,0.1576659361375277,0.04138897454015137,0.001443219586295694
2024-07-30 17:00:00,0.0002682121862576444,0.1718702572667947,0.03869980755477793,0.0005772878345182776
2024-07-30 18:00:00,0.00016763261641102774,0.17293646939465687,0.0373424965307623,0.0003608048965739235
2024-07-30 19:00:00,0.0001341060931288222,0.1581147103791832,0.03445281532156977,0.0002886439172591388
2024-07-30 20:00:00,0.00010057956984661664,0.1309462335001843,0.030963394510613088,0.0002164829379443541
2024-07-30 21:00:00,0.00010057956984661664,0.11392374113857681,0.028557273499469432,0.0002164829379443541
2024-07-30 22:00:00,0.00010057956984661664,0.09848295960855198,0.02619783727339125,0.0002164829379443541
2024-07-30 23:00:00,0.00010057956984661664,0.09459804052626103,0.024624879789339124,0.0002164829379443541
2024-07-31 00:00:00,0.00010057956984661664,0.09459804052626103,0.024624879789339124,0.0002164829379443541
2024-07-31 01:00:00,0.00010057956984661664,0.09150397685976142,0.023051922305287,0.0002164829379443541
2024-07-31 02:00:00,0.00010057956984661664,0.08995694502651162,0.02226544356326094,0.0002164829379443541
2024-07-31 03:00:00,0.00010057956984661664,0.08995694502651162,0.02226544356326094,0.0002164829379443541
2024-07-31 04:00:00,0.00010057956984661664,0.09150397685976142,0.023051922305287,0.0002164829379443541
2024-07-31 05:00:00,0.00016763261641102774,0.10725374519393373,0.026838164174030628,0.0003608048965739235
2024-07-31 06:00:00,0.0005028978492330832,0.14057513468551067,0.036378313398501484,0.0010824146897217704
2024-07-31 07:00:00,0.0011734283148771942,0.16096492707525584,0.04694740004035298,0.0025256342760174647
2024-07-31 08:00:00,0.0015086935476992499,0.16268325608765752,0.05061588239420464,0.0032472440691653118
2024-07-31 09:00:00,0.0015086935476992499,0.1595891924211579,0.049182979265348946,0.0032472440691653118
2024-07-31 10:00:00,0.0014416405011348386,0.15769849478542777,0.047802858407749,0.003102922110535742
2024-07-31 11:00:00,0.001341060931288222,0.15797385149749862,0.04677234087919171,0.002886439172591388
2024-07-31 12:00:00,0.0010057956984661665,0.15625552248509691,0.04357070637599482,0.002164829379443541
2024-07-31 13:00:00,0.0012740078847238109,0.15683933027922695,0.04617869876361781,0.002742117213961819
2024-07-31 14:00:00,0.001341060931288222,0.15718299608170727,0.04691239523438814,0.002886439172591388
2024-07-31 15:00:00,0.0011734283148771942,0.15711468699129777,0.04528823559025696,0.0025256342760174647
2024-07-31 16:00:00,0.000670530465644111,0.1576659361375277,0.04138897454015137,0.001443219586295694
2024-07-31 17:00:00,0.0002682121862576444,0.1718702572667947,0.03869980755477793,0.0005772878345182776
2024-07-31 18:00:00,0.00016763261641102774,0.17293646939465687,0.0373424965307623,0.0003608048965739235
2024-07-31 19:00:00,0.0001341060931288222,0.1581147103791832,0.03445281532156977,0.0002886439172591388
2024-07-31 20:00:00,0.00010057956984661664,0.1309462335001843,0.030963394510613088,0.0002164829379443541
2024-07-31 21:00:00,0.00010057956984661664,0.11392374113857681,0.028557273499469432,0.0002164829379443541
2024-07-31 22:00:00,0.00010057956984661664,0.09848295960855198,0.02619783727339125,0.0002164829379443541
2024-07-31 23:00:00,0.00010057956984661664,0.09459804052626103,0.024624879789339124,0.0002164829379443541
2024-08-01 00:00:00,0.00010057956984661664,0.09459804052626103,0.024624879789339124,0.0002164829379443541
2024-08-01 01:00:00,0.00010057956984661664,0.09150397685976142,0.023051922305287,0.0002164829379443541
2024-08-01 02:00:00,0.00010057956984661664,0.08995694502651162,0.02226544356326094,0.0002164829379443541
2024-08-01 03:00:00,0.00010057956984661664,0.08995694502651162,0.02226544356326094,0.0002164829379443541
2024-08-01 04:00:00,0.00010057956984661664,0.09150397685976142,0.023051922305287,0.0002164829379443541
2024-08-01 05:00:00,0.00016763261641102774,0.10725374519393373,0.026838164174030628,0.0003608048965739235
2024-08-01 06:00:00,0.0005028978492330832,0.14057513468551067,0.036378313398501484,0.0010824146897217704
2024-08-01 07:00:00,0.0011734283148771942,0.16096492707525584,0.04694740004035298,0.0025256342760174647
2024-08-01 08:00:00,0.0015086935476992499,0.16268325608765752,0.05061588239420464,0.0032472440691653118
2024-08-01 09:00:00,0.0015086935476992499,0.1595891924211579,0.049182979265348946,0.0032472440691653118
2024-08-01 10:00:00,0.0014416405011348386,0.15769849478542777,0.047802858407749,0.003102922110535742
2024-08-01 11:00:00,0.001341060931288222,0.15797385149749862,0.04677234087919171,0.002886439172591388
2024-08-01 12:00:00,0.0010057956984661665,0.15625552248509691,0.04357070637599482,0.002164829379443541
2024-08-01 13:00:00,0.0012740078847238109,0.15683933027922695,0.04617869876361781,0.002742117213961819
2024-08-01 14:00:00,0.001341060931288222,0.15718299608170727,0.04691239523438814,0.002886439172591388
2024-08-01 15:00:00,0.0011734283148771942,0.15711468699129777,0.04528823559025696,0.0025256342760174647
2024-08-01 16:00:00,0.000670530465644111,0.1576659361375277,0.04138897454015137,0.001443219586295694
2024-08-01 17:00:00,0.0002682121862576444,0.1718702572667947,0.03869980755477793,0.0005772878345182776
2024-08-01 18:00:00,0.00016763261641102774,0.17293646939465687,0.0373424965307623,0.0003608048965739235
2024-08-01 19:00:00,0.0001341060931288222,0.1581147103791832,0.03445281532156977,0.0002886439172591388
2024-08-01 20:00:00,0.00010057956984661664,0.1309462335001843,0.030963394510613088,0.0002164829379443541
2024-08-01 21:00:00,0.00010057956984661664,0.11392374113857681,0.028557273499469432,0.0002164829379443541
2024-08-01 22:00:00,0.00010057956984661664,0.09848295960855198,0.02619783727339125,0.0002164829379443541
2024-08-01 23:00:00,0.00010057956984661664,0.09459804052626103,0.024624879789339124,0.0002164829379443541
2024-08-02 00:00:00,0.00010057956984661664,0.09459804052626103,0.024624879789339124,0.0002164829379443541
2024-08-02 01:00:00,0.00010057956984661664,0.09150397685976142,0.023051922305287,0.0002164829379443541
2024-08-02 02:00:00,0.00010057956984661664,0.08995694502651162,0.02226544356326094,0.0002164829379443541
2024-08-02 03:00:00,0.00010057956984661664,0.08995694502651162,0.02226544356326094,0.0002164829379443541
2024-08-02 04:00:00,0.00010057956984661664,0.09150397685976142,0.023051922305287,0.0002164829379443541
2024-08-02 05:00:00,0.00016763261641102774,0.10725374519393373,0.026838164174030628,0.0003608048965739235
2024-08-02 06:00:00,0.0005028978492330832,0.14057513468551067,0.036378313398501484,0.0010824146897217704
2024-08-02 07:00:00,0.0011734283148771942,0.16096492707525584,0.04694740004035298,0.0025256342760174647
2024-08-02 08:00:00,0.0015086935476992499,0.16268325608765752,0.05061588239420464,0.0032472440691653118
2024-08-02 09:00:00,0.0015086935476992499,0.1595891924211579,0.049182979265348946,0.0032472440691653118
2024-08-02 10:00:00,0.0014416405011348386,0.15769849478542777,0.047802858407749,0.003102922110535742
2024-08-02 11:00:00,0.001341060931288222,0.15797385149749862,0.04677234087919171,0.002886439172591388
2024-08-02 12:00:00,0.0010057956984661665,0.15625552248509691,0.04357070637599482,0.002164829379443541
2024-08-02 13:00:00,0.0012740078847238109,0.15683933027922695,0.04617869876361781,0.002742117213961819
2024-08-02 14:00:00,0.001341060931288222,0.15718299608170727,0.04691239523438814,0.002886439172591388
2024-08-02 15:00:00,0.0011734283148771942,0.15711468699129777,0.04528823559025696,0.0025256342760174647
2024-08-02 16:00:00,0.000670530465644111,0.1576659361375277,0.04138897454015137,0.001443219586295694
2024-08-02 17:00:00,0.0002682121862576444,0.1718702572667947,0.03869980755477793,0.0005772878345182776
2024-08-02 18:00:00,0.00016763261641102774,0.17293646939465687,0.0373424965307623,0.0003608048965739235
2024-08-02 19:00:00,0.0001341060931288222,0.1581147103791832,0.03445281532156977,0.0002886439172591388
2024-08-02 20:00:00,0.00010057956984661664,0.1309462335001843,0.030963394510613088,0.0002164829379443541
2024-08-02 21:00:00,0.00010057956984661664,0.11392374113857681,0.028557273499469432,0.0002164829379443541
2024-08-02 22:00:00,0.00010057956984661664,0.09848295960855198,0.02619783727339125,0.0002164829379443541
2024-08-02 23:00:00,0.00010057956984661664,0.09459804052626103,0.024624879789339124,0.0002164829379443541
2024-08-03 00:00:00,0.0006076682344899756,0.0983744038330821,0.03100766843228653,0.0013079177500804728
2024-08-03 01:00:00,0.0006076682344899756,0.09533397507304402,0.02946197781686369,0.0013079177500804728
2024-08-03 02:00:00,0.0006076682344899756,0.09381376069302498,0.028689132509152275,0.0013079177500804728
2024-08-03 03:00:00,0.0006076682344899756,0.09381376069302498,0.028689132509152275,0.0013079177500804728
2024-08-03 04:00:00,0.0006076682344899756,0.09533397507304402,0.02946197781686369,0.0013079177500804728
2024-08-03 05:00:00,0.0006076682344899756,0.10888413066441248,0.03178051373999794,0.0013079177500804728
2024-08-03 06:00:00,0.0006076682344899756,0.1350193974941097,0.03564474027855503,0.0013079177500804728
2024-08-03 07:00:00,0.0006076682344899756,0.15064493749247657,0.038736121509400694,0.0013079177500804728
2024-08-03 08:00:00,0.0006076682344899756,0.16226500437776567,0.03950896681711211,0.0013079177500804728
2024-08-03 09:00:00,0.0006076682344899756,0.16337534443172436,0.03950896681711211,0.0013079177500804728
2024-08-03 10:00:00,0.0006076682344899756,0.1639305144587037,0.03950896681711211,0.0013079177500804728
2024-08-03 11:00:00,0.0006076682344899756,0.16448568448568307,0.03950896681711211,0.0013079177500804728
2024-08-03 12:00:00,0.0006076682344899756,0.1608898795051585,0.03950896681711211,0.0013079177500804728
2024-08-03 13:00:00,0.0006076682344899756,0.16033470947817915,0.03950896681711211,0.0013079177500804728
2024-08-03 14:00:00,0.0006076682344899756,0.15977953945119983,0.03950896681711211,0.0013079177500804728
2024-08-03 15:00:00,0.0006076682344899756,0.15977953945119983,0.03950896681711211,0.0013079177500804728
2024-08-03 16:00:00,0.0006076682344899756,0.15977953945119983,0.03950896681711211,0.0013079177500804728
2024-08-03 17:00:00,0.0006076682344899756,0.15977953945119983,0.03950896681711211,0.0013079177500804728
2024-08-03 18:00:00,0.0006076682344899756,0.15383066195343365,0.03950896681711211,0.0013079177500804728
2024-08-03 19:00:00,0.0006076682344899756,0.14276576509512393,0.038736121509400694,0.0013079177500804728
2024-08-03 20:00:00,0.0006076682344899756,0.12962548382981579,0.03719043089397786,0.0013079177500804728
2024-08-03 21:00:00,0.0006076682344899756,0.115520158211468,0.034871894970843614,0.0013079177500804728
2024-08-03 22:00:00,0.0006076682344899756,0.10293504697313921,0.03332620435542078,0.0013079177500804728
2024-08-03 23:00:00,0.0006076682344899756,0.09989461821310114,0.03178051373999794,0.0013079177500804728
2024-08-04 00:00:00,0.0006076682344899756,0.0983744038330821,0.03100766843228653,0.0013079177500804728
2024-08-04 01:00:00,0.0006076682344899756,0.09533397507304402,0.02946197781686369,0.0013079177500804728
2024-08-04 02:00:00,0.0006076682344899756,0.09381376069302498,0.028689132509152275,0.0013079177500804728
2024-08-04 03:00:00,0.0006076682344899756,0.09381376069302498,0.028689132509152275,0.0013079177500804728
2024-08-04 04:00:00,0.0006076682344899756,0.09533397507304402,0.02946197781686369,0.0013079177500804728
2024-08-04 05:00:00,0.0006076682344899756,0.10888413066441248,0.03178051373999794,0.0013079177500804728
2024-08-04 06:00:00,0.0006076682344899756,0.1350193974941097,0.03564474027855503,0.0013079177500804728
2024-08-04 07:00:00,0.0006076682344899756,0.15064493749247657,0.038736121509400694,0.0013079177500804728
2024-08-04 08:00:00,0.0006076682344899756,0.16226500437776567,0.03950896681711211,0.0013079177500804728
2024-08-04 09:00:00,0.0006076682344899756,0.16337534443172436,0.03950896681711211,0.0013079177500804728
2024-08-04 10:00:00,0.0006076682344899756,0.1639305144587037,0.03950896681711211,0.0013079177500804728
2024-08-04 11:00:00,0.0006076682344899756,0.16448568448568307,0.03950896681711211,0.0013079177500804728
2024-08-04 12:00:00,0.0006076682344899756,0.1608898795051585,0.03950896681711211,0.0013079177500804728
2024-08-04 13:00:00,0.0006076682344899756,0.16033470947817915,0.03950896681711211,0.0013079177500804728
2024-08-04 14:00:00,0.0006076682344899756,0.15977953945119983,0.03950896681711211,0.0013079177500804728
2024-08-04 15:00:00,0.0006076682344899756,0.15977953945119983,0.03950896681711211,0.0013079177500804728
2024-08-04 16:00:00,0.0006076682344899756,0.15977953945119983,0.03950896681711211,0.0013079177500804728
2024-08-04 17:00:00,0.0006076682344899756,0.15977953945119983,0.03950896681711211,0.0013079177500804728
2024-08-04 18:00:00,0.0006076682344899756,0.15383066195343365,0.03950896681711211,0.0013079177500804728
2024-08-04 19:00:00,0.0006076682344899756,0.14276576509512393,0.038736121509400694,0.0013079177500804728
2024-08-04 20:00:00,0.0006076682344899756,0.12962548382981579,0.03719043089397786,0.0013079177500804728
2024-08-04 21:00:00,0.0006076682344899756,0.115520158211468,0.034871894970843614,0.0013079177500804728
2024-08-04 22:00:00,0.0006076682344899756,0.10293504697313921,0.03332620435542078,0.0013079177500804728
2024-08-04 23:00:00,0.0006076682344899756,0.09989461821310114,0.03178051373999794,0.0013079177500804728
2024-08-05 00:00:00,0.00010057956984661664,0.09459804052626103,0.024624879789339124,0.0002164829379443541
2024-08-05 01:00:00,0.00010057956984661664,0.09150397685976142,0.023051922305287,0.0002164829379443541
2024-08-05 02:00:00,0.00010057956984661664,0.08995694502651162,0.02226544356326094,0.0002164829379443541
2024-08-05 03:00:00,0.00010057956984661664,0.08995694502651162,0.02226544356326094,0.0002164829379443541
2024-08-05 04:00:00,0.00010057956984661664,0.09150397685976142,0.023051922305287,0.0002164829379443541
2024-08-05 05:00:00,0.00016763261641102774,0.10725374519393373,0.026838164174030628,0.0003608048965739235
2024-08-05 06:00:00,0.0005028978492330832,0.14057513468551067,0.036378313398501484,0.0010824146897217704
2024-08-05 07:00:00,0.0011734283148771942,0.16096492707525584,0.04694740004035298,0.0025256342760174647
2024-08-05 08:00:00,0.0015086935476992499,0.16268325608765752,0.05061588239420464,0.0032472440691653118
2024-08-05 09:00:00,0.0015086935476992499,0.1595891924211579,0.049182979265348946,0.0032472440691653118
2024-08-05 10:00:00,0.0014416405011348386,0.15769849478542777,0.047802858407749,0.003102922110535742
2024-08-05 11:00:00,0.001341060931288222,0.15797385149749862,0.04677234087919171,0.002886439172591388
2024-08-05 12:00:00,0.0010057956984661665,0.15625552248509691,0.04357070637599482,0.002164829379443541
2024-08-05 13:00:00,0.0012740078847238109,0.15683933027922695,0.04617869876361781,0.002742117213961819
2024-08-05 14:00:00,0.001341060931288222,0.15718299608170727,0.04691239523438814,0.002886439172591388
2024-08-05 15:00:00,0.0011734283148771942,0.15711468699129777,0.04528823559025696,0.0025256342760174647
2024-08-05 16:00:00,0.000670530465644111,0.1576659361375277,0.04138897454015137,0.001443219586295694
2024-08-05 17:00:00,0.0002682121862576444,0.1718702572667947,0.03869980755477793,0.0005772878345182776
2024-08-05 18:00:00,0.00016763261641102774,0.17293646939465687,0.0373424965307623,0.0003608048965739235
2024-08-05 19:00:00,0.0001341060931288222,0.1581147103791832,0.03445281532156977,0.0002886439172591388
2024-08-05 20:00:00,0.00010057956984661664,0.1309462335001843,0.030963394510613088,0.0002164829379443541
2024-08-05 21:00:00,0.00010057956984661664,0.11392374113857681,0.028557273499469432,0.0002164829379443541
2024-08-05 22:00:00,0.00010057956984661664,0.09848295960855198,0.02619783727339125,0.0002164829379443541
2024-08-05 23:00:00,0.00010057956984661664,0.09459804052626103,0.024624879789339124,0.0002164829379443541
2024-08-06 00:00:00,0.00010057956984661664,0.09459804052626103,0.024624879789339124,0.0002164829379443541
2024-08-06 01:00:00,0.00010057956984661664,0.09150397685976142,0.023051922305287,0.0002164829379443541
2024-08-06 02:00:00,0.00010057956984661664,0.08995694502651162,0.02226544356326094,0.0002164829379443541
2024-08-06 03:00:00,0.00010057956984661664,0.08995694502651162,0.02226544356326094,0.0002164829379443541
2024-08-06 04:00:00,0.00010057956984661664,0.09150397685976142,0.023051922305287,0.0002164829379443541
2024-08-06 05:00:00,0.00016763261641102774,0.10725374519393373,0.026838164174030628,0.0003608048965739235
2024-08-06 06:00:00,0.0005028978492330832,0.14057513468551067,0.036378313398501484,0.0010824146897217704
2024-08-06 07:00:00,0.0011734283148771942,0.16096492707525584,0.04694740004035298,0.0025256342760174647
2024-08-06 08:00:00,0.0015086935476992499,0.16268325608765752,0.05061588239420464,0.0032472440691653118
2024-08-06 09:00:00,0.0015086935476992499,0.1595891924211579,0.049182979265348946,0.0032472440691653118
2024-08-06 10:00:00,0.0014416405011348386,0.15769849478542777,0.047802858407749,0.003102922110535742
2024-08-06 11:00:00,0.001341060931288222,0.15797385149749862,0.04677234087919171,0.002886439172591388
2024-08-06 12:00:00,0.0010057956984661665,0.15625552248509691,0.04357070637599482,0.002164829379443541
2024-08-06 13:00:00,0.0012740078847238109,0.15683933027922695,0.04617869876361781,0.002742117213961819
2024-08-06 14:00:00,0.001341060931288222,0.15718299608170727,0.04691239523438814,0.002886439172591388
2024-08-06 15:00:00,0.0011734283148771942,0.15711468699129777,0.04528823559025696,0.0025256342760174647
2024-08-06 16:00:00,0.000670530465644111,0.1576659361375277,0.04138897454015137,0.001443219586295694
2024-08-06 17:00:00,0.0002682121862576444,0.1718702572667947,0.03869980755477793,0.0005772878345182776
2024-08-06 18:00:00,0.00016763261641102774,0.17293646939465687,0.0373424965307623,0.0003608048965739235
2024-08-06 19:00:00,0.0001341060931288222,0.1581147103791832,0.03445281532156977,0.0002886439172591388
2024-08-06 20:00:00,0.00010057956984661664,0.1309462335001843,0.030963394510613088,0.0002164829379443541
2024-08-06 21:00:00,0.00010057956984661664,0.11392374113857681,0.028557273499469432,0.0002164829379443541
2024-08-06 22:00:00,0.00010057956984661664,0.09848295960855198,0.02619783727339125,0.0002164829379443541
2024-08-06 23:00:00,0.00010057956984661664,0.09459804052626103,0.024624879789339124,0.0002164829379443541
2024-08-07 00:00:00,0.00010057956984661664,0.09459804052626103,0.024624879789339124,0.0002164829379443541
2024-08-07 01:00:00,0.00010057956984661664,0.09150397685976142,0.023051922305287,0.0002164829379443541
2024-08-07 02:00:00,0.00010057956984661664,0.08995694502651162,0.02226544356326094,0.0002164829379443541
2024-08-07 03:00:00,0.00010057956984661664,0.08995694502651162,0.02226544356326094,0.0002164829379443541
2024-08-07 04:00:00,0.00010057956984661664,0.09150397685976142,0.023051922305287,0.0002164829379443541
2024-08-07 05:00:00,0.00016763261641102774,0.10725374519393373,0.026838164174030628,0.0003608048965739235
2024-08-07 06:00:00,0.0005028978492330832,0.14057513468551067,0.036378313398501484,0.0010824146897217704
2024-08-07 07:00:00,0.0011734283148771942,0.16096492707525584,0.04694740004035298,0.0025256342760174647
2024-08-07 08:00:00,0.0015086935476992499,0.16268325608765752,0.05061588239420464,0.0032472440691653118
2024-08-07 09:00:00,0.0015086935476992499,0.1595891924211579,0.049182979265348946,0.0032472440691653118
2024-08-07 10:00:00,0.0014416405011348386,0.15769849478542777,0.047802858407749,0.003102922110535742
2024-08-07 11:00:00,0.001341060931288222,0.15797385149749862,0.04677234087919171,0.002886439172591388
2024-08-07 12:00:00,0.0010057956984661665,0.15625552248509691,0.04357070637599482,0.002164829379443541
2024-08-07 13:00:00,0.0012740078847238109,0.15683933027922695,0.04617869876361781,0.002742117213961819
2024-08-07 14:00:00,0.001341060931288222,0.15718299608170727,0.04691239523438814,0.002886439172591388
2024-08-07 15:00:00,0.0011734283148771942,0.15711468699129777,0.04528823559025696,0.0025256342760174647
2024-08-07 16:00:00,0.000670530465644111,0.1576659361375277,0.04138897454015137,0.001443219586295694
2024-08-07 17:00:00,0.0002682121862576444,0.1718702572667947,0.03869980755477793,0.0005772878345182776
2024-08-07 18:00:00,0.00016763261641102774,0.17293646939465687,0.0373424965307623,0.0003608048965739235
2024-08-07 19:00:00,0.0001341060931288222,0.1581147103791832,0.03445281532156977,0.0002886439172591388
2024-08-07 20:00:00,0.00010057956984661664,0.1309462335001843,0.030963394510613088,0.0002164829379443541
2024-08-07 21:00:00,0.00010057956984661664,0.11392374113857681,0.028557273499469432,0.0002164829379443541
2024-08-07 22:00:00,0.00010057956984661664,0.09848295960855198,0.02619783727339125,0.0002164829379443541
2024-08-07 23:00:00,0.00010057956984661664,0.09459804052626103,0.024624879789339124,0.0002164829379443541
2024-08-08 00:00:00,0.00010057956984661664,0.09459804052626103,0.024624879789339124,0.0002164829379443541
2024-08-08 01:00:00,0.00010057956984661664,0.09150397685976142,0.023051922305287,0.0002164829379443541
2024-08-08 02:00:00,0.00010057956984661664,0.08995694502651162,0.02226544356326094,0.0002164829379443541
2024-08-08 03:00:00,0.00010057956984661664,0.08995694502651162,0.02226544356326094,0.0002164829379443541
2024-08-08 04:00:00,0.00010057956984661664,0.09150397685976142,0.023051922305287,0.0002164829379443541
2024-08-08 05:00:00,0.00016763261641102774,0.10725374519393373,0.026838164174030628,0.0003608048965739235
2024-08-08 06:00:00,0.0005028978492330832,0.14057513468551067,0.036378313398501484,0.0010824146897217704
2024-08-08 07:00:00,0.0011734283148771942,0.16096492707525584,0.04694740004035298,0.0025256342760174647
2024-08-08 08:00:00,0.0015086935476992499,0.16268325608765752,0.05061588239420464,0.0032472440691653118
2024-08-08 09:00:00,0.0015086935476992499,0.1595891924211579,0.049182979265348946,0.0032472440691653118
2024-08-08 10:00:00,0.0014416405011348386,0.15769849478542777,0.047802858407749,0.003102922110535742
2024-08-08 11:00:00,0.001341060931288222,0.15797385149749862,0.04677234087919171,0.002886439172591388
2024-08-08 12:00:00,0.0010057956984661665,0.15625552248509691,0.04357070637599482,0.002164829379443541
2024-08-08 13:00:00,0.0012740078847238109,0.15683933027922695,0.04617869876361781,0.002742117213961819
2024-08-08 14:00:00,0.001341060931288222,0.15718299608170727,0.04691239523438814,0.002886439172591388
2024-08-08 15:00:00,0.0011734283148771942,0.15711468699129777,0.04528823559025696,0.0025256342760174647
2024-08-08 16:00:00,0.000670530465644111,0.1576659361375277,0.04138897454015137,0.001443219586295694
2024-08-08 17:00:00,0.0002682121862576444,0.1718702572667947,0.03869980755477793,0.0005772878345182776
2024-08-08 18:00:00,0.00016763261641102774,0.17293646939465687,0.0373424965307623,0.0003608048965739235
2024-08-08 19:00:00,0.0001341060931288222,0.1581147103791832,0.03445281532156977,0.0002886439172591388
2024-08-08 20:00:00,0.00010057956984661664,0.1309462335001843,0.030963394510613088,0.0002164829379443541
2024-08-08 21:00:00,0.00010057956984661664,0.11392374113857681,0.028557273499469432,0.0002164829379443541
2024-08-08 22:00:00,0.00010057956984661664,0.09848295960855198,0.02619783727339125,0.0002164829379443541
2024-08-08 23:00:00,0.00010057956984661664,0.09459804052626103,0.024624879789339124,0.0002164829379443541
2024-08-09 00:00:00,0.00010057956984661664,0.09459804052626103,0.024624879789339124,0.0002164829379443541
2024-08-09 01:00:00,0.00010057956984661664,0.09150397685976142,0.023051922305287,0.0002164829379443541
2024-08-09 02:00:00,0.00010057956984661664,0.08995694502651162,0.02226544356326094,0.0002164829379443541
2024-08-09 03:00:00,0.00010057956984661664,0.08995694502651162,0.02226544356326094,0.0002164829379443541
2024-08-09 04:00:00,0.00010057956984661664,0.09150397685976142,0.023051922305287,0.0002164829379443541
2024-08-09 05:00:00,0.00016763261641102774,0.10725374519393373,0.026838164174030628,0.0003608048965739235
2024-08-09 06:00:00,0.0005028978492330832,0.14057513468551067,0.036378313398501484,0.0010824146897217704
2024-08-09 07:00:00,0.0011734283148771942,0.16096492707525584,0.04694740004035298,0.0025256342760174647
2024-08-09 08:00:00,0.0015086935476992499,0.16268325608765752,0.05061588239420464,0.0032472440691653118
2024-08-09 09:00:00,0.0015086935476992499,0.1595891924211579,0.049182979265348946,0.0032472440691653118
2024-08-09 10:00:00,0.0014416405011348386,0.15769849478542777,0.047802858407749,0.003102922110535742
2024-08-09 11:00:00,0.001341060931288222,0.15797385149749862,0.04677234087919171,0.002886439172591388
2024-08-09 12:00:00,0.0010057956984661665,0.15625552248509691,0.04357070637599482,0.002164829379443541
2024-08-09 13:00:00,0.0012740078847238109,0.15683933027922695,0.04617869876361781,0.002742117213961819
2024-08-09 14:00:00,0.001341060931288222,0.15718299608170727,0.04691239523438814,0.002886439172591388
2024-08-09 15:00:00,0.0011734283148771942,0.15711468699129777,0.04528823559025696,0.0025256342760174647
2024-08-09 16:00:00,0.000670530465644111,0.1576659361375277,0.04138897454015137,0.001443219586295694
2024-08-09 17:00:00,0.0002682121862576444,0.1718702572667947,0.03869980755477793,0.0005772878345182776
2024-08-09 18:00:00,0.00016763261641102774,0.17293646939465687,0.0373424965307623,0.0003608048965739235
2024-08-09 19:00:00,0.0001341060931288222,0.1581147103791832,0.03445281532156977,0.0002886439172591388
2024-08-09 20:00:00,0.00010057956984661664,0.1309462335001843,0.030963394510613088,0.0002164829379443541
2024-08-09 21:00:00,0.00010057956984661664,0.11392374113857681,0.028557273499469432,0.0002164829379443541
2024-08-09 22:00:00,0.00010057956984661664,0.09848295960855198,0.02619783727339125,0.0002164829379443541
2024-08-09 23:00:00,0.00010057956984661664,0.09459804052626103,0.024624879789339124,0.0002164829379443541
2024-08-10 00:00:00,-0.0015329812279178973,0.05978809154371031,0.010530521686254355,-0.003299519778612099
2024-08-10 01:00:00,-0.0015329812279178973,0.05758245107247137,0.009409220038868191,-0.003299519778612099
2024-08-10 02:00:00,-0.0015329812279178973,0.0564796308368519,0.008848569215175113,-0.003299519778612099
2024-08-10 03:00:00,-0.0015329812279178973,0.0564796308368519,0.008848569215175113,-0.003299519778612099
2024-08-10 04:00:00,-0.0015329812279178973,0.05758245107247137,0.009409220038868191,-0.003299519778612099
2024-08-10 05:00:00,-0.0015329812279178973,0.06702133603118313,0.01109117250994743,-0.003299519778612099
2024-08-10 06:00:00,-0.0015329812279178973,0.08536384722015289,0.013894426628412825,-0.003299519778612099
2024-08-10 07:00:00,-0.0015329812279178973,0.09647311392164985,0.016137029923185144,-0.003299519778612099
2024-08-10 08:00:00,-0.0015329812279178973,0.10484148142345413,0.01669768074687822,-0.003299519778612099
2024-08-10 09:00:00,-0.0015329812279178973,0.1059766044377856,0.01669768074687822,-0.003299519778612099
2024-08-10 10:00:00,-0.0015329812279178973,0.10654416594495135,0.01669768074687822,-0.003299519778612099
2024-08-10 11:00:00,-0.0015329812279178973,0.10711172745211708,0.01669768074687822,-0.003299519778612099
2024-08-10 12:00:00,-0.0015329812279178973,0.10465955775137574,0.01669768074687822,-0.003299519778612099
2024-08-10 13:00:00,-0.0015329812279178973,0.10409199624421,0.01669768074687822,-0.003299519778612099
2024-08-10 14:00:00,-0.0015329812279178973,0.10352443473704426,0.01669768074687822,-0.003299519778612099
2024-08-10 15:00:00,-0.0015329812279178973,0.10352443473704426,0.01669768074687822,-0.003299519778612099
2024-08-10 16:00:00,-0.0015329812279178973,0.10352443473704426,0.01669768074687822,-0.003299519778612099
2024-08-10 17:00:00,-0.0015329812279178973,0.10352443473704426,0.01669768074687822,-0.003299519778612099
2024-08-10 18:00:00,-0.0015329812279178973,0.09927861867876651,0.01669768074687822,-0.003299519778612099
2024-08-10 19:00:00,-0.0015329812279178973,0.09147781268412797,0.016137029923185144,-0.003299519778612099
2024-08-10 20:00:00,-0.0015329812279178973,0.08200662494670422,0.015015728275798982,-0.003299519778612099
2024-08-10 21:00:00,-0.0015329812279178973,0.07200017848082672,0.01333377580471975,-0.003299519778612099
2024-08-10 22:00:00,-0.0015329812279178973,0.0630965522505687,0.012212474157333586,-0.003299519778612099
2024-08-10 23:00:00,-0.0015329812279178973,0.06089091177932977,0.01109117250994743,-0.003299519778612099
2024-08-11 00:00:00,-0.0019611111203994775,0.05207082908583586,0.006435092337047865,-0.004221007284350625
2024-08-11 01:00:00,-0.0019611111203994775,0.050032146272356755,0.005398668483269038,-0.004221007284350625
2024-08-11 02:00:00,-0.0019611111203994775,0.0490128048656172,0.004880456556379626,-0.004221007284350625
2024-08-11 03:00:00,-0.0019611111203994775,0.0490128048656172,0.004880456556379626,-0.004221007284350625
2024-08-11 04:00:00,-0.0019611111203994775,0.050032146272356755,0.005398668483269038,-0.004221007284350625
2024-08-11 05:00:00,-0.0019611111203994775,0.05864877710453715,0.006953304263937272,-0.004221007284350625
2024-08-11 06:00:00,-0.0019611111203994775,0.0754327371653614,0.009544363898384325,-0.004221007284350625
2024-08-11 07:00:00,-0.0019611111203994775,0.08563874920748438,0.011617211605941972,-0.004221007284350625
2024-08-11 08:00:00,-0.0019611111203994775,0.09335677683259169,0.012135423532831383,-0.004221007284350625
2024-08-11 09:00:00,-0.0019611111203994775,0.09449685643899772,0.012135423532831383,-0.004221007284350625
2024-08-11 10:00:00,-0.0019611111203994775,0.09506689624220073,0.012135423532831383,-0.004221007284350625
2024-08-11 11:00:00,-0.0019611111203994775,0.09563693604540374,0.012135423532831383,-0.004221007284350625
2024-08-11 12:00:00,-0.0019611111203994775,0.09341349340061904,0.012135423532831383,-0.004221007284350625
2024-08-11 13:00:00,-0.0019611111203994775,0.09284345359741603,0.012135423532831383,-0.004221007284350625
2024-08-11 14:00:00,-0.0019611111203994775,0.09227341379421301,0.012135423532831383,-0.004221007284350625
2024-08-11 15:00:00,-0.0019611111203994775,0.09227341379421301,0.012135423532831383,-0.004221007284350625
2024-08-11 16:00:00,-0.0019611111203994775,0.09227341379421301,0.012135423532831383,-0.004221007284350625
2024-08-11 17:00:00,-0.0019611111203994775,0.09227341379421301,0.012135423532831383,-0.004221007284350625
2024-08-11 18:00:00,-0.0019611111203994775,0.08836821002383297,0.012135423532831383,-0.004221007284350625
2024-08-11 19:00:00,-0.0019611111203994775,0.08122022220192865,0.011617211605941972,-0.004221007284350625
2024-08-11 20:00:00,-0.0019611111203994775,0.07248285317008177,0.010580787752163149,-0.004221007284350625
2024-08-11 21:00:00,-0.0019611111203994775,0.06329618253469838,0.009026151971494919,-0.004221007284350625
2024-08-11 22:00:00,-0.0019611111203994775,0.05512885330605451,0.007989728117716092,-0.004221007284350625
2024-08-11 23:00:00,-0.0019611111203994775,0.0530901704925754,0.006953304263937272,-0.004221007284350625
2024-08-12 00:00:00,0.00010057956984661664,0.09459804052626103,0.024624879789339124,0.0002164829379443541
2024-08-12 01:00:00,0.00010057956984661664,0.09150397685976142,0.023051922305287,0.0002164829379443541
2024-08-12 02:00:00,0.00010057956984661664,0.08995694502651162,0.02226544356326094,0.0002164829379443541
2024-08-12 03:00:00,0.00010057956984661664,0.08995694502651162,0.02226544356326094,0.0002164829379443541
2024-08-12 04:00:00,0.00010057956984661664,0.09150397685976142,0.023051922305287,0.0002164829379443541
2024-08-12 05:00:00,0.00016763261641102774,0.10725374519393373,0.026838164174030628,0.0003608048965739235
2024-08-12 06:00:00,0.0005028978492330832,0.14057513468551067,0.036378313398501484,0.0010824146897217704
2024-08-12 07:00:00,0.0011734283148771942,0.16096492707525584,0.04694740004035298,0.0025256342760174647
2024-08-12 08:00:00,0.0015086935476992499,0.16268325608765752,0.05061588239420464,0.0032472440691653118
2024-08-12 09:00:00,0.0015086935476992499,0.1595891924211579,0.049182979265348946,0.0032472440691653118
2024-08-12 10:00:00,0.0014416405011348386,0.15769849478542777,0.047802858407749,0.003102922110535742
2024-08-12 11:00:00,0.001341060931288222,0.15797385149749862,0.04677234087919171,0.002886439172591388
2024-08-12 12:00:00,0.0010057956984661665,0.15625552248509691,0.04357070637599482,0.002164829379443541
2024-08-12 13:00:00,0.0012740078847238109,0.15683933027922695,0.04617869876361781,0.002742117213961819
2024-08-12 14:00:00,0.001341060931288222,0.15718299608170727,0.04691239523438814,0.002886439172591388
2024-08-12 15:00:00,0.0011734283148771942,0.15711468699129777,0.04528823559025696,0.0025256342760174647
2024-08-12 16:00:00,0.000670530465644111,0.1576659361375277,0.04138897454015137,0.001443219586295694
2024-08-12 17:00:00,0.0002682121862576444,0.1718702572667947,0.03869980755477793,0.0005772878345182776
2024-08-12 18:00:00,0.00016763261641102774,0.17293646939465687,0.0373424965307623,0.0003608048965739235
2024-08-12 19:00:00,0.0001341060931288222,0.1581147103791832,0.03445281532156977,0.0002886439172591388
2024-08-12 20:00:00,0.00010057956984661664,0.1309462335001843,0.030963394510613088,0.0002164829379443541
2024-08-12 21:00:00,0.00010057956984661664,0.11392374113857681,0.028557273499469432,0.0002164829379443541
2024-08-12 22:00:00,0.00010057956984661664,0.09848295960855198,0.02619783727339125,0.0002164829379443541
2024-08-12 23:00:00,0.00010057956984661664,0.09459804052626103,0.024624879789339124,0.0002164829379443541
2024-08-13 00:00:00,0.00010057956984661664,0.09459804052626103,0.024624879789339124,0.0002164829379443541
2024-08-13 01:00:00,0.00010057956984661664,0.09150397685976142,0.023051922305287,0.0002164829379443541
2024-08-13 02:00:00,0.00010057956984661664,0.08995694502651162,0.02226544356326094,0.0002164829379443541
2024-08-13 03:00:00,0.00010057956984661664,0.08995694502651162,0.02226544356326094,0.0002164829379443541
2024-08-13 04:00:00,0.00010057956984661664,0.09150397685976142,0.023051922305287,0.0002164829379443541
2024-08-13 05:00:00,0.00016763261641102774,0.10725374519393373,0.026838164174030628,0.0003608048965739235
2024-08-13 06:00:00,0.0005028978492330832,0.14057513468551067,0.036378313398501484,0.0010824146897217704
2024-08-13 07:00:00,0.0011734283148771942,0.16096492707525584,0.04694740004035298,0.0025256342760174647
2024-08-13 08:00:00,0.0015086935476992499,0.16268325608765752,0.05061588239420464,0.0032472440691653118
2024-08-13 09:00:00,0.0015086935476992499,0.1595891924211579,0.049182979265348946,0.0032472440691653118
2024-08-13 10:00:00,0.0014416405011348386,0.15769849478542777,0.047802858407749,0.003102922110535742
2024-08-13 11:00:00,0.001341060931288222,0.15797385149749862,0.04677234087919171,0.002886439172591388
2024-08-13 12:00:00,0.0010057956984661665,0.15625552248509691,0.04357070637599482,0.002164829379443541
2024-08-13 13:00:00,0.0012740078847238109,0.15683933027922695,0.04617869876361781,0.002742117213961819
2024-08-13 14:00:00,0.001341060931288222,0.15718299608170727,0.04691239523438814,0.002886439172591388
2024-08-13 15:00:00,0.0011734283148771942,0.15711468699129777,0.04528823559025696,0.0025256342760174647
2024-08-13 16:00:00,0.000670530465644111,0.1576659361375277,0.04138897454015137,0.001443219586295694
2024-08-13 17:00:00,0.0002682121862576444,0.1718702572667947,0.03869980755477793,0.0005772878345182776
2024-08-13 18:00:00,0.00016763261641102774,0.17293646939465687,0.0373424965307623,0.0003608048965739235
2024-08-13 19:00:00,0.0001341060931288222,0.1581147103791832,0.03445281532156977,0.0002886439172591388
2024-08-13 20:00:00,0.00010057956984661664,0.1309462335001843,0.030963394510613088,0.0002164829379443541
2024-08-13 21:00:00,0.00010057956984661664,0.11392374113857681,0.028557273499469432,0.0002164829379443541
2024-08-13 22:00:00,0.00010057956984661664,0.09848295960855198,0.02619783727339125,0.0002164829379443541
2024-08-13 23:00:00,0.00010057956984661664,0.09459804052626103,0.024624879789339124,0.0002164829379443541
2024-08-14 00:00:00,0.00010057956984661664,0.09459804052626103,0.024624879789339124,0.0002164829379443541
2024-08-14 01:00:00,0.00010057956984661664,0.09150397685976142,0.023051922305287,0.0002164829379443541
2024-08-14 02:00:00,0.00010057956984661664,0.08995694502651162,0.02226544356326094,0.0002164829379443541
2024-08-14 03:00:00,0.00010057956984661664,0.08995694502651162,0.02226544356326094,0.0002164829379443541
2024-08-14 04:00:00,0.00010057956984661664,0.09150397685976142,0.023051922305287,0.0002164829379443541
2024-08-14 05:00:00,0.00016763261641102774,0.10725374519393373,0.026838164174030628,0.0003608048965739235
2024-08-14 06:00:00,0.0005028978492330832,0.14057513468551067,0.036378313398501484,0.0010824146897217704
2024-08-14 07:00:00,0.0011734283148771942,0.16096492707525584,0.04694740004035298,0.0025256342760174647
2024-08-14 08:00:00,0.0015086935476992499,0.16268325608765752,0.05061588239420464,0.0032472440691653118
2024-08-14 09:00:00,0.0015086935476992499,0.1595891924211579,0.049182979265348946,0.0032472440691653118
2024-08-14 10:00:00,0.0014416405011348386,0.15769849478542777,0.047802858407749,0.003102922110535742
2024-08-14 11:00:00,0.001341060931288222,0.15797385149749862,0.04677234087919171,0.002886439172591388
2024-08-14 12:00:00,0.0010057956984661665,0.15625552248509691,0.04357070637599482,0.002164829379443541
2024-08-14 13:00:00,0.0012740078847238109,0.15683933027922695,0.04617869876361781,0.002742117213961819
2024-08-14 14:00:00,0.001341060931288222,0.15718299608170727,0.04691239523438814,0.002886439172591388
2024-08-14 15:00:00,0.0011734283148771942,0.15711468699129777,0.04528823559025696,0.0025256342760174647
2024-08-14 16:00:00,0.000670530465644111,0.1576659361375277,0.04138897454015137,0.001443219586295694
2024-08-14 17:00:00,0.0002682121862576444,0.1718702572667947,0.03869980755477793,0.0005772878345182776
2024-08-14 18:00:00,0.00016763261641102774,0.17293646939465687,0.0373424965307623,0.0003608048965739235
2024-08-14 19:00:00,0.0001341060931288222,0.1581147103791832,0.03445281532156977,0.0002886439172591388
2024-08-14 20:00:00,0.00010057956984661664,0.1309462335001843,0.030963394510613088,0.0002164829379443541
2024-08-14 21:00:00,0.00010057956984661664,0.11392374113857681,0.028557273499469432,0.0002164829379443541
2024-08-14 22:00:00,0.00010057956984661664,0.09848295960855198,0.02619783727339125,0.0002164829379443541
2024-08-14 23:00:00,0.00010057956984661664,0.09459804052626103,0.024624879789339124,0.0002164829379443541
2024-08-15 00:00:00,0.00010057956984661664,0.09459804052626103,0.024624879789339124,0.0002164829379443541
2024-08-15 01:00:00,0.00010057956984661664,0.09150397685976142,0.023051922305287,0.0002164829379443541
2024-08-15 02:00:00,0.00010057956984661664,0.08995694502651162,0.02226544356326094,0.0002164829379443541
2024-08-15 03:00:00,0.00010057956984661664,0.08995694502651162,0.02226544356326094,0.0002164829379443541
2024-08-15 04:00:00,0.00010057956984661664,0.09150397685976142,0.023051922305287,0.0002164829379443541
2024-08-15 05:00:00,0.00016763261641102774,0.10725374519393373,0.026838164174030628,0.0003608048965739235
2024-08-15 06:00:00,0.0005028978492330832,0.14057513468551067,0.036378313398501484,0.0010824146897217704
2024-08-15 07:00:00,0.0011734283148771942,0.16096492707525584,0.04694740004035298,0.0025256342760174647
2024-08-15 08:00:00,0.0015086935476992499,0.16268325608765752,0.05061588239420464,0.0032472440691653118
2024-08-15 09:00:00,0.0015086935476992499,0.1595891924211579,0.049182979265348946,0.0032472440691653118
2024-08-15 10:00:00,0.0014416405011348386,0.15769849478542777,0.047802858407749,0.003102922110535742
2024-08-15 11:00:00,0.001341060931288222,0.15797385149749862,0.04677234087919171,0.002886439172591388
2024-08-15 12:00:00,0.0010057956984661665,0.15625552248509691,0.04357070637599482,0.002164829379443541
2024-08-15 13:00:00,0.0012740078847238109,0.15683933027922695,0.04617869876361781,0.002742117213961819
2024-08-15 14:00:00,0.001341060931288222,0.15718299608170727,0.04691239523438814,0.002886439172591388
2024-08-15 15:00:00,0.0011734283148771942,0.15711468699129777,0.04528823559025696,0.0025256342760174647
2024-08-15 16:00:00,0.000670530465644111,0.1576659361375277,0.04138897454015137,0.001443219586295694
2024-08-15 17:00:00,0.0002682121862576444,0.1718702572667947,0.03869980755477793,0.0005772878345182776
2024-08-15 18:00:00,0.00016763261641102774,0.17293646939465687,0.0373424965307623,0.0003608048965739235
2024-08-15 19:00:00,0.0001341060931288222,0.1581147103791832,0.03445281532156977,0.0002886439172591388
2024-08-15 20:00:00,0.00010057956984661664,0.1309462335001843,0.030963394510613088,0.0002164829379443541
2024-08-15 21:00:00,0.00010057956984661664,0.11392374113857681,0.028557273499469432,0.0002164829379443541
2024-08-15 22:00:00,0.00010057956984661664,0.09848295960855198,0.02619783727339125,0.0002164829379443541
2024-08-15 23:00:00,0.00010057956984661664,0.09459804052626103,0.024624879789339124,0.0002164829379443541
2024-08-16 00:00:00,0.00010057956984661664,0.09459804052626103,0.024624879789339124,0.0002164829379443541
2024-08-16 01:00:00,0.00010057956984661664,0.09150397685976142,0.023051922305287,0.0002164829379443541
2024-08-16 02:00:00,0.00010057956984661664,0.08995694502651162,0.02226544356326094,0.0002164829379443541
2024-08-16 03:00:00,0.00010057956984661664,0.08995694502651162,0.02226544356326094,0.0002164829379443541
2024-08-16 04:00:00,0.00010057956984661664,0.09150397685976142,0.023051922305287,0.0002164829379443541
2024-08-16 05:00:00,0.00016763261641102774,0.10725374519393373,0.026838164174030628,0.0003608048965739235
2024-08-16 06:00:00,0.0005028978492330832,0.14057513468551067,0.036378313398501484,0.0010824146897217704
2024-08-16 07:00:00,0.0011734283148771942,0.16096492707525584,0.04694740004035298,0.0025256342760174647
2024-08-16 08:00:00,0.0015086935476992499,0.16268325608765752,0.05061588239420464,0.0032472440691653118
2024-08-16 09:00:00,0.0015086935476992499,0.1595891924211579,0.049182979265348946,0.0032472440691653118
2024-08-16 10:00:00,0.0014416405011348386,0.15769849478542777,0.047802858407749,0.003102922110535742
2024-08-16 11:00:00,0.001341060931288222,0.15797385149749862,0.04677234087919171,0.002886439172591388
2024-08-16 12:00:00,0.0010057956984661665,0.15625552248509691,0.04357070637599482,0.002164829379443541
2024-08-16 13:00:00,0.0012740078847238109,0.15683933027922695,0.04617869876361781,0.002742117213961819
2024-08-16 14:00:00,0.001341060931288222,0.15718299608170727,0.04691239523438814,0.002886439172591388
2024-08-16 15:00:00,0.0011734283148771942,0.15711468699129777,0.04528823559025696,0.0025256342760174647
2024-08-16 16:00:00,0.000670530465644111,0.1576659361375277,0.04138897454015137,0.001443219586295694
2024-08-16 17:00:00,0.0002682121862576444,0.1718702572667947,0.03869980755477793,0.0005772878345182776
2024-08-16 18:00:00,0.00016763261641102774,0.17293646939465687,0.0373424965307623,0.0003608048965739235
2024-08-16 19:00:00,0.0001341060931288222,0.1581147103791832,0.03445281532156977,0.0002886439172591388
2024-08-16 20:00:00,0.00010057956984661664,0.1309462335001843,0.030963394510613088,0.0002164829379443541
2024-08-16 21:00:00,0.00010057956984661664,0.11392374113857681,0.028557273499469432,0.0002164829379443541
2024-08-16 22:00:00,0.00010057956984661664,0.09848295960855198,0.02619783727339125,0.0002164829379443541
2024-08-16 23:00:00,0.00010057956984661664,0.09459804052626103,0.024624879789339124,0.0002164829379443541
2024-08-17 00:00:00,0.0006076682344899756,0.0983744038330821,0.03100766843228653,0.0013079177500804728
2024-08-17 01:00:00,0.0006076682344899756,0.09533397507304402,0.02946197781686369,0.0013079177500804728
2024-08-17 02:00:00,0.0006076682344899756,0.09381376069302498,0.028689132509152275,0.0013079177500804728
2024-08-17 03:00:00,0.0006076682344899756,0.09381376069302498,0.028689132509152275,0.0013079177500804728
2024-08-17 04:00:00,0.0006076682344899756,0.09533397507304402,0.02946197781686369,0.0013079177500804728
2024-08-17 05:00:00,0.0006076682344899756,0.10888413066441248,0.03178051373999794,0.0013079177500804728
2024-08-17 06:00:00,0.0006076682344899756,0.1350193974941097,0.03564474027855503,0.0013079177500804728
2024-08-17 07:00:00,0.0006076682344899756,0.15064493749247657,0.038736121509400694,0.0013079177500804728
2024-08-17 08:00:00,0.0006076682344899756,0.16226500437776567,0.03950896681711211,0.0013079177500804728
2024-08-17 09:00:00,0.0006076682344899756,0.16337534443172436,0.03950896681711211,0.0013079177500804728
2024-08-17 10:00:00,0.0006076682344899756,0.1639305144587037,0.03950896681711211,0.0013079177500804728
2024-08-17 11:00:00,0.0006076682344899756,0.16448568448568307,0.03950896681711211,0.0013079177500804728
2024-08-17 12:00:00,0.0006076682344899756,0.1608898795051585,0.03950896681711211,0.0013079177500804728
2024-08-17 13:00:00,0.0006076682344899756,0.16033470947817915,0.03950896681711211,0.0013079177500804728
2024-08-17 14:00:00,0.0006076682344899756,0.15977953945119983,0.03950896681711211,0.0013079177500804728
2024-08-17 15:00:00,0.0006076682344899756,0.15977953945119983,0.03950896681711211,0.0013079177500804728
2024-08-17 16:00:00,0.0006076682344899756,0.15977953945119983,0.03950896681711211,0.0013079177500804728
2024-08-17 17:00:00,0.0006076682344899756,0.15977953945119983,0.03950896681711211,0.0013079177500804728
2024-08-17 18:00:00,0.0006076682344899756,0.15383066195343365,0.03950896681711211,0.0013079177500804728
2024-08-17 19:00:00,0.0006076682344899756,0.14276576509512393,0.038736121509400694,0.0013079177500804728
2024-08-17 20:00:00,0.0006076682344899756,0.12962548382981579,0.03719043089397786,0.0013079177500804728
2024-08-17 21:00:00,0.0006076682344899756,0.115520158211468,0.034871894970843614,0.0013079177500804728
2024-08-17 22:00:00,0.0006076682344899756,0.10293504697313921,0.03332620435542078,0.0013079177500804728
2024-08-17 23:00:00,0.0006076682344899756,0.09989461821310114,0.03178051373999794,0.0013079177500804728
2024-08-18 00:00:00,0.0006076682344899756,0.0983744038330821,0.03100766843228653,0.0013079177500804728
2024-08-18 01:00:00,0.0006076682344899756,0.09533397507304402,0.02946197781686369,0.0013079177500804728
2024-08-18 02:00:00,0.0006076682344899756,0.09381376069302498,0.028689132509152275,0.0013079177500804728
2024-08-18 03:00:00,0.0006076682344899756,0.09381376069302498,0.028689132509152275,0.0013079177500804728
2024-08-18 04:00:00,0.0006076682344899756,0.09533397507304402,0.02946197781686369,0.0013079177500804728
2024-08-18 05:00:00,0.0006076682344899756,0.10888413066441248,0.03178051373999794,0.0013079177500804728
2024-08-18 06:00:00,0.0006076682344899756,0.1350193974941097,0.03564474027855503,0.0013079177500804728
2024-08-18 07:00:00,0.0006076682344899756,0.15064493749247657,0.038736121509400694,0.0013079177500804728
2024-08-18 08:00:00,0.0006076682344899756,0.16226500437776567,0.03950896681711211,0.0013079177500804728
2024-08-18 09:00:00,0.0006076682344899756,0.16337534443172436,0.03950896681711211,0.0013079177500804728
2024-08-18 10:00:00,0.0006076682344899756,0.1639305144587037,0.03950896681711211,0.0013079177500804728
2024-08-18 11:00:00,0.0006076682344899756,0.16448568448568307,0.03950896681711211,0.0013079177500804728
2024-08-18 12:00:00,0.0006076682344899756,0.1608898795051585,0.03950896681711211,0.0013079177500804728
2024-08-18 13:00:00,0.0006076682344899756,0.16033470947817915,0.03950896681711211,0.0013079177500804728
2024-08-18 14:00:00,0.0006076682344899756,0.15977953945119983,0.03950896681711211,0.0013079177500804728
2024-08-18 15:00:00,0.0006076682344899756,0.15977953945119983,0.03950896681711211,0.0013079177500804728
2024-08-18 16:00:00,0.0006076682344899756,0.15977953945119983,0.03950896681711211,0.0013079177500804728
2024-08-18 17:00:00,0.0006076682344899756,0.15977953945119983,0.03950896681711211,0.0013079177500804728
2024-08-18 18:00:00,0.0006076682344899756,0.15383066195343365,0.03950896681711211,0.0013079177500804728
2024-08-18 19:00:00,0.0006076682344899756,0.14276576509512393,0.038736121509400694,0.0013079177500804728
2024-08-18 20:00:00,0.0006076682344899756,0.12962548382981579,0.03719043089397786,0.0013079177500804728
2024-08-18 21:00:00,0.0006076682344899756,0.115520158211468,0.034871894970843614,0.0013079177500804728
2024-08-18 22:00:00,0.0006076682344899756,0.10293504697313921,0.03332620435542078,0.0013079177500804728
2024-08-18 23:00:00,0.0006076682344899756,0.09989461821310114,0.03178051373999794,0.0013079177500804728
2024-08-19 00:00:00,0.00010057956984661664,0.09459804052626103,0.024624879789339124,0.0002164829379443541
2024-08-19 01:00:00,0.00010057956984661664,0.09150397685976142,0.023051922305287,0.0002164829379443541
2024-08-19 02:00:00,0.00010057956984661664,0.08995694502651162,0.02226544356326094,0.0002164829379443541
2024-08-19 03:00:00,0.00010057956984661664,0.08995694502651162,0.02226544356326094,0.0002164829379443541
2024-08-19 04:00:00,0.00010057956984661664,0.09150397685976142,0.023051922305287,0.0002164829379443541
2024-08-19 05:00:00,0.00016763261641102774,0.10725374519393373,0.026838164174030628,0.0003608048965739235
2024-08-19 06:00:00,0.0005028978492330832,0.14057513468551067,0.036378313398501484,0.0010824146897217704
2024-08-19 07:00:00,0.0011734283148771942,0.16096492707525584,0.04694740004035298,0.0025256342760174647
2024-08-19 08:00:00,0.0015086935476992499,0.16268325608765752,0.05061588239420464,0.0032472440691653118
2024-08-19 09:00:00,0.0015086935476992499,0.1595891924211579,0.049182979265348946,0.0032472440691653118
2024-08-19 10:00:00,0.0014416405011348386,0.15769849478542777,0.047802858407749,0.003102922110535742
2024-08-19 11:00:00,0.001341060931288222,0.15797385149749862,0.04677234087919171,0.002886439172591388
2024-08-19 12:00:00,0.0010057956984661665,0.15625552248509691,0.04357070637599482,0.002164829379443541
2024-08-19 13:00:00,0.0012740078847238109,0.15683933027922695,0.04617869876361781,0.002742117213961819
2024-08-19 14:00:00,0.001341060931288222,0.15718299608170727,0.04691239523438814,0.002886439172591388
2024-08-19 15:00:00,0.0011734283148771942,0.15711468699129777,0.04528823559025696,0.0025256342760174647
2024-08-19 16:00:00,0.000670530465644111,0.1576659361375277,0.04138897454015137,0.001443219586295694
2024-08-19 17:00:00,0.0002682121862576444,0.1718702572667947,0.03869980755477793,0.0005772878345182776
2024-08-19 18:00:00,0.00016763261641102774,0.17293646939465687,0.0373424965307623,0.0003608048965739235
2024-08-19 19:00:00,0.0001341060931288222,0.1581147103791832,0.03445281532156977,0.0002886439172591388
2024-08-19 20:00:00,0.00010057956984661664,0.1309462335001843,0.030963394510613088,0.0002164829379443541
2024-08-19 21:00:00,0.00010057956984661664,0.11392374113857681,0.028557273499469432,0.0002164829379443541
2024-08-19 22:00:00,0.00010057956984661664,0.09848295960855198,0.02619783727339125,0.0002164829379443541
2024-08-19 23:00:00,0.00010057956984661664,0.09459804052626103,0.024624879789339124,0.0002164829379443541
2024-08-20 00:00:00,0.00010057956984661664,0.09459804052626103,0.024624879789339124,0.0002164829379443541
2024-08-20 01:00:00,0.00010057956984661664,0.09150397685976142,0.023051922305287,0.0002164829379443541
2024-08-20 02:00:00,0.00010057956984661664,0.08995694502651162,0.02226544356326094,0.0002164829379443541
2024-08-20 03:00:00,0.00010057956984661664,0.08995694502651162,0.02226544356326094,0.0002164829379443541
2024-08-20 04:00:00,0.00010057956984661664,0.09150397685976142,0.023051922305287,0.0002164829379443541
2024-08-20 05:00:00,0.00016763261641102774,0.10725374519393373,0.026838164174030628,0.0003608048965739235
2024-08-20 06:00:00,0.0005028978492330832,0.14057513468551067,0.036378313398501484,0.0010824146897217704
2024-08-20 07:00:00,0.0011734283148771942,0.16096492707525584,0.04694740004035298,0.0025256342760174647
2024-08-20 08:00:00,0.0015086935476992499,0.16268325608765752,0.05061588239420464,0.0032472440691653118
2024-08-20 09:00:00,0.0015086935476992499,0.1595891924211579,0.049182979265348946,0.0032472440691653118
2024-08-20 10:00:00,0.0014416405011348386,0.15769849478542777,0.047802858407749,0.003102922110535742
2024-08-20 11:00:00,0.001341060931288222,0.15797385149749862,0.04677234087919171,0.002886439172591388
2024-08-20 12:00:00,0.0010057956984661665,0.15625552248509691,0.04357070637599482,0.002164829379443541
2024-08-20 13:00:00,0.0012740078847238109,0.15683933027922695,0.04617869876361781,0.002742117213961819
2024-08-20 14:00:00,0.001341060931288222,0.15718299608170727,0.04691239523438814,0.002886439172591388
2024-08-20 15:00:00,0.0011734283148771942,0.15711468699129777,0.04528823559025696,0.0025256342760174647
2024-08-20 16:00:00,0.000670530465644111,0.1576659361375277,0.04138897454015137,0.001443219586295694
2024-08-20 17:00:00,0.0002682121862576444,0.1718702572667947,0.03869980755477793,0.0005772878345182776
2024-08-20 18:00:00,0.00016763261641102774,0.17293646939465687,0.0373424965307623,0.0003608048965739235
2024-08-20 19:00:00,0.0001341060931288222,0.1581147103791832,0.03445281532156977,0.0002886439172591388
2024-08-20 20:00:00,0.00010057956984661664,0.1309462335001843,0.030963394510613088,0.0002164829379443541
2024-08-20 21:00:00,0.00010057956984661664,0.11392374113857681,0.028557273499469432,0.0002164829379443541
2024-08-20 22:00:00,0.00010057956984661664,0.09848295960855198,0.02619783727339125,0.0002164829379443541
2024-08-20 23:00:00,0.00010057956984661664,0.09459804052626103,0.024624879789339124,0.0002164829379443541
2024-08-21 00:00:00,0.00010057956984661664,0.09459804052626103,0.024624879789339124,0.0002164829379443541
2024-08-21 01:00:00,0.00010057956984661664,0.09150397685976142,0.023051922305287,0.0002164829379443541
2024-08-21 02:00:00,0.00010057956984661664,0.08995694502651162,0.02226544356326094,0.0002164829379443541
2024-08-21 03:00:00,0.00010057956984661664,0.08995694502651162,0.02226544356326094,0.0002164829379443541
2024-08-21 04:00:00,0.00010057956984661664,0.09150397685976142,0.023051922305287,0.0002164829379443541
2024-08-21 05:00:00,0.00016763261641102774,0.10725374519393373,0.026838164174030628,0.0003608048965739235
2024-08-21 06:00:00,0.0005028978492330832,0.14057513468551067,0.036378313398501484,0.0010824146897217704
2024-08-21 07:00:00,0.0011734283148771942,0.16096492707525584,0.04694740004035298,0.0025256342760174647
2024-08-21 08:00:00,0.0015086935476992499,0.16268325608765752,0.05061588239420464,0.0032472440691653118
2024-08-21 09:00:00,0.0015086935476992499,0.1595891924211579,0.049182979265348946,0.0032472440691653118
2024-08-21 10:00:00,0.0014416405011348386,0.15769849478542777,0.047802858407749,0.003102922110535742
2024-08-21 11:00:00,0.001341060931288222,0.15797385149749862,0.04677234087919171,0.002886439172591388
2024-08-21 12:00:00,0.0010057956984661665,0.15625552248509691,0.04357070637599482,0.002164829379443541
2024-08-21 13:00:00,0.0012740078847238109,0.15683933027922695,0.04617869876361781,0.002742117213961819
2024-08-21 14:00:00,0.001341060931288222,0.15718299608170727,0.04691239523438814,0.002886439172591388
2024-08-21 15:00:00,0.0011734283148771942,0.15711468699129777,0.04528823559025696,0.0025256342760174647
2024-08-21 16:00:00,0.000670530465644111,0.1576659361375277,0.04138897454015137,0.001443219586295694
2024-08-21 17:00:00,0.0002682121862576444,0.1718702572667947,0.03869980755477793,0.0005772878345182776
2024-08-21 18:00:00,0.00016763261641102774,0.17293646939465687,0.0373424965307623,0.0003608048965739235
2024-08-21 19:00:00,0.0001341060931288222,0.1581147103791832,0.03445281532156977,0.0002886439172591388
2024-08-21 20:00:00,0.00010057956984661664,0.1309462335001843,0.030963394510613088,0.0002164829379443541
2024-08-21 21:00:00,0.00010057956984661664,0.11392374113857681,0.028557273499469432,0.0002164829379443541
2024-08-21 22:00:00,0.00010057956984661664,0.09848295960855198,0.02619783727339125,0.0002164829379443541
2024-08-21 23:00:00,0.00010057956984661664,0.09459804052626103,0.024624879789339124,0.0002164829379443541
2024-08-22 00:00:00,0.00010057956984661664,0.09459804052626103,0.024624879789339124,0.0002164829379443541
2024-08-22 01:00:00,0.00010057956984661664,0.09150397685976142,0.023051922305287,0.0002164829379443541
2024-08-22 02:00:00,0.00010057956984661664,0.08995694502651162,0.02226544356326094,0.0002164829379443541
2024-08-22 03:00:00,0.00010057956984661664,0.08995694502651162,0.02226544356326094,0.0002164829379443541
2024-08-22 04:00:00,0.00010057956984661664,0.09150397685976142,0.023051922305287,0.0002164829379443541
2024-08-22 05:00:00,0.00016763261641102774,0.10725374519393373,0.026838164174030628,0.0003608048965739235
2024-08-22 06:00:00,0.0005028978492330832,0.14057513468551067,0.036378313398501484,0.0010824146897217704
2024-08-22 07:00:00,0.0011734283148771942,0.16096492707525584,0.04694740004035298,0.0025256342760174647
2024-08-22 08:00:00,0.0015086935476992499,0.16268325608765752,0.05061588239420464,0.0032472440691653118
2024-08-22 09:00:00,0.0015086935476992499,0.1595891924211579,0.049182979265348946,0.0032472440691653118
2024-08-22 10:00:00,0.0014416405011348386,0.15769849478542777,0.047802858407749,0.003102922110535742
2024-08-22 11:00:00,0.001341060931288222,0.15797385149749862,0.04677234087919171,0.002886439172591388
2024-08-22 12:00:00,0.0010057956984661665,0.15625552248509691,0.04357070637599482,0.002164829379443541
2024-08-22 13:00:00,0.0012740078847238109,0.15683933027922695,0.04617869876361781,0.002742117213961819
2024-08-22 14:00:00,0.001341060931288222,0.15718299608170727,0.04691239523438814,0.002886439172591388
2024-08-22 15:00:00,0.0011734283148771942,0.15711468699129777,0.04528823559025696,0.0025256342760174647
2024-08-22 16:00:00,0.000670530465644111,0.1576659361375277,0.04138897454015137,0.001443219586295694
2024-08-22 17:00:00,0.0002682121862576444,0.1718702572667947,0.03869980755477793,0.0005772878345182776
2024-08-22 18:00:00,0.00016763261641102774,0.17293646939465687,0.0373424965307623,0.0003608048965739235
2024-08-22 19:00:00,0.0001341060931288222,0.1581147103791832,0.03445281532156977,0.0002886439172591388
2024-08-22 20:00:00,0.00010057956984661664,0.1309462335001843,0.030963394510613088,0.0002164829379443541
2024-08-22 21:00:00,0.00010057956984661664,0.11392374113857681,0.028557273499469432,0.0002164829379443541
2024-08-22 22:00:00,0.00010057956984661664,0.09848295960855198,0.02619783727339125,0.0002164829379443541
2024-08-22 23:00:00,0.00010057956984661664,0.09459804052626103,0.024624879789339124,0.0002164829379443541
2024-08-23 00:00:00,0.00010057956984661664,0.09459804052626103,0.024624879789339124,0.0002164829379443541
2024-08-23 01:00:00,0.00010057956984661664,0.09150397685976142,0.023051922305287,0.0002164829379443541
2024-08-23 02:00:00,0.00010057956984661664,0.08995694502651162,0.02226544356326094,0.0002164829379443541
2024-08-23 03:00:00,0.00010057956984661664,0.08995694502651162,0.02226544356326094,0.0002164829379443541
2024-08-23 04:00:00,0.00010057956984661664,0.09150397685976142,0.023051922305287,0.0002164829379443541
2024-08-23 05:00:00,0.00016763261641102774,0.10725374519393373,0.026838164174030628,0.0003608048965739235
2024-08-23 06:00:00,0.0005028978492330832,0.14057513468551067,0.036378313398501484,0.0010824146897217704
2024-08-23 07:00:00,0.0011734283148771942,0.16096492707525584,0.04694740004035298,0.0025256342760174647
2024-08-23 08:00:00,0.0015086935476992499,0.16268325608765752,0.05061588239420464,0.0032472440691653118
2024-08-23 09:00:00,0.0015086935476992499,0.1595891924211579,0.049182979265348946,0.0032472440691653118
2024-08-23 10:00:00,0.0014416405011348386,0.15769849478542777,0.047802858407749,0.003102922110535742
2024-08-23 11:00:00,0.001341060931288222,0.15797385149749862,0.04677234087919171,0.002886439172591388
2024-08-23 12:00:00,0.0010057956984661665,0.15625552248509691,0.04357070637599482,0.002164829379443541
2024-08-23 13:00:00,0.0012740078847238109,0.15683933027922695,0.04617869876361781,0.002742117213961819
2024-08-23 14:00:00,0.001341060931288222,0.15718299608170727,0.04691239523438814,0.002886439172591388
2024-08-23 15:00:00,0.0011734283148771942,0.15711468699129777,0.04528823559025696,0.0025256342760174647
2024-08-23 16:00:00,0.000670530465644111,0.1576659361375277,0.04138897454015137,0.001443219586295694
2024-08-23 17:00:00,0.0002682121862576444,0.1718702572667947,0.03869980755477793,0.0005772878345182776
2024-08-23 18:00:00,0.00016763261641102774,0.17293646939465687,0.0373424965307623,0.0003608048965739235
2024-08-23 19:00:00,0.0001341060931288222,0.1581147103791832,0.03445281532156977,0.0002886439172591388
2024-08-23 20:00:00,0.00010057956984661664,0.1309462335001843,0.030963394510613088,0.0002164829379443541
2024-08-23 21:00:00,0.00010057956984661664,0.11392374113857681,0.028557273499469432,0.0002164829379443541
2024-08-23 22:00:00,0.00010057956984661664,0.09848295960855198,0.02619783727339125,0.0002164829379443541
2024-08-23 23:00:00,0.00010057956984661664,0.09459804052626103,0.024624879789339124,0.0002164829379443541
2024-08-24 00:00:00,0.0006076682344899756,0.0983744038330821,0.03100766843228653,0.0013079177500804728
2024-08-24 01:00:00,0.0006076682344899756,0.09533397507304402,0.02946197781686369,0.0013079177500804728
2024-08-24 02:00:00,0.0006076682344899756,0.09381376069302498,0.028689132509152275,0.0013079177500804728
2024-08-24 03:00:00,0.0006076682344899756,0.09381376069302498,0.028689132509152275,0.0013079177500804728
2024-08-24 04:00:00,0.0006076682344899756,0.09533397507304402,0.02946197781686369,0.0013079177500804728
2024-08-24 05:00:00,0.0006076682344899756,0.10888413066441248,0.03178051373999794,0.0013079177500804728
2024-08-24 06:00:00,0.0006076682344899756,0.1350193974941097,0.03564474027855503,0.0013079177500804728
2024-08-24 07:00:00,0.0006076682344899756,0.15064493749247657,0.038736121509400694,0.0013079177500804728
2024-08-24 08:00:00,0.0006076682344899756,0.16226500437776567,0.03950896681711211,0.0013079177500804728
2024-08-24 09:00:00,0.0006076682344899756,0.16337534443172436,0.03950896681711211,0.0013079177500804728
2024-08-24 10:00:00,0.0006076682344899756,0.1639305144587037,0.03950896681711211,0.0013079177500804728
2024-08-24 11:00:00,0.0006076682344899756,0.16448568448568307,0.03950896681711211,0.0013079177500804728
2024-08-24 12:00:00,0.0006076682344899756,0.1608898795051585,0.03950896681711211,0.0013079177500804728
2024-08-24 13:00:00,0.0006076682344899756,0.16033470947817915,0.03950896681711211,0.0013079177500804728
2024-08-24 14:00:00,0.0006076682344899756,0.15977953945119983,0.03950896681711211,0.0013079177500804728
2024-08-24 15:00:00,0.0006076682344899756,0.15977953945119983,0.03950896681711211,0.0013079177500804728
2024-08-24 16:00:00,0.0006076682344899756,0.15977953945119983,0.03950896681711211,0.0013079177500804728
2024-08-24 17:00:00,0.0006076682344899756,0.15977953945119983,0.03950896681711211,0.0013079177500804728
2024-08-24 18:00:00,0.0006076682344899756,0.15383066195343365,0.03950896681711211,0.0013079177500804728
2024-08-24 19:00:00,0.0006076682344899756,0.14276576509512393,0.038736121509400694,0.0013079177500804728
2024-08-24 20:00:00,0.0006076682344899756,0.12962548382981579,0.03719043089397786,0.0013079177500804728
2024-08-24 21:00:00,0.0006076682344899756,0.115520158211468,0.034871894970843614,0.0013079177500804728
2024-08-24 22:00:00,0.0006076682344899756,0.10293504697313921,0.03332620435542078,0.0013079177500804728
2024-08-24 23:00:00,0.0006076682344899756,0.09989461821310114,0.03178051373999794,0.0013079177500804728
2024-08-25 00:00:00,0.0006076682344899756,0.0983744038330821,0.03100766843228653,0.0013079177500804728
2024-08-25 01:00:00,0.0006076682344899756,0.09533397507304402,0.02946197781686369,0.0013079177500804728
2024-08-25 02:00:00,0.0006076682344899756,0.09381376069302498,0.028689132509152275,0.0013079177500804728
2024-08-25 03:00:00,0.0006076682344899756,0.09381376069302498,0.028689132509152275,0.0013079177500804728
2024-08-25 04:00:00,0.0006076682344899756,0.09533397507304402,0.02946197781686369,0.0013079177500804728
2024-08-25 05:00:00,0.0006076682344899756,0.10888413066441248,0.03178051373999794,0.0013079177500804728
2024-08-25 06:00:00,0.0006076682344899756,0.1350193974941097,0.03564474027855503,0.0013079177500804728
2024-08-25 07:00:00,0.0006076682344899756,0.15064493749247657,0.038736121509400694,0.0013079177500804728
2024-08-25 08:00:00,0.0006076682344899756,0.16226500437776567,0.03950896681711211,0.0013079177500804728
2024-08-25 09:00:00,0.0006076682344899756,0.16337534443172436,0.03950896681711211,0.0013079177500804728
2024-08-25 10:00:00,0.0006076682344899756,0.1639305144587037,0.03950896681711211,0.0013079177500804728
2024-08-25 11:00:00,0.0006076682344899756,0.16448568448568307,0.03950896681711211,0.0013079177500804728
2024-08-25 12:00:00,0.0006076682344899756,0.1608898795051585,0.03950896681711211,0.0013079177500804728
2024-08-25 13:00:00,0.0006076682344899756,0.16033470947817915,0.03950896681711211,0.0013079177500804728
2024-08-25 14:00:00,0.0006076682344899756,0.15977953945119983,0.03950896681711211,0.0013079177500804728
2024-08-25 15:00:00,0.0006076682344899756,0.15977953945119983,0.03950896681711211,0.0013079177500804728
2024-08-25 16:00:00,0.0006076682344899756,0.15977953945119983,0.03950896681711211,0.0013079177500804728
2024-08-25 17:00:00,0.0006076682344899756,0.15977953945119983,0.03950896681711211,0.0013079177500804728
2024-08-25 18:00:00,0.0006076682344899756,0.15383066195343365,0.03950896681711211,0.0013079177500804728
2024-08-25 19:00:00,0.0006076682344899756,0.14276576509512393,0.038736121509400694,0.0013079177500804728
2024-08-25 20:00:00,0.0006076682344899756,0.12962548382981579,0.03719043089397786,0.0013079177500804728
2024-08-25 21:00:00,0.0006076682344899756,0.115520158211468,0.034871894970843614,0.0013079177500804728
2024-08-25 22:00:00,0.0006076682344899756,0.10293504697313921,0.03332620435542078,0.0013079177500804728
2024-08-25 23:00:00,0.0006076682344899756,0.09989461821310114,0.03178051373999794,0.0013079177500804728
2024-08-26 00:00:00,0.00010057956984661664,0.09459804052626103,0.024624879789339124,0.0002164829379443541
2024-08-26 01:00:00,0.00010057956984661664,0.09150397685976142,0.023051922305287,0.0002164829379443541
2024-08-26 02:00:00,0.00010057956984661664,0.08995694502651162,0.02226544356326094,0.0002164829379443541
2024-08-26 03:00:00,0.00010057956984661664,0.08995694502651162,0.02226544356326094,0.0002164829379443541
2024-08-26 04:00:00,0.00010057956984661664,0.09150397685976142,0.023051922305287,0.0002164829379443541
2024-08-26 05:00:00,0.00016763261641102774,0.10725374519393373,0.026838164174030628,0.0003608048965739235
2024-08-26 06:00:00,0.0005028978492330832,0.14057513468551067,0.036378313398501484,0.0010824146897217704
2024-08-26 07:00:00,0.0011734283148771942,0.16096492707525584,0.04694740004035298,0.0025256342760174647
2024-08-26 08:00:00,0.0015086935476992499,0.16268325608765752,0.05061588239420464,0.0032472440691653118
2024-08-26 09:00:00,0.0015086935476992499,0.1595891924211579,0.049182979265348946,0.0032472440691653118
2024-08-26 10:00:00,0.0014416405011348386,0.15769849478542777,0.047802858407749,0.003102922110535742
2024-08-26 11:00:00,0.001341060931288222,0.15797385149749862,0.04677234087919171,0.002886439172591388
2024-08-26 12:00:00,0.0010057956984661665,0.15625552248509691,0.04357070637599482,0.002164829379443541
2024-08-26 13:00:00,0.0012740078847238109,0.15683933027922695,0.04617869876361781,0.002742117213961819
2024-08-26 14:00:00,0.001341060931288222,0.15718299608170727,0.04691239523438814,0.002886439172591388
2024-08-26 15:00:00,0.0011734283148771942,0.15711468699129777,0.04528823559025696,0.0025256342760174647
2024-08-26 16:00:00,0.000670530465644111,0.1576659361375277,0.04138897454015137,0.001443219586295694
2024-08-26 17:00:00,0.0002682121862576444,0.1718702572667947,0.03869980755477793,0.0005772878345182776
2024-08-26 18:00:00,0.00016763261641102774,0.17293646939465687,0.0373424965307623,0.0003608048965739235
2024-08-26 19:00:00,0.0001341060931288222,0.1581147103791832,0.03445281532156977,0.0002886439172591388
2024-08-26 20:00:00,0.00010057956984661664,0.1309462335001843,0.030963394510613088,0.0002164829379443541
2024-08-26 21:00:00,0.00010057956984661664,0.11392374113857681,0.028557273499469432,0.0002164829379443541
2024-08-26 22:00:00,0.00010057956984661664,0.09848295960855198,0.02619783727339125,0.0002164829379443541
2024-08-26 23:00:00,0.00010057956984661664,0.09459804052626103,0.024624879789339124,0.0002164829379443541
2024-08-27 00:00:00,0.00010057956984661664,0.09459804052626103,0.024624879789339124,0.0002164829379443541
2024-08-27 01:00:00,0.00010057956984661664,0.09150397685976142,0.023051922305287,0.0002164829379443541
2024-08-27 02:00:00,0.00010057956984661664,0.08995694502651162,0.02226544356326094,0.0002164829379443541
2024-08-27 03:00:00,0.00010057956984661664,0.08995694502651162,0.02226544356326094,0.0002164829379443541
2024-08-27 04:00:00,0.00010057956984661664,0.09150397685976142,0.023051922305287,0.0002164829379443541
2024-08-27 05:00:00,0.00016763261641102774,0.10725374519393373,0.026838164174030628,0.0003608048965739235
2024-08-27 06:00:00,0.0005028978492330832,0.14057513468551067,0.036378313398501484,0.0010824146897217704
2024-08-27 07:00:00,0.0011734283148771942,0.16096492707525584,0.04694740004035298,0.0025256342760174647
2024-08-27 08:00:00,0.0015086935476992499,0.16268325608765752,0.05061588239420464,0.0032472440691653118
2024-08-27 09:00:00,0.0015086935476992499,0.1595891924211579,0.049182979265348946,0.0032472440691653118
2024-08-27 10:00:00,0.0014416405011348386,0.15769849478542777,0.047802858407749,0.003102922110535742
2024-08-27 11:00:00,0.001341060931288222,0.15797385149749862,0.04677234087919171,0.002886439172591388
2024-08-27 12:00:00,0.0010057956984661665,0.15625552248509691,0.04357070637599482,0.002164829379443541
2024-08-27 13:00:00,0.0012740078847238109,0.15683933027922695,0.04617869876361781,0.002742117213961819
2024-08-27 14:00:00,0.001341060931288222,0.15718299608170727,0.04691239523438814,0.002886439172591388
2024-08-27 15:00:00,0.0011734283148771942,0.15711468699129777,0.04528823559025696,0.0025256342760174647
2024-08-27 16:00:00,0.000670530465644111,0.1576659361375277,0.04138897454015137,0.001443219586295694
2024-08-27 17:00:00,0.0002682121862576444,0.1718702572667947,0.03869980755477793,0.0005772878345182776
2024-08-27 18:00:00,0.00016763261641102774,0.17293646939465687,0.0373424965307623,0.0003608048965739235
2024-08-27 19:00:00,0.0001341060931288222,0.1581147103791832,0.03445281532156977,0.0002886439172591388
2024-08-27 20:00:00,0.00010057956984661664,0.1309462335001843,0.030963394510613088,0.0002164829379443541
2024-08-27 21:00:00,0.00010057956984661664,0.11392374113857681,0.028557273499469432,0.0002164829379443541
2024-08-27 22:00:00,0.00010057956984661664,0.09848295960855198,0.02619783727339125,0.0002164829379443541
2024-08-27 23:00:00,0.00010057956984661664,0.09459804052626103,0.024624879789339124,0.0002164829379443541
2024-08-28 00:00:00,0.00010057956984661664,0.09459804052626103,0.024624879789339124,0.0002164829379443541
2024-08-28 01:00:00,0.00010057956984661664,0.09150397685976142,0.023051922305287,0.0002164829379443541
2024-08-28 02:00:00,0.00010057956984661664,0.08995694502651162,0.02226544356326094,0.0002164829379443541
2024-08-28 03:00:00,0.00010057956984661664,0.08995694502651162,0.02226544356326094,0.0002164829379443541
2024-08-28 04:00:00,0.00010057956984661664,0.09150397685976142,0.023051922305287,0.0002164829379443541
2024-08-28 05:00:00,0.00016763261641102774,0.10725374519393373,0.026838164174030628,0.0003608048965739235
2024-08-28 06:00:00,0.0005028978492330832,0.14057513468551067,0.036378313398501484,0.0010824146897217704
2024-08-28 07:00:00,0.0011734283148771942,0.16096492707525584,0.04694740004035298,0.0025256342760174647
2024-08-28 08:00:00,0.0015086935476992499,0.16268325608765752,0.05061588239420464,0.0032472440691653118
2024-08-28 09:00:00,0.0015086935476992499,0.1595891924211579,0.049182979265348946,0.0032472440691653118
2024-08-28 10:00:00,0.0014416405011348386,0.15769849478542777,0.047802858407749,0.003102922110535742
2024-08-28 11:00:00,0.001341060931288222,0.15797385149749862,0.04677234087919171,0.002886439172591388
2024-08-28 12:00:00,0.0010057956984661665,0.15625552248509691,0.04357070637599482,0.002164829379443541
2024-08-28 13:00:00,0.0012740078847238109,0.15683933027922695,0.04617869876361781,0.002742117213961819
2024-08-28 14:00:00,0.001341060931288222,0.15718299608170727,0.04691239523438814,0.002886439172591388
2024-08-28 15:00:00,0.0011734283148771942,0.15711468699129777,0.04528823559025696,0.0025256342760174647
2024-08-28 16:00:00,0.000670530465644111,0.1576659361375277,0.04138897454015137,0.001443219586295694
2024-08-28 17:00:00,0.0002682121862576444,0.1718702572667947,0.03869980755477793,0.0005772878345182776
2024-08-28 18:00:00,0.00016763261641102774,0.17293646939465687,0.0373424965307623,0.0003608048965739235
2024-08-28 19:00:00,0.0001341060931288222,0.1581147103791832,0.03445281532156977,0.0002886439172591388
2024-08-28 20:00:00,0.00010057956984661664,0.1309462335001843,0.030963394510613088,0.0002164829379443541
2024-08-28 21:00:00,0.00010057956984661664,0.11392374113857681,0.028557273499469432,0.0002164829379443541
2024-08-28 22:00:00,0.00010057956984661664,0.09848295960855198,0.02619783727339125,0.0002164829379443541
2024-08-28 23:00:00,0.00010057956984661664,0.09459804052626103,0.024624879789339124,0.0002164829379443541
2024-08-29 00:00:00,0.00010057956984661664,0.09459804052626103,0.024624879789339124,0.0002164829379443541
2024-08-29 01:00:00,0.00010057956984661664,0.09150397685976142,0.023051922305287,0.0002164829379443541
2024-08-29 02:00:00,0.00010057956984661664,0.08995694502651162,0.02226544356326094,0.0002164829379443541
2024-08-29 03:00:00,0.00010057956984661664,0.08995694502651162,0.02226544356326094,0.0002164829379443541
2024-08-29 04:00:00,0.00010057956984661664,0.09150397685976142,0.023051922305287,0.0002164829379443541
2024-08-29 05:00:00,0.00016763261641102774,0.10725374519393373,0.026838164174030628,0.0003608048965739235
2024-08-29 06:00:00,0.0005028978492330832,0.14057513468551067,0.036378313398501484,0.0010824146897217704
2024-08-29 07:00:00,0.0011734283148771942,0.16096492707525584,0.04694740004035298,0.0025256342760174647
2024-08-29 08:00:00,0.0015086935476992499,0.16268325608765752,0.05061588239420464,0.0032472440691653118
2024-08-29 09:00:00,0.0015086935476992499,0.1595891924211579,0.049182979265348946,0.0032472440691653118
2024-08-29 10:00:00,0.0014416405011348386,0.15769849478542777,0.047802858407749,0.003102922110535742
2024-08-29 11:00:00,0.001341060931288222,0.15797385149749862,0.04677234087919171,0.002886439172591388
2024-08-29 12:00:00,0.0010057956984661665,0.15625552248509691,0.04357070637599482,0.002164829379443541
2024-08-29 13:00:00,0.0012740078847238109,0.15683933027922695,0.04617869876361781,0.002742117213961819
2024-08-29 14:00:00,0.001341060931288222,0.15718299608170727,0.04691239523438814,0.002886439172591388
2024-08-29 15:00:00,0.0011734283148771942,0.15711468699129777,0.04528823559025696,0.0025256342760174647
2024-08-29 16:00:00,0.000670530465644111,0.1576659361375277,0.04138897454015137,0.001443219586295694
2024-08-29 17:00:00,0.0002682121862576444,0.1718702572667947,0.03869980755477793,0.0005772878345182776
2024-08-29 18:00:00,0.00016763261641102774,0.17293646939465687,0.0373424965307623,0.0003608048965739235
2024-08-29 19:00:00,0.0001341060931288222,0.1581147103791832,0.03445281532156977,0.0002886439172591388
2024-08-29 20:00:00,0.00010057956984661664,0.1309462335001843,0.030963394510613088,0.0002164829379443541
2024-08-29 21:00:00,0.00010057956984661664,0.11392374113857681,0.028557273499469432,0.0002164829379443541
2024-08-29 22:00:00,0.00010057956984661664,0.09848295960855198,0.02619783727339125,0.0002164829379443541
2024-08-29 23:00:00,0.00010057956984661664,0.09459804052626103,0.024624879789339124,0.0002164829379443541
2024-08-30 00:00:00,0.00010057956984661664,0.09459804052626103,0.024624879789339124,0.0002164829379443541
2024-08-30 01:00:00,0.00010057956984661664,0.09150397685976142,0.023051922305287,0.0002164829379443541
2024-08-30 02:00:00,0.00010057956984661664,0.08995694502651162,0.02226544356326094,0.0002164829379443541
2024-08-30 03:00:00,0.00010057956984661664,0.08995694502651162,0.02226544356326094,0.0002164829379443541
2024-08-30 04:00:00,0.00010057956984661664,0.09150397685976142,0.023051922305287,0.0002164829379443541
2024-08-30 05:00:00,0.00016763261641102774,0.10725374519393373,0.026838164174030628,0.0003608048965739235
2024-08-30 06:00:00,0.0005028978492330832,0.14057513468551067,0.036378313398501484,0.0010824146897217704
2024-08-30 07:00:00,0.0011734283148771942,0.16096492707525584,0.04694740004035298,0.0025256342760174647
2024-08-30 08:00:00,0.0015086935476992499,0.16268325608765752,0.05061588239420464,0.0032472440691653118
2024-08-30 09:00:00,0.0015086935476992499,0.1595891924211579,0.049182979265348946,0.0032472440691653118
2024-08-30 10:00:00,0.0014416405011348386,0.15769849478542777,0.047802858407749,0.003102922110535742
2024-08-30 11:00:00,0.001341060931288222,0.15797385149749862,0.04677234087919171,0.002886439172591388
2024-08-30 12:00:00,0.0010057956984661665,0.15625552248509691,0.04357070637599482,0.002164829379443541
2024-08-30 13:00:00,0.0012740078847238109,0.15683933027922695,0.04617869876361781,0.002742117213961819
2024-08-30 14:00:00,0.001341060931288222,0.15718299608170727,0.04691239523438814,0.002886439172591388
2024-08-30 15:00:00,0.0011734283148771942,0.15711468699129777,0.04528823559025696,0.0025256342760174647
2024-08-30 16:00:00,0.000670530465644111,0.1576659361375277,0.04138897454015137,0.001443219586295694
2024-08-30 17:00:00,0.0002682121862576444,0.1718702572667947,0.03869980755477793,0.0005772878345182776
2024-08-30 18:00:00,0.00016763261641102774,0.17293646939465687,0.0373424965307623,0.0003608048965739235
2024-08-30 19:00:00,0.0001341060931288222,0.1581147103791832,0.03445281532156977,0.0002886439172591388
2024-08-30 20:00:00,0.00010057956984661664,0.1309462335001843,0.030963394510613088,0.0002164829379443541
2024-08-30 21:00:00,0.00010057956984661664,0.11392374113857681,0.028557273499469432,0.0002164829379443541
2024-08-30 22:00:00,0.00010057956984661664,0.09848295960855198,0.02619783727339125,0.0002164829379443541
2024-08-30 23:00:00,0.00010057956984661664,0.09459804052626103,0.024624879789339124,0.0002164829379443541
2024-08-31 00:00:00,0.0006076682344899756,0.0983744038330821,0.03100766843228653,0.0013079177500804728
2024-08-31 01:00:00,0.0006076682344899756,0.09533397507304402,0.02946197781686369,0.0013079177500804728
2024-08-31 02:00:00,0.0006076682344899756,0.09381376069302498,0.028689132509152275,0.0013079177500804728
2024-08-31 03:00:00,0.0006076682344899756,0.09381376069302498,0.028689132509152275,0.0013079177500804728
2024-08-31 04:00:00,0.0006076682344899756,0.09533397507304402,0.02946197781686369,0.0013079177500804728
2024-08-31 05:00:00,0.0006076682344899756,0.10888413066441248,0.03178051373999794,0.0013079177500804728
2024-08-31 06:00:00,0.0006076682344899756,0.1350193974941097,0.03564474027855503,0.0013079177500804728
2024-08-31 07:00:00,0.0006076682344899756,0.15064493749247657,0.038736121509400694,0.0013079177500804728
2024-08-31 08:00:00,0.0006076682344899756,0.16226500437776567,0.03950896681711211,0.0013079177500804728
2024-08-31 09:00:00,0.0006076682344899756,0.16337534443172436,0.03950896681711211,0.0013079177500804728
2024-08-31 10:00:00,0.0006076682344899756,0.1639305144587037,0.03950896681711211,0.0013079177500804728
2024-08-31 11:00:00,0.0006076682344899756,0.16448568448568307,0.03950896681711211,0.0013079177500804728
2024-08-31 12:00:00,0.0006076682344899756,0.1608898795051585,0.03950896681711211,0.0013079177500804728
2024-08-31 13:00:00,0.0006076682344899756,0.16033470947817915,0.03950896681711211,0.0013079177500804728
2024-08-31 14:00:00,0.0006076682344899756,0.15977953945119983,0.03950896681711211,0.0013079177500804728
2024-08-31 15:00:00,0.0006076682344899756,0.15977953945119983,0.03950896681711211,0.0013079177500804728
2024-08-31 16:00:00,0.0006076682344899756,0.15977953945119983,0.03950896681711211,0.0013079177500804728
2024-08-31 17:00:00,0.0006076682344899756,0.15977953945119983,0.03950896681711211,0.0013079177500804728
2024-08-31 18:00:00,0.0006076682344899756,0.15383066195343365,0.03950896681711211,0.0013079177500804728
2024-08-31 19:00:00,0.0006076682344899756,0.14276576509512393,0.038736121509400694,0.0013079177500804728
2024-08-31 20:00:00,0.0006076682344899756,0.12962548382981579,0.03719043089397786,0.0013079177500804728
2024-08-31 21:00:00,0.0006076682344899756,0.115520158211468,0.034871894970843614,0.0013079177500804728
2024-08-31 22:00:00,0.0006076682344899756,0.10293504697313921,0.03332620435542078,0.0013079177500804728
2024-08-31 23:00:00,0.0006076682344899756,0.09989461821310114,0.03178051373999794,0.0013079177500804728
2024-09-01 00:00:00,0.0006279238423063081,0.10165355062751817,0.032041257380029414,0.0013515150084164886
2024-09-01 01:00:00,0.0006279238423063081,0.09851177424214548,0.030444043744092486,0.0013515150084164886
2024-09-01 02:00:00,0.0006279238423063081,0.09694088604945915,0.029645436926124022,0.0013515150084164886
2024-09-01 03:00:00,0.0006279238423063081,0.09694088604945915,0.029645436926124022,0.0013515150084164886
2024-09-01 04:00:00,0.0006279238423063081,0.09851177424214548,0.030444043744092486,0.0013515150084164886
2024-09-01 05:00:00,0.0006279238423063081,0.11251360168655956,0.03283986419799787,0.0013515150084164886
2024-09-01 06:00:00,0.0006279238423063081,0.1395200440772467,0.03683289828784019,0.0013515150084164886
2024-09-01 07:00:00,0.0006279238423063081,0.15566643540889247,0.040027325559714055,0.0013515150084164886
2024-09-01 08:00:00,0.0006279238423063081,0.1676738378570245,0.04082593237768252,0.0013515150084164886
2024-09-01 09:00:00,0.0006279238423063081,0.16882118924611517,0.04082593237768252,0.0013515150084164886
2024-09-01 10:00:00,0.0006279238423063081,0.1693948649406605,0.04082593237768252,0.0013515150084164886
2024-09-01 11:00:00,0.0006279238423063081,0.16996854063520583,0.04082593237768252,0.0013515150084164886
2024-09-01 12:00:00,0.0006279238423063081,0.1662528754886638,0.04082593237768252,0.0013515150084164886
2024-09-01 13:00:00,0.0006279238423063081,0.16567919979411846,0.04082593237768252,0.0013515150084164886
2024-09-01 14:00:00,0.0006279238423063081,0.16510552409957313,0.04082593237768252,0.0013515150084164886
2024-09-01 15:00:00,0.0006279238423063081,0.16510552409957313,0.04082593237768252,0.0013515150084164886
2024-09-01 16:00:00,0.0006279238423063081,0.16510552409957313,0.04082593237768252,0.0013515150084164886
2024-09-01 17:00:00,0.0006279238423063081,0.16510552409957313,0.04082593237768252,0.0013515150084164886
2024-09-01 18:00:00,0.0006279238423063081,0.15895835068521477,0.04082593237768252,0.0013515150084164886
2024-09-01 19:00:00,0.0006279238423063081,0.14752462393162805,0.040027325559714055,0.0013515150084164886
2024-09-01 20:00:00,0.0006279238423063081,0.13394633329080965,0.03843011192377713,0.0013515150084164886
2024-09-01 21:00:00,0.0006279238423063081,0.11937083015185027,0.036034291469871735,0.0013515150084164886
2024-09-01 22:00:00,0.0006279238423063081,0.1063662152055772,0.0344370778339348,0.0013515150084164886
2024-09-01 23:00:00,0.0006279238423063081,0.1032244388202045,0.03283986419799787,0.0013515150084164886
2024-09-02 00:00:00,0.0001039322221748372,0.09775130854380305,0.02544570911565043,0.00022369903587583258
2024-09-02 01:00:00,0.0001039322221748372,0.09455410942175346,0.023820319715463237,0.00022369903587583258
2024-09-02 02:00:00,0.0001039322221748372,0.09295550986072867,0.023007625015369643,0.00022369903587583258
2024-09-02 03:00:00,0.0001039322221748372,0.09295550986072867,0.023007625015369643,0.00022369903587583258
2024-09-02 04:00:00,0.0001039322221748372,0.09455410942175346,0.023820319715463237,0.00022369903587583258
2024-09-02 05:00:00,0.00017322037029139534,0.11082887003373151,0.027732769646498318,0.00037283172645972095
2024-09-02 06:00:00,0.000519661110874186,0.14526097250836104,0.0375909238451182,0.001118495179379163
2024-09-02 07:00:00,0.0012125425920397673,0.16633042464443104,0.0485123133750314,0.0026098220852180465
2024-09-02 08:00:00,0.0015589833326225579,0.16810603129057944,0.052303078474011465,0.0033554855381374886
2024-09-02 09:00:00,0.0015589833326225579,0.16490883216852983,0.05082241190752725,0.0033554855381374886
2024-09-02 10:00:00,0.0014896951845059998,0.16295511127827536,0.04939628702134063,0.0032063528475536
2024-09-02 11:00:00,0.0013857629623311627,0.16323964654741524,0.04833141890849809,0.0029826538116777676
2024-09-02 12:00:00,0.001039322221748372,0.16146403990126681,0.04502306325519464,0.002236990358758326
2024-09-02 13:00:00,0.0013164748142146044,0.16206730795520116,0.04771798872240506,0.002833521121093879
2024-09-02 14:00:00,0.0013857629623311627,0.16242242928443085,0.04847614174220108,0.0029826538116777676
2024-09-02 15:00:00,0.0012125425920397673,0.162351843224341,0.04679784344326551,0.0026098220852180465
2024-09-02 16:00:00,0.0006928814811655813,0.16292146734211194,0.04276860702482308,0.0014913269058388838
2024-09-02 17:00:00,0.0002771525924662325,0.17759926584235453,0.039989801139937185,0.0005965307623355535
2024-09-02 18:00:00,0.00017322037029139534,0.17870101837447877,0.03858724641512103,0.00037283172645972095
2024-09-02 19:00:00,0.00013857629623311625,0.163385200725156,0.03560124249895543,0.00029826538116777674
2024-09-02 20:00:00,0.0001039322221748372,0.13531110795019047,0.03199550766096686,0.00022369903587583258
2024-09-02 21:00:00,0.0001039322221748372,0.11772119917652937,0.029509182616118415,0.00022369903587583258
2024-09-02 22:00:00,0.0001039322221748372,0.10176572492883705,0.027071098515837624,0.00022369903587583258
2024-09-02 23:00:00,0.0001039322221748372,0.09775130854380305,0.02544570911565043,0.00022369903587583258
2024-09-03 00:00:00,0.0001039322221748372,0.09775130854380305,0.02544570911565043,0.00022369903587583258
2024-09-03 01:00:00,0.0001039322221748372,0.09455410942175346,0.023820319715463237,0.00022369903587583258
2024-09-03 02:00:00,0.0001039322221748372,0.09295550986072867,0.023007625015369643,0.00022369903587583258
2024-09-03 03:00:00,0.0001039322221748372,0.09295550986072867,0.023007625015369643,0.00022369903587583258
2024-09-03 04:00:00,0.0001039322221748372,0.09455410942175346,0.023820319715463237,0.00022369903587583258
2024-09-03 05:00:00,0.00017322037029139534,0.11082887003373151,0.027732769646498318,0.00037283172645972095
2024-09-03 06:00:00,0.000519661110874186,0.14526097250836104,0.0375909238451182,0.001118495179379163
2024-09-03 07:00:00,0.0012125425920397673,0.16633042464443104,0.0485123133750314,0.0026098220852180465
2024-09-03 08:00:00,0.0015589833326225579,0.16810603129057944,0.052303078474011465,0.0033554855381374886
2024-09-03 09:00:00,0.0015589833326225579,0.16490883216852983,0.05082241190752725,0.0033554855381374886
2024-09-03 10:00:00,0.0014896951845059998,0.16295511127827536,0.04939628702134063,0.0032063528475536
2024-09-03 11:00:00,0.0013857629623311627,0.16323964654741524,0.04833141890849809,0.0029826538116777676
2024-09-03 12:00:00,0.001039322221748372,0.16146403990126681,0.04502306325519464,0.002236990358758326
2024-09-03 13:00:00,0.0013164748142146044,0.16206730795520116,0.04771798872240506,0.002833521121093879
2024-09-03 14:00:00,0.0013857629623311627,0.16242242928443085,0.04847614174220108,0.0029826538116777676
2024-09-03 15:00:00,0.0012125425920397673,0.162351843224341,0.04679784344326551,0.0026098220852180465
2024-09-03 16:00:00,0.0006928814811655813,0.16292146734211194,0.04276860702482308,0.0014913269058388838
2024-09-03 17:00:00,0.0002771525924662325,0.17759926584235453,0.039989801139937185,0.0005965307623355535
2024-09-03 18:00:00,0.00017322037029139534,0.17870101837447877,0.03858724641512103,0.00037283172645972095
2024-09-03 19:00:00,0.00013857629623311625,0.163385200725156,0.03560124249895543,0.00029826538116777674
2024-09-03 20:00:00,0.0001039322221748372,0.13531110795019047,0.03199550766096686,0.00022369903587583258
2024-09-03 21:00:00,0.0001039322221748372,0.11772119917652937,0.029509182616118415,0.00022369903587583258
2024-09-03 22:00:00,0.0001039322221748372,0.10176572492883705,0.027071098515837624,0.00022369903587583258
2024-09-03 23:00:00,0.0001039322221748372,0.09775130854380305,0.02544570911565043,0.00022369903587583258
2024-09-04 00:00:00,0.0001039322221748372,0.09775130854380305,0.02544570911565043,0.00022369903587583258
2024-09-04 01:00:00,0.0001039322221748372,0.09455410942175346,0.023820319715463237,0.00022369903587583258
2024-09-04 02:00:00,0.0001039322221748372,0.09295550986072867,0.023007625015369643,0.00022369903587583258
2024-09-04 03:00:00,0.0001039322221748372,0.09295550986072867,0.023007625015369643,0.00022369903587583258
2024-09-04 04:00:00,0.0001039322221748372,0.09455410942175346,0.023820319715463237,0.00022369903587583258
2024-09-04 05:00:00,0.00017322037029139534,0.11082887003373151,0.027732769646498318,0.00037283172645972095
2024-09-04 06:00:00,0.000519661110874186,0.14526097250836104,0.0375909238451182,0.001118495179379163
2024-09-04 07:00:00,0.0012125425920397673,0.16633042464443104,0.0485123133750314,0.0026098220852180465
2024-09-04 08:00:00,0.0015589833326225579,0.16810603129057944,0.052303078474011465,0.0033554855381374886
2024-09-04 09:00:00,0.0015589833326225579,0.16490883216852983,0.05082241190752725,0.0033554855381374886
2024-09-04 10:00:00,0.0014896951845059998,0.16295511127827536,0.04939628702134063,0.0032063528475536
2024-09-04 11:00:00,0.0013857629623311627,0.16323964654741524,0.04833141890849809,0.0029826538116777676
2024-09-04 12:00:00,0.001039322221748372,0.16146403990126681,0.04502306325519464,0.002236990358758326
2024-09-04 13:00:00,0.0013164748142146044,0.16206730795520116,0.04771798872240506,0.002833521121093879
2024-09-04 14:00:00,0.0013857629623311627,0.16242242928443085,0.04847614174220108,0.0029826538116777676
2024-09-04 15:00:00,0.0012125425920397673,0.162351843224341,0.04679784344326551,0.0026098220852180465
2024-09-04 16:00:00,0.0006928814811655813,0.16292146734211194,0.04276860702482308,0.0014913269058388838
2024-09-04 17:00:00,0.0002771525924662325,0.17759926584235453,0.039989801139937185,0.0005965307623355535
2024-09-04 18:00:00,0.00017322037029139534,0.17870101837447877,0.03858724641512103,0.00037283172645972095
2024-09-04 19:00:00,0.00013857629623311625,0.163385200725156,0.03560124249895543,0.00029826538116777674
2024-09-04 20:00:00,0.0001039322221748372,0.13531110795019047,0.03199550766096686,0.00022369903587583258
2024-09-04 21:00:00,0.0001039322221748372,0.11772119917652937,0.029509182616118415,0.00022369903587583258
2024-09-04 22:00:00,0.0001039322221748372,0.10176572492883705,0.027071098515837624,0.00022369903587583258
2024-09-04 23:00:00,0.0001039322221748372,0.09775130854380305,0.02544570911565043,0.00022369903587583258
2024-09-05 00:00:00,0.0001039322221748372,0.09775130854380305,0.02544570911565043,0.00022369903587583258
2024-09-05 01:00:00,0.0001039322221748372,0.09455410942175346,0.023820319715463237,0.00022369903587583258
2024-09-05 02:00:00,0.0001039322221748372,0.09295550986072867,0.023007625015369643,0.00022369903587583258
2024-09-05 03:00:00,0.0001039322221748372,0.09295550986072867,0.023007625015369643,0.00022369903587583258
2024-09-05 04:00:00,0.0001039322221748372,0.09455410942175346,0.023820319715463237,0.00022369903587583258
2024-09-05 05:00:00,0.00017322037029139534,0.11082887003373151,0.027732769646498318,0.00037283172645972095
2024-09-05 06:00:00,0.000519661110874186,0.14526097250836104,0.0375909238451182,0.001118495179379163
2024-09-05 07:00:00,0.0012125425920397673,0.16633042464443104,0.0485123133750314,0.0026098220852180465
2024-09-05 08:00:00,0.0015589833326225579,0.16810603129057944,0.052303078474011465,0.0033554855381374886
2024-09-05 09:00:00,0.0015589833326225579,0.16490883216852983,0.05082241190752725,0.0033554855381374886
2024-09-05 10:00:00,0.0014896951845059998,0.16295511127827536,0.04939628702134063,0.0032063528475536
2024-09-05 11:00:00,0.0013857629623311627,0.16323964654741524,0.04833141890849809,0.0029826538116777676
2024-09-05 12:00:00,0.001039322221748372,0.16146403990126681,0.04502306325519464,0.002236990358758326
2024-09-05 13:00:00,0.0013164748142146044,0.16206730795520116,0.04771798872240506,0.002833521121093879
2024-09-05 14:00:00,0.0013857629623311627,0.16242242928443085,0.04847614174220108,0.0029826538116777676
2024-09-05 15:00:00,0.0012125425920397673,0.162351843224341,0.04679784344326551,0.0026098220852180465
2024-09-05 16:00:00,0.0006928814811655813,0.16292146734211194,0.04276860702482308,0.0014913269058388838
2024-09-05 17:00:00,0.0002771525924662325,0.17759926584235453,0.039989801139937185,0.0005965307623355535
2024-09-05 18:00:00,0.00017322037029139534,0.17870101837447877,0.03858724641512103,0.00037283172645972095
2024-09-05 19:00:00,0.00013857629623311625,0.163385200725156,0.03560124249895543,0.00029826538116777674
2024-09-05 20:00:00,0.0001039322221748372,0.13531110795019047,0.03199550766096686,0.00022369903587583258
2024-09-05 21:00:00,0.0001039322221748372,0.11772119917652937,0.029509182616118415,0.00022369903587583258
2024-09-05 22:00:00,0.0001039322221748372,0.10176572492883705,0.027071098515837624,0.00022369903587583258
2024-09-05 23:00:00,0.0001039322221748372,0.09775130854380305,0.02544570911565043,0.00022369903587583258
2024-09-06 00:00:00,0.0001039322221748372,0.09775130854380305,0.02544570911565043,0.00022369903587583258
2024-09-06 01:00:00,0.0001039322221748372,0.09455410942175346,0.023820319715463237,0.00022369903587583258
2024-09-06 02:00:00,0.0001039322221748372,0.09295550986072867,0.023007625015369643,0.00022369903587583258
2024-09-06 03:00:00,0.0001039322221748372,0.09295550986072867,0.023007625015369643,0.00022369903587583258
2024-09-06 04:00:00,0.0001039322221748372,0.09455410942175346,0.023820319715463237,0.00022369903587583258
2024-09-06 05:00:00,0.00017322037029139534,0.11082887003373151,0.027732769646498318,0.00037283172645972095
2024-09-06 06:00:00,0.000519661110874186,0.14526097250836104,0.0375909238451182,0.001118495179379163
2024-09-06 07:00:00,0.0012125425920397673,0.16633042464443104,0.0485123133750314,0.0026098220852180465
2024-09-06 08:00:00,0.0015589833326225579,0.16810603129057944,0.052303078474011465,0.0033554855381374886
2024-09-06 09:00:00,0.0015589833326225579,0.16490883216852983,0.05082241190752725,0.0033554855381374886
2024-09-06 10:00:00,0.0014896951845059998,0.16295511127827536,0.04939628702134063,0.0032063528475536
2024-09-06 11:00:00,0.0013857629623311627,0.16323964654741524,0.04833141890849809,0.0029826538116777676
2024-09-06 12:00:00,0.001039322221748372,0.16146403990126681,0.04502306325519464,0.002236990358758326
2024-09-06 13:00:00,0.0013164748142146044,0.16206730795520116,0.04771798872240506,0.002833521121093879
2024-09-06 14:00:00,0.0013857629623311627,0.16242242928443085,0.04847614174220108,0.0029826538116777676
2024-09-06 15:00:00,0.0012125425920397673,0.162351843224341,0.04679784344326551,0.0026098220852180465
2024-09-06 16:00:00,0.0006928814811655813,0.16292146734211194,0.04276860702482308,0.0014913269058388838
2024-09-06 17:00:00,0.0002771525924662325,0.17759926584235453,0.039989801139937185,0.0005965307623355535
2024-09-06 18:00:00,0.00017322037029139534,0.17870101837447877,0.03858724641512103,0.00037283172645972095
2024-09-06 19:00:00,0.00013857629623311625,0.163385200725156,0.03560124249895543,0.00029826538116777674
2024-09-06 20:00:00,0.0001039322221748372,0.13531110795019047,0.03199550766096686,0.00022369903587583258
2024-09-06 21:00:00,0.0001039322221748372,0.11772119917652937,0.029509182616118415,0.00022369903587583258
2024-09-06 22:00:00,0.0001039322221748372,0.10176572492883705,0.027071098515837624,0.00022369903587583258
2024-09-06 23:00:00,0.0001039322221748372,0.09775130854380305,0.02544570911565043,0.00022369903587583258
2024-09-07 00:00:00,0.0006279238423063081,0.10165355062751817,0.032041257380029414,0.0013515150084164886
2024-09-07 01:00:00,0.0006279238423063081,0.09851177424214548,0.030444043744092486,0.0013515150084164886
2024-09-07 02:00:00,0.0006279238423063081,0.09694088604945915,0.029645436926124022,0.0013515150084164886
2024-09-07 03:00:00,0.0006279238423063081,0.09694088604945915,0.029645436926124022,0.0013515150084164886
2024-09-07 04:00:00,0.0006279238423063081,0.09851177424214548,0.030444043744092486,0.0013515150084164886
2024-09-07 05:00:00,0.0006279238423063081,0.11251360168655956,0.03283986419799787,0.0013515150084164886
2024-09-07 06:00:00,0.0006279238423063081,0.1395200440772467,0.03683289828784019,0.0013515150084164886
2024-09-07 07:00:00,0.0006279238423063081,0.15566643540889247,0.040027325559714055,0.0013515150084164886
2024-09-07 08:00:00,0.0006279238423063081,0.1676738378570245,0.04082593237768252,0.0013515150084164886
2024-09-07 09:00:00,0.0006279238423063081,0.16882118924611517,0.04082593237768252,0.0013515150084164886
2024-09-07 10:00:00,0.0006279238423063081,0.1693948649406605,0.04082593237768252,0.0013515150084164886
2024-09-07 11:00:00,0.0006279238423063081,0.16996854063520583,0.04082593237768252,0.0013515150084164886
2024-09-07 12:00:00,0.0006279238423063081,0.1662528754886638,0.04082593237768252,0.0013515150084164886
2024-09-07 13:00:00,0.0006279238423063081,0.16567919979411846,0.04082593237768252,0.0013515150084164886
2024-09-07 14:00:00,0.0006279238423063081,0.16510552409957313,0.04082593237768252,0.0013515150084164886
2024-09-07 15:00:00,0.0006279238423063081,0.16510552409957313,0.04082593237768252,0.0013515150084164886
2024-09-07 16:00:00,0.0006279238423063081,0.16510552409957313,0.04082593237768252,0.0013515150084164886
2024-09-07 17:00:00,0.0006279238423063081,0.16510552409957313,0.04082593237768252,0.0013515150084164886
2024-09-07 18:00:00,0.0006279238423063081,0.15895835068521477,0.04082593237768252,0.0013515150084164886
2024-09-07 19:00:00,0.0006279238423063081,0.14752462393162805,0.040027325559714055,0.0013515150084164886
2024-09-07 20:00:00,0.0006279238423063081,0.13394633329080965,0.03843011192377713,0.0013515150084164886
2024-09-07 21:00:00,0.0006279238423063081,0.11937083015185027,0.036034291469871735,0.0013515150084164886
2024-09-07 22:00:00,0.0006279238423063081,0.1063662152055772,0.0344370778339348,0.0013515150084164886
2024-09-07 23:00:00,0.0006279238423063081,0.1032244388202045,0.03283986419799787,0.0013515150084164886
2024-09-08 00:00:00,0.0006279238423063081,0.10165355062751817,0.032041257380029414,0.0013515150084164886
2024-09-08 01:00:00,0.0006279238423063081,0.09851177424214548,0.030444043744092486,0.0013515150084164886
2024-09-08 02:00:00,0.0006279238423063081,0.09694088604945915,0.029645436926124022,0.0013515150084164886
2024-09-08 03:00:00,0.0006279238423063081,0.09694088604945915,0.029645436926124022,0.0013515150084164886
2024-09-08 04:00:00,0.0006279238423063081,0.09851177424214548,0.030444043744092486,0.0013515150084164886
2024-09-08 05:00:00,0.0006279238423063081,0.11251360168655956,0.03283986419799787,0.0013515150084164886
2024-09-08 06:00:00,0.0006279238423063081,0.1395200440772467,0.03683289828784019,0.0013515150084164886
2024-09-08 07:00:00,0.0006279238423063081,0.15566643540889247,0.040027325559714055,0.0013515150084164886
2024-09-08 08:00:00,0.0006279238423063081,0.1676738378570245,0.04082593237768252,0.0013515150084164886
2024-09-08 09:00:00,0.0006279238423063081,0.16882118924611517,0.04082593237768252,0.0013515150084164886
2024-09-08 10:00:00,0.0006279238423063081,0.1693948649406605,0.04082593237768252,0.0013515150084164886
2024-09-08 11:00:00,0.0006279238423063081,0.16996854063520583,0.04082593237768252,0.0013515150084164886
2024-09-08 12:00:00,0.0006279238423063081,0.1662528754886638,0.04082593237768252,0.0013515150084164886
2024-09-08 13:00:00,0.0006279238423063081,0.16567919979411846,0.04082593237768252,0.0013515150084164886
2024-09-08 14:00:00,0.0006279238423063081,0.16510552409957313,0.04082593237768252,0.0013515150084164886
2024-09-08 15:00:00,0.0006279238423063081,0.16510552409957313,0.04082593237768252,0.0013515150084164886
2024-09-08 16:00:00,0.0006279238423063081,0.16510552409957313,0.04082593237768252,0.0013515150084164886
2024-09-08 17:00:00,0.0006279238423063081,0.16510552409957313,0.04082593237768252,0.0013515150084164886
2024-09-08 18:00:00,0.0006279238423063081,0.15895835068521477,0.04082593237768252,0.0013515150084164886
2024-09-08 19:00:00,0.0006279238423063081,0.14752462393162805,0.040027325559714055,0.0013515150084164886
2024-09-08 20:00:00,0.0006279238423063081,0.13394633329080965,0.03843011192377713,0.0013515150084164886
2024-09-08 21:00:00,0.0006279238423063081,0.11937083015185027,0.036034291469871735,0.0013515150084164886
2024-09-08 22:00:00,0.0006279238423063081,0.1063662152055772,0.0344370778339348,0.0013515150084164886
2024-09-08 23:00:00,0.0006279238423063081,0.1032244388202045,0.03283986419799787,0.0013515150084164886
2024-09-09 00:00:00,0.0001039322221748372,0.09775130854380305,0.02544570911565043,0.00022369903587583258
2024-09-09 01:00:00,0.0001039322221748372,0.09455410942175346,0.023820319715463237,0.00022369903587583258
2024-09-09 02:00:00,0.0001039322221748372,0.09295550986072867,0.023007625015369643,0.00022369903587583258
2024-09-09 03:00:00,0.0001039322221748372,0.09295550986072867,0.023007625015369643,0.00022369903587583258
2024-09-09 04:00:00,0.0001039322221748372,0.09455410942175346,0.023820319715463237,0.00022369903587583258
2024-09-09 05:00:00,0.00017322037029139534,0.11082887003373151,0.027732769646498318,0.00037283172645972095
2024-09-09 06:00:00,0.000519661110874186,0.14526097250836104,0.0375909238451182,0.001118495179379163
2024-09-09 07:00:00,0.0012125425920397673,0.16633042464443104,0.0485123133750314,0.0026098220852180465
2024-09-09 08:00:00,0.0015589833326225579,0.16810603129057944,0.052303078474011465,0.0033554855381374886
2024-09-09 09:00:00,0.0015589833326225579,0.16490883216852983,0.05082241190752725,0.0033554855381374886
2024-09-09 10:00:00,0.0014896951845059998,0.16295511127827536,0.04939628702134063,0.0032063528475536
2024-09-09 11:00:00,0.0013857629623311627,0.16323964654741524,0.04833141890849809,0.0029826538116777676
2024-09-09 12:00:00,0.001039322221748372,0.16146403990126681,0.04502306325519464,0.002236990358758326
2024-09-09 13:00:00,0.0013164748142146044,0.16206730795520116,0.04771798872240506,0.002833521121093879
2024-09-09 14:00:00,0.0013857629623311627,0.16242242928443085,0.04847614174220108,0.0029826538116777676
2024-09-09 15:00:00,0.0012125425920397673,0.162351843224341,0.04679784344326551,0.0026098220852180465
2024-09-09 16:00:00,0.0006928814811655813,0.16292146734211194,0.04276860702482308,0.0014913269058388838
2024-09-09 17:00:00,0.0002771525924662325,0.17759926584235453,0.039989801139937185,0.0005965307623355535
2024-09-09 18:00:00,0.00017322037029139534,0.17870101837447877,0.03858724641512103,0.00037283172645972095
2024-09-09 19:00:00,0.00013857629623311625,0.163385200725156,0.03560124249895543,0.00029826538116777674
2024-09-09 20:00:00,0.0001039322221748372,0.13531110795019047,0.03199550766096686,0.00022369903587583258
2024-09-09 21:00:00,0.0001039322221748372,0.11772119917652937,0.029509182616118415,0.00022369903587583258
2024-09-09 22:00:00,0.0001039322221748372,0.10176572492883705,0.027071098515837624,0.00022369903587583258
2024-09-09 23:00:00,0.0001039322221748372,0.09775130854380305,0.02544570911565043,0.00022369903587583258
2024-09-10 00:00:00,0.0001039322221748372,0.09775130854380305,0.02544570911565043,0.00022369903587583258
2024-09-10 01:00:00,0.0001039322221748372,0.09455410942175346,0.023820319715463237,0.00022369903587583258
2024-09-10 02:00:00,0.0001039322221748372,0.09295550986072867,0.023007625015369643,0.00022369903587583258
2024-09-10 03:00:00,0.0001039322221748372,0.09295550986072867,0.023007625015369643,0.00022369903587583258
2024-09-10 04:00:00,0.0001039322221748372,0.09455410942175346,0.023820319715463237,0.00022369903587583258
2024-09-10 05:00:00,0.00017322037029139534,0.11082887003373151,0.027732769646498318,0.00037283172645972095
2024-09-10 06:00:00,0.000519661110874186,0.14526097250836104,0.0375909238451182,0.001118495179379163
2024-09-10 07:00:00,0.0012125425920397673,0.16633042464443104,0.0485123133750314,0.0026098220852180465
2024-09-10 08:00:00,0.0015589833326225579,0.16810603129057944,0.052303078474011465,0.0033554855381374886
2024-09-10 09:00:00,0.0015589833326225579,0.16490883216852983,0.05082241190752725,0.0033554855381374886
2024-09-10 10:00:00,0.0014896951845059998,0.16295511127827536,0.04939628702134063,0.0032063528475536
2024-09-10 11:00:00,0.0013857629623311627,0.16323964654741524,0.04833141890849809,0.0029826538116777676
2024-09-10 12:00:00,0.001039322221748372,0.16146403990126681,0.04502306325519464,0.002236990358758326
2024-09-10 13:00:00,0.0013164748142146044,0.16206730795520116,0.04771798872240506,0.002833521121093879
2024-09-10 14:00:00,0.0013857629623311627,0.16242242928443085,0.04847614174220108,0.0029826538116777676
2024-09-10 15:00:00,0.0012125425920397673,0.162351843224341,0.04679784344326551,0.0026098220852180465
2024-09-10 16:00:00,0.0006928814811655813,0.16292146734211194,0.04276860702482308,0.0014913269058388838
2024-09-10 17:00:00,0.0002771525924662325,0.17759926584235453,0.039989801139937185,0.0005965307623355535
2024-09-10 18:00:00,0.00017322037029139534,0.17870101837447877,0.03858724641512103,0.00037283172645972095
2024-09-10 19:00:00,0.00013857629623311625,0.163385200725156,0.03560124249895543,0.00029826538116777674
2024-09-10 20:00:00,0.0001039322221748372,0.13531110795019047,0.03199550766096686,0.00022369903587583258
2024-09-10 21:00:00,0.0001039322221748372,0.11772119917652937,0.029509182616118415,0.00022369903587583258
2024-09-10 22:00:00,0.0001039322221748372,0.10176572492883705,0.027071098515837624,0.00022369903587583258
2024-09-10 23:00:00,0.0001039322221748372,0.09775130854380305,0.02544570911565043,0.00022369903587583258
2024-09-11 00:00:00,0.0001039322221748372,0.09775130854380305,0.02544570911565043,0.00022369903587583258
2024-09-11 01:00:00,0.0001039322221748372,0.09455410942175346,0.023820319715463237,0.00022369903587583258
2024-09-11 02:00:00,0.0001039322221748372,0.09295550986072867,0.023007625015369643,0.00022369903587583258
2024-09-11 03:00:00,0.0001039322221748372,0.09295550986072867,0.023007625015369643,0.00022369903587583258
2024-09-11 04:00:00,0.0001039322221748372,0.09455410942175346,0.023820319715463237,0.00022369903587583258
2024-09-11 05:00:00,0.00017322037029139534,0.11082887003373151,0.027732769646498318,0.00037283172645972095
2024-09-11 06:00:00,0.000519661110874186,0.14526097250836104,0.0375909238451182,0.001118495179379163
2024-09-11 07:00:00,0.0012125425920397673,0.16633042464443104,0.0485123133750314,0.0026098220852180465
2024-09-11 08:00:00,0.0015589833326225579,0.16810603129057944,0.052303078474011465,0.0033554855381374886
2024-09-11 09:00:00,0.0015589833326225579,0.16490883216852983,0.05082241190752725,0.0033554855381374886
2024-09-11 10:00:00,0.0014896951845059998,0.16295511127827536,0.04939628702134063,0.0032063528475536
2024-09-11 11:00:00,0.0013857629623311627,0.16323964654741524,0.04833141890849809,0.0029826538116777676
2024-09-11 12:00:00,0.001039322221748372,0.16146403990126681,0.04502306325519464,0.002236990358758326
2024-09-11 13:00:00,0.0013164748142146044,0.16206730795520116,0.04771798872240506,0.002833521121093879
2024-09-11 14:00:00,0.0013857629623311627,0.16242242928443085,0.04847614174220108,0.0029826538116777676
2024-09-11 15:00:00,0.0012125425920397673,0.162351843224341,0.04679784344326551,0.0026098220852180465
2024-09-11 16:00:00,0.0006928814811655813,0.16292146734211194,0.04276860702482308,0.0014913269058388838
2024-09-11 17:00:00,0.0002771525924662325,0.17759926584235453,0.039989801139937185,0.0005965307623355535
2024-09-11 18:00:00,0.00017322037029139534,0.17870101837447877,0.03858724641512103,0.00037283172645972095
2024-09-11 19:00:00,0.00013857629623311625,0.163385200725156,0.03560124249895543,0.00029826538116777674
2024-09-11 20:00:00,0.0001039322221748372,0.13531110795019047,0.03199550766096686,0.00022369903587583258
2024-09-11 21:00:00,0.0001039322221748372,0.11772119917652937,0.029509182616118415,0.00022369903587583258
2024-09-11 22:00:00,0.0001039322221748372,0.10176572492883705,0.027071098515837624,0.00022369903587583258
2024-09-11 23:00:00,0.0001039322221748372,0.09775130854380305,0.02544570911565043,0.00022369903587583258
2024-09-12 00:00:00,0.0001039322221748372,0.09775130854380305,0.02544570911565043,0.00022369903587583258
2024-09-12 01:00:00,0.0001039322221748372,0.09455410942175346,0.023820319715463237,0.00022369903587583258
2024-09-12 02:00:00,0.0001039322221748372,0.09295550986072867,0.023007625015369643,0.00022369903587583258
2024-09-12 03:00:00,0.0001039322221748372,0.09295550986072867,0.023007625015369643,0.00022369903587583258
2024-09-12 04:00:00,0.0001039322221748372,0.09455410942175346,0.023820319715463237,0.00022369903587583258
2024-09-12 05:00:00,0.00017322037029139534,0.11082887003373151,0.027732769646498318,0.00037283172645972095
2024-09-12 06:00:00,0.000519661110874186,0.14526097250836104,0.0375909238451182,0.001118495179379163
2024-09-12 07:00:00,0.0012125425920397673,0.16633042464443104,0.0485123133750314,0.0026098220852180465
2024-09-12 08:00:00,0.0015589833326225579,0.16810603129057944,0.052303078474011465,0.0033554855381374886
2024-09-12 09:00:00,0.0015589833326225579,0.16490883216852983,0.05082241190752725,0.0033554855381374886
2024-09-12 10:00:00,0.0014896951845059998,0.16295511127827536,0.04939628702134063,0.0032063528475536
2024-09-12 11:00:00,0.0013857629623311627,0.16323964654741524,0.04833141890849809,0.0029826538116777676
2024-09-12 12:00:00,0.001039322221748372,0.16146403990126681,0.04502306325519464,0.002236990358758326
2024-09-12 13:00:00,0.0013164748142146044,0.16206730795520116,0.04771798872240506,0.002833521121093879
2024-09-12 14:00:00,0.0013857629623311627,0.16242242928443085,0.04847614174220108,0.0029826538116777676
2024-09-12 15:00:00,0.0012125425920397673,0.162351843224341,0.04679784344326551,0.0026098220852180465
2024-09-12 16:00:00,0.0006928814811655813,0.16292146734211194,0.04276860702482308,0.0014913269058388838
2024-09-12 17:00:00,0.0002771525924662325,0.17759926584235453,0.039989801139937185,0.0005965307623355535
2024-09-12 18:00:00,0.00017322037029139534,0.17870101837447877,0.03858724641512103,0.00037283172645972095
2024-09-12 19:00:00,0.00013857629623311625,0.163385200725156,0.03560124249895543,0.00029826538116777674
2024-09-12 20:00:00,0.0001039322221748372,0.13531110795019047,0.03199550766096686,0.00022369903587583258
2024-09-12 21:00:00,0.0001039322221748372,0.11772119917652937,0.029509182616118415,0.00022369903587583258
2024-09-12 22:00:00,0.0001039322221748372,0.10176572492883705,0.027071098515837624,0.00022369903587583258
2024-09-12 23:00:00,0.0001039322221748372,0.09775130854380305,0.02544570911565043,0.00022369903587583258
2024-09-13 00:00:00,0.0001039322221748372,0.09775130854380305,0.02544570911565043,0.00022369903587583258
2024-09-13 01:00:00,0.0001039322221748372,0.09455410942175346,0.023820319715463237,0.00022369903587583258
2024-09-13 02:00:00,0.0001039322221748372,0.09295550986072867,0.023007625015369643,0.00022369903587583258
2024-09-13 03:00:00,0.0001039322221748372,0.09295550986072867,0.023007625015369643,0.00022369903587583258
2024-09-13 04:00:00,0.0001039322221748372,0.09455410942175346,0.023820319715463237,0.00022369903587583258
2024-09-13 05:00:00,0.00017322037029139534,0.11082887003373151,0.027732769646498318,0.00037283172645972095
2024-09-13 06:00:00,0.000519661110874186,0.14526097250836104,0.0375909238451182,0.001118495179379163
2024-09-13 07:00:00,0.0012125425920397673,0.16633042464443104,0.0485123133750314,0.0026098220852180465
2024-09-13 08:00:00,0.0015589833326225579,0.16810603129057944,0.052303078474011465,0.0033554855381374886
2024-09-13 09:00:00,0.0015589833326225579,0.16490883216852983,0.05082241190752725,0.0033554855381374886
2024-09-13 10:00:00,0.0014896951845059998,0.16295511127827536,0.04939628702134063,0.0032063528475536
2024-09-13 11:00:00,0.0013857629623311627,0.16323964654741524,0.04833141890849809,0.0029826538116777676
2024-09-13 12:00:00,0.001039322221748372,0.16146403990126681,0.04502306325519464,0.002236990358758326
2024-09-13 13:00:00,0.0013164748142146044,0.16206730795520116,0.04771798872240506,0.002833521121093879
2024-09-13 14:00:00,0.0013857629623311627,0.16242242928443085,0.04847614174220108,0.0029826538116777676
2024-09-13 15:00:00,0.0012125425920397673,0.162351843224341,0.04679784344326551,0.0026098220852180465
2024-09-13 16:00:00,0.0006928814811655813,0.16292146734211194,0.04276860702482308,0.0014913269058388838
2024-09-13 17:00:00,0.0002771525924662325,0.17759926584235453,0.039989801139937185,0.0005965307623355535
2024-09-13 18:00:00,0.00017322037029139534,0.17870101837447877,0.03858724641512103,0.00037283172645972095
2024-09-13 19:00:00,0.00013857629623311625,0.163385200725156,0.03560124249895543,0.00029826538116777674
2024-09-13 20:00:00,0.0001039322221748372,0.13531110795019047,0.03199550766096686,0.00022369903587583258
2024-09-13 21:00:00,0.0001039322221748372,0.11772119917652937,0.029509182616118415,0.00022369903587583258
2024-09-13 22:00:00,0.0001039322221748372,0.10176572492883705,0.027071098515837624,0.00022369903587583258
2024-09-13 23:00:00,0.0001039322221748372,0.09775130854380305,0.02544570911565043,0.00022369903587583258
2024-09-14 00:00:00,0.0006279238423063081,0.10165355062751817,0.032041257380029414,0.0013515150084164886
2024-09-14 01:00:00,0.0006279238423063081,0.09851177424214548,0.030444043744092486,0.0013515150084164886
2024-09-14 02:00:00,0.0006279238423063081,0.09694088604945915,0.029645436926124022,0.0013515150084164886
2024-09-14 03:00:00,0.0006279238423063081,0.09694088604945915,0.029645436926124022,0.0013515150084164886
2024-09-14 04:00:00,0.0006279238423063081,0.09851177424214548,0.030444043744092486,0.0013515150084164886
2024-09-14 05:00:00,0.0006279238423063081,0.11251360168655956,0.03283986419799787,0.0013515150084164886
2024-09-14 06:00:00,0.0006279238423063081,0.1395200440772467,0.03683289828784019,0.0013515150084164886
2024-09-14 07:00:00,0.0006279238423063081,0.15566643540889247,0.040027325559714055,0.0013515150084164886
2024-09-14 08:00:00,0.0006279238423063081,0.1676738378570245,0.04082593237768252,0.0013515150084164886
2024-09-14 09:00:00,0.0006279238423063081,0.16882118924611517,0.04082593237768252,0.0013515150084164886
2024-09-14 10:00:00,0.0006279238423063081,0.1693948649406605,0.04082593237768252,0.0013515150084164886
2024-09-14 11:00:00,0.0006279238423063081,0.16996854063520583,0.04082593237768252,0.0013515150084164886
2024-09-14 12:00:00,0.0006279238423063081,0.1662528754886638,0.04082593237768252,0.0013515150084164886
2024-09-14 13:00:00,0.0006279238423063081,0.16567919979411846,0.04082593237768252,0.0013515150084164886
2024-09-14 14:00:00,0.0006279238423063081,0.16510552409957313,0.04082593237768252,0.0013515150084164886
2024-09-14 15:00:00,0.0006279238423063081,0.16510552409957313,0.04082593237768252,0.0013515150084164886
2024-09-14 16:00:00,0.0006279238423063081,0.16510552409957313,0.04082593237768252,0.0013515150084164886
2024-09-14 17:00:00,0.0006279238423063081,0.16510552409957313,0.04082593237768252,0.0013515150084164886
2024-09-14 18:00:00,0.0006279238423063081,0.15895835068521477,0.04082593237768252,0.0013515150084164886
2024-09-14 19:00:00,0.0006279238423063081,0.14752462393162805,0.040027325559714055,0.0013515150084164886
2024-09-14 20:00:00,0.0006279238423063081,0.13394633329080965,0.03843011192377713,0.0013515150084164886
2024-09-14 21:00:00,0.0006279238423063081,0.11937083015185027,0.036034291469871735,0.0013515150084164886
2024-09-14 22:00:00,0.0006279238423063081,0.1063662152055772,0.0344370778339348,0.0013515150084164886
2024-09-14 23:00:00,0.0006279238423063081,0.1032244388202045,0.03283986419799787,0.0013515150084164886
2024-09-15 00:00:00,0.0006279238423063081,0.10165355062751817,0.032041257380029414,0.0013515150084164886
2024-09-15 01:00:00,0.0006279238423063081,0.09851177424214548,0.030444043744092486,0.0013515150084164886
2024-09-15 02:00:00,0.0006279238423063081,0.09694088604945915,0.029645436926124022,0.0013515150084164886
2024-09-15 03:00:00,0.0006279238423063081,0.09694088604945915,0.029645436926124022,0.0013515150084164886
2024-09-15 04:00:00,0.0006279238423063081,0.09851177424214548,0.030444043744092486,0.0013515150084164886
2024-09-15 05:00:00,0.0006279238423063081,0.11251360168655956,0.03283986419799787,0.0013515150084164886
2024-09-15 06:00:00,0.0006279238423063081,0.1395200440772467,0.03683289828784019,0.0013515150084164886
2024-09-15 07:00:00,0.0006279238423063081,0.15566643540889247,0.040027325559714055,0.0013515150084164886
2024-09-15 08:00:00,0.0006279238423063081,0.1676738378570245,0.04082593237768252,0.0013515150084164886
2024-09-15 09:00:00,0.0006279238423063081,0.16882118924611517,0.04082593237768252,0.0013515150084164886
2024-09-15 10:00:00,0.0006279238423063081,0.1693948649406605,0.04082593237768252,0.0013515150084164886
2024-09-15 11:00:00,0.0006279238423063081,0.16996854063520583,0.04082593237768252,0.0013515150084164886
2024-09-15 12:00:00,0.0006279238423063081,0.1662528754886638,0.04082593237768252,0.0013515150084164886
2024-09-15 13:00:00,0.0006279238423063081,0.16567919979411846,0.04082593237768252,0.0013515150084164886
2024-09-15 14:00:00,0.0006279238423063081,0.16510552409957313,0.04082593237768252,0.0013515150084164886
2024-09-15 15:00:00,0.0006279238423063081,0.16510552409957313,0.04082593237768252,0.0013515150084164886
2024-09-15 16:00:00,0.0006279238423063081,0.16510552409957313,0.04082593237768252,0.0013515150084164886
2024-09-15 17:00:00,0.0006279238423063081,0.16510552409957313,0.04082593237768252,0.0013515150084164886
2024-09-15 18:00:00,0.0006279238423063081,0.15895835068521477,0.04082593237768252,0.0013515150084164886
2024-09-15 19:00:00,0.0006279238423063081,0.14752462393162805,0.040027325559714055,0.0013515150084164886
2024-09-15 20:00:00,0.0006279238423063081,0.13394633329080965,0.03843011192377713,0.0013515150084164886
2024-09-15 21:00:00,0.0006279238423063081,0.11937083015185027,0.036034291469871735,0.0013515150084164886
2024-09-15 22:00:00,0.0006279238423063081,0.1063662152055772,0.0344370778339348,0.0013515150084164886
2024-09-15 23:00:00,0.0006279238423063081,0.1032244388202045,0.03283986419799787,0.0013515150084164886
2024-09-16 00:00:00,0.0001039322221748372,0.09775130854380305,0.02544570911565043,0.00022369903587583258
2024-09-16 01:00:00,0.0001039322221748372,0.09455410942175346,0.023820319715463237,0.00022369903587583258
2024-09-16 02:00:00,0.0001039322221748372,0.09295550986072867,0.023007625015369643,0.00022369903587583258
2024-09-16 03:00:00,0.0001039322221748372,0.09295550986072867,0.023007625015369643,0.00022369903587583258
2024-09-16 04:00:00,0.0001039322221748372,0.09455410942175346,0.023820319715463237,0.00022369903587583258
2024-09-16 05:00:00,0.00017322037029139534,0.11082887003373151,0.027732769646498318,0.00037283172645972095
2024-09-16 06:00:00,0.000519661110874186,0.14526097250836104,0.0375909238451182,0.001118495179379163
2024-09-16 07:00:00,0.0012125425920397673,0.16633042464443104,0.0485123133750314,0.0026098220852180465
2024-09-16 08:00:00,0.0015589833326225579,0.16810603129057944,0.052303078474011465,0.0033554855381374886
2024-09-16 09:00:00,0.0015589833326225579,0.16490883216852983,0.05082241190752725,0.0033554855381374886
2024-09-16 10:00:00,0.0014896951845059998,0.16295511127827536,0.04939628702134063,0.0032063528475536
2024-09-16 11:00:00,0.0013857629623311627,0.16323964654741524,0.04833141890849809,0.0029826538116777676
2024-09-16 12:00:00,0.001039322221748372,0.16146403990126681,0.04502306325519464,0.002236990358758326
2024-09-16 13:00:00,0.0013164748142146044,0.16206730795520116,0.04771798872240506,0.002833521121093879
2024-09-16 14:00:00,0.0013857629623311627,0.16242242928443085,0.04847614174220108,0.0029826538116777676
2024-09-16 15:00:00,0.0012125425920397673,0.162351843224341,0.04679784344326551,0.0026098220852180465
2024-09-16 16:00:00,0.0006928814811655813,0.16292146734211194,0.04276860702482308,0.0014913269058388838
2024-09-16 17:00:00,0.0002771525924662325,0.17759926584235453,0.039989801139937185,0.0005965307623355535
2024-09-16 18:00:00,0.00017322037029139534,0.17870101837447877,0.03858724641512103,0.00037283172645972095
2024-09-16 19:00:00,0.00013857629623311625,0.163385200725156,0.03560124249895543,0.00029826538116777674
2024-09-16 20:00:00,0.0001039322221748372,0.13531110795019047,0.03199550766096686,0.00022369903587583258
2024-09-16 21:00:00,0.0001039322221748372,0.11772119917652937,0.029509182616118415,0.00022369903587583258
2024-09-16 22:00:00,0.0001039322221748372,0.10176572492883705,0.027071098515837624,0.00022369903587583258
2024-09-16 23:00:00,0.0001039322221748372,0.09775130854380305,0.02544570911565043,0.00022369903587583258
2024-09-17 00:00:00,0.0001039322221748372,0.09775130854380305,0.02544570911565043,0.00022369903587583258
2024-09-17 01:00:00,0.0001039322221748372,0.09455410942175346,0.023820319715463237,0.00022369903587583258
2024-09-17 02:00:00,0.0001039322221748372,0.09295550986072867,0.023007625015369643,0.00022369903587583258
2024-09-17 03:00:00,0.0001039322221748372,0.09295550986072867,0.023007625015369643,0.00022369903587583258
2024-09-17 04:00:00,0.0001039322221748372,0.09455410942175346,0.023820319715463237,0.00022369903587583258
2024-09-17 05:00:00,0.00017322037029139534,0.11082887003373151,0.027732769646498318,0.00037283172645972095
2024-09-17 06:00:00,0.000519661110874186,0.14526097250836104,0.0375909238451182,0.001118495179379163
2024-09-17 07:00:00,0.0012125425920397673,0.16633042464443104,0.0485123133750314,0.0026098220852180465
2024-09-17 08:00:00,0.0015589833326225579,0.16810603129057944,0.052303078474011465,0.0033554855381374886
2024-09-17 09:00:00,0.0015589833326225579,0.16490883216852983,0.05082241190752725,0.0033554855381374886
2024-09-17 10:00:00,0.0014896951845059998,0.16295511127827536,0.04939628702134063,0.0032063528475536
2024-09-17 11:00:00,0.0013857629623311627,0.16323964654741524,0.04833141890849809,0.0029826538116777676
2024-09-17 12:00:00,0.001039322221748372,0.16146403990126681,0.04502306325519464,0.002236990358758326
2024-09-17 13:00:00,0.0013164748142146044,0.16206730795520116,0.04771798872240506,0.002833521121093879
2024-09-17 14:00:00,0.0013857629623311627,0.16242242928443085,0.04847614174220108,0.0029826538116777676
2024-09-17 15:00:00,0.0012125425920397673,0.162351843224341,0.04679784344326551,0.0026098220852180465
2024-09-17 16:00:00,0.0006928814811655813,0.16292146734211194,0.04276860702482308,0.0014913269058388838
2024-09-17 17:00:00,0.0002771525924662325,0.17759926584235453,0.039989801139937185,0.0005965307623355535
2024-09-17 18:00:00,0.00017322037029139534,0.17870101837447877,0.03858724641512103,0.00037283172645972095
2024-09-17 19:00:00,0.00013857629623311625,0.163385200725156,0.03560124249895543,0.00029826538116777674
2024-09-17 20:00:00,0.0001039322221748372,0.13531110795019047,0.03199550766096686,0.00022369903587583258
2024-09-17 21:00:00,0.0001039322221748372,0.11772119917652937,0.029509182616118415,0.00022369903587583258
2024-09-17 22:00:00,0.0001039322221748372,0.10176572492883705,0.027071098515837624,0.00022369903587583258
2024-09-17 23:00:00,0.0001039322221748372,0.09775130854380305,0.02544570911565043,0.00022369903587583258
2024-09-18 00:00:00,0.0001039322221748372,0.09775130854380305,0.02544570911565043,0.00022369903587583258
2024-09-18 01:00:00,0.0001039322221748372,0.09455410942175346,0.023820319715463237,0.00022369903587583258
2024-09-18 02:00:00,0.0001039322221748372,0.09295550986072867,0.023007625015369643,0.00022369903587583258
2024-09-18 03:00:00,0.0001039322221748372,0.09295550986072867,0.023007625015369643,0.00022369903587583258
2024-09-18 04:00:00,0.0001039322221748372,0.09455410942175346,0.023820319715463237,0.00022369903587583258
2024-09-18 05:00:00,0.00017322037029139534,0.11082887003373151,0.027732769646498318,0.00037283172645972095
2024-09-18 06:00:00,0.000519661110874186,0.14526097250836104,0.0375909238451182,0.001118495179379163
2024-09-18 07:00:00,0.0012125425920397673,0.16633042464443104,0.0485123133750314,0.0026098220852180465
2024-09-18 08:00:00,0.0015589833326225579,0.16810603129057944,0.052303078474011465,0.0033554855381374886
2024-09-18 09:00:00,0.0015589833326225579,0.16490883216852983,0.05082241190752725,0.0033554855381374886
2024-09-18 10:00:00,0.0014896951845059998,0.16295511127827536,0.04939628702134063,0.0032063528475536
2024-09-18 11:00:00,0.0013857629623311627,0.16323964654741524,0.04833141890849809,0.0029826538116777676
2024-09-18 12:00:00,0.001039322221748372,0.16146403990126681,0.04502306325519464,0.002236990358758326
2024-09-18 13:00:00,0.0013164748142146044,0.16206730795520116,0.04771798872240506,0.002833521121093879
2024-09-18 14:00:00,0.0013857629623311627,0.16242242928443085,0.04847614174220108,0.0029826538116777676
2024-09-18 15:00:00,0.0012125425920397673,0.162351843224341,0.04679784344326551,0.0026098220852180465
2024-09-18 16:00:00,0.0006928814811655813,0.16292146734211194,0.04276860702482308,0.0014913269058388838
2024-09-18 17:00:00,0.0002771525924662325,0.17759926584235453,0.039989801139937185,0.0005965307623355535
2024-09-18 18:00:00,0.00017322037029139534,0.17870101837447877,0.03858724641512103,0.00037283172645972095
2024-09-18 19:00:00,0.00013857629623311625,0.163385200725156,0.03560124249895543,0.00029826538116777674
2024-09-18 20:00:00,0.0001039322221748372,0.13531110795019047,0.03199550766096686,0.00022369903587583258
2024-09-18 21:00:00,0.0001039322221748372,0.11772119917652937,0.029509182616118415,0.00022369903587583258
2024-09-18 22:00:00,0.0001039322221748372,0.10176572492883705,0.027071098515837624,0.00022369903587583258
2024-09-18 23:00:00,0.0001039322221748372,0.09775130854380305,0.02544570911565043,0.00022369903587583258
2024-09-19 00:00:00,-0.0003994894789845323,0.39153295636223895,0.12090976020970573,-0.0008598431691477324
2024-09-19 01:00:00,-0.0003994894789845323,0.37532918487305644,0.1126721004906298,-0.0008598431691477324
2024-09-19 02:00:00,-0.0003994894789845323,0.36722729912846525,0.10855327063109184,-0.0008598431691477324
2024-09-19 03:00:00,-0.0003994894789845323,0.36722729912846525,0.10855327063109184,-0.0008598431691477324
2024-09-19 04:00:00,-0.0003994894789845323,0.37532918487305644,0.1126721004906298,-0.0008598431691477324
2024-09-19 05:00:00,-0.0006658157983075538,0.4346259074984669,0.1270834385977397,-0.001433071948579554
2024-09-19 06:00:00,-0.0019974473949226617,0.5537508570000985,0.1500080617655868,-0.004299215845738662
2024-09-19 07:00:00,-0.004660710588152876,0.6088644868870607,0.15143185248662275,-0.010031503640056878
2024-09-19 08:00:00,-0.005992342184767984,0.6020394988409277,0.1440508552989444,-0.012897647537215985
2024-09-19 09:00:00,-0.005992342184767984,0.5858357273517452,0.1366948684201279,-0.012897647537215985
2024-09-19 10:00:00,-0.005726015865444963,0.5790988392163806,0.13493391083838505,-0.012324418757784164
2024-09-19 11:00:00,-0.00532652638646043,0.585772832708711,0.13758904641481826,-0.011464575588636432
2024-09-19 12:00:00,-0.003994894789845323,0.5925978207548441,0.14790895307002805,-0.008598431691477323
2024-09-19 13:00:00,-0.005060200067137409,0.5825113332394471,0.13994691869261336,-0.010891346809204611
2024-09-19 14:00:00,-0.00532652638646043,0.5811463356302204,0.13847071925507767,-0.011464575588636432
2024-09-19 15:00:00,-0.004660710588152876,0.5891853267317776,0.14348372710930601,-0.010031503640056878
2024-09-19 16:00:00,-0.002663263193230215,0.6167776887025495,0.1638171443185415,-0.005732287794318216
2024-09-19 17:00:00,-0.0010653052772920861,0.6925581084958164,0.1817936735030909,-0.0022929151177272862
2024-09-19 18:00:00,-0.0006658157983075538,0.7038585990666375,0.18239157245225213,-0.001433071948579554
2024-09-19 19:00:00,-0.0005326526386460431,0.6473547663027145,0.16974456427877005,-0.0011464575588636431
2024-09-19 20:00:00,-0.0003994894789845323,0.5452418763809469,0.15415429003276257,-0.0008598431691477324
2024-09-19 21:00:00,-0.0003994894789845323,0.4741760535769389,0.14150390950739558,-0.0008598431691477324
2024-09-19 22:00:00,-0.0003994894789845323,0.41236322492991195,0.12914741992878168,-0.0008598431691477324
2024-09-19 23:00:00,-0.0003994894789845323,0.39153295636223895,0.12090976020970573,-0.0008598431691477324
2024-09-20 00:00:00,6.495763885927015e-06,0.15461227263769386,0.04392262223062886,1.3981189742239428e-05
2024-09-20 01:00:00,6.495763885927015e-06,0.1488976724123282,0.04101743857517288,1.3981189742239428e-05
2024-09-20 02:00:00,6.495763885927015e-06,0.14604037229964542,0.0395648467474449,1.3981189742239428e-05
2024-09-20 03:00:00,6.495763885927015e-06,0.14604037229964542,0.0395648467474449,1.3981189742239428e-05
2024-09-20 04:00:00,6.495763885927015e-06,0.1488976724123282,0.04101743857517288,1.3981189742239428e-05
2024-09-20 05:00:00,1.082627314321169e-05,0.17349926438174482,0.04696193137899664,2.330198290373238e-05
2024-09-20 06:00:00,3.247881942963507e-05,0.2243235307970844,0.059349079571660496,6.990594871119714e-05
2024-09-20 07:00:00,7.578391200248184e-05,0.25198217862687544,0.06843222417082327,0.00016311388032612666
2024-09-20 08:00:00,9.743645828890522e-05,0.25209315404225974,0.07006071269819203,0.0002097178461335914
2024-09-20 09:00:00,9.743645828890522e-05,0.24637855381689408,0.06744288736157897,0.0002097178461335914
2024-09-20 10:00:00,9.310594903162055e-05,0.2434990586211344,0.06595195614722019,0.00020039705297209847
2024-09-20 11:00:00,8.661018514569352e-05,0.24502026322379503,0.06560708874843102,0.00018641586322985904
2024-09-20 12:00:00,6.495763885927014e-05,0.24490928780841079,0.06493646128387207,0.00013981189742239428
2024-09-20 13:00:00,8.227967588840886e-05,0.2434435709134423,0.06556874936180021,0.0001770950700683661
2024-09-20 14:00:00,8.661018514569352e-05,0.24346576599651915,0.06589444706727396,0.00018641586322985904
2024-09-20 15:00:00,7.578391200248184e-05,0.2449647755161029,0.065511240281854,0.00016311388032612666
2024-09-20 16:00:00,4.330509257284676e-05,0.2507646069602611,0.06619735617844598,9.320793161492952e-05
2024-09-20 17:00:00,1.7322037029138708e-05,0.2772687192591536,0.06743571191990241,3.728317264597181e-05
2024-09-20 18:00:00,1.082627314321169e-05,0.28034442108909013,0.0664203417771464,2.330198290373238e-05
2024-09-20 19:00:00,8.661018514569354e-06,0.2570567295466189,0.06156446606924212,1.8641586322985904e-05
2024-09-20 20:00:00,6.495763885927015e-06,0.2146525470013046,0.055639142958733755,1.3981189742239428e-05
2024-09-20 21:00:00,6.495763885927015e-06,0.1867124613185441,0.05118558136926882,1.3981189742239428e-05
2024-09-20 22:00:00,6.495763885927015e-06,0.16188137009033543,0.046827805886084845,1.3981189742239428e-05
2024-09-20 23:00:00,6.495763885927015e-06,0.15461227263769386,0.04392262223062886,1.3981189742239428e-05
2024-09-21 00:00:00,0.0006279238423063081,0.10165355062751817,0.032041257380029414,0.0013515150084164886
2024-09-21 01:00:00,0.0006279238423063081,0.09851177424214548,0.030444043744092486,0.0013515150084164886
2024-09-21 02:00:00,0.0006279238423063081,0.09694088604945915,0.029645436926124022,0.0013515150084164886
2024-09-21 03:00:00,0.0006279238423063081,0.09694088604945915,0.029645436926124022,0.0013515150084164886
2024-09-21 04:00:00,0.0006279238423063081,0.09851177424214548,0.030444043744092486,0.0013515150084164886
2024-09-21 05:00:00,0.0006279238423063081,0.11251360168655956,0.03283986419799787,0.0013515150084164886
2024-09-21 06:00:00,0.0006279238423063081,0.1395200440772467,0.03683289828784019,0.0013515150084164886
2024-09-21 07:00:00,0.0006279238423063081,0.15566643540889247,0.040027325559714055,0.0013515150084164886
2024-09-21 08:00:00,0.0006279238423063081,0.1676738378570245,0.04082593237768252,0.0013515150084164886
2024-09-21 09:00:00,0.0006279238423063081,0.16882118924611517,0.04082593237768252,0.0013515150084164886
2024-09-21 10:00:00,0.0006279238423063081,0.1693948649406605,0.04082593237768252,0.0013515150084164886
2024-09-21 11:00:00,0.0006279238423063081,0.16996854063520583,0.04082593237768252,0.0013515150084164886
2024-09-21 12:00:00,0.0006279238423063081,0.1662528754886638,0.04082593237768252,0.0013515150084164886
2024-09-21 13:00:00,0.0006279238423063081,0.16567919979411846,0.04082593237768252,0.0013515150084164886
2024-09-21 14:00:00,0.0006279238423063081,0.16510552409957313,0.04082593237768252,0.0013515150084164886
2024-09-21 15:00:00,0.0006279238423063081,0.16510552409957313,0.04082593237768252,0.0013515150084164886
2024-09-21 16:00:00,0.0006279238423063081,0.16510552409957313,0.04082593237768252,0.0013515150084164886
2024-09-21 17:00:00,0.0006279238423063081,0.16510552409957313,0.04082593237768252,0.0013515150084164886
2024-09-21 18:00:00,0.0006279238423063081,0.15895835068521477,0.04082593237768252,0.0013515150084164886
2024-09-21 19:00:00,0.0006279238423063081,0.14752462393162805,0.040027325559714055,0.0013515150084164886
2024-09-21 20:00:00,0.0006279238423063081,0.13394633329080965,0.03843011192377713,0.0013515150084164886
2024-09-21 21:00:00,0.0006279238423063081,0.11937083015185027,0.036034291469871735,0.0013515150084164886
2024-09-21 22:00:00,0.0006279238423063081,0.1063662152055772,0.0344370778339348,0.0013515150084164886
2024-09-21 23:00:00,0.0006279238423063081,0.1032244388202045,0.03283986419799787,0.0013515150084164886
2024-09-22 00:00:00,0.0006279238423063081,0.10165355062751817,0.032041257380029414,0.0013515150084164886
2024-09-22 01:00:00,0.0006279238423063081,0.09851177424214548,0.030444043744092486,0.0013515150084164886
2024-09-22 02:00:00,0.0006279238423063081,0.09694088604945915,0.029645436926124022,0.0013515150084164886
2024-09-22 03:00:00,0.0006279238423063081,0.09694088604945915,0.029645436926124022,0.0013515150084164886
2024-09-22 04:00:00,0.0006279238423063081,0.09851177424214548,0.030444043744092486,0.0013515150084164886
2024-09-22 05:00:00,0.0006279238423063081,0.11251360168655956,0.03283986419799787,0.0013515150084164886
2024-09-22 06:00:00,0.0006279238423063081,0.1395200440772467,0.03683289828784019,0.0013515150084164886
2024-09-22 07:00:00,0.0006279238423063081,0.15566643540889247,0.040027325559714055,0.0013515150084164886
2024-09-22 08:00:00,0.0006279238423063081,0.1676738378570245,0.04082593237768252,0.0013515150084164886
2024-09-22 09:00:00,0.0006279238423063081,0.16882118924611517,0.04082593237768252,0.0013515150084164886
2024-09-22 10:00:00,0.0006279238423063081,0.1693948649406605,0.04082593237768252,0.0013515150084164886
2024-09-22 11:00:00,0.0006279238423063081,0.16996854063520583,0.04082593237768252,0.0013515150084164886
2024-09-22 12:00:00,0.0006279238423063081,0.1662528754886638,0.04082593237768252,0.0013515150084164886
2024-09-22 13:00:00,0.0006279238423063081,0.16567919979411846,0.04082593237768252,0.0013515150084164886
2024-09-22 14:00:00,0.0006279238423063081,0.16510552409957313,0.04082593237768252,0.0013515150084164886
2024-09-22 15:00:00,0.0006279238423063081,0.16510552409957313,0.04082593237768252,0.0013515150084164886
2024-09-22 16:00:00,0.0006279238423063081,0.16510552409957313,0.04082593237768252,0.0013515150084164886
2024-09-22 17:00:00,0.0006279238423063081,0.16510552409957313,0.04082593237768252,0.0013515150084164886
2024-09-22 18:00:00,0.0006279238423063081,0.15895835068521477,0.04082593237768252,0.0013515150084164886
2024-09-22 19:00:00,0.0006279238423063081,0.14752462393162805,0.040027325559714055,0.0013515150084164886
2024-09-22 20:00:00,0.0006279238423063081,0.13394633329080965,0.03843011192377713,0.0013515150084164886
2024-09-22 21:00:00,0.0006279238423063081,0.11937083015185027,0.036034291469871735,0.0013515150084164886
2024-09-22 22:00:00,0.0006279238423063081,0.1063662152055772,0.0344370778339348,0.0013515150084164886
2024-09-22 23:00:00,0.0006279238423063081,0.1032244388202045,0.03283986419799787,0.0013515150084164886
2024-09-23 00:00:00,0.0001039322221748372,0.09775130854380305,0.02544570911565043,0.00022369903587583258
2024-09-23 01:00:00,0.0001039322221748372,0.09455410942175346,0.023820319715463237,0.00022369903587583258
2024-09-23 02:00:00,0.0001039322221748372,0.09295550986072867,0.023007625015369643,0.00022369903587583258
2024-09-23 03:00:00,0.0001039322221748372,0.09295550986072867,0.023007625015369643,0.00022369903587583258
2024-09-23 04:00:00,0.0001039322221748372,0.09455410942175346,0.023820319715463237,0.00022369903587583258
2024-09-23 05:00:00,0.00017322037029139534,0.11082887003373151,0.027732769646498318,0.00037283172645972095
2024-09-23 06:00:00,0.000519661110874186,0.14526097250836104,0.0375909238451182,0.001118495179379163
2024-09-23 07:00:00,0.0012125425920397673,0.16633042464443104,0.0485123133750314,0.0026098220852180465
2024-09-23 08:00:00,0.0015589833326225579,0.16810603129057944,0.052303078474011465,0.0033554855381374886
2024-09-23 09:00:00,0.0015589833326225579,0.16490883216852983,0.05082241190752725,0.0033554855381374886
2024-09-23 10:00:00,0.0014896951845059998,0.16295511127827536,0.04939628702134063,0.0032063528475536
2024-09-23 11:00:00,0.0013857629623311627,0.16323964654741524,0.04833141890849809,0.0029826538116777676
2024-09-23 12:00:00,0.001039322221748372,0.16146403990126681,0.04502306325519464,0.002236990358758326
2024-09-23 13:00:00,0.0013164748142146044,0.16206730795520116,0.04771798872240506,0.002833521121093879
2024-09-23 14:00:00,0.0013857629623311627,0.16242242928443085,0.04847614174220108,0.0029826538116777676
2024-09-23 15:00:00,0.0012125425920397673,0.162351843224341,0.04679784344326551,0.0026098220852180465
2024-09-23 16:00:00,0.0006928814811655813,0.16292146734211194,0.04276860702482308,0.0014913269058388838
2024-09-23 17:00:00,0.0002771525924662325,0.17759926584235453,0.039989801139937185,0.0005965307623355535
2024-09-23 18:00:00,0.00017322037029139534,0.17870101837447877,0.03858724641512103,0.00037283172645972095
2024-09-23 19:00:00,0.00013857629623311625,0.163385200725156,0.03560124249895543,0.00029826538116777674
2024-09-23 20:00:00,0.0001039322221748372,0.13531110795019047,0.03199550766096686,0.00022369903587583258
2024-09-23 21:00:00,0.0001039322221748372,0.11772119917652937,0.029509182616118415,0.00022369903587583258
2024-09-23 22:00:00,0.0001039322221748372,0.10176572492883705,0.027071098515837624,0.00022369903587583258
2024-09-23 23:00:00,0.0001039322221748372,0.09775130854380305,0.02544570911565043,0.00022369903587583258
2024-09-24 00:00:00,3.897458331556409e-05,0.13565861793973008,0.03776365119230265,8.388713845343789e-05
2024-09-24 01:00:00,3.897458331556409e-05,0.13078315141546978,0.03528506562193627,8.388713845343789e-05
2024-09-24 02:00:00,3.897458331556409e-05,0.12834541815333966,0.034045772836753085,8.388713845343789e-05
2024-09-24 03:00:00,3.897458331556409e-05,0.12834541815333966,0.034045772836753085,8.388713845343789e-05
2024-09-24 04:00:00,3.897458331556409e-05,0.13078315141546978,0.03528506562193627,8.388713845343789e-05
2024-09-24 05:00:00,6.495763885927349e-05,0.15260913293240683,0.04055221080149713,0.00013981189742239648
2024-09-24 06:00:00,0.00019487291657782047,0.197969344700843,0.05209636099614631,0.00041943569226718944
2024-09-24 07:00:00,0.00045470347201491445,0.22343159396606035,0.06179225390555924,0.0009786832819567754
2024-09-24 08:00:00,0.0005846187497334614,0.22409744645836602,0.06414150129013177,0.0012583070768015683
2024-09-24 09:00:00,0.0005846187497334614,0.21922197993410572,0.061902728876895005,0.0012583070768015683
2024-09-24 10:00:00,0.0005586356941897519,0.21665107617351445,0.06043339977192694,0.0012023823178326097
2024-09-24 11:00:00,0.0005196611108741879,0.21776005766500148,0.05984853213511998,0.0011184951793791718
2024-09-24 12:00:00,0.00038974583315564093,0.21709420517269581,0.05829866194097951,0.0008388713845343789
2024-09-24 13:00:00,0.0004936780553304785,0.21631814992736162,0.0596184958153351,0.0010625704204102132
2024-09-24 14:00:00,0.0005196611108741879,0.21645132042582277,0.06008834529224961,0.0011184951793791718
2024-09-24 15:00:00,0.00045470347201491445,0.21742713141884865,0.05927344133565777,0.0009786832819567754
2024-09-24 16:00:00,0.00025983055543709395,0.22148356042087775,0.058387773127238266,0.0005592475896895859
2024-09-24 17:00:00,0.00010393222217483758,0.2440455681202202,0.05828707499324723,0.00022369903587583437
2024-09-24 18:00:00,6.495763885927349e-05,0.24646328685088598,0.057142643323137836,0.00013981189742239648
2024-09-24 19:00:00,5.196611108741879e-05,0.2258328866061309,0.05291005821247979,0.00011184951793791718
2024-09-24 20:00:00,3.897458331556409e-05,0.18820540065093294,0.047757931192811374,8.388713845343789e-05
2024-09-24 21:00:00,3.897458331556409e-05,0.16371537393787228,0.0439601151182186,8.388713845343789e-05
2024-09-24 22:00:00,3.897458331556409e-05,0.1418428217031691,0.04024223676266903,8.388713845343789e-05
2024-09-24 23:00:00,3.897458331556409e-05,0.13565861793973008,0.03776365119230265,8.388713845343789e-05
2024-09-25 00:00:00,5.5213993030381586e-05,0.12618179059074874,0.03468416567313975,0.0001188401128090349
2024-09-25 01:00:00,5.5213993030381586e-05,0.12172589091704113,0.03241887914531815,0.0001188401128090349
2024-09-25 02:00:00,5.5213993030381586e-05,0.11949794108018733,0.031286235881407366,0.0001188401128090349
2024-09-25 03:00:00,5.5213993030381586e-05,0.11949794108018733,0.031286235881407366,0.0001188401128090349
2024-09-25 04:00:00,5.5213993030381586e-05,0.12172589091704113,0.03241887914531815,0.0001188401128090349
2024-09-25 05:00:00,9.202332171730264e-05,0.14216406720773847,0.03734735051274758,0.00019806685468172483
2024-09-25 06:00:00,0.00027606996515190793,0.18479225165272312,0.04847000170838947,0.0005942005640451745
2024-09-25 07:00:00,0.0006441632520211185,0.20915630163565366,0.058472268772927445,0.0013864679827720737
2024-09-25 08:00:00,0.0008282098954557238,0.21009959266642,0.06118189558610184,0.0017826016921355236
2024-09-25 09:00:00,0.0008282098954557238,0.20564369299271237,0.05913264963455321,0.0017826016921355236
2024-09-25 10:00:00,0.0007914005667688027,0.2032270849497053,0.057674121584280494,0.0017033749502628336
2024-09-25 11:00:00,0.0007361865737384211,0.20412995488560556,0.056969253828464655,0.0015845348374537987
2024-09-25 12:00:00,0.0005521399303038159,0.20318666385483922,0.05497976226953346,0.001188401128090349
2024-09-25 13:00:00,0.0006993772450515001,0.20275543943432214,0.056643369042102744,0.0015053080955811087
2024-09-25 14:00:00,0.0007361865737384211,0.2029440976404754,0.05718529440473762,0.0015845348374537987
2024-09-25 15:00:00,0.0006441632520211185,0.2036583093702224,0.056154541862559866,0.0013864679827720737
2024-09-25 16:00:00,0.00036809328686921057,0.206843037151187,0.054482981601634665,0.0007922674187268993
2024-09-25 17:00:00,0.00014723731474768423,0.22743399255075455,0.05371275652991995,0.00031690696749075975
2024-09-25 18:00:00,9.202332171730264e-05,0.22952271973178495,0.052503794096133864,0.00019806685468172483
2024-09-25 19:00:00,7.361865737384211e-05,0.21022096513588792,0.04858285428409892,0.00015845348374537988
2024-09-25 20:00:00,5.5213993030381586e-05,0.17498182747574792,0.04381732530985044,0.0001188401128090349
2024-09-25 21:00:00,5.5213993030381586e-05,0.15221683024753707,0.040347381992693734,0.0001188401128090349
2024-09-25 22:00:00,5.5213993030381586e-05,0.13182354750958653,0.036949452200961345,0.0001188401128090349
2024-09-25 23:00:00,5.5213993030381586e-05,0.12618179059074874,0.03468416567313975,0.0001188401128090349
2024-09-26 00:00:00,0.0001039322221748372,0.09775130854380305,0.02544570911565043,0.00022369903587583258
2024-09-26 01:00:00,0.0001039322221748372,0.09455410942175346,0.023820319715463237,0.00022369903587583258
2024-09-26 02:00:00,0.0001039322221748372,0.09295550986072867,0.023007625015369643,0.00022369903587583258
2024-09-26 03:00:00,0.0001039322221748372,0.09295550986072867,0.023007625015369643,0.00022369903587583258
2024-09-26 04:00:00,0.0001039322221748372,0.09455410942175346,0.023820319715463237,0.00022369903587583258
2024-09-26 05:00:00,0.00017322037029139534,0.11082887003373151,0.027732769646498318,0.00037283172645972095
2024-09-26 06:00:00,0.000519661110874186,0.14526097250836104,0.0375909238451182,0.001118495179379163
2024-09-26 07:00:00,0.0012125425920397673,0.16633042464443104,0.0485123133750314,0.0026098220852180465
2024-09-26 08:00:00,0.0015589833326225579,0.16810603129057944,0.052303078474011465,0.0033554855381374886
2024-09-26 09:00:00,0.0015589833326225579,0.16490883216852983,0.05082241190752725,0.0033554855381374886
2024-09-26 10:00:00,0.0014896951845059998,0.16295511127827536,0.04939628702134063,0.0032063528475536
2024-09-26 11:00:00,0.0013857629623311627,0.16323964654741524,0.04833141890849809,0.0029826538116777676
2024-09-26 12:00:00,0.001039322221748372,0.16146403990126681,0.04502306325519464,0.002236990358758326
2024-09-26 13:00:00,0.0013164748142146044,0.16206730795520116,0.04771798872240506,0.002833521121093879
2024-09-26 14:00:00,0.0013857629623311627,0.16242242928443085,0.04847614174220108,0.0029826538116777676
2024-09-26 15:00:00,0.0012125425920397673,0.162351843224341,0.04679784344326551,0.0026098220852180465
2024-09-26 16:00:00,0.0006928814811655813,0.16292146734211194,0.04276860702482308,0.0014913269058388838
2024-09-26 17:00:00,0.0002771525924662325,0.17759926584235453,0.039989801139937185,0.0005965307623355535
2024-09-26 18:00:00,0.00017322037029139534,0.17870101837447877,0.03858724641512103,0.00037283172645972095
2024-09-26 19:00:00,0.00013857629623311625,0.163385200725156,0.03560124249895543,0.00029826538116777674
2024-09-26 20:00:00,0.0001039322221748372,0.13531110795019047,0.03199550766096686,0.00022369903587583258
2024-09-26 21:00:00,0.0001039322221748372,0.11772119917652937,0.029509182616118415,0.00022369903587583258
2024-09-26 22:00:00,0.0001039322221748372,0.10176572492883705,0.027071098515837624,0.00022369903587583258
2024-09-26 23:00:00,0.0001039322221748372,0.09775130854380305,0.02544570911565043,0.00022369903587583258
2024-09-27 00:00:00,0.0001039322221748372,0.09775130854380305,0.02544570911565043,0.00022369903587583258
2024-09-27 01:00:00,0.0001039322221748372,0.09455410942175346,0.023820319715463237,0.00022369903587583258
2024-09-27 02:00:00,0.0001039322221748372,0.09295550986072867,0.023007625015369643,0.00022369903587583258
2024-09-27 03:00:00,0.0001039322221748372,0.09295550986072867,0.023007625015369643,0.00022369903587583258
2024-09-27 04:00:00,0.0001039322221748372,0.09455410942175346,0.023820319715463237,0.00022369903587583258
2024-09-27 05:00:00,0.00017322037029139534,0.11082887003373151,0.027732769646498318,0.00037283172645972095
2024-09-27 06:00:00,0.000519661110874186,0.14526097250836104,0.0375909238451182,0.001118495179379163
2024-09-27 07:00:00,0.0012125425920397673,0.16633042464443104,0.0485123133750314,0.0026098220852180465
2024-09-27 08:00:00,0.0015589833326225579,0.16810603129057944,0.052303078474011465,0.0033554855381374886
2024-09-27 09:00:00,0.0015589833326225579,0.16490883216852983,0.05082241190752725,0.0033554855381374886
2024-09-27 10:00:00,0.0014896951845059998,0.16295511127827536,0.04939628702134063,0.0032063528475536
2024-09-27 11:00:00,0.0013857629623311627,0.16323964654741524,0.04833141890849809,0.0029826538116777676
2024-09-27 12:00:00,0.001039322221748372,0.16146403990126681,0.04502306325519464,0.002236990358758326
2024-09-27 13:00:00,0.0013164748142146044,0.16206730795520116,0.04771798872240506,0.002833521121093879
2024-09-27 14:00:00,0.0013857629623311627,0.16242242928443085,0.04847614174220108,0.0029826538116777676
2024-09-27 15:00:00,0.0012125425920397673,0.162351843224341,0.04679784344326551,0.0026098220852180465
2024-09-27 16:00:00,0.0006928814811655813,0.16292146734211194,0.04276860702482308,0.0014913269058388838
2024-09-27 17:00:00,0.0002771525924662325,0.17759926584235453,0.039989801139937185,0.0005965307623355535
2024-09-27 18:00:00,0.00017322037029139534,0.17870101837447877,0.03858724641512103,0.00037283172645972095
2024-09-27 19:00:00,0.00013857629623311625,0.163385200725156,0.03560124249895543,0.00029826538116777674
2024-09-27 20:00:00,0.0001039322221748372,0.13531110795019047,0.03199550766096686,0.00022369903587583258
2024-09-27 21:00:00,0.0001039322221748372,0.11772119917652937,0.029509182616118415,0.00022369903587583258
2024-09-27 22:00:00,0.0001039322221748372,0.10176572492883705,0.027071098515837624,0.00022369903587583258
2024-09-27 23:00:00,0.0001039322221748372,0.09775130854380305,0.02544570911565043,0.00022369903587583258
2024-09-28 00:00:00,0.0006279238423063081,0.10165355062751817,0.032041257380029414,0.0013515150084164886
2024-09-28 01:00:00,0.0006279238423063081,0.09851177424214548,0.030444043744092486,0.0013515150084164886
2024-09-28 02:00:00,0.0006279238423063081,0.09694088604945915,0.029645436926124022,0.0013515150084164886
2024-09-28 03:00:00,0.0006279238423063081,0.09694088604945915,0.029645436926124022,0.0013515150084164886
2024-09-28 04:00:00,0.0006279238423063081,0.09851177424214548,0.030444043744092486,0.0013515150084164886
2024-09-28 05:00:00,0.0006279238423063081,0.11251360168655956,0.03283986419799787,0.0013515150084164886
2024-09-28 06:00:00,0.0006279238423063081,0.1395200440772467,0.03683289828784019,0.0013515150084164886
2024-09-28 07:00:00,0.0006279238423063081,0.15566643540889247,0.040027325559714055,0.0013515150084164886
2024-09-28 08:00:00,0.0006279238423063081,0.1676738378570245,0.04082593237768252,0.0013515150084164886
2024-09-28 09:00:00,0.0006279238423063081,0.16882118924611517,0.04082593237768252,0.0013515150084164886
2024-09-28 10:00:00,0.0006279238423063081,0.1693948649406605,0.04082593237768252,0.0013515150084164886
2024-09-28 11:00:00,0.0006279238423063081,0.16996854063520583,0.04082593237768252,0.0013515150084164886
2024-09-28 12:00:00,0.0006279238423063081,0.1662528754886638,0.04082593237768252,0.0013515150084164886
2024-09-28 13:00:00,0.0006279238423063081,0.16567919979411846,0.04082593237768252,0.0013515150084164886
2024-09-28 14:00:00,0.0006279238423063081,0.16510552409957313,0.04082593237768252,0.0013515150084164886
2024-09-28 15:00:00,0.0006279238423063081,0.16510552409957313,0.04082593237768252,0.0013515150084164886
2024-09-28 16:00:00,0.0006279238423063081,0.16510552409957313,0.04082593237768252,0.0013515150084164886
2024-09-28 17:00:00,0.0006279238423063081,0.16510552409957313,0.04082593237768252,0.0013515150084164886
2024-09-28 18:00:00,0.0006279238423063081,0.15895835068521477,0.04082593237768252,0.0013515150084164886
2024-09-28 19:00:00,0.0006279238423063081,0.14752462393162805,0.040027325559714055,0.0013515150084164886
2024-09-28 20:00:00,0.0006279238423063081,0.13394633329080965,0.03843011192377713,0.0013515150084164886
2024-09-28 21:00:00,0.0006279238423063081,0.11937083015185027,0.036034291469871735,0.0013515150084164886
2024-09-28 22:00:00,0.0006279238423063081,0.1063662152055772,0.0344370778339348,0.0013515150084164886
2024-09-28 23:00:00,0.0006279238423063081,0.1032244388202045,0.03283986419799787,0.0013515150084164886
2024-09-29 00:00:00,0.00023547144086486643,0.13884775209032452,0.04259009194137879,0.0005068181281561873
2024-09-29 01:00:00,0.00023547144086486643,0.13405680069541218,0.04015447210137628,0.0005068181281561873
2024-09-29 02:00:00,0.00023547144086486643,0.13166132499795602,0.03893666218137503,0.0005068181281561873
2024-09-29 03:00:00,0.00023547144086486643,0.13166132499795602,0.03893666218137503,0.0005068181281561873
2024-09-29 04:00:00,0.00023547144086486643,0.13405680069541218,0.04015447210137628,0.0005068181281561873
2024-09-29 05:00:00,0.00023547144086486643,0.1528891324890841,0.04380790186138003,0.0005068181281561873
2024-09-29 06:00:00,0.00023547144086486643,0.18907703658660713,0.04989695146138628,0.0005068181281561873
2024-09-29 07:00:00,0.00023547144086486643,0.21122356028537062,0.05476819114139128,0.0005068181281561873
2024-09-29 08:00:00,0.00023547144086486643,0.227102373099401,0.055986001061392524,0.0005068181281561873
2024-09-29 09:00:00,0.00023547144086486643,0.2289398055146718,0.055986001061392524,0.0005068181281561873
2024-09-29 10:00:00,0.00023547144086486643,0.2298585217223072,0.055986001061392524,0.0005068181281561873
2024-09-29 11:00:00,0.00023547144086486643,0.2307772379299426,0.055986001061392524,0.0005068181281561873
2024-09-29 12:00:00,0.00023547144086486643,0.2261188760494212,0.055986001061392524,0.0005068181281561873
2024-09-29 13:00:00,0.00023547144086486643,0.22520015984178582,0.055986001061392524,0.0005068181281561873
2024-09-29 14:00:00,0.00023547144086486643,0.22428144363415042,0.055986001061392524,0.0005068181281561873
2024-09-29 15:00:00,0.00023547144086486643,0.22428144363415042,0.055986001061392524,0.0005068181281561873
2024-09-29 16:00:00,0.00023547144086486643,0.22428144363415042,0.055986001061392524,0.0005068181281561873
2024-09-29 17:00:00,0.00023547144086486643,0.22428144363415042,0.055986001061392524,0.0005068181281561873
2024-09-29 18:00:00,0.00023547144086486643,0.21637518460573296,0.055986001061392524,0.0005068181281561873
2024-09-29 19:00:00,0.00023547144086486643,0.201415087999338,0.05476819114139128,0.0005068181281561873
2024-09-29 20:00:00,0.00023547144086486643,0.18314079948785145,0.052332571301388776,0.0005068181281561873
2024-09-29 21:00:00,0.00023547144086486643,0.16338975148654414,0.048679141541385036,0.0005068181281561873
2024-09-29 22:00:00,0.00023547144086486643,0.14603417918269299,0.04624352170138253,0.0005068181281561873
2024-09-29 23:00:00,0.00023547144086486643,0.14124322778778067,0.04380790186138003,0.0005068181281561873
2024-09-30 00:00:00,0.0001039322221748372,0.09775130854380305,0.02544570911565043,0.00022369903587583258
2024-09-30 01:00:00,0.0001039322221748372,0.09455410942175346,0.023820319715463237,0.00022369903587583258
2024-09-30 02:00:00,0.0001039322221748372,0.09295550986072867,0.023007625015369643,0.00022369903587583258
2024-09-30 03:00:00,0.0001039322221748372,0.09295550986072867,0.023007625015369643,0.00022369903587583258
2024-09-30 04:00:00,0.0001039322221748372,0.09455410942175346,0.023820319715463237,0.00022369903587583258
2024-09-30 05:00:00,0.00017322037029139534,0.11082887003373151,0.027732769646498318,0.00037283172645972095
2024-09-30 06:00:00,0.000519661110874186,0.14526097250836104,0.0375909238451182,0.001118495179379163
2024-09-30 07:00:00,0.0012125425920397673,0.16633042464443104,0.0485123133750314,0.0026098220852180465
2024-09-30 08:00:00,0.0015589833326225579,0.16810603129057944,0.052303078474011465,0.0033554855381374886
2024-09-30 09:00:00,0.0015589833326225579,0.16490883216852983,0.05082241190752725,0.0033554855381374886
2024-09-30 10:00:00,0.0014896951845059998,0.16295511127827536,0.04939628702134063,0.0032063528475536
2024-09-30 11:00:00,0.0013857629623311627,0.16323964654741524,0.04833141890849809,0.0029826538116777676
2024-09-30 12:00:00,0.001039322221748372,0.16146403990126681,0.04502306325519464,0.002236990358758326
2024-09-30 13:00:00,0.0013164748142146044,0.16206730795520116,0.04771798872240506,0.002833521121093879
2024-09-30 14:00:00,0.0013857629623311627,0.16242242928443085,0.04847614174220108,0.0029826538116777676
2024-09-30 15:00:00,0.0012125425920397673,0.162351843224341,0.04679784344326551,0.0026098220852180465
2024-09-30 16:00:00,0.0006928814811655813,0.16292146734211194,0.04276860702482308,0.0014913269058388838
2024-09-30 17:00:00,0.0002771525924662325,0.17759926584235453,0.039989801139937185,0.0005965307623355535
2024-09-30 18:00:00,0.00017322037029139534,0.17870101837447877,0.03858724641512103,0.00037283172645972095
2024-09-30 19:00:00,0.00013857629623311625,0.163385200725156,0.03560124249895543,0.00029826538116777674
2024-09-30 20:00:00,0.0001039322221748372,0.13531110795019047,0.03199550766096686,0.00022369903587583258
2024-09-30 21:00:00,0.0001039322221748372,0.11772119917652937,0.029509182616118415,0.00022369903587583258
2024-09-30 22:00:00,0.0001039322221748372,0.10176572492883705,0.027071098515837624,0.00022369903587583258
2024-09-30 23:00:00,0.0001039322221748372,0.09775130854380305,0.02544570911565043,0.00022369903587583258
2024-10-01 00:00:00,0.00010057956984661664,0.09459804052626103,0.024624879789339124,0.0002164829379443541
2024-10-01 01:00:00,0.00010057956984661664,0.09150397685976142,0.023051922305287,0.0002164829379443541
2024-10-01 02:00:00,0.00010057956984661664,0.08995694502651162,0.02226544356326094,0.0002164829379443541
2024-10-01 03:00:00,0.00010057956984661664,0.08995694502651162,0.02226544356326094,0.0002164829379443541
2024-10-01 04:00:00,0.00010057956984661664,0.09150397685976142,0.023051922305287,0.0002164829379443541
2024-10-01 05:00:00,0.00016763261641102774,0.10725374519393373,0.026838164174030628,0.0003608048965739235
2024-10-01 06:00:00,0.0005028978492330832,0.14057513468551067,0.036378313398501484,0.0010824146897217704
2024-10-01 07:00:00,0.0011734283148771942,0.16096492707525584,0.04694740004035298,0.0025256342760174647
2024-10-01 08:00:00,0.0015086935476992499,0.16268325608765752,0.05061588239420464,0.0032472440691653118
2024-10-01 09:00:00,0.0015086935476992499,0.1595891924211579,0.049182979265348946,0.0032472440691653118
2024-10-01 10:00:00,0.0014416405011348386,0.15769849478542777,0.047802858407749,0.003102922110535742
2024-10-01 11:00:00,0.001341060931288222,0.15797385149749862,0.04677234087919171,0.002886439172591388
2024-10-01 12:00:00,0.0010057956984661665,0.15625552248509691,0.04357070637599482,0.002164829379443541
2024-10-01 13:00:00,0.0012740078847238109,0.15683933027922695,0.04617869876361781,0.002742117213961819
2024-10-01 14:00:00,0.001341060931288222,0.15718299608170727,0.04691239523438814,0.002886439172591388
2024-10-01 15:00:00,0.0011734283148771942,0.15711468699129777,0.04528823559025696,0.0025256342760174647
2024-10-01 16:00:00,0.000670530465644111,0.1576659361375277,0.04138897454015137,0.001443219586295694
2024-10-01 17:00:00,0.0002682121862576444,0.1718702572667947,0.03869980755477793,0.0005772878345182776
2024-10-01 18:00:00,0.00016763261641102774,0.17293646939465687,0.0373424965307623,0.0003608048965739235
2024-10-01 19:00:00,0.0001341060931288222,0.1581147103791832,0.03445281532156977,0.0002886439172591388
2024-10-01 20:00:00,0.00010057956984661664,0.1309462335001843,0.030963394510613088,0.0002164829379443541
2024-10-01 21:00:00,0.00010057956984661664,0.11392374113857681,0.028557273499469432,0.0002164829379443541
2024-10-01 22:00:00,0.00010057956984661664,0.09848295960855198,0.02619783727339125,0.0002164829379443541
2024-10-01 23:00:00,0.00010057956984661664,0.09459804052626103,0.024624879789339124,0.0002164829379443541
2024-10-02 00:00:00,0.00010057956984661664,0.09459804052626103,0.024624879789339124,0.0002164829379443541
2024-10-02 01:00:00,0.00010057956984661664,0.09150397685976142,0.023051922305287,0.0002164829379443541
2024-10-02 02:00:00,0.00010057956984661664,0.08995694502651162,0.02226544356326094,0.0002164829379443541
2024-10-02 03:00:00,0.00010057956984661664,0.08995694502651162,0.02226544356326094,0.0002164829379443541
2024-10-02 04:00:00,0.00010057956984661664,0.09150397685976142,0.023051922305287,0.0002164829379443541
2024-10-02 05:00:00,0.00016763261641102774,0.10725374519393373,0.026838164174030628,0.0003608048965739235
2024-10-02 06:00:00,0.0005028978492330832,0.14057513468551067,0.036378313398501484,0.0010824146897217704
2024-10-02 07:00:00,0.0011734283148771942,0.16096492707525584,0.04694740004035298,0.0025256342760174647
2024-10-02 08:00:00,0.0015086935476992499,0.16268325608765752,0.05061588239420464,0.0032472440691653118
2024-10-02 09:00:00,0.0015086935476992499,0.1595891924211579,0.049182979265348946,0.0032472440691653118
2024-10-02 10:00:00,0.0014416405011348386,0.15769849478542777,0.047802858407749,0.003102922110535742
2024-10-02 11:00:00,0.001341060931288222,0.15797385149749862,0.04677234087919171,0.002886439172591388
2024-10-02 12:00:00,0.0010057956984661665,0.15625552248509691,0.04357070637599482,0.002164829379443541
2024-10-02 13:00:00,0.0012740078847238109,0.15683933027922695,0.04617869876361781,0.002742117213961819
2024-10-02 14:00:00,0.001341060931288222,0.15718299608170727,0.04691239523438814,0.002886439172591388
2024-10-02 15:00:00,0.0011734283148771942,0.15711468699129777,0.04528823559025696,0.0025256342760174647
2024-10-02 16:00:00,0.000670530465644111,0.1576659361375277,0.04138897454015137,0.001443219586295694
2024-10-02 17:00:00,0.0002682121862576444,0.1718702572667947,0.03869980755477793,0.0005772878345182776
2024-10-02 18:00:00,0.00016763261641102774,0.17293646939465687,0.0373424965307623,0.0003608048965739235
2024-10-02 19:00:00,0.0001341060931288222,0.1581147103791832,0.03445281532156977,0.0002886439172591388
2024-10-02 20:00:00,0.00010057956984661664,0.1309462335001843,0.030963394510613088,0.0002164829379443541
2024-10-02 21:00:00,0.00010057956984661664,0.11392374113857681,0.028557273499469432,0.0002164829379443541
2024-10-02 22:00:00,0.00010057956984661664,0.09848295960855198,0.02619783727339125,0.0002164829379443541
2024-10-02 23:00:00,0.00010057956984661664,0.09459804052626103,0.024624879789339124,0.0002164829379443541
2024-10-03 00:00:00,0.00010057956984661664,0.09459804052626103,0.024624879789339124,0.0002164829379443541
2024-10-03 01:00:00,0.00010057956984661664,0.09150397685976142,0.023051922305287,0.0002164829379443541
2024-10-03 02:00:00,0.00010057956984661664,0.08995694502651162,0.02226544356326094,0.0002164829379443541
2024-10-03 03:00:00,0.00010057956984661664,0.08995694502651162,0.02226544356326094,0.0002164829379443541
2024-10-03 04:00:00,0.00010057956984661664,0.09150397685976142,0.023051922305287,0.0002164829379443541
2024-10-03 05:00:00,0.00016763261641102774,0.10725374519393373,0.026838164174030628,0.0003608048965739235
2024-10-03 06:00:00,0.0005028978492330832,0.14057513468551067,0.036378313398501484,0.0010824146897217704
2024-10-03 07:00:00,0.0011734283148771942,0.16096492707525584,0.04694740004035298,0.0025256342760174647
2024-10-03 08:00:00,0.0015086935476992499,0.16268325608765752,0.05061588239420464,0.0032472440691653118
2024-10-03 09:00:00,0.0015086935476992499,0.1595891924211579,0.049182979265348946,0.0032472440691653118
2024-10-03 10:00:00,0.0014416405011348386,0.15769849478542777,0.047802858407749,0.003102922110535742
2024-10-03 11:00:00,0.001341060931288222,0.15797385149749862,0.04677234087919171,0.002886439172591388
2024-10-03 12:00:00,0.0010057956984661665,0.15625552248509691,0.04357070637599482,0.002164829379443541
2024-10-03 13:00:00,0.0012740078847238109,0.15683933027922695,0.04617869876361781,0.002742117213961819
2024-10-03 14:00:00,0.001341060931288222,0.15718299608170727,0.04691239523438814,0.002886439172591388
2024-10-03 15:00:00,0.0011734283148771942,0.15711468699129777,0.04528823559025696,0.0025256342760174647
2024-10-03 16:00:00,0.000670530465644111,0.1576659361375277,0.04138897454015137,0.001443219586295694
2024-10-03 17:00:00,0.0002682121862576444,0.1718702572667947,0.03869980755477793,0.0005772878345182776
2024-10-03 18:00:00,0.00016763261641102774,0.17293646939465687,0.0373424965307623,0.0003608048965739235
2024-10-03 19:00:00,0.0001341060931288222,0.1581147103791832,0.03445281532156977,0.0002886439172591388
2024-10-03 20:00:00,0.00010057956984661664,0.1309462335001843,0.030963394510613088,0.0002164829379443541
2024-10-03 21:00:00,0.00010057956984661664,0.11392374113857681,0.028557273499469432,0.0002164829379443541
2024-10-03 22:00:00,0.00010057956984661664,0.09848295960855198,0.02619783727339125,0.0002164829379443541
2024-10-03 23:00:00,0.00010057956984661664,0.09459804052626103,0.024624879789339124,0.0002164829379443541
2024-10-04 00:00:00,0.0001748551885578504,0.10428497980028832,0.027453370718164265,0.0003763504356952745
2024-10-04 01:00:00,0.0001748551885578504,0.10097438645350201,0.025770334057392524,0.0003763504356952745
2024-10-04 02:00:00,0.0001748551885578504,0.09931908978010888,0.024928815727006656,0.0003763504356952745
2024-10-04 03:00:00,0.0001748551885578504,0.09931908978010888,0.024928815727006656,0.0003763504356952745
2024-10-04 04:00:00,0.0001748551885578504,0.10097438645350201,0.025770334057392524,0.0003763504356952745
2024-10-04 05:00:00,0.000291425314263084,0.11857379783178992,0.030388363992931496,0.0006272507261587909
2024-10-04 06:00:00,0.000874275942789252,0.1564776516316572,0.04360021762972583,0.0018817521784763726
2024-10-04 07:00:00,0.002039977199841588,0.18110877581017942,0.06142699504025973,0.0043907550831115355
2024-10-04 08:00:00,0.0026228278283677562,0.1840956736584245,0.06988601734753654,0.005645256535429117
2024-10-04 09:00:00,0.0026228278283677562,0.1807850803116382,0.0688627524579546,0.005645256535429117
2024-10-04 10:00:00,0.0025062577026625224,0.17853240406859602,0.06698920143730318,0.005394356244965601
2024-10-04 11:00:00,0.002331402514104672,0.17854922704846696,0.06478138063071504,0.005018005809270327
2024-10-04 12:00:00,0.001748551885578504,0.17556232920022188,0.058521597560737604,0.003763504356952745
2024-10-04 13:00:00,0.0022148323883994384,0.1770389551444735,0.0637493479404495,0.004767105518806811
2024-10-04 14:00:00,0.002331402514104672,0.1776363347141225,0.06544115240190485,0.005018005809270327
2024-10-04 15:00:00,0.002039977199841588,0.17705577812434442,0.06220129890505117,0.0043907550831115355
2024-10-04 16:00:00,0.001165701257052336,0.17605651269405884,0.054202952439795726,0.0025090029046351634
2024-10-04 17:00:00,0.0004662805028209344,0.19072813540973962,0.04639493410302512,0.0010036011618540653
2024-10-04 18:00:00,0.000291425314263084,0.191657850723955,0.04264764583032744,0.0006272507261587909
2024-10-04 19:00:00,0.0002331402514104672,0.17509953346954032,0.03850745487538736,0.0005018005809270327
2024-10-04 20:00:00,0.0001748551885578504,0.14467928975797728,0.03440544128498116,0.0003763504356952745
2024-10-04 21:00:00,0.0001748551885578504,0.12568098528535374,0.03166096237009362,0.0003763504356952745
2024-10-04 22:00:00,0.0001748551885578504,0.10850846548141908,0.02913640737893601,0.0003763504356952745
2024-10-04 23:00:00,0.0001748551885578504,0.10428497980028832,0.027453370718164265,0.0003763504356952745
2024-10-05 00:00:00,0.0006076682344899756,0.0983744038330821,0.03100766843228653,0.0013079177500804728
2024-10-05 01:00:00,0.0006076682344899756,0.09533397507304402,0.02946197781686369,0.0013079177500804728
2024-10-05 02:00:00,0.0006076682344899756,0.09381376069302498,0.028689132509152275,0.0013079177500804728
2024-10-05 03:00:00,0.0006076682344899756,0.09381376069302498,0.028689132509152275,0.0013079177500804728
2024-10-05 04:00:00,0.0006076682344899756,0.09533397507304402,0.02946197781686369,0.0013079177500804728
2024-10-05 05:00:00,0.0006076682344899756,0.10888413066441248,0.03178051373999794,0.0013079177500804728
2024-10-05 06:00:00,0.0006076682344899756,0.1350193974941097,0.03564474027855503,0.0013079177500804728
2024-10-05 07:00:00,0.0006076682344899756,0.15064493749247657,0.038736121509400694,0.0013079177500804728
2024-10-05 08:00:00,0.0006076682344899756,0.16226500437776567,0.03950896681711211,0.0013079177500804728
2024-10-05 09:00:00,0.0006076682344899756,0.16337534443172436,0.03950896681711211,0.0013079177500804728
2024-10-05 10:00:00,0.0006076682344899756,0.1639305144587037,0.03950896681711211,0.0013079177500804728
2024-10-05 11:00:00,0.0006076682344899756,0.16448568448568307,0.03950896681711211,0.0013079177500804728
2024-10-05 12:00:00,0.0006076682344899756,0.1608898795051585,0.03950896681711211,0.0013079177500804728
2024-10-05 13:00:00,0.0006076682344899756,0.16033470947817915,0.03950896681711211,0.0013079177500804728
2024-10-05 14:00:00,0.0006076682344899756,0.15977953945119983,0.03950896681711211,0.0013079177500804728
2024-10-05 15:00:00,0.0006076682344899756,0.15977953945119983,0.03950896681711211,0.0013079177500804728
2024-10-05 16:00:00,0.0006076682344899756,0.15977953945119983,0.03950896681711211,0.0013079177500804728
2024-10-05 17:00:00,0.0006076682344899756,0.15977953945119983,0.03950896681711211,0.0013079177500804728
2024-10-05 18:00:00,0.0006076682344899756,0.15383066195343365,0.03950896681711211,0.0013079177500804728
2024-10-05 19:00:00,0.0006076682344899756,0.14276576509512393,0.038736121509400694,0.0013079177500804728
2024-10-05 20:00:00,0.0006076682344899756,0.12962548382981579,0.03719043089397786,0.0013079177500804728
2024-10-05 21:00:00,0.0006076682344899756,0.115520158211468,0.034871894970843614,0.0013079177500804728
2024-10-05 22:00:00,0.0006076682344899756,0.10293504697313921,0.03332620435542078,0.0013079177500804728
2024-10-05 23:00:00,0.0006076682344899756,0.09989461821310114,0.03178051373999794,0.0013079177500804728
2024-10-06 00:00:00,0.0009923098313874374,0.10834378854718688,0.038748770172197224,0.002135803006290599
2024-10-06 01:00:00,0.0009923098313874374,0.10512098019883116,0.03711036157508298,0.002135803006290599
2024-10-06 02:00:00,0.0009923098313874374,0.10350957602465331,0.03629115727652586,0.002135803006290599
2024-10-06 03:00:00,0.0009923098313874374,0.10350957602465331,0.03629115727652586,0.002135803006290599
2024-10-06 04:00:00,0.0009923098313874374,0.10512098019883116,0.03711036157508298,0.002135803006290599
2024-10-06 05:00:00,0.0009923098313874374,0.11991674699008806,0.03956797447075434,0.002135803006290599
2024-10-06 06:00:00,0.0009923098313874374,0.14852547639721014,0.04366399596353993,0.002135803006290599
2024-10-06 07:00:00,0.0009923098313874374,0.16556124736143105,0.046940813157768414,0.002135803006290599
2024-10-06 08:00:00,0.0009923098313874374,0.17839140580190452,0.04776001745632553,0.002135803006290599
2024-10-06 09:00:00,0.0009923098313874374,0.1796486057994768,0.04776001745632553,0.002135803006290599
2024-10-06 10:00:00,0.0009923098313874374,0.18027720579826295,0.04776001745632553,0.002135803006290599
2024-10-06 11:00:00,0.0009923098313874374,0.1809058057970491,0.04776001745632553,0.002135803006290599
2024-10-06 12:00:00,0.0009923098313874374,0.17692118408955976,0.04776001745632553,0.002135803006290599
2024-10-06 13:00:00,0.0009923098313874374,0.1762925840907736,0.04776001745632553,0.002135803006290599
2024-10-06 14:00:00,0.0009923098313874374,0.17566398409198747,0.04776001745632553,0.002135803006290599
2024-10-06 15:00:00,0.0009923098313874374,0.17566398409198747,0.04776001745632553,0.002135803006290599
2024-10-06 16:00:00,0.0009923098313874374,0.17566398409198747,0.04776001745632553,0.002135803006290599
2024-10-06 17:00:00,0.0009923098313874374,0.17566398409198747,0.04776001745632553,0.002135803006290599
2024-10-06 18:00:00,0.0009923098313874374,0.1690584515319673,0.04776001745632553,0.002135803006290599
2024-10-06 19:00:00,0.0009923098313874374,0.15685689309028,0.046940813157768414,0.002135803006290599
2024-10-06 20:00:00,0.0009923098313874374,0.14241533047562865,0.045302404560654166,0.002135803006290599
2024-10-06 21:00:00,0.0009923098313874374,0.12699096368558563,0.04284479166498282,0.002135803006290599
2024-10-06 22:00:00,0.0009923098313874374,0.11317800106972042,0.04120638306786858,0.002135803006290599
2024-10-06 23:00:00,0.0009923098313874374,0.10995519272136473,0.03956797447075434,0.002135803006290599
2024-10-07 00:00:00,0.0009176113756701904,0.20115437254056145,0.05573828000641577,0.0019750254132044846
2024-10-07 01:00:00,0.0009176113756701904,0.19567848239090824,0.05295445157844783,0.0019750254132044846
2024-10-07 02:00:00,0.0009176113756701904,0.19294053731608166,0.05156253736446387,0.0019750254132044846
2024-10-07 03:00:00,0.0009176113756701904,0.19294053731608166,0.05156253736446387,0.0019750254132044846
2024-10-07 04:00:00,0.0009176113756701904,0.19567848239090824,0.05295445157844783,0.0019750254132044846
2024-10-07 05:00:00,0.0015293522927836505,0.23177432421035213,0.0658903621819403,0.003291709022007474
2024-10-07 06:00:00,0.004588056878350953,0.315502821093123,0.11581925994196954,0.009875127066022421
2024-10-07 07:00:00,0.010705466049485555,0.38254726315941584,0.20622294503932792,0.023041963154052318
2024-10-07 08:00:00,0.013764170635052857,0.39821984936609495,0.26258736688085615,0.029625381198067267
2024-10-07 09:00:00,0.013764170635052857,0.39274395921644173,0.26566048438401174,0.029625381198067267
2024-10-07 10:00:00,0.013152429717939396,0.3868714969002793,0.25885263173284573,0.028308697589264277
2024-10-07 11:00:00,0.012234818342269204,0.3843029825581512,0.24487177814594904,0.02633367217605979
2024-10-07 12:00:00,0.009176113756701906,0.36863039635147216,0.2080305094081661,0.019750254132044842
2024-10-07 13:00:00,0.011623077425155745,0.3790352037969397,0.239455839708767,0.0250169885672568
2024-10-07 14:00:00,0.012234818342269204,0.38216972103827557,0.25072872407707264,0.02633367217605979
2024-10-07 15:00:00,0.010705466049485555,0.37646668945481165,0.23133193205299388,0.023041963154052318
2024-10-07 16:00:00,0.006117409171134602,0.359962278259371,0.18234273143623975,0.013166836088029895
2024-10-07 17:00:00,0.0024469636684538412,0.3793069168391893,0.12334619958549742,0.005266734435211958
2024-10-07 18:00:00,0.0015293522927836505,0.378871664016937,0.09569913882597907,0.003291709022007474
2024-10-07 19:00:00,0.0012234818342269206,0.3449477643731119,0.07905385041356351,0.002633367217605979
2024-10-07 20:00:00,0.0009176113756701904,0.28200985233590725,0.06882590902866205,0.0019750254132044846
2024-10-07 21:00:00,0.0009176113756701904,0.24325342675312317,0.06269785107633563,0.0019750254132044846
2024-10-07 22:00:00,0.0009176113756701904,0.20876352421009037,0.05852210843438372,0.0019750254132044846
2024-10-07 23:00:00,0.0009176113756701904,0.20115437254056145,0.05573828000641577,0.0019750254132044846
2024-10-08 00:00:00,0.0012571570612072602,0.24543752350754347,0.0686685242524736,0.002705848260065837
2024-10-08 01:00:00,0.0012571570612072602,0.2389717833908654,0.06538147673093025,0.002705848260065837
2024-10-08 02:00:00,0.0012571570612072602,0.23573891333252633,0.06373795297015859,0.002705848260065837
2024-10-08 03:00:00,0.0012571570612072602,0.23573891333252633,0.06373795297015859,0.002705848260065837
2024-10-08 04:00:00,0.0012571570612072602,0.2389717833908654,0.06538147673093025,0.002705848260065837
2024-10-08 05:00:00,0.0020952617686787666,0.2835231362691234,0.08211984706834434,0.004509747100109728
2024-10-08 06:00:00,0.006285785306036301,0.38820004141836445,0.1488336792847095,0.013529241300329184
2024-10-08 07:00:00,0.014666832380751369,0.474633428804781,0.2724153793246162,0.0315682297007681
2024-10-08 08:00:00,0.0188573559181089,0.49610518683245847,0.35067941238180217,0.040587723900987555
2024-10-08 09:00:00,0.0188573559181089,0.48963944671578036,0.3556251618359236,0.040587723900987555
2024-10-08 10:00:00,0.018019251210637396,0.4821122250519059,0.34656162843937943,0.03878382506094366
2024-10-08 11:00:00,0.016762094149430133,0.47836184221972117,0.327198817010056,0.03607797680087783
2024-10-08 12:00:00,0.012571570612072602,0.4568900841920437,0.2763774405384191,0.02705848260065837
2024-10-08 13:00:00,0.01592398944195863,0.47137634603806716,0.31977880737428355,0.03427407796083393
2024-10-08 14:00:00,0.016762094149430133,0.47567069764360265,0.3354316139857207,0.03607797680087783
2024-10-08 15:00:00,0.014666832380751369,0.46762596320588246,0.3086487929206248,0.0315682297007681
2024-10-08 16:00:00,0.008381047074715067,0.44403348537494225,0.2409209161203284,0.018038988400438914
2024-10-08 17:00:00,0.0033524188298860273,0.4655143597783663,0.15852392094891332,0.007215595360175566
2024-10-08 18:00:00,0.0020952617686787666,0.46445512152230006,0.11995124990970553,0.004509747100109728
2024-10-08 19:00:00,0.0016762094149430137,0.4225926699290304,0.09758934551672975,0.003607797680087783
2024-10-08 20:00:00,0.0012571570612072602,0.3447895380858181,0.08456097999720188,0.002705848260065837
2024-10-08 21:00:00,0.0012571570612072602,0.2970008285669606,0.07688614305633197,0.002705848260065837
2024-10-08 22:00:00,0.0012571570612072602,0.25459440820034007,0.07195557177401696,0.002705848260065837
2024-10-08 23:00:00,0.0012571570612072602,0.24543752350754347,0.0686685242524736,0.002705848260065837
2024-10-09 00:00:00,0.001066162613092658,0.22052825108861607,0.06139526186406607,0.002294760408706325
2024-10-09 01:00:00,0.001066162613092658,0.21461930157838946,0.058391275082658886,0.002294760408706325
2024-10-09 02:00:00,0.001066162613092658,0.21166482682327617,0.056889281691955305,0.002294760408706325
2024-10-09 03:00:00,0.001066162613092658,0.21166482682327617,0.056889281691955305,0.002294760408706325
2024-10-09 04:00:00,0.001066162613092658,0.21461930157838946,0.058391275082658886,0.002294760408706325
2024-10-09 05:00:00,0.001776937688487764,0.2544144294860646,0.07299076181974207,0.003824600681177209
2024-10-09 06:00:00,0.005330813065463291,0.34730785498541616,0.13026306840441826,0.011473802043531626
2024-10-09 07:00:00,0.012438563819414345,0.42283496062926307,0.2351821350391415,0.02677220476824046
2024-10-09 08:00:00,0.015992439196389874,0.4410446845076289,0.30112763678751997,0.034421406130594884
2024-10-09 09:00:00,0.015992439196389874,0.4351357349974023,0.3050200307692231,0.034421406130594884
2024-10-09 10:00:00,0.015281664120994767,0.42853931546661583,0.29722531779195416,0.032891565858124
2024-10-09 11:00:00,0.014215501507902111,0.425453733660088,0.28088985764899577,0.03059680544941767
2024-10-09 12:00:00,0.010661626130926583,0.40724400978172215,0.23793229177765174,0.022947604087063252
2024-10-09 13:00:00,0.013504726432507004,0.4194344535274329,0.2745971380624304,0.029066965176946787
2024-10-09 14:00:00,0.014215501507902111,0.42307639830310606,0.2877862384121061,0.03059680544941767
2024-10-09 15:00:00,0.012438563819414345,0.41634887172090507,0.26515805868258235,0.02677220476824046
2024-10-09 16:00:00,0.007107750753951056,0.3967434313724334,0.2079706872355285,0.015298402724708835
2024-10-09 17:00:00,0.002843100301580422,0.41702267312507924,0.13873645268199186,0.006119361089883534
2024-10-09 18:00:00,0.001776937688487764,0.41631442667553326,0.10630943742510938,0.003824600681177209
2024-10-09 19:00:00,0.001421550150790211,0.37891741055382616,0.08716312952119872,0.003059680544941767
2024-10-09 20:00:00,0.001066162613092658,0.30947596485149326,0.07571000257739822,0.002294760408706325
2024-10-09 21:00:00,0.001066162613092658,0.266767915046677,0.06890522881758401,0.002294760408706325
2024-10-09 22:00:00,0.001066162613092658,0.22881453595582457,0.06439924864547325,0.002294760408706325
2024-10-09 23:00:00,0.001066162613092658,0.22052825108861607,0.06139526186406607,0.002294760408706325
2024-10-10 00:00:00,0.0009918869943814248,0.2108413118145888,0.05856677093524093,0.0021348929109554055
2024-10-10 01:00:00,0.0009918869943814248,0.2051488919846489,0.05567286333055337,0.0021348929109554055
2024-10-10 02:00:00,0.0009918869943814248,0.20230268206967894,0.0542259095282096,0.0021348929109554055
2024-10-10 03:00:00,0.0009918869943814248,0.20230268206967894,0.0542259095282096,0.0021348929109554055
2024-10-10 04:00:00,0.0009918869943814248,0.2051488919846489,0.05567286333055337,0.0021348929109554055
2024-10-10 05:00:00,0.0016531449906357076,0.24309437684820837,0.06944056200084121,0.0035581548515923422
2024-10-10 06:00:00,0.004959434971907123,0.3314053380392696,0.12304116417319393,0.010674464554777028
2024-10-10 07:00:00,0.011572014934449953,0.4026911118943395,0.22070254003923478,0.024907083961146395
2024-10-10 08:00:00,0.01487830491572137,0.419632266936862,0.2818575018341881,0.03202339366433108
2024-10-10 09:00:00,0.01487830491572137,0.41393984710692205,0.2853402575766175,0.03202339366433108
2024-10-10 10:00:00,0.014217046919467086,0.4077054061834476,0.2780389747624,0.030600131723694145
2024-10-10 11:00:00,0.013225159925085661,0.40487835810911965,0.2628808178974725,0.028465238812738738
2024-10-10 12:00:00,0.009918869943814246,0.3879372030665972,0.222981400592909,0.021348929109554056
2024-10-10 13:00:00,0.012563901928831379,0.39923482866218635,0.25702648888559876,0.027041976872101803
2024-10-10 14:00:00,0.013225159925085661,0.4026230596706909,0.2692574812445894,0.028465238812738738
2024-10-10 15:00:00,0.011572014934449953,0.3964077805878584,0.2482449953677882,0.024907083961146395
2024-10-10 16:00:00,0.0066125799625428305,0.37835285481590225,0.19515670933588417,0.014232619406369369
2024-10-10 17:00:00,0.002645031985017132,0.39816479498213436,0.1310413261337447,0.005693047762547748
2024-10-10 18:00:00,0.0016531449906357076,0.3975930453462352,0.10100428812554425,0.0035581548515923422
2024-10-10 19:00:00,0.001322515992508566,0.36193258746346907,0.08310848996738113,0.002846523881273874
2024-10-10 20:00:00,0.0009918869943814248,0.2957429085937003,0.07226795580303015,0.0021348929109554055
2024-10-10 21:00:00,0.0009918869943814248,0.25501067089990015,0.06580153994695985,0.0021348929109554055
2024-10-10 22:00:00,0.0009918869943814248,0.2187890300829575,0.0614606785399285,0.0021348929109554055
2024-10-10 23:00:00,0.0009918869943814248,0.2108413118145888,0.05856677093524093,0.0021348929109554055
2024-10-11 00:00:00,0.0008645573623050233,0.19423513020197053,0.05371792934296925,0.0018608343433823976
2024-10-11 01:00:00,0.0008645573623050233,0.18891390410966494,0.05101272889837246,0.0018608343433823976
2024-10-11 02:00:00,0.0008645573623050233,0.18625329106351218,0.049660128676074076,0.0018608343433823976
2024-10-11 03:00:00,0.0008645573623050233,0.18625329106351218,0.049660128676074076,0.0018608343433823976
2024-10-11 04:00:00,0.0008645573623050233,0.18891390410966494,0.05101272889837246,0.0018608343433823976
2024-10-11 05:00:00,0.0014409289371750387,0.22368857232616912,0.06335450516843968,0.003101390572303996
2024-10-11 06:00:00,0.0043227868115251165,0.304143880417304,0.11066075691966641,0.009304171716911988
2024-10-11 07:00:00,0.010086502560225273,0.3681587997773275,0.1958803771822516,0.021709734006127974
2024-10-11 08:00:00,0.01296836043457535,0.3829252653869756,0.24882298477133327,0.027912515150735964
2024-10-11 09:00:00,0.01296836043457535,0.37760403929467,0.2516035035321505,0.027912515150735964
2024-10-11 10:00:00,0.012391988859705334,0.37199013312658763,0.2451481009974498,0.026671958921814367
2024-10-11 11:00:00,0.01152743149740031,0.3696062857360309,0.23200817832343232,0.02481112457843197
2024-10-11 12:00:00,0.008645573623050233,0.3548398201263828,0.19735130141906407,0.018608343433823976
2024-10-11 13:00:00,0.010951059922530294,0.36460690032176357,0.22690537601103,0.023570568349510372
2024-10-11 14:00:00,0.01152743149740031,0.3675601934436932,0.23749389752884634,0.02481112457843197
2024-10-11 15:00:00,0.010086502560225273,0.3622230529312069,0.21925117254242654,0.021709734006127974
2024-10-11 16:00:00,0.005763715748700155,0.346826152147563,0.17318989007935087,0.012405562289215985
2024-10-11 17:00:00,0.002305486299480062,0.36583700387994295,0.11784968062246369,0.004962224915686394
2024-10-11 18:00:00,0.0014409289371750387,0.36549924878172396,0.09190974646914682,0.003101390572303996
2024-10-11 19:00:00,0.001152743149740031,0.3328157478799997,0.07615767930369378,0.002481112457843197
2024-10-11 20:00:00,0.0008645573623050233,0.2722005264374837,0.06636730418982771,0.0018608343433823976
2024-10-11 21:00:00,0.0008645573623050233,0.23485539521971105,0.06048093045446121,0.0018608343433823976
2024-10-11 22:00:00,0.0008645573623050233,0.20160244858661383,0.056423129787566036,0.0018608343433823976
2024-10-11 23:00:00,0.0008645573623050233,0.19423513020197053,0.05371792934296925,0.0018608343433823976
2024-10-12 00:00:00,0.003877121808118402,0.18311417390297272,0.09680703322152744,0.00834494242786655
2024-10-12 01:00:00,0.003877121808118402,0.1785235186422348,0.09447323976172764,0.00834494242786655
2024-10-12 02:00:00,0.003877121808118402,0.17622819101186588,0.09330634303182776,0.00834494242786655
2024-10-12 03:00:00,0.003877121808118402,0.17622819101186588,0.09330634303182776,0.00834494242786655
2024-10-12 04:00:00,0.003877121808118402,0.1785235186422348,0.09447323976172764,0.00834494242786655
2024-10-12 05:00:00,0.003877121808118402,0.20266136943265492,0.09797392995142731,0.00834494242786655
2024-10-12 06:00:00,0.003877121808118402,0.24982106817046332,0.10380841360092677,0.00834494242786655
2024-10-12 07:00:00,0.003877121808118402,0.27743357137858954,0.10847600052052633,0.00834494242786655
2024-10-12 08:00:00,0.003877121808118402,0.29933941648294604,0.10964289725042622,0.00834494242786655
2024-10-12 09:00:00,0.003877121808118402,0.3016980660576203,0.10964289725042622,0.00834494242786655
2024-10-12 10:00:00,0.003877121808118402,0.3028773908449574,0.10964289725042622,0.00834494242786655
2024-10-12 11:00:00,0.003877121808118402,0.3040567156322945,0.10964289725042622,0.00834494242786655
2024-10-12 12:00:00,0.003877121808118402,0.2971559684725692,0.10964289725042622,0.00834494242786655
2024-10-12 13:00:00,0.003877121808118402,0.2959766436852321,0.10964289725042622,0.00834494242786655
2024-10-12 14:00:00,0.003877121808118402,0.29479731889789496,0.10964289725042622,0.00834494242786655
2024-10-12 15:00:00,0.003877121808118402,0.29479731889789496,0.10964289725042622,0.00834494242786655
2024-10-12 16:00:00,0.003877121808118402,0.29479731889789496,0.10964289725042622,0.00834494242786655
2024-10-12 17:00:00,0.003877121808118402,0.29479731889789496,0.10964289725042622,0.00834494242786655
2024-10-12 18:00:00,0.003877121808118402,0.2832668733709699,0.10964289725042622,0.00834494242786655
2024-10-12 19:00:00,0.003877121808118402,0.2625403530539505,0.10847600052052633,0.00834494242786655
2024-10-12 20:00:00,0.003877121808118402,0.23833918031922507,0.10614220706072655,0.00834494242786655
2024-10-12 21:00:00,0.003877121808118402,0.21302200474146782,0.10264151687102689,0.00834494242786655
2024-10-12 22:00:00,0.003877121808118402,0.19000015679407953,0.1003077234112271,0.00834494242786655
2024-10-12 23:00:00,0.003877121808118402,0.18540950153334165,0.09797392995142731,0.00834494242786655
2024-10-13 00:00:00,0.0035565871440371823,0.17480635330788535,0.09035611510493516,0.0076550380476914405
2024-10-13 01:00:00,0.0035565871440371823,0.17036768103741215,0.08809958662987821,0.0076550380476914405
2024-10-13 02:00:00,0.0035565871440371823,0.16814834490217553,0.08697132239234974,0.0076550380476914405
2024-10-13 03:00:00,0.0035565871440371823,0.16814834490217553,0.08697132239234974,0.0076550380476914405
2024-10-13 04:00:00,0.0035565871440371823,0.17036768103741215,0.08809958662987821,0.0076550380476914405
2024-10-13 05:00:00,0.0035565871440371823,0.1934675224945919,0.09148437934246362,0.0076550380476914405
2024-10-13 06:00:00,0.0035565871440371823,0.2385660024178796,0.09712570053010598,0.0076550380476914405
2024-10-13 07:00:00,0.0035565871440371823,0.2650033131544608,0.10163875748021987,0.0076550380476914405
2024-10-13 08:00:00,0.0035565871440371823,0.28590074862949694,0.10276702171774833,0.0076550380476914405
2024-10-13 09:00:00,0.0035565871440371823,0.2881370149178265,0.10276702171774833,0.0076550380476914405
2024-10-13 10:00:00,0.0035565871440371823,0.2892551480619913,0.10276702171774833,0.0076550380476914405
2024-10-13 11:00:00,0.0035565871440371823,0.29037328120615613,0.10276702171774833,0.0076550380476914405
2024-10-13 12:00:00,0.0035565871440371823,0.28379654798556814,0.10276702171774833,0.0076550380476914405
2024-10-13 13:00:00,0.0035565871440371823,0.2826784148414033,0.10276702171774833,0.0076550380476914405
2024-10-13 14:00:00,0.0035565871440371823,0.2815602816972385,0.10276702171774833,0.0076550380476914405
2024-10-13 15:00:00,0.0035565871440371823,0.2815602816972385,0.10276702171774833,0.0076550380476914405
2024-10-13 16:00:00,0.0035565871440371823,0.2815602816972385,0.10276702171774833,0.0076550380476914405
2024-10-13 17:00:00,0.0035565871440371823,0.2815602816972385,0.10276702171774833,0.0076550380476914405
2024-10-13 18:00:00,0.0035565871440371823,0.27057704872219174,0.10276702171774833,0.0076550380476914405
2024-10-13 19:00:00,0.0035565871440371823,0.2507977463913204,0.10163875748021987,0.0076550380476914405
2024-10-13 20:00:00,0.0035565871440371823,0.22768097478104765,0.09938222900516291,0.0076550380476914405
2024-10-13 21:00:00,0.0035565871440371823,0.20346300017970312,0.09599743629257751,0.0076550380476914405
2024-10-13 22:00:00,0.0035565871440371823,0.18146436171359515,0.09374090781752056,0.0076550380476914405
2024-10-13 23:00:00,0.0035565871440371823,0.17702568944312194,0.09148437934246362,0.0076550380476914405
2024-10-14 00:00:00,0.0009918869943814248,0.2108413118145888,0.05856677093524093,0.0021348929109554055
2024-10-14 01:00:00,0.0009918869943814248,0.2051488919846489,0.05567286333055337,0.0021348929109554055
2024-10-14 02:00:00,0.0009918869943814248,0.20230268206967894,0.0542259095282096,0.0021348929109554055
2024-10-14 03:00:00,0.0009918869943814248,0.20230268206967894,0.0542259095282096,0.0021348929109554055
2024-10-14 04:00:00,0.0009918869943814248,0.2051488919846489,0.05567286333055337,0.0021348929109554055
2024-10-14 05:00:00,0.0016531449906357076,0.24309437684820837,0.06944056200084121,0.0035581548515923422
2024-10-14 06:00:00,0.004959434971907123,0.3314053380392696,0.12304116417319393,0.010674464554777028
2024-10-14 07:00:00,0.011572014934449953,0.4026911118943395,0.22070254003923478,0.024907083961146395
2024-10-14 08:00:00,0.01487830491572137,0.419632266936862,0.2818575018341881,0.03202339366433108
2024-10-14 09:00:00,0.01487830491572137,0.41393984710692205,0.2853402575766175,0.03202339366433108
2024-10-14 10:00:00,0.014217046919467086,0.4077054061834476,0.2780389747624,0.030600131723694145
2024-10-14 11:00:00,0.013225159925085661,0.40487835810911965,0.2628808178974725,0.028465238812738738
2024-10-14 12:00:00,0.009918869943814246,0.3879372030665972,0.222981400592909,0.021348929109554056
2024-10-14 13:00:00,0.012563901928831379,0.39923482866218635,0.25702648888559876,0.027041976872101803
2024-10-14 14:00:00,0.013225159925085661,0.4026230596706909,0.2692574812445894,0.028465238812738738
2024-10-14 15:00:00,0.011572014934449953,0.3964077805878584,0.2482449953677882,0.024907083961146395
2024-10-14 16:00:00,0.0066125799625428305,0.37835285481590225,0.19515670933588417,0.014232619406369369
2024-10-14 17:00:00,0.002645031985017132,0.39816479498213436,0.1310413261337447,0.005693047762547748
2024-10-14 18:00:00,0.0016531449906357076,0.3975930453462352,0.10100428812554425,0.0035581548515923422
2024-10-14 19:00:00,0.001322515992508566,0.36193258746346907,0.08310848996738113,0.002846523881273874
2024-10-14 20:00:00,0.0009918869943814248,0.2957429085937003,0.07226795580303015,0.0021348929109554055
2024-10-14 21:00:00,0.0009918869943814248,0.25501067089990015,0.06580153994695985,0.0021348929109554055
2024-10-14 22:00:00,0.0009918869943814248,0.2187890300829575,0.0614606785399285,0.0021348929109554055
2024-10-14 23:00:00,0.0009918869943814248,0.2108413118145888,0.05856677093524093,0.0021348929109554055
2024-10-15 00:00:00,0.0013420434825915275,0.25650831124928897,0.07190108531398806,0.0028885539717811754
2024-10-15 01:00:00,0.0013420434825915275,0.24979510864085464,0.06848823301905087,0.0028885539717811754
2024-10-15 02:00:00,0.0013420434825915275,0.24643850733663752,0.06678180687158228,0.0028885539717811754
2024-10-15 03:00:00,0.0013420434825915275,0.24643850733663752,0.06678180687158228,0.0028885539717811754
2024-10-15 04:00:00,0.0013420434825915275,0.24979510864085464,0.06848823301905087,0.0028885539717811754
2024-10-15 05:00:00,0.002236739137652546,0.29646033928381627,0.08617721828994535,0.004814256619635292
2024-10-15 06:00:00,0.006710217412957638,0.40637434649967485,0.1570872841203945,0.014442769858905876
2024-10-15 07:00:00,0.01565717396356782,0.49765497021612237,0.2889634878959383,0.03369979633744705
2024-10-15 08:00:00,0.020130652238872913,0.5205765211990494,0.3727024237570387,0.04332830957671763
2024-10-15 09:00:00,0.020130652238872913,0.5138633185906151,0.3781163311989015,0.04332830957671763
2024-10-15 10:00:00,0.019235956583811893,0.5059224070898125,0.3684888776160128,0.04140260692886351
2024-10-15 11:00:00,0.017893913101220366,0.5018765571351136,0.3477805767260827,0.03851405295708234
2024-10-15 12:00:00,0.013420434825915276,0.47895500615218656,0.29346417332098235,0.028885539717811753
2024-10-15 13:00:00,0.01699921744615935,0.49446163159834905,0.33985954929066264,0.03658835030922822
2024-10-15 14:00:00,0.017893913101220366,0.49904594179493444,0.3566073364628827,0.03851405295708234
2024-10-15 15:00:00,0.01565717396356782,0.49041578164365013,0.32797800813753253,0.03369979633744705
2024-10-15 16:00:00,0.008946956550610183,0.4650512871538351,0.2555654622913506,0.01925702647854117
2024-10-15 17:00:00,0.0035787826202440735,0.48706622051316056,0.1673183512897673,0.007702810591416467
2024-10-15 18:00:00,0.002236739137652546,0.48585098589864084,0.12601427768063714,0.004814256619635292
2024-10-15 19:00:00,0.0017893913101220368,0.44200389631801,0.10222321929252129,0.0038514052957082335
2024-10-15 20:00:00,0.0013420434825915275,0.36048445952329583,0.08849474773933684,0.0028885539717811754
2024-10-15 21:00:00,0.0013420434825915275,0.31043767902041997,0.08043321605133105,0.0028885539717811754
2024-10-15 22:00:00,0.0013420434825915275,0.2660521291979025,0.07531393760892527,0.0028885539717811754
2024-10-15 23:00:00,0.0013420434825915275,0.25650831124928897,0.07190108531398806,0.0028885539717811754
2024-10-16 00:00:00,0.0013844866932836613,0.26204370512016173,0.07351736584474529,0.002979906827638844
2024-10-16 01:00:00,0.0013844866932836613,0.2552067712658493,0.07004161116311117,0.002979906827638844
2024-10-16 02:00:00,0.0013844866932836613,0.2517883043386931,0.06830373382229411,0.002979906827638844
2024-10-16 03:00:00,0.0013844866932836613,0.2517883043386931,0.06830373382229411,0.002979906827638844
2024-10-16 04:00:00,0.0013844866932836613,0.2552067712658493,0.07004161116311117,0.002979906827638844
2024-10-16 05:00:00,0.002307477822139435,0.3029289407911626,0.08820590390074584,0.0049665113793980736
2024-10-16 06:00:00,0.006922433466418305,0.41546149904033003,0.161214086538237,0.01489953413819422
2024-10-16 07:00:00,0.016152344754976046,0.5091657409217929,0.2972375421815993,0.03476557965578651
2024-10-16 08:00:00,0.020767300399254916,0.5328121883823448,0.38371392944465693,0.04469860241458266
2024-10-16 09:00:00,0.020767300399254916,0.5259752545280324,0.3893619158803905,0.04469860241458266
2024-10-16 10:00:00,0.01984430927039914,0.5178274981087658,0.3794525022043295,0.04271199786282343
2024-10-16 11:00:00,0.01845982257711548,0.5136339145928098,0.35807145658409606,0.03973209103518459
2024-10-16 12:00:00,0.01384486693283661,0.489987467132258,0.30200753971226396,0.02979906827638844
2024-10-16 13:00:00,0.017536831448259706,0.5060042743784899,0.3498999202488522,0.03774548648342536
2024-10-16 14:00:00,0.01845982257711548,0.5107335638706003,0.3671951977014637,0.03973209103518459
2024-10-16 15:00:00,0.016152344754976046,0.5018106908625339,0.3376426157459864,0.03476557965578651
2024-10-16 16:00:00,0.00922991128855774,0.47556018804328143,0.26288773537686166,0.019866045517592294
2024-10-16 17:00:00,0.0036919645154230964,0.49784215088055767,0.17171556646019429,0.007946418207036917
2024-10-16 18:00:00,0.002307477822139435,0.4965489180868113,0.12904579156610294,0.0049665113793980736
2024-10-16 19:00:00,0.0018459822577115482,0.4517095095124998,0.10454015618041707,0.003973209103518459
2024-10-16 20:00:00,0.0013844866932836613,0.3683319202420347,0.09046163161040432,0.002979906827638844
2024-10-16 21:00:00,0.0013844866932836613,0.31715610424714963,0.0822067525488306,0.002979906827638844
2024-10-16 22:00:00,0.0013844866932836613,0.2717809896966837,0.07699312052637942,0.002979906827638844
2024-10-16 23:00:00,0.0013844866932836613,0.26204370512016173,0.07351736584474529,0.002979906827638844
2024-10-17 00:00:00,0.0013844866932836613,0.26204370512016173,0.07351736584474529,0.002979906827638844
2024-10-17 01:00:00,0.0013844866932836613,0.2552067712658493,0.07004161116311117,0.002979906827638844
2024-10-17 02:00:00,0.0013844866932836613,0.2517883043386931,0.06830373382229411,0.002979906827638844
2024-10-17 03:00:00,0.0013844866932836613,0.2517883043386931,0.06830373382229411,0.002979906827638844
2024-10-17 04:00:00,0.0013844866932836613,0.2552067712658493,0.07004161116311117,0.002979906827638844
2024-10-17 05:00:00,0.002307477822139435,0.3029289407911626,0.08820590390074584,0.0049665113793980736
2024-10-17 06:00:00,0.006922433466418305,0.41546149904033003,0.161214086538237,0.01489953413819422
2024-10-17 07:00:00,0.016152344754976046,0.5091657409217929,0.2972375421815993,0.03476557965578651
2024-10-17 08:00:00,0.020767300399254916,0.5328121883823448,0.38371392944465693,0.04469860241458266
2024-10-17 09:00:00,0.020767300399254916,0.5259752545280324,0.3893619158803905,0.04469860241458266
2024-10-17 10:00:00,0.01984430927039914,0.5178274981087658,0.3794525022043295,0.04271199786282343
2024-10-17 11:00:00,0.01845982257711548,0.5136339145928098,0.35807145658409606,0.03973209103518459
2024-10-17 12:00:00,0.01384486693283661,0.489987467132258,0.30200753971226396,0.02979906827638844
2024-10-17 13:00:00,0.017536831448259706,0.5060042743784899,0.3498999202488522,0.03774548648342536
2024-10-17 14:00:00,0.01845982257711548,0.5107335638706003,0.3671951977014637,0.03973209103518459
2024-10-17 15:00:00,0.016152344754976046,0.5018106908625339,0.3376426157459864,0.03476557965578651
2024-10-17 16:00:00,0.00922991128855774,0.47556018804328143,0.26288773537686166,0.019866045517592294
2024-10-17 17:00:00,0.0036919645154230964,0.49784215088055767,0.17171556646019429,0.007946418207036917
2024-10-17 18:00:00,0.002307477822139435,0.4965489180868113,0.12904579156610294,0.0049665113793980736
2024-10-17 19:00:00,0.0018459822577115482,0.4517095095124998,0.10454015618041707,0.003973209103518459
2024-10-17 20:00:00,0.0013844866932836613,0.3683319202420347,0.09046163161040432,0.002979906827638844
2024-10-17 21:00:00,0.0013844866932836613,0.31715610424714963,0.0822067525488306,0.002979906827638844
2024-10-17 22:00:00,0.0013844866932836613,0.2717809896966837,0.07699312052637942,0.002979906827638844
2024-10-17 23:00:00,0.0013844866932836613,0.26204370512016173,0.07351736584474529,0.002979906827638844
2024-10-18 00:00:00,0.001235935455861193,0.24266982657210706,0.06786038398709499,0.0026601718321370023
2024-10-18 01:00:00,0.001235935455861193,0.23626595207836804,0.0646047876589001,0.0026601718321370023
2024-10-18 02:00:00,0.001235935455861193,0.23306401483149852,0.06297698949480267,0.0026601718321370023
2024-10-18 03:00:00,0.001235935455861193,0.23306401483149852,0.06297698949480267,0.0026601718321370023
2024-10-18 04:00:00,0.001235935455861193,0.23626595207836804,0.0646047876589001,0.0026601718321370023
2024-10-18 05:00:00,0.0020598924264353217,0.2802888355154502,0.08110550426294408,0.004433619720228337
2024-10-18 06:00:00,0.006179677279305965,0.38365646514803686,0.14677027807578824,0.01330085916068501
2024-10-18 07:00:00,0.014419246985047252,0.46887804345194567,0.26827835218178564,0.03103533804159836
2024-10-18 08:00:00,0.0185390318379179,0.4899873532408107,0.345173659537993,0.039902577482055036
2024-10-18 09:00:00,0.0185390318379179,0.4835834787470717,0.350002369495179,0.039902577482055036
2024-10-18 10:00:00,0.01771507486734377,0.47615967954242916,0.341079816145221,0.038129129593963695
2024-10-18 11:00:00,0.016479139411482574,0.472483163490873,0.32205337708104925,0.035468957761826694
2024-10-18 12:00:00,0.01235935455861193,0.4513738537020079,0.27210575734277825,0.02660171832137002
2024-10-18 13:00:00,0.015655182440908445,0.46560502464799663,0.3147586218951887,0.03369550987373536
2024-10-18 14:00:00,0.016479139411482574,0.46982688660576966,0.3301376833664301,0.035468957761826694
2024-10-18 15:00:00,0.014419246985047252,0.46192850859644047,0.30381648911639786,0.03103533804159836
2024-10-18 16:00:00,0.008239569705741287,0.438779034930219,0.23725977957757283,0.017734478880913347
2024-10-18 17:00:00,0.003295827882296515,0.46012639459466775,0.1563253133636998,0.0070937915523653396
2024-10-18 18:00:00,0.0020598924264353217,0.4591061554282149,0.11843549296697262,0.004433619720228337
2024-10-18 19:00:00,0.0016479139411482574,0.4177398633317854,0.09643087707278183,0.0035468957761826698
2024-10-18 20:00:00,0.001235935455861193,0.34086580772644864,0.08357753806166814,0.0026601718321370023
2024-10-18 21:00:00,0.001235935455861193,0.2936416159535957,0.07599937480758219,0.0026601718321370023
2024-10-18 22:00:00,0.001235935455861193,0.2517299779509494,0.07111598031528987,0.0026601718321370023
2024-10-18 23:00:00,0.001235935455861193,0.24266982657210706,0.06786038398709499,0.0026601718321370023
2024-10-19 00:00:00,0.005864436725421952,0.234622661592514,0.1368027255443993,0.012622349584952198
2024-10-19 01:00:00,0.005864436725421952,0.22908971179213503,0.1339898891791939,0.012622349584952198
2024-10-19 02:00:00,0.005864436725421952,0.22632323689194553,0.13258347099659124,0.012622349584952198
2024-10-19 03:00:00,0.005864436725421952,0.22632323689194553,0.13258347099659124,0.012622349584952198
2024-10-19 04:00:00,0.005864436725421952,0.22908971179213503,0.1339898891791939,0.012622349584952198
2024-10-19 05:00:00,0.005864436725421952,0.25966322044864537,0.13820914372700197,0.012622349584952198
2024-10-19 06:00:00,0.005864436725421952,0.3196024758364821,0.14524123464001543,0.012622349584952198
2024-10-19 07:00:00,0.005864436725421952,0.35450117236818746,0.15086690737042618,0.012622349584952198
2024-10-19 08:00:00,0.005864436725421952,0.3826591571743301,0.15227332555302886,0.012622349584952198
2024-10-19 09:00:00,0.005864436725421952,0.3857765831243412,0.15227332555302886,0.012622349584952198
2024-10-19 10:00:00,0.005864436725421952,0.3873352960993468,0.15227332555302886,0.012622349584952198
2024-10-19 11:00:00,0.005864436725421952,0.38889400907435234,0.15227332555302886,0.012622349584952198
2024-10-19 12:00:00,0.005864436725421952,0.37998437549197556,0.15227332555302886,0.012622349584952198
2024-10-19 13:00:00,0.005864436725421952,0.37842566251697,0.15227332555302886,0.012622349584952198
2024-10-19 14:00:00,0.005864436725421952,0.3768669495419644,0.15227332555302886,0.012622349584952198
2024-10-19 15:00:00,0.005864436725421952,0.3768669495419644,0.15227332555302886,0.012622349584952198
2024-10-19 16:00:00,0.005864436725421952,0.3768669495419644,0.15227332555302886,0.012622349584952198
2024-10-19 17:00:00,0.005864436725421952,0.3768669495419644,0.15227332555302886,0.012622349584952198
2024-10-19 18:00:00,0.005864436725421952,0.3619437861933937,0.15227332555302886,0.012622349584952198
2024-10-19 19:00:00,0.005864436725421952,0.33534451436225676,0.15086690737042618,0.012622349584952198
2024-10-19 20:00:00,0.005864436725421952,0.3044200546559247,0.14805407100522078,0.012622349584952198
2024-10-19 21:00:00,0.005864436725421952,0.27228783302440884,0.14383481645741272,0.012622349584952198
2024-10-19 22:00:00,0.005864436725421952,0.2429220862930824,0.14102198009220734,0.012622349584952198
2024-10-19 23:00:00,0.005864436725421952,0.23738913649270343,0.13820914372700197,0.012622349584952198
2024-10-20 00:00:00,0.0072106823145630695,0.2695155080918807,0.16389658163408674,0.015519947981687642
2024-10-20 01:00:00,0.0072106823145630695,0.26334422973239,0.1607592323329614,0.015519947981687642
2024-10-20 02:00:00,0.0072106823145630695,0.2602585905526447,0.1591905576823988,0.015519947981687642
2024-10-20 03:00:00,0.0072106823145630695,0.2602585905526447,0.1591905576823988,0.015519947981687642
2024-10-20 04:00:00,0.0072106823145630695,0.26334422973239,0.1607592323329614,0.015519947981687642
2024-10-20 05:00:00,0.0072106823145630695,0.29827737758850986,0.16546525628464936,0.015519947981687642
2024-10-20 06:00:00,0.0072106823145630695,0.36687375199733363,0.1733086295374626,0.015519947981687642
2024-10-20 07:00:00,0.0072106823145630695,0.4067082569095281,0.1795833281397132,0.015519947981687642
2024-10-20 08:00:00,0.0072106823145630695,0.4391015621588161,0.18115200279027582,0.015519947981687642
2024-10-20 09:00:00,0.0072106823145630695,0.44273299791147486,0.18115200279027582,0.015519947981687642
2024-10-20 10:00:00,0.0072106823145630695,0.44454871578780425,0.18115200279027582,0.015519947981687642
2024-10-20 11:00:00,0.0072106823145630695,0.4463644336641336,0.18115200279027582,0.015519947981687642
2024-10-20 12:00:00,0.0072106823145630695,0.43609394153738,0.18115200279027582,0.015519947981687642
2024-10-20 13:00:00,0.0072106823145630695,0.4342782236610506,0.18115200279027582,0.015519947981687642
2024-10-20 14:00:00,0.0072106823145630695,0.4324625057847213,0.18115200279027582,0.015519947981687642
2024-10-20 15:00:00,0.0072106823145630695,0.4324625057847213,0.18115200279027582,0.015519947981687642
2024-10-20 16:00:00,0.0072106823145630695,0.4324625057847213,0.18115200279027582,0.015519947981687642
2024-10-20 17:00:00,0.0072106823145630695,0.4324625057847213,0.18115200279027582,0.015519947981687642
2024-10-20 18:00:00,0.0072106823145630695,0.4152410497182616,0.18115200279027582,0.015519947981687642
2024-10-20 19:00:00,0.0072106823145630695,0.3846634623453031,0.1795833281397132,0.015519947981687642
2024-10-20 20:00:00,0.0072106823145630695,0.3491845179162697,0.1764459788385879,0.015519947981687642
2024-10-20 21:00:00,0.0072106823145630695,0.3124356521838206,0.17173995488689997,0.015519947981687642
2024-10-20 22:00:00,0.0072106823145630695,0.27877242563111665,0.16860260558577467,0.015519947981687642
2024-10-20 23:00:00,0.0072106823145630695,0.272601147271626,0.16546525628464936,0.015519947981687642
2024-10-21 00:00:00,0.0013208218772454605,0.2537406143138526,0.07109294504860944,0.00284287754385234
2024-10-21 01:00:00,0.0013208218772454605,0.24708927732835728,0.0677115439470207,0.00284287754385234
2024-10-21 02:00:00,0.0013208218772454605,0.24376360883560969,0.06602084339622634,0.00284287754385234
2024-10-21 03:00:00,0.0013208218772454605,0.24376360883560969,0.06602084339622634,0.00284287754385234
2024-10-21 04:00:00,0.0013208218772454605,0.24708927732835728,0.0677115439470207,0.00284287754385234
2024-10-21 05:00:00,0.0022013697954091005,0.293226038530143,0.08516287548454508,0.0047381292397539005
2024-10-21 06:00:00,0.006604109386227302,0.4018307702293472,0.15502388291147323,0.0142143877192617
2024-10-21 07:00:00,0.015409588567863704,0.49189958486328694,0.28482646075310775,0.0331669046782773
2024-10-21 08:00:00,0.019812328158681905,0.5144586876074017,0.36719667091322955,0.0426431631577851
2024-10-21 09:00:00,0.019812328158681905,0.5078073506219063,0.37249353885815695,0.0426431631577851
2024-10-21 10:00:00,0.018931780240518267,0.4999698615803358,0.36300706532185445,0.04074791146188354
2024-10-21 11:00:00,0.017610958363272804,0.49599787840626547,0.34263513679707597,0.037905033918031204
2024-10-21 12:00:00,0.013208218772454604,0.4734387756621508,0.2891924901253415,0.0284287754385234
2024-10-21 13:00:00,0.016730410445109166,0.48869031020827847,0.3348393638115678,0.03600978222212964
2024-10-21 14:00:00,0.017610958363272804,0.4932021307571014,0.35131340584359216,0.037905033918031204
2024-10-21 15:00:00,0.015409588567863704,0.48471832703420814,0.3231457043333056,0.0331669046782773
2024-10-21 16:00:00,0.008805479181636402,0.4597968367091118,0.251904325748595,0.018952516959015602
2024-10-21 17:00:00,0.003522191672654561,0.48167825532946196,0.1651197437045538,0.00758100678360624
2024-10-21 18:00:00,0.0022013697954091005,0.4805020198045557,0.12449852073790423,0.0047381292397539005
2024-10-21 19:00:00,0.0017610958363272805,0.43715108972076494,0.1010647508485734,0.00379050339180312
2024-10-21 20:00:00,0.0013208218772454605,0.35656072916392634,0.08751130580380309,0.00284287754385234
2024-10-21 21:00:00,0.0013208218772454605,0.3070784664070551,0.07954644780258127,0.00284287754385234
2024-10-21 22:00:00,0.0013208218772454605,0.26318769894851185,0.07447434615019817,0.00284287754385234
2024-10-21 23:00:00,0.0013208218772454605,0.2537406143138526,0.07109294504860944,0.00284287754385234
2024-10-22 00:00:00,0.0014163191013027614,0.2661952505233163,0.07472957624281322,0.003048421469532096
2024-10-22 01:00:00,0.0014163191013027614,0.25926551823459526,0.0712066447711564,0.003048421469532096
2024-10-22 02:00:00,0.0014163191013027614,0.2558006520902348,0.069445179035328,0.003048421469532096
2024-10-22 03:00:00,0.0014163191013027614,0.2558006520902348,0.069445179035328,0.003048421469532096
2024-10-22 04:00:00,0.0014163191013027614,0.25926551823459526,0.0712066447711564,0.003048421469532096
2024-10-22 05:00:00,0.002360531835504602,0.30778039192167245,0.08972741810884623,0.00508070244922016
2024-10-22 06:00:00,0.007081595506513808,0.42227686344582144,0.16430918835161887,0.01524210734766048
2024-10-22 07:00:00,0.016523722848532218,0.5177988189510458,0.3034430828958451,0.03556491714454112
2024-10-22 08:00:00,0.021244786519541422,0.5419889387698164,0.3919725587103707,0.04572632204298144
2024-10-22 09:00:00,0.021244786519541422,0.5350592064810954,0.3977961043915072,0.04572632204298144
2024-10-22 10:00:00,0.02030057378533958,0.5267563163729808,0.3876752206455671,0.04369404106329337
2024-10-22 11:00:00,0.018884254684036816,0.522451932686082,0.3657896164776061,0.04064561959376128
2024-10-22 12:00:00,0.014163191013027616,0.4982618128673115,0.3084150645057252,0.03048421469532096
2024-10-22 13:00:00,0.01794004194983498,0.5146612564635956,0.3574301984674944,0.03861333861407321
2024-10-22 14:00:00,0.018884254684036816,0.5194992804273497,0.3751360936303995,0.04064561959376128
2024-10-22 15:00:00,0.016523722848532218,0.5103568727766967,0.3448910714523268,0.03556491714454112
2024-10-22 16:00:00,0.009442127342018408,0.48344186371036624,0.26837944019099497,0.02032280979688064
2024-10-22 17:00:00,0.003776850936807364,0.5059240986561055,0.17501347783801452,0.008129123918752255
2024-10-22 18:00:00,0.002360531835504602,0.5045723672279391,0.1313194269802023,0.00508070244922016
2024-10-22 19:00:00,0.001888425468403682,0.4589887194083671,0.1062778588463389,0.0040645619593761275
2024-10-22 20:00:00,0.0014163191013027614,0.3742175157810888,0.09193679451370493,0.003048421469532096
2024-10-22 21:00:00,0.0014163191013027614,0.3221949231671969,0.08353690492195526,0.003048421469532096
2024-10-22 22:00:00,0.0014163191013027614,0.2760776350707696,0.07825250771447004,0.003048421469532096
2024-10-22 23:00:00,0.0014163191013027614,0.2661952505233163,0.07472957624281322,0.003048421469532096
2024-10-23 00:00:00,0.0012253246531881597,0.24128597810438887,0.06745631385440568,0.0026373336181725847
2024-10-23 01:00:00,0.0012253246531881597,0.2349130364221194,0.06421644312288502,0.0026373336181725847
2024-10-23 02:00:00,0.0012253246531881597,0.23172656558098462,0.0625965077571247,0.0026373336181725847
2024-10-23 03:00:00,0.0012253246531881597,0.23172656558098462,0.0625965077571247,0.0026373336181725847
2024-10-23 04:00:00,0.0012253246531881597,0.2349130364221194,0.06421644312288502,0.0026373336181725847
2024-10-23 05:00:00,0.0020422077553135993,0.27867168513861357,0.08059833286024394,0.0043955560302876414
2024-10-23 06:00:00,0.0061266232659407975,0.38138467701287304,0.14573857747132762,0.013186668090862923
2024-10-23 07:00:00,0.014295454287195194,0.466000350775528,0.2662098386103704,0.03076889221201349
2024-10-23 08:00:00,0.01837986979782239,0.48692843644498685,0.3424207831160884,0.03956000427258877
2024-10-23 09:00:00,0.01837986979782239,0.4805554947627173,0.34719097332480675,0.03956000427258877
2024-10-23 10:00:00,0.017562986695696954,0.4731834067876908,0.3383389099981418,0.03780178186047371
2024-10-23 11:00:00,0.016337662042508794,0.4695438241264489,0.31948065711654594,0.03516444824230113
2024-10-23 12:00:00,0.012253246531881595,0.44861573845699004,0.2699699157449578,0.026373336181725847
2024-10-23 13:00:00,0.015520778940383353,0.46271936395296137,0.3122485291556413,0.03340622583018607
2024-10-23 14:00:00,0.016337662042508794,0.46690498108685313,0.32749071805678487,0.03516444824230113
2024-10-23 15:00:00,0.014295454287195194,0.45907978129171945,0.3014003372142844,0.03076889221201349
2024-10-23 16:00:00,0.008168831021254397,0.4361518097078574,0.23542921130619504,0.017582224121150566
2024-10-23 17:00:00,0.0032675324085017585,0.4574324120028184,0.15522600957109306,0.007032889648460226
2024-10-23 18:00:00,0.0020422077553135993,0.45643167238117227,0.11767761449560615,0.0043955560302876414
2024-10-23 19:00:00,0.0016337662042508793,0.41531346003316294,0.09585164285080788,0.003516444824230113
2024-10-23 20:00:00,0.0012253246531881597,0.3389039425467639,0.08308581709390127,0.0026373336181725847
2024-10-23 21:00:00,0.0012253246531881597,0.2919620096469133,0.07555599068320731,0.0026373336181725847
2024-10-23 22:00:00,0.0012253246531881597,0.25029776282625416,0.07069618458592633,0.0026373336181725847
2024-10-23 23:00:00,0.0012253246531881597,0.24128597810438887,0.06745631385440568,0.0026373336181725847
2024-10-24 00:00:00,0.0011192166264578254,0.22744749342720702,0.0634156125275126,0.002408951478528412
2024-10-24 01:00:00,0.0011192166264578254,0.2213838798596328,0.06033299776273427,0.002408951478528412
2024-10-24 02:00:00,0.0011192166264578254,0.21835207307584567,0.05879169038034511,0.002408951478528412
2024-10-24 03:00:00,0.0011192166264578254,0.21835207307584567,0.05879169038034511,0.002408951478528412
2024-10-24 04:00:00,0.0011192166264578254,0.2213838798596328,0.06033299776273427,0.002408951478528412
2024-10-24 05:00:00,0.0018653610440963755,0.26250018137024755,0.0755266188332427,0.004014919130880687
2024-10-24 06:00:00,0.005596083132289127,0.3586667956612351,0.1354215714267214,0.012044757392642061
2024-10-24 07:00:00,0.01305752730867463,0.4372234240113514,0.24552470289621783,0.02810443391616481
2024-10-24 08:00:00,0.01678824939686738,0.4563392684867482,0.3148920188970428,0.03613427217792618
2024-10-24 09:00:00,0.01678824939686738,0.450275654919174,0.3190770116210843,0.03613427217792618
2024-10-24 10:00:00,0.016042104979228828,0.44342067924030754,0.31092984852735006,0.03452830452557391
2024-10-24 11:00:00,0.014922888352771004,0.4401504304822083,0.2937534574715125,0.032119353047045496
2024-10-24 12:00:00,0.011192166264578253,0.42103458600681143,0.24861149976675379,0.024089514785284122
2024-10-24 13:00:00,0.014176743935132454,0.43386275700260907,0.2871476017601674,0.03051338539469322
2024-10-24 14:00:00,0.014922888352771004,0.43768592589768845,0.3010210649603324,0.032119353047045496
2024-10-24 15:00:00,0.01305752730867463,0.4305925082445099,0.2772388181931497,0.02810443391616481
2024-10-24 16:00:00,0.007461444176385502,0.4098795574842414,0.21712352859241735,0.016059676523522748
2024-10-24 17:00:00,0.002984577670554201,0.43049258608432567,0.1442329716450256,0.006423870609409099
2024-10-24 18:00:00,0.0018653610440963755,0.4296868419107463,0.11009882978194165,0.004014919130880687
2024-10-24 19:00:00,0.0014922888352771006,0.39104942704693846,0.09005930063106846,0.0032119353047045493
2024-10-24 20:00:00,0.0011192166264578254,0.3192852907499168,0.07816860741623258,0.002408951478528412
2024-10-24 21:00:00,0.0011192166264578254,0.2751659465800891,0.07112214943945845,0.002408951478528412
2024-10-24 22:00:00,0.0011192166264578254,0.23597561157930108,0.06649822729229095,0.002408951478528412
2024-10-24 23:00:00,0.0011192166264578254,0.22744749342720702,0.0634156125275126,0.002408951478528412
2024-10-25 00:00:00,0.0009388329810162573,0.20392206947599784,0.0565464202717944,0.0020207018411333186
2024-10-25 01:00:00,0.0009388329810162573,0.19838431370340556,0.053731140650477995,0.0020207018411333186
2024-10-25 02:00:00,0.0009388329810162573,0.19561543581710944,0.0523235008398198,0.0020207018411333186
2024-10-25 03:00:00,0.0009388329810162573,0.19561543581710944,0.0523235008398198,0.0020207018411333186
2024-10-25 04:00:00,0.0009388329810162573,0.19838431370340556,0.053731140650477995,0.0020207018411333186
2024-10-25 05:00:00,0.0015647216350270954,0.23500862496402533,0.06690470498734057,0.0033678364018888646
2024-10-25 06:00:00,0.004694164905081287,0.3200463973634506,0.1178826611508908,0.010103509205666593
2024-10-25 07:00:00,0.010953051445189668,0.3883026485122512,0.21035997218215843,0.02357485481322205
2024-10-25 08:00:00,0.014082494715243858,0.40433768295774264,0.26809311972466526,0.03031052761699978
2024-10-25 09:00:00,0.014082494715243858,0.39879992718515034,0.2712832767247562,0.03031052761699978
2024-10-25 10:00:00,0.013456606061233022,0.39282404240975594,0.26433444402700407,0.028963393056244235
2024-10-25 11:00:00,0.012517773080216763,0.3901816612869993,0.25001721807495575,0.026942691215110916
2024-10-25 12:00:00,0.009388329810162573,0.37414662684150785,0.21230219260380692,0.020207018411333186
2024-10-25 13:00:00,0.011891884426205927,0.3848065251870102,0.24447602518786177,0.02559555665435537
2024-10-25 14:00:00,0.012517773080216763,0.3880135320761085,0.25602265469636315,0.026942691215110916
2024-10-25 15:00:00,0.010953051445189668,0.3821641440642536,0.23616423585722082,0.02357485481322205
2024-10-25 16:00:00,0.006258886540108382,0.3652167287040942,0.1860038679789953,0.013471345607555458
2024-10-25 17:00:00,0.0025035546160433525,0.3846948820228879,0.12554480717071093,0.005388538243022183
2024-10-25 18:00:00,0.0015647216350270954,0.38422063011102214,0.09721489576871198,0.0033678364018888646
2024-10-25 19:00:00,0.0012517773080216762,0.34980057097035683,0.0802123188575114,0.0026942691215110916
2024-10-25 20:00:00,0.0009388329810162573,0.28593358269527674,0.0698093509641958,0.0020207018411333186
2024-10-25 21:00:00,0.0009388329810162573,0.24661263936648797,0.06358461932508541,0.0020207018411333186
2024-10-25 22:00:00,0.0009388329810162573,0.21162795445948096,0.059361699893110804,0.0020207018411333186
2024-10-25 23:00:00,0.0009388329810162573,0.20392206947599784,0.0565464202717944,0.0020207018411333186
2024-10-26 00:00:00,0.004646405001913325,0.20305294333118223,0.1122892367013488,0.0100007129402868
2024-10-26 01:00:00,0.004646405001913325,0.19809752889380908,0.1097700072781662,0.0100007129402868
2024-10-26 02:00:00,0.004646405001913325,0.1956198216751225,0.10851039256657491,0.0100007129402868
2024-10-26 03:00:00,0.004646405001913325,0.1956198216751225,0.10851039256657491,0.0100007129402868
2024-10-26 04:00:00,0.004646405001913325,0.19809752889380908,0.1097700072781662,0.0100007129402868
2024-10-26 05:00:00,0.004646405001913325,0.22472660208400602,0.11354885141294009,0.0100007129402868
2024-10-26 06:00:00,0.004646405001913325,0.27683322597666415,0.11984692497089657,0.0100007129402868
2024-10-26 07:00:00,0.004646405001913325,0.3072661911164984,0.12488538381726176,0.0100007129402868
2024-10-26 08:00:00,0.004646405001913325,0.3315922193312237,0.12614499852885305,0.0100007129402868
2024-10-26 09:00:00,0.004646405001913325,0.33424458879312513,0.12614499852885305,0.0100007129402868
2024-10-26 10:00:00,0.004646405001913325,0.3355707735240759,0.12614499852885305,0.0100007129402868
2024-10-26 11:00:00,0.004646405001913325,0.3368969582550266,0.12614499852885305,0.0100007129402868
2024-10-26 12:00:00,0.004646405001913325,0.3292185776413717,0.12614499852885305,0.0100007129402868
2024-10-26 13:00:00,0.004646405001913325,0.32789239291042094,0.12614499852885305,0.0100007129402868
2024-10-26 14:00:00,0.004646405001913325,0.3265662081794702,0.12614499852885305,0.0100007129402868
2024-10-26 15:00:00,0.004646405001913325,0.3265662081794702,0.12614499852885305,0.0100007129402868
2024-10-26 16:00:00,0.004646405001913325,0.3265662081794702,0.12614499852885305,0.0100007129402868
2024-10-26 17:00:00,0.004646405001913325,0.3265662081794702,0.12614499852885305,0.0100007129402868
2024-10-26 18:00:00,0.004646405001913325,0.31372245252803715,0.12614499852885305,0.0100007129402868
2024-10-26 19:00:00,0.004646405001913325,0.2907226090442626,0.12488538381726176,0.0100007129402868
2024-10-26 20:00:00,0.004646405001913325,0.26391887361085076,0.12236615439407916,0.0100007129402868
2024-10-26 21:00:00,0.004646405001913325,0.23596361568970306,0.11858731025930529,0.0100007129402868
2024-10-26 22:00:00,0.004646405001913325,0.21048606498724193,0.11606808083612269,0.0100007129402868
2024-10-26 23:00:00,0.004646405001913325,0.20553065054986877,0.11354885141294009,0.0100007129402868
2024-10-27 00:00:00,0.004838725800362055,0.20803763568823458,0.11615978757130412,0.01041465556839186
2024-10-27 01:00:00,0.004838725800362055,0.2029910314567026,0.11359419915727581,0.01041465556839186
2024-10-27 02:00:00,0.004838725800362055,0.20046772934093665,0.11231140495026166,0.01041465556839186
2024-10-27 03:00:00,0.004838725800362055,0.20046772934093665,0.11231140495026166,0.01041465556839186
2024-10-27 04:00:00,0.004838725800362055,0.2029910314567026,0.11359419915727581,0.01041465556839186
2024-10-27 05:00:00,0.004838725800362055,0.2302429102468438,0.11744258177831825,0.01041465556839186
2024-10-27 06:00:00,0.004838725800362055,0.2835862654282143,0.12385655281338899,0.01041465556839186
2024-10-27 07:00:00,0.004838725800362055,0.3147243460509756,0.1289877296414456,0.01041465556839186
2024-10-27 08:00:00,0.004838725800362055,0.3396554200432931,0.13027052384845972,0.01041465556839186
2024-10-27 09:00:00,0.004838725800362055,0.34238121947700134,0.13027052384845972,0.01041465556839186
2024-10-27 10:00:00,0.004838725800362055,0.34374411919385545,0.13027052384845972,0.01041465556839186
2024-10-27 11:00:00,0.004838725800362055,0.3451070189107096,0.13027052384845972,0.01041465556839186
2024-10-27 12:00:00,0.004838725800362055,0.33723422993357227,0.13027052384845972,0.01041465556839186
2024-10-27 13:00:00,0.004838725800362055,0.3358713302167181,0.13027052384845972,0.01041465556839186
2024-10-27 14:00:00,0.004838725800362055,0.334508430499864,0.13027052384845972,0.01041465556839186
2024-10-27 15:00:00,0.004838725800362055,0.334508430499864,0.13027052384845972,0.01041465556839186
2024-10-27 16:00:00,0.004838725800362055,0.334508430499864,0.13027052384845972,0.01041465556839186
2024-10-27 17:00:00,0.004838725800362055,0.334508430499864,0.13027052384845972,0.01041465556839186
2024-10-27 18:00:00,0.004838725800362055,0.3213363473173039,0.13027052384845972,0.01041465556839186
2024-10-27 19:00:00,0.004838725800362055,0.2977681730418406,0.1289877296414456,0.01041465556839186
2024-10-27 20:00:00,0.004838725800362055,0.2703137969337571,0.12642214122741727,0.01041465556839186
2024-10-27 21:00:00,0.004838725800362055,0.24169901842676184,0.12257375860637484,0.01041465556839186
2024-10-27 22:00:00,0.004838725800362055,0.21560754203553248,0.12000817019234654,0.01041465556839186
2024-10-27 23:00:00,0.004838725800362055,0.21056093780400054,0.11744258177831825,0.01041465556839186
2024-10-28 00:00:00,0.0009282221783432239,0.20253822100827965,0.05614235013910508,0.0019978636271689018
2024-10-28 01:00:00,0.0009282221783432239,0.19703139804715689,0.05334279611446291,0.0019978636271689018
2024-10-28 02:00:00,0.0009282221783432239,0.19427798656659553,0.05194301910214183,0.0019978636271689018
2024-10-28 03:00:00,0.0009282221783432239,0.19427798656659553,0.05194301910214183,0.0019978636271689018
2024-10-28 04:00:00,0.0009282221783432239,0.19703139804715689,0.05334279611446291,0.0019978636271689018
2024-10-28 05:00:00,0.0015470369639053734,0.2333914745871887,0.06639753358464044,0.003329772711948169
2024-10-28 06:00:00,0.00464111089171612,0.3177746092282868,0.11685096054643017,0.009989318135844508
2024-10-28 07:00:00,0.010829258747337613,0.38542495583583347,0.2082914586107432,0.023308408983637185
2024-10-28 08:00:00,0.01392333267514836,0.40127876616191877,0.2653402433027607,0.029967954407533522
2024-10-28 09:00:00,0.01392333267514836,0.395771943200796,0.268471880554384,0.029967954407533522
2024-10-28 10:00:00,0.01330451788958621,0.3898477696550176,0.2615935378799249,0.028636045322754256
2024-10-28 11:00:00,0.012376295711242987,0.38724232192257524,0.2474444981104524,0.026638181695585354
2024-10-28 12:00:00,0.00928222178343224,0.37138851159649,0.21016635100598652,0.019978636271689016
2024-10-28 13:00:00,0.011757480925680837,0.381920864491975,0.24196593244831438,0.025306272610806087
2024-10-28 14:00:00,0.012376295711242987,0.38509162655719203,0.2533756893867179,0.026638181695585354
2024-10-28 15:00:00,0.010829258747337613,0.3793154167595326,0.23374808395510738,0.023308408983637185
2024-10-28 16:00:00,0.0061881478556214935,0.3625895034817326,0.18417329970761753,0.013319090847792677
2024-10-28 17:00:00,0.002475259142248597,0.3820008994310386,0.12444550337810419,0.0053276363391170705
2024-10-28 18:00:00,0.0015470369639053734,0.38154614706397955,0.09645701729734554,0.003329772711948169
2024-10-28 19:00:00,0.0012376295711242985,0.34737416767173435,0.07963308463553745,0.0026638181695585353
2024-10-28 20:00:00,0.0009282221783432239,0.28397171751559197,0.06931762999642893,0.0019978636271689018
2024-10-28 21:00:00,0.0009282221783432239,0.24493303305980554,0.06314123520071052,0.0019978636271689018
2024-10-28 22:00:00,0.0009282221783432239,0.21019573933478566,0.05894190416374726,0.0019978636271689018
2024-10-28 23:00:00,0.0009282221783432239,0.20253822100827965,0.05614235013910508,0.0019978636271689018
2024-10-29 00:00:00,0.0010024977970544578,0.21222516028230695,0.058970841067930234,0.0021577311249198223
2024-10-29 01:00:00,0.0010024977970544578,0.2065018076408975,0.056061207866568444,0.0021577311249198223
2024-10-29 02:00:00,0.0010024977970544578,0.20364013132019282,0.05460639126588755,0.0021577311249198223
2024-10-29 03:00:00,0.0010024977970544578,0.20364013132019282,0.05460639126588755,0.0021577311249198223
2024-10-29 04:00:00,0.0010024977970544578,0.2065018076408975,0.056061207866568444,0.0021577311249198223
2024-10-29 05:00:00,0.0016708296617574296,0.24471152722504494,0.06994773340354132,0.003596218541533037
2024-10-29 06:00:00,0.00501248898527229,0.33367712617443335,0.12407286477765453,0.010788655624599111
2024-10-29 07:00:00,0.011695807632302008,0.4055688045707571,0.22277105361064997,0.02517352979073126
2024-10-29 08:00:00,0.015037466955816868,0.42269118373268577,0.28461037825609264,0.032365966873797336
2024-10-29 09:00:00,0.015037466955816868,0.41696783109127633,0.2881516537469897,0.032365966873797336
2024-10-29 10:00:00,0.014369135091113896,0.4106816789381859,0.28077988090947914,0.030927479457184118
2024-10-29 11:00:00,0.013366637294059437,0.4078176974735437,0.2654535378619758,0.028769748332264297
2024-10-29 12:00:00,0.01002497797054458,0.390695318311615,0.22511724219072934,0.021577311249198223
2024-10-29 13:00:00,0.012698305429356467,0.40212048935722156,0.2595365816251461,0.027331260915651082
2024-10-29 14:00:00,0.013366637294059437,0.4055449651896073,0.2719044465542346,0.028769748332264297
2024-10-29 15:00:00,0.011695807632302008,0.3992565078925794,0.25066114726990163,0.02517352979073126
2024-10-29 16:00:00,0.006683318647029719,0.3809800800382638,0.1969872776072619,0.014384874166132149
2024-10-29 17:00:00,0.0026733274588118874,0.4008587775739836,0.1321406299263514,0.0057539496664528594
2024-10-29 18:00:00,0.0016708296617574296,0.4002675283932777,0.10176216659691069,0.003596218541533037
2024-10-29 19:00:00,0.0013366637294059437,0.36435899076209155,0.08368772418935506,0.0028769748332264297
2024-10-29 20:00:00,0.0010024977970544578,0.29770477377338495,0.07275967677079702,0.0021577311249198223
2024-10-29 21:00:00,0.0010024977970544578,0.2566902772065825,0.06624492407133473,0.0021577311249198223
2024-10-29 22:00:00,0.0010024977970544578,0.22022124520765277,0.06188047426929203,0.0021577311249198223
2024-10-29 23:00:00,0.0010024977970544578,0.21222516028230695,0.058970841067930234,0.0021577311249198223
2024-10-30 00:00:00,0.0010449410077465915,0.2177605541531797,0.06058712159868746,0.0022490839807774916
2024-10-30 01:00:00,0.0010449410077465915,0.21191347026589213,0.05761458601062874,0.0022490839807774916
2024-10-30 02:00:00,0.0010449410077465915,0.20898992832224839,0.056128318216599395,0.0022490839807774916
2024-10-30 03:00:00,0.0010449410077465915,0.20898992832224839,0.056128318216599395,0.0022490839807774916
2024-10-30 04:00:00,0.0010449410077465915,0.21191347026589213,0.05761458601062874,0.0022490839807774916
2024-10-30 05:00:00,0.0017415683462443194,0.2511801287323914,0.07197641901434182,0.003748473301295819
2024-10-30 06:00:00,0.0052247050387329574,0.3427642787150885,0.12819966719549702,0.011245419903887457
2024-10-30 07:00:00,0.012190978423710235,0.41707957527642775,0.231045107896311,0.026239313109070732
2024-10-30 08:00:00,0.015674115116198872,0.4349268509159812,0.29562188394371086,0.03373625971166237
2024-10-30 09:00:00,0.015674115116198872,0.42907976702869366,0.29939723842847865,0.03373625971166237
2024-10-30 10:00:00,0.014977487777701146,0.4225867699571392,0.2917435054977958,0.03223687039114404
2024-10-30 11:00:00,0.013932546769954555,0.4195750549312399,0.27574441771998914,0.029987786410366552
2024-10-30 12:00:00,0.010449410077465915,0.4017277792916864,0.23366060858201096,0.022490839807774915
2024-10-30 13:00:00,0.013235919431456827,0.41366313213736244,0.2695769525833357,0.028488397089848225
2024-10-30 14:00:00,0.013932546769954555,0.4172325872652731,0.28249230779281564,0.029987786410366552
2024-10-30 15:00:00,0.012190978423710235,0.41065141711146314,0.26032575487835546,0.026239313109070732
2024-10-30 16:00:00,0.006966273384977278,0.3914889809277102,0.20430955069277298,0.014993893205183276
2024-10-30 17:00:00,0.0027865093539909108,0.4116347079413807,0.13653784509677838,0.005997557282073311
2024-10-30 18:00:00,0.0017415683462443194,0.4109654605814481,0.10479368048237649,0.003748473301295819
2024-10-30 19:00:00,0.0013932546769954554,0.3740646039565813,0.08600466107725083,0.0029987786410366553
2024-10-30 20:00:00,0.0010449410077465915,0.3055522344921238,0.07472656064186449,0.0022490839807774916
2024-10-30 21:00:00,0.0010449410077465915,0.26340870243331216,0.06801846056883426,0.0022490839807774916
2024-10-30 22:00:00,0.0010449410077465915,0.22595010570643395,0.06355965718674618,0.0022490839807774916
2024-10-30 23:00:00,0.0010449410077465915,0.2177605541531797,0.06058712159868746,0.0022490839807774916
2024-10-31 00:00:00,0.0011510490344769258,0.23159903883036154,0.06462782292558054,0.002477466120421664
2024-10-31 01:00:00,0.0011510490344769258,0.22544262682837873,0.061498031370779506,0.002477466120421664
2024-10-31 02:00:00,0.0011510490344769258,0.22236442082738733,0.059933135593379,0.002477466120421664
2024-10-31 03:00:00,0.0011510490344769258,0.22236442082738733,0.059933135593379,0.002477466120421664
2024-10-31 04:00:00,0.0011510490344769258,0.22544262682837873,0.061498031370779506,0.002477466120421664
2024-10-31 05:00:00,0.001918415057461543,0.2673516325007574,0.07704813304134307,0.004129110200702773
2024-10-31 06:00:00,0.005755245172384628,0.36548216006672646,0.13851667324010325,0.01238733060210832
2024-10-31 07:00:00,0.0134289054022308,0.44585650204060434,0.2517302436104636,0.028903771404919412
2024-10-31 08:00:00,0.017265735517153886,0.46551601887421984,0.3231506481627565,0.03716199180632496
2024-10-31 09:00:00,0.017265735517153886,0.459359606872237,0.3275112001322011,0.03716199180632496
2024-10-31 10:00:00,0.016498369494169267,0.45234949750452247,0.31915256696858757,0.03551034772604385
2024-10-31 11:00:00,0.015347320459692344,0.44896844857548046,0.30147161736502254,0.033032881605622184
2024-10-31 12:00:00,0.011510490344769257,0.429308931741865,0.255019024560215,0.02477466120421664
2024-10-31 13:00:00,0.014579954436707726,0.44251973908771475,0.29467787997880956,0.031381237525341076
2024-10-31 14:00:00,0.015347320459692344,0.44645164245443786,0.30896196088926814,0.033032881605622184
2024-10-31 15:00:00,0.0134289054022308,0.43913869015867274,0.28448727389949013,0.028903771404919412
2024-10-31 16:00:00,0.007673660229846172,0.4177612331513262,0.2226152334065507,0.016516440802811092
2024-10-31 17:00:00,0.003069464091938469,0.43857453385987344,0.14753088302284584,0.006606576321124437
2024-10-31 18:00:00,0.001918415057461543,0.4377102910518741,0.11237246519604101,0.004129110200702773
2024-10-31 19:00:00,0.0015347320459692345,0.3983286369428058,0.09179700329699028,0.0033032881605622186
2024-10-31 20:00:00,0.0011510490344769258,0.32517088628897095,0.0796437703195332,0.002477466120421664
2024-10-31 21:00:00,0.0011510490344769258,0.28020476550013634,0.07245230181258312,0.002477466120421664
2024-10-31 22:00:00,0.0011510490344769258,0.240272256953387,0.06775761448038158,0.002477466120421664
2024-10-31 23:00:00,0.0011510490344769258,0.23159903883036154,0.06462782292558054,0.002477466120421664
2024-11-01 00:00:00,0.0033608914415553517,0.4179337510158105,0.18358793720512984,0.007233831428087111
2024-11-01 01:00:00,0.0033608914415553517,0.39897903869736184,0.17395175650136002,0.007233831428087111
2024-11-01 02:00:00,0.0033608914415553517,0.38950168253813755,0.16913366614947514,0.007233831428087111
2024-11-01 03:00:00,0.0033608914415553517,0.38950168253813755,0.16913366614947514,0.007233831428087111
2024-11-01 04:00:00,0.0033608914415553517,0.39897903869736184,0.17395175650136002,0.007233831428087111
2024-11-01 05:00:00,0.005601485735925586,0.46974877728842035,0.21615754322181244,0.012056385713478519
2024-11-01 06:00:00,0.01680445720777676,0.6504753876525283,0.37246611838759786,0.03616915714043555
2024-11-01 07:00:00,0.0392104001514791,0.8340451065145336,0.6413744522068625,0.08439469999434963
2024-11-01 08:00:00,0.050413371623330275,0.8914465643543794,0.7870088366328514,0.10850747142130666
2024-11-01 09:00:00,0.050413371623330275,0.8724918520359307,0.7866628332875091,0.10850747142130666
2024-11-01 10:00:00,0.04817277732896004,0.8515342043087373,0.762008043408854,0.10368491713591525
2024-11-01 11:00:00,0.04481188588740469,0.839060025434867,0.7229628167602711,0.09645108570782815
2024-11-01 12:00:00,0.03360891441555352,0.7816585675950212,0.6082956901957073,0.0723383142808711
2024-11-01 13:00:00,0.04257129159303446,0.8228334753888144,0.7031261172335008,0.09162853142243674
2024-11-01 14:00:00,0.04481188588740469,0.8343137669567835,0.7322529941186986,0.09645108570782815
2024-11-01 15:00:00,0.0392104001514791,0.8103592965149441,0.6733710679433454,0.08439469999434963
2024-11-01 16:00:00,0.022405942943702344,0.7432269828705665,0.5139302829137409,0.048225542853914075
2024-11-01 17:00:00,0.008962377177480938,0.7384112605578095,0.3580953796647516,0.01929021714156563
2024-11-01 18:00:00,0.005601485735925586,0.7306833401620226,0.29737307251317113,0.012056385713478519
2024-11-01 19:00:00,0.004481188588740469,0.6703848450360896,0.25751682276341875,0.009645108570782815
2024-11-01 20:00:00,0.0033608914415553517,0.5697364544085732,0.2252293858063515,0.007233831428087111
2024-11-01 21:00:00,0.0033608914415553517,0.5009393296323745,0.20767838896455434,0.007233831428087111
2024-11-01 22:00:00,0.0033608914415553517,0.4416347218123426,0.19322411790889965,0.007233831428087111
2024-11-01 23:00:00,0.0033608914415553517,0.4179337510158105,0.18358793720512984,0.007233831428087111
2024-11-02 00:00:00,0.019911836553721775,0.5080113903537132,0.38358490487429997,0.04285734054730077
2024-11-02 01:00:00,0.019911836553721775,0.4896949409675266,0.37427320374312745,0.04285734054730077
2024-11-02 02:00:00,0.019911836553721775,0.4805367162744333,0.3696173531775412,0.04285734054730077
2024-11-02 03:00:00,0.019911836553721775,0.4805367162744333,0.3696173531775412,0.04285734054730077
2024-11-02 04:00:00,0.019911836553721775,0.4896949409675266,0.37427320374312745,0.04285734054730077
2024-11-02 05:00:00,0.019911836553721775,0.5377885253023165,0.38824075543988623,0.04285734054730077
2024-11-02 06:00:00,0.019911836553721775,0.6280941171682124,0.4115200082678174,0.04285734054730077
2024-11-02 07:00:00,0.019911836553721775,0.6886225740855052,0.4301434105301625,0.04285734054730077
2024-11-02 08:00:00,0.019911836553721775,0.7249530048129275,0.4347992610957487,0.04285734054730077
2024-11-02 09:00:00,0.019911836553721775,0.7315063005917465,0.4347992610957487,0.04285734054730077
2024-11-02 10:00:00,0.019911836553721775,0.734782948481156,0.4347992610957487,0.04285734054730077
2024-11-02 11:00:00,0.019911836553721775,0.7380595963705655,0.4347992610957487,0.04285734054730077
2024-11-02 12:00:00,0.019911836553721775,0.7298120322683616,0.4347992610957487,0.04285734054730077
2024-11-02 13:00:00,0.019911836553721775,0.7265353843789519,0.4347992610957487,0.04285734054730077
2024-11-02 14:00:00,0.019911836553721775,0.7232587364895425,0.4347992610957487,0.04285734054730077
2024-11-02 15:00:00,0.019911836553721775,0.7232587364895425,0.4347992610957487,0.04285734054730077
2024-11-02 16:00:00,0.019911836553721775,0.7232587364895425,0.4347992610957487,0.04285734054730077
2024-11-02 17:00:00,0.019911836553721775,0.7232587364895425,0.4347992610957487,0.04285734054730077
2024-11-02 18:00:00,0.019911836553721775,0.707610742446827,0.4347992610957487,0.04285734054730077
2024-11-02 19:00:00,0.019911836553721775,0.6745569596088142,0.4301434105301625,0.04285734054730077
2024-11-02 20:00:00,0.019911836553721775,0.6290683041882985,0.42083170939898995,0.04285734054730077
2024-11-02 21:00:00,0.019911836553721775,0.5776980719640992,0.4068641577022312,0.04285734054730077
2024-11-02 22:00:00,0.019911836553721775,0.5354860644329931,0.3975524565710587,0.04285734054730077
2024-11-02 23:00:00,0.019911836553721775,0.5171696150468065,0.38824075543988623,0.04285734054730077
2024-11-03 00:00:00,0.01873118883669634,0.4831323389419054,0.3620618244154671,0.04031616755512418
2024-11-03 01:00:00,0.01873118883669634,0.46574495116801345,0.35322243884522736,0.04031616755512418
2024-11-03 02:00:00,0.01873118883669634,0.4570512572810675,0.3488027460601075,0.04031616755512418
2024-11-03 03:00:00,0.01873118883669634,0.4570512572810675,0.3488027460601075,0.04031616755512418
2024-11-03 04:00:00,0.01873118883669634,0.46574495116801345,0.35322243884522736,0.04031616755512418
2024-11-03 05:00:00,0.01873118883669634,0.5117512850809437,0.3664815172005869,0.04031616755512418
2024-11-03 06:00:00,0.01873118883669634,0.5981814188157044,0.3885799811261862,0.04031616755512418
2024-11-03 07:00:00,0.01873118883669634,0.655992606411427,0.40625875226666563,0.04031616755512418
2024-11-03 08:00:00,0.01873118883669634,0.690833872142158,0.41067844505178547,0.04031616755512418
2024-11-03 09:00:00,0.01873118883669634,0.6970561917338508,0.41067844505178547,0.04031616755512418
2024-11-03 10:00:00,0.01873118883669634,0.7001673515296972,0.41067844505178547,0.04031616755512418
2024-11-03 11:00:00,0.01873118883669634,0.7032785113255435,0.41067844505178547,0.04031616755512418
2024-11-03 12:00:00,0.01873118883669634,0.6953084104247066,0.41067844505178547,0.04031616755512418
2024-11-03 13:00:00,0.01873118883669634,0.6921972506288602,0.41067844505178547,0.04031616755512418
2024-11-03 14:00:00,0.01873118883669634,0.6890860908330139,0.41067844505178547,0.04031616755512418
2024-11-03 15:00:00,0.01873118883669634,0.6890860908330139,0.41067844505178547,0.04031616755512418
2024-11-03 16:00:00,0.01873118883669634,0.6890860908330139,0.41067844505178547,0.04031616755512418
2024-11-03 17:00:00,0.01873118883669634,0.6890860908330139,0.41067844505178547,0.04031616755512418
2024-11-03 18:00:00,0.01873118883669634,0.674019779685912,0.41067844505178547,0.04031616755512418
2024-11-03 19:00:00,0.01873118883669634,0.6422896737510274,0.40625875226666563,0.04031616755512418
2024-11-03 20:00:00,0.01873118883669634,0.5987547141333504,0.3974193666964259,0.04031616755512418
2024-11-03 21:00:00,0.01873118883669634,0.5496372204245739,0.38416028834106636,0.04031616755512418
2024-11-03 22:00:00,0.01873118883669634,0.5092134206027432,0.37532090277082664,0.04031616755512418
2024-11-03 23:00:00,0.01873118883669634,0.4918260328288513,0.3664815172005869,0.04031616755512418
2024-11-04 00:00:00,0.0026443604132916397,0.3474936136719689,0.14879664702544443,0.005691602301800631
2024-11-04 01:00:00,0.0026443604132916397,0.33200555425672806,0.14092284040846279,0.005691602301800631
2024-11-04 02:00:00,0.0026443604132916397,0.32426152454910767,0.136985937099972,0.005691602301800631
2024-11-04 03:00:00,0.0026443604132916397,0.32426152454910767,0.136985937099972,0.005691602301800631
2024-11-04 04:00:00,0.0026443604132916397,0.33200555425672806,0.14092284040846279,0.005691602301800631
2024-11-04 05:00:00,0.004407267355486065,0.39078639769238893,0.17470409303524337,0.009486003836334385
2024-11-04 06:00:00,0.013221802066458198,0.5393282163208116,0.2987935755882525,0.028458011509003154
2024-11-04 07:00:00,0.03085087148840246,0.6871478765031112,0.5109447816638598,0.0664020268543407
2024-11-04 08:00:00,0.039665406199374593,0.7323116470803436,0.6253735698379068,0.08537403452700947
2024-11-04 09:00:00,0.039665406199374593,0.7168235876651027,0.6247779405839133,0.08537403452700947
2024-11-04 10:00:00,0.03790249925718017,0.7000468038420359,0.6052334570036012,0.08157963299247571
2024-11-04 11:00:00,0.03525813884388852,0.6903795420796278,0.5745439092328812,0.07588803069067508
2024-11-04 12:00:00,0.026443604132916396,0.6452157715023954,0.48437571226879467,0.05691602301800631
2024-11-04 13:00:00,0.0334952319016941,0.6774649185534196,0.5589363289610599,0.07209362915614133
2024-11-04 14:00:00,0.03525813884388852,0.6864976726688661,0.5818220865958693,0.07588803069067508
2024-11-04 15:00:00,0.03085087148840246,0.6677976567910116,0.535524958553328,0.0664020268543407
2024-11-04 16:00:00,0.01762906942194426,0.6155597694543067,0.4102747142181791,0.03794401534533754
2024-11-04 17:00:00,0.007051627768777706,0.6150326217204095,0.2881121523892925,0.015177606138135015
2024-11-04 18:00:00,0.004407267355486065,0.6092472293687631,0.2404401907716002,0.009486003836334385
2024-11-04 19:00:00,0.003525813884388853,0.5588449232876843,0.20869539510523688,0.007588803069067508
2024-11-04 20:00:00,0.0026443604132916397,0.4741628781877292,0.18271793261436695,0.005691602301800631
2024-11-04 21:00:00,0.0026443604132916397,0.41663134093208865,0.1684811635678985,0.005691602301800631
2024-11-04 22:00:00,0.0026443604132916397,0.36686354249797143,0.15667045364242604,0.005691602301800631
2024-11-04 23:00:00,0.0026443604132916397,0.3474936136719689,0.14879664702544443,0.005691602301800631
2024-11-05 00:00:00,0.0019603989772217305,0.28025530075284727,0.11558677912665369,0.0042194744994362605
2024-11-05 01:00:00,0.0019603989772217305,0.2680763191088502,0.1093952386834244,0.0042194744994362605
2024-11-05 02:00:00,0.0019603989772217305,0.2619868282868517,0.10629946846180979,0.0042194744994362605
2024-11-05 03:00:00,0.0019603989772217305,0.2619868282868517,0.10629946846180979,0.0042194744994362605
2024-11-05 04:00:00,0.0019603989772217305,0.2680763191088502,0.1093952386834244,0.0042194744994362605
2024-11-05 05:00:00,0.003267331628702884,0.31541321716890414,0.13513489058442735,0.007032457499060435
2024-11-05 06:00:00,0.009801994886108653,0.4332331891405363,0.2284697847343316,0.021097372497181306
2024-11-05 07:00:00,0.02287132140092019,0.5469277933103894,0.38644373250917513,0.04922720249342304
2024-11-05 08:00:00,0.02940598465832596,0.5804101351369453,0.4710853606245502,0.06329211749154391
2024-11-05 09:00:00,0.02940598465832596,0.5682311534929483,0.4702514520941169,0.06329211749154391
2024-11-05 10:00:00,0.028099052006844802,0.5554451943056385,0.4555849881622232,0.06047913449191974
2024-11-05 11:00:00,0.026138653029623073,0.5484572625132627,0.43287131568400866,0.05625965999248348
2024-11-05 12:00:00,0.019603989772217306,0.5149749206867068,0.36608846061128686,0.04219474499436261
2024-11-05 13:00:00,0.024831720378141922,0.5387040233923607,0.42130062197372964,0.05344667699285931
2024-11-05 14:00:00,0.026138653029623073,0.5454004917576718,0.43822894759680464,0.05625965999248348
2024-11-05 15:00:00,0.02287132140092019,0.5317160915999848,0.4039445814083111,0.04922720249342304
2024-11-05 16:00:00,0.013069326514811536,0.49369561119333105,0.31133076228150625,0.02812982999624174
2024-11-05 17:00:00,0.005227730605924614,0.4972621028301638,0.2213099808990814,0.011251931998496697
2024-11-05 18:00:00,0.003267331628702884,0.4933309417933787,0.18609516729100958,0.007032457499060435
2024-11-05 19:00:00,0.002613865302962307,0.4523749979823881,0.16209312324969952,0.005625965999248348
2024-11-05 20:00:00,0.0019603989772217305,0.3829335554314686,0.14213881820383611,0.0042194744994362605
2024-11-05 21:00:00,0.0019603989772217305,0.3361555335363611,0.1310656302347269,0.0042194744994362605
2024-11-05 22:00:00,0.0019603989772217305,0.2954910531524352,0.12177831956988298,0.0042194744994362605
2024-11-05 23:00:00,0.0019603989772217305,0.28025530075284727,0.11558677912665369,0.0042194744994362605
2024-11-06 00:00:00,0.001634703055283679,0.24823705650564656,0.09977255631770576,0.0035184612602151334
2024-11-06 01:00:00,0.001634703055283679,0.23763382618128942,0.09438209500483474,0.0035184612602151334
2024-11-06 02:00:00,0.001634703055283679,0.23233221101911086,0.09168686434839925,0.0035184612602151334
2024-11-06 03:00:00,0.001634703055283679,0.23233221101911086,0.09168686434839925,0.0035184612602151334
2024-11-06 04:00:00,0.001634703055283679,0.23763382618128942,0.09438209500483474,0.0035184612602151334
2024-11-06 05:00:00,0.0027245050921394652,0.2795212264434353,0.11629241322689594,0.005864102100358555
2024-11-06 06:00:00,0.008173515276418396,0.38271174762611965,0.19498226528008367,0.017592306301075666
2024-11-06 07:00:00,0.019071535644976257,0.4801563251233793,0.32715751862599207,0.04104871470250989
2024-11-06 08:00:00,0.02452054582925519,0.5080760818305655,0.39761478480866624,0.052776918903227
2024-11-06 09:00:00,0.02452054582925519,0.4974728515062083,0.3966674099561187,0.052776918903227
2024-11-06 10:00:00,0.0234307437923994,0.4865872850025925,0.3843238125234719,0.050431278063083576
2024-11-06 11:00:00,0.021796040737115722,0.4808752246245176,0.3654081758988314,0.04691281680286844
2024-11-06 12:00:00,0.016347030552836792,0.4529554679173314,0.3097611979172356,0.03518461260215133
2024-11-06 13:00:00,0.020706238700259935,0.4726274066489994,0.3557598091226201,0.04456717596272502
2024-11-06 14:00:00,0.021796040737115722,0.4782113579904366,0.36985126235915494,0.04691281680286844
2024-11-06 15:00:00,0.019071535644976257,0.4669153462709245,0.3412872589583031,0.04104871470250989
2024-11-06 16:00:00,0.010898020368557861,0.43566505964048563,0.2642145946926145,0.02345640840143422
2024-11-06 17:00:00,0.004359208147423145,0.4411809033586184,0.18949942304659997,0.009382563360573689
2024-11-06 18:00:00,0.0027245050921394652,0.43813270961462447,0.1602165846812046,0.005864102100358555
2024-11-06 19:00:00,0.0021796040737115724,0.4016750335512948,0.1399015652232532,0.0046912816802868445
2024-11-06 20:00:00,0.001634703055283679,0.33949102078563037,0.12281543038929765,0.0035184612602151334
2024-11-06 21:00:00,0.001634703055283679,0.2978337204907766,0.11324870959988331,0.0035184612602151334
2024-11-06 22:00:00,0.001634703055283679,0.2615041534640847,0.10516301763057678,0.0035184612602151334
2024-11-06 23:00:00,0.001634703055283679,0.24823705650564656,0.09977255631770576,0.0035184612602151334
2024-11-07 00:00:00,0.0023838036757411977,0.3218790182742083,0.13614526877828606,0.005130791710423728
2024-11-07 01:00:00,0.0023838036757411977,0.30765155991467935,0.12891232546559103,0.005130791710423728
2024-11-07 02:00:00,0.0023838036757411977,0.3005378307349149,0.12529585380924355,0.005130791710423728
2024-11-07 03:00:00,0.0023838036757411977,0.3005378307349149,0.12529585380924355,0.005130791710423728
2024-11-07 04:00:00,0.0023838036757411977,0.30765155991467935,0.12891232546559103,0.005130791710423728
2024-11-07 05:00:00,0.00397300612623533,0.36207280511201373,0.15963011114921824,0.00855131951737288
2024-11-07 06:00:00,0.01191901837870599,0.49891106310927813,0.27200356002485404,0.02565395855211864
2024-11-07 07:00:00,0.02781104288364731,0.6337307019535029,0.4635158105573133,0.059859236621610155
2024-11-07 08:00:00,0.03575705513611797,0.6744444044352396,0.5665971091851996,0.07696187565635591
2024-11-07 09:00:00,0.03575705513611797,0.6602169460757106,0.5659107068735146,0.07696187565635591
2024-11-07 10:00:00,0.034167852685623834,0.6449604763995989,0.5482245164926001,0.07354134784940676
2024-11-07 11:00:00,0.03178404900988264,0.6363139117686315,0.5205733974047393,0.06841055613898304
2024-11-07 12:00:00,0.02383803675741198,0.5956002092868949,0.43931390211355364,0.05130791710423728
2024-11-07 13:00:00,0.030194846559388505,0.6246036251587305,0.5065036786801722,0.06499002833203389
2024-11-07 14:00:00,0.03178404900988264,0.6327463656550778,0.5271199384057494,0.06841055613898304
2024-11-07 15:00:00,0.02781104288364731,0.6159570605277632,0.4853991005933216,0.059859236621610155
2024-11-07 16:00:00,0.01589202450494132,0.5691353282120302,0.37258178014706567,0.03420527806949152
2024-11-07 17:00:00,0.006356809801976528,0.5701676621431732,0.2626637061073073,0.013682111227796608
2024-11-07 18:00:00,0.00397300612623533,0.5650886436257596,0.21973732468375615,0.00855131951737288
2024-11-07 19:00:00,0.003178404900988264,0.5182849517428096,0.19094214868407983,0.006841055613898304
2024-11-07 20:00:00,0.0023838036757411977,0.43940885047105843,0.16725922236273616,0.005130791710423728
2024-11-07 21:00:00,0.0023838036757411977,0.38597389049562103,0.1542276270600236,0.005130791710423728
2024-11-07 22:00:00,0.0023838036757411977,0.33967402274729097,0.1433782120909811,0.005130791710423728
2024-11-07 23:00:00,0.0023838036757411977,0.3218790182742083,0.13614526877828606,0.005130791710423728
2024-11-08 00:00:00,0.0021232469381907565,0.29626442287644766,0.12349389053112768,0.004569981119046825
2024-11-08 01:00:00,0.0021232469381907565,0.28329756557263064,0.11690181052271927,0.004569981119046825
2024-11-08 02:00:00,0.0021232469381907565,0.2768141369207222,0.11360577051851507,0.004569981119046825
2024-11-08 03:00:00,0.0021232469381907565,0.2768141369207222,0.11360577051851507,0.004569981119046825
2024-11-08 04:00:00,0.0021232469381907565,0.28329756557263064,0.11690181052271927,0.004569981119046825
2024-11-08 05:00:00,0.003538744896984594,0.33335921253163864,0.14455612926319306,0.007616635198411376
2024-11-08 06:00:00,0.010616234690953782,0.45849390989774474,0.24521354446145563,0.022849905595234126
2024-11-08 07:00:00,0.02477121427889216,0.5803135274038946,0.41608683945076674,0.05331644638887963
2024-11-08 08:00:00,0.03184870407286135,0.6165771617901356,0.5078206485324923,0.06854971678570239
2024-11-08 09:00:00,0.03184870407286135,0.6036103044863185,0.507043473163116,0.06854971678570239
2024-11-08 10:00:00,0.03043320611406751,0.5898741489571618,0.49121557598159893,0.06550306270633784
2024-11-08 11:00:00,0.028309959175876753,0.5822482814576353,0.4666028855765974,0.06093308158729101
2024-11-08 12:00:00,0.021232469381907565,0.5459846470713945,0.3942520919583125,0.04569981119046825
2024-11-08 13:00:00,0.026894461217082916,0.5717423317640414,0.45407102839928454,0.057886427507926455
2024-11-08 14:00:00,0.028309959175876753,0.5789950586412895,0.47241779021562963,0.06093308158729101
2024-11-08 15:00:00,0.02477121427889216,0.5641164642645149,0.4352732426333151,0.05331644638887963
2024-11-08 16:00:00,0.014154979587938377,0.5227108869697539,0.3348888460759522,0.030466540793645504
2024-11-08 17:00:00,0.005661991835175351,0.5253027025659367,0.23721525982532216,0.012186616317458201
2024-11-08 18:00:00,0.003538744896984594,0.520930057882756,0.1990344585959121,0.007616635198411376
2024-11-08 19:00:00,0.0028309959175876753,0.47772498019793486,0.17318890226292272,0.006093308158729101
2024-11-08 20:00:00,0.0021232469381907565,0.4046548227543878,0.15180051211110535,0.004569981119046825
2024-11-08 21:00:00,0.0021232469381907565,0.3553164400591534,0.13997409055214868,0.004569981119046825
2024-11-08 22:00:00,0.0021232469381907565,0.3124845029966105,0.13008597053953608,0.004569981119046825
2024-11-08 23:00:00,0.0021232469381907565,0.29626442287644766,0.12349389053112768,0.004569981119046825
2024-11-09 00:00:00,0.015189245685620028,0.40849518470648183,0.29749258303896847,0.03269264857859442
2024-11-09 01:00:00,0.015189245685620028,0.3938949817694741,0.2900701441515271,0.03269264857859442
2024-11-09 02:00:00,0.015189245685620028,0.3865948803009702,0.28635892470780644,0.03269264857859442
2024-11-09 03:00:00,0.015189245685620028,0.3865948803009702,0.28635892470780644,0.03269264857859442
2024-11-09 04:00:00,0.015189245685620028,0.3938949817694741,0.2900701441515271,0.03269264857859442
2024-11-09 05:00:00,0.015189245685620028,0.433639564416825,0.3012038024826891,0.03269264857859442
2024-11-09 06:00:00,0.015189245685620028,0.5084433237581801,0.3197598997012924,0.03269264857859442
2024-11-09 07:00:00,0.015189245685620028,0.558102703389192,0.3346047774761751,0.03269264857859442
2024-11-09 08:00:00,0.015189245685620028,0.5884764741298493,0.3383159969198958,0.03269264857859442
2024-11-09 09:00:00,0.015189245685620028,0.5937058651601634,0.3383159969198958,0.03269264857859442
2024-11-09 10:00:00,0.015189245685620028,0.5963205606753205,0.3383159969198958,0.03269264857859442
2024-11-09 11:00:00,0.015189245685620028,0.5989352561904775,0.3383159969198958,0.03269264857859442
2024-11-09 12:00:00,0.015189245685620028,0.5917975448937417,0.3383159969198958,0.03269264857859442
2024-11-09 13:00:00,0.015189245685620028,0.5891828493785847,0.3383159969198958,0.03269264857859442
2024-11-09 14:00:00,0.015189245685620028,0.5865681538634276,0.3383159969198958,0.03269264857859442
2024-11-09 15:00:00,0.015189245685620028,0.5865681538634276,0.3383159969198958,0.03269264857859442
2024-11-09 16:00:00,0.015189245685620028,0.5865681538634276,0.3383159969198958,0.03269264857859442
2024-11-09 17:00:00,0.015189245685620028,0.5865681538634276,0.3383159969198958,0.03269264857859442
2024-11-09 18:00:00,0.015189245685620028,0.5732468914031669,0.3383159969198958,0.03269264857859442
2024-11-09 19:00:00,0.015189245685620028,0.5454878161776667,0.3346047774761751,0.03269264857859442
2024-11-09 20:00:00,0.015189245685620028,0.5078139439685054,0.32718233858873375,0.03269264857859442
2024-11-09 21:00:00,0.015189245685620028,0.46545466580599754,0.31604868025757177,0.03269264857859442
2024-11-09 22:00:00,0.015189245685620028,0.4303954891119933,0.3086262413701304,0.03269264857859442
2024-11-09 23:00:00,0.015189245685620028,0.4157952861749856,0.3012038024826891,0.03269264857859442
2024-11-10 00:00:00,0.016960217261158185,0.4458137618241936,0.3297772037272178,0.036504408066859305
2024-11-10 01:00:00,0.016960217261158185,0.42981996646874376,0.32164629149837726,0.036504408066859305
2024-11-10 02:00:00,0.016960217261158185,0.4218230687910189,0.317580835383957,0.036504408066859305
2024-11-10 03:00:00,0.016960217261158185,0.4218230687910189,0.317580835383957,0.036504408066859305
2024-11-10 04:00:00,0.016960217261158185,0.42981996646874376,0.32164629149837726,0.036504408066859305
2024-11-10 05:00:00,0.016960217261158185,0.47269542474888426,0.333842659841638,0.036504408066859305
2024-11-10 06:00:00,0.016960217261158185,0.5533123712869422,0.35416994041373934,0.036504408066859305
2024-11-10 07:00:00,0.016960217261158185,0.6070476549003094,0.37043176487142043,0.036504408066859305
2024-11-10 08:00:00,0.016960217261158185,0.6396551731360036,0.37449722098584065,0.036504408066859305
2024-11-10 09:00:00,0.016960217261158185,0.6453810284470071,0.37449722098584065,0.036504408066859305
2024-11-10 10:00:00,0.016960217261158185,0.6482439561025087,0.37449722098584065,0.036504408066859305
2024-11-10 11:00:00,0.016960217261158185,0.6511068837580105,0.37449722098584065,0.036504408066859305
2024-11-10 12:00:00,0.016960217261158185,0.6435529776592241,0.37449722098584065,0.036504408066859305
2024-11-10 13:00:00,0.016960217261158185,0.6406900500037224,0.37449722098584065,0.036504408066859305
2024-11-10 14:00:00,0.016960217261158185,0.6378271223482207,0.37449722098584065,0.036504408066859305
2024-11-10 15:00:00,0.016960217261158185,0.6378271223482207,0.37449722098584065,0.036504408066859305
2024-11-10 16:00:00,0.016960217261158185,0.6378271223482207,0.37449722098584065,0.036504408066859305
2024-11-10 17:00:00,0.016960217261158185,0.6378271223482207,0.37449722098584065,0.036504408066859305
2024-11-10 18:00:00,0.016960217261158185,0.6236333355445394,0.37449722098584065,0.036504408066859305
2024-11-10 19:00:00,0.016960217261158185,0.5938887449643471,0.37043176487142043,0.036504408066859305
2024-11-10 20:00:00,0.016960217261158185,0.5532843290509278,0.3623008526425799,0.036504408066859305
2024-11-10 21:00:00,0.016960217261158185,0.5075459431152857,0.3501044842993191,0.036504408066859305
2024-11-10 22:00:00,0.016960217261158185,0.4698044548573682,0.34197357207047857,0.036504408066859305
2024-11-10 23:00:00,0.016960217261158185,0.4538106595019184,0.333842659841638,0.036504408066859305
2024-11-11 00:00:00,0.0033608914415553517,0.4179337510158105,0.18358793720512984,0.007233831428087111
2024-11-11 01:00:00,0.0033608914415553517,0.39897903869736184,0.17395175650136002,0.007233831428087111
2024-11-11 02:00:00,0.0033608914415553517,0.38950168253813755,0.16913366614947514,0.007233831428087111
2024-11-11 03:00:00,0.0033608914415553517,0.38950168253813755,0.16913366614947514,0.007233831428087111
2024-11-11 04:00:00,0.0033608914415553517,0.39897903869736184,0.17395175650136002,0.007233831428087111
2024-11-11 05:00:00,0.005601485735925586,0.46974877728842035,0.21615754322181244,0.012056385713478519
2024-11-11 06:00:00,0.01680445720777676,0.6504753876525283,0.37246611838759786,0.03616915714043555
2024-11-11 07:00:00,0.0392104001514791,0.8340451065145336,0.6413744522068625,0.08439469999434963
2024-11-11 08:00:00,0.050413371623330275,0.8914465643543794,0.7870088366328514,0.10850747142130666
2024-11-11 09:00:00,0.050413371623330275,0.8724918520359307,0.7866628332875091,0.10850747142130666
2024-11-11 10:00:00,0.04817277732896004,0.8515342043087373,0.762008043408854,0.10368491713591525
2024-11-11 11:00:00,0.04481188588740469,0.839060025434867,0.7229628167602711,0.09645108570782815
2024-11-11 12:00:00,0.03360891441555352,0.7816585675950212,0.6082956901957073,0.0723383142808711
2024-11-11 13:00:00,0.04257129159303446,0.8228334753888144,0.7031261172335008,0.09162853142243674
2024-11-11 14:00:00,0.04481188588740469,0.8343137669567835,0.7322529941186986,0.09645108570782815
2024-11-11 15:00:00,0.0392104001514791,0.8103592965149441,0.6733710679433454,0.08439469999434963
2024-11-11 16:00:00,0.022405942943702344,0.7432269828705665,0.5139302829137409,0.048225542853914075
2024-11-11 17:00:00,0.008962377177480938,0.7384112605578095,0.3580953796647516,0.01929021714156563
2024-11-11 18:00:00,0.005601485735925586,0.7306833401620226,0.29737307251317113,0.012056385713478519
2024-11-11 19:00:00,0.004481188588740469,0.6703848450360896,0.25751682276341875,0.009645108570782815
2024-11-11 20:00:00,0.0033608914415553517,0.5697364544085732,0.2252293858063515,0.007233831428087111
2024-11-11 21:00:00,0.0033608914415553517,0.5009393296323745,0.20767838896455434,0.007233831428087111
2024-11-11 22:00:00,0.0033608914415553517,0.4416347218123426,0.19322411790889965,0.007233831428087111
2024-11-11 23:00:00,0.0033608914415553517,0.4179337510158105,0.18358793720512984,0.007233831428087111
2024-11-12 00:00:00,0.004305409615175702,0.5107866593326927,0.2294491833510789,0.009266769821828382
2024-11-12 01:00:00,0.004305409615175702,0.4872622681872883,0.21748987316927015,0.009266769821828382
2024-11-12 02:00:00,0.004305409615175702,0.47550007261458616,0.21151021807836579,0.009266769821828382
2024-11-12 03:00:00,0.004305409615175702,0.47550007261458616,0.21151021807836579,0.009266769821828382
2024-11-12 04:00:00,0.004305409615175702,0.4872622681872883,0.21748987316927015,0.009266769821828382
2024-11-12 05:00:00,0.007175682691959503,0.5738355503922802,0.27080072755865353,0.01544461636971397
2024-11-12 06:00:00,0.02152704807587851,0.7969875680443368,0.46957992480491706,0.046333849109141914
2024-11-12 07:00:00,0.050229778843716516,1.0276823642568633,0.8133044724680937,0.10811231458799779
2024-11-12 08:00:00,0.06458114422763553,1.1012153189428815,1.0000735064989152,0.13900154732742573
2024-11-12 09:00:00,0.06458114422763553,1.077690927797477,1.0000565554877041,0.13900154732742573
2024-11-12 10:00:00,0.06171087115085173,1.0512221412875713,0.968665452761233,0.13282370077954014
2024-11-12 11:00:00,0.05740546153567602,1.0350479353122282,0.9186059221372854,0.12355693095771177
2024-11-12 12:00:00,0.04305409615175702,0.9615149806262101,0.7716447520084561,0.09266769821828383
2024-11-12 13:00:00,0.05453518845889222,1.0144556639445623,0.8931944745017187,0.11737908440982618
2024-11-12 14:00:00,0.05740546153567602,1.0291622548817658,0.930548281307883,0.12355693095771177
2024-11-12 15:00:00,0.050229778843716516,0.9982814579692191,0.8550773030483688,0.10811231458799779
2024-11-12 16:00:00,0.02870273076783801,0.9115155823738184,0.6505671689215272,0.06177846547885588
2024-11-12 17:00:00,0.011481092307135204,0.9010467390252915,0.4503459974369478,0.024711386191542353
2024-11-12 18:00:00,0.007175682691959503,0.8907582134804104,0.37242096208160574,0.01544461636971397
2024-11-12 19:00:00,0.005740546153567602,0.8174147418862605,0.32187234104011314,0.012355693095771177
2024-11-12 20:00:00,0.004305409615175702,0.6957198048815043,0.2812672104685131,0.009266769821828382
2024-11-12 21:00:00,0.004305409615175702,0.6120725874645696,0.2593474588056008,0.009266769821828382
2024-11-12 22:00:00,0.004305409615175702,0.5401967309085592,0.24140849353288768,0.009266769821828382
2024-11-12 23:00:00,0.004305409615175702,0.5107866593326927,0.2294491833510789,0.009266769821828382
2024-11-13 00:00:00,0.004468257576144727,0.526795781456293,0.23735629475555287,0.009617276441438947
2024-11-13 01:00:00,0.004468257576144727,0.5024835146510688,0.224996445008565,0.009617276441438947
2024-11-13 02:00:00,0.004468257576144727,0.49032738124845665,0.21881652013507108,0.009617276441438947
2024-11-13 03:00:00,0.004468257576144727,0.49032738124845665,0.21881652013507108,0.009617276441438947
2024-11-13 04:00:00,0.004468257576144727,0.5024835146510688,0.224996445008565,0.009617276441438947
2024-11-13 05:00:00,0.007447095960241213,0.5917815457550147,0.28022196623741924,0.01602879406906491
2024-11-13 06:00:00,0.022341287880723638,0.8222482888015453,0.48632368453204106,0.04808638220719473
2024-11-13 07:00:00,0.05212967172168849,1.0610680983503686,0.8429475794096852,0.11220155848345438
2024-11-13 08:00:00,0.06702386364217092,1.1373823455960717,1.0368087944068571,0.1442591466215842
2024-11-13 09:00:00,0.06702386364217092,1.1130700787908474,1.0368485765567033,0.1442591466215842
2024-11-13 10:00:00,0.06404502525807443,1.0856510959390946,1.0042960405806087,0.13784762899395822
2024-11-13 11:00:00,0.0595767676819297,1.0688389542566008,0.9523374920298742,0.12823035255251927
2024-11-13 12:00:00,0.044682575761447275,0.9925247070108978,0.7998083833554818,0.09617276441438946
2024-11-13 13:00:00,0.05659792929783322,1.047493972316243,0.9259648809272737,0.12181883492489332
2024-11-13 14:00:00,0.0595767676819297,1.0627568217653838,0.964737123926708,0.12823035255251927
2024-11-13 15:00:00,0.05212967172168849,1.0306818306337493,0.8864059642733729,0.11220155848345438
2024-11-13 16:00:00,0.02978838384096485,0.9405308581502413,0.6741252527159731,0.06411517627625964
2024-11-13 17:00:00,0.01191535353638594,0.9290873387610643,0.4662512763631885,0.025646070510503858
2024-11-13 18:00:00,0.007447095960241213,0.9183573295697878,0.3853602533865082,0.01602879406906491
2024-11-13 19:00:00,0.00595767676819297,0.8427647241018072,0.33296812005333637,0.012823035255251929
2024-11-13 20:00:00,0.004468257576144727,0.7174410722044235,0.29092890437578234,0.009617276441438947
2024-11-13 21:00:00,0.004468257576144727,0.631233493987362,0.2682559191230226,0.009617276441438947
2024-11-13 22:00:00,0.004468257576144727,0.5571901807527346,0.2497161445025408,0.009617276441438947
2024-11-13 23:00:00,0.004468257576144727,0.526795781456293,0.23735629475555287,0.009617276441438947
2024-11-14 00:00:00,0.004240270430788091,0.5043830104832525,0.22628633878928925,0.009126567173984157
2024-11-14 01:00:00,0.004240270430788091,0.4811737696017761,0.21448724443355216,0.009126567173984157
2024-11-14 02:00:00,0.004240270430788091,0.469569149161038,0.20858769725568363,0.009126567173984157
2024-11-14 03:00:00,0.004240270430788091,0.469569149161038,0.20858769725568363,0.009126567173984157
2024-11-14 04:00:00,0.004240270430788091,0.4811737696017761,0.21448724443355216,0.009126567173984157
2024-11-14 05:00:00,0.007067117384646817,0.5666571522471864,0.2670322320871472,0.015210945289973594
2024-11-14 06:00:00,0.021201352153940457,0.7868832797414533,0.4628824209140674,0.045632835869920785
2024-11-14 07:00:00,0.04946982169252773,1.0143280706194613,0.801447229691457,0.10647661702981516
2024-11-14 08:00:00,0.06360405646182136,1.0867485082816053,0.9853793913357383,0.13689850760976235
2024-11-14 09:00:00,0.06360405646182136,1.063539267400129,0.9853397470601043,0.13689850760976235
2024-11-14 10:00:00,0.06077720950796264,1.037450559426962,0.9544132176334826,0.1308141294937729
2024-11-14 11:00:00,0.05653693907717454,1.021531527734479,0.9051132941802498,0.12168756231978875
2024-11-14 12:00:00,0.042402704307880915,0.9491110900723349,0.7603792994696458,0.09126567173984157
2024-11-14 13:00:00,0.05371009212331582,1.0012403405958898,0.8800863119314967,0.11560318420379931
2024-11-14 14:00:00,0.05653693907717454,1.0157244281283186,0.9168727442603529,0.12168756231978875
2024-11-14 15:00:00,0.04946982169252773,0.9853213089034069,0.8425458385583671,0.10647661702981516
2024-11-14 16:00:00,0.02826846953858727,0.8999094720632492,0.6411439354037487,0.060843781159894375
2024-11-14 17:00:00,0.01130738781543491,0.8898304991309823,0.4439838858664515,0.02433751246395775
2024-11-14 18:00:00,0.007067117384646817,0.8797185670446594,0.3672452455596446,0.015210945289973594
2024-11-14 19:00:00,0.005653693907717455,0.8072747490000417,0.31743402943482385,0.012168756231978875
2024-11-14 20:00:00,0.004240270430788091,0.6870312979523366,0.27740253290560535,0.009126567173984157
2024-11-14 21:00:00,0.004240270430788091,0.6044082248554528,0.255784074678632,0.009126567173984157
2024-11-14 22:00:00,0.004240270430788091,0.5333993509708891,0.23808543314502637,0.009126567173984157
2024-11-14 23:00:00,0.004240270430788091,0.5043830104832525,0.22628633878928925,0.009126567173984157
2024-11-15 00:00:00,0.0043705487995633115,0.5171903081821329,0.23261202791286847,0.009406972469672608
2024-11-15 01:00:00,0.0043705487995633115,0.4933507667728005,0.22049250190498806,0.009406972469672608
2024-11-15 02:00:00,0.0043705487995633115,0.4814309960681344,0.2144327389010479,0.009406972469672608
2024-11-15 03:00:00,0.0043705487995633115,0.4814309960681344,0.2144327389010479,0.009406972469672608
2024-11-15 04:00:00,0.0043705487995633115,0.4933507667728005,0.22049250190498806,0.009406972469672608
2024-11-15 05:00:00,0.0072842479992721865,0.581013948537374,0.2745692230301598,0.015678287449454344
2024-11-15 06:00:00,0.02185274399781656,0.8070918563472202,0.4762774286957666,0.04703486234836304
2024-11-15 07:00:00,0.050989735994905305,1.0410366578942656,0.8251617152447303,0.10974801214618042
2024-11-15 08:00:00,0.06555823199344968,1.1156821296041577,1.014767621662092,0.1411045870450891
2024-11-15 09:00:00,0.06555823199344968,1.0918425881948253,1.0147733639153036,0.1411045870450891
2024-11-15 10:00:00,0.0626445327937408,1.0649937231481807,0.9829176878889833,0.13483327206530737
2024-11-15 11:00:00,0.05827398399417749,1.0485643428899774,0.9320985500943209,0.12542629959563475
2024-11-15 12:00:00,0.04370548799563312,0.9739188711800852,0.7829102045472663,0.09406972469672607
2024-11-15 13:00:00,0.05536028479446861,1.0276709872932348,0.9063026370719407,0.11915498461585303
2024-11-15 14:00:00,0.05827398399417749,1.042600081635213,0.944223818355413,0.12542629959563475
2024-11-15 15:00:00,0.050989735994905305,1.0112416070350312,0.8676087675383705,0.10974801214618042
2024-11-15 16:00:00,0.029136991997088746,0.9231216926843876,0.6599904024393055,0.06271314979781738
2024-11-15 17:00:00,0.0116547967988355,0.9122629789196007,0.4567081090074441,0.025085259919126954
2024-11-15 18:00:00,0.0072842479992721865,0.9017978599161615,0.3775966786035667,0.015678287449454344
2024-11-15 19:00:00,0.00582739839941775,0.8275547347724792,0.32631065264540243,0.012542629959563477
2024-11-15 20:00:00,0.0043705487995633115,0.704408311810672,0.2851318880314208,0.009406972469672608
2024-11-15 21:00:00,0.0043705487995633115,0.6197369500736866,0.2629108429325695,0.009406972469672608
2024-11-15 22:00:00,0.0043705487995633115,0.5469941108462294,0.2447315539207489,0.009406972469672608
2024-11-15 23:00:00,0.0043705487995633115,0.5171903081821329,0.23261202791286847,0.009406972469672608
2024-11-16 00:00:00,0.027782821333891358,0.6738717330990991,0.527072107933186,0.05979849382847803
2024-11-16 01:00:00,0.027782821333891358,0.6493615396309474,0.5146116363957949,0.05979849382847803
2024-11-16 02:00:00,0.027782821333891358,0.6371064428968718,0.5083814006270994,0.05979849382847803
2024-11-16 03:00:00,0.027782821333891358,0.6371064428968718,0.5083814006270994,0.05979849382847803
2024-11-16 04:00:00,0.027782821333891358,0.6493615396309474,0.5146116363957949,0.05979849382847803
2024-11-16 05:00:00,0.027782821333891358,0.7113701267781357,0.5333023437018816,0.05979849382847803
2024-11-16 06:00:00,0.027782821333891358,0.8275121061849333,0.5644535225453593,0.05979849382847803
2024-11-16 07:00:00,0.027782821333891358,0.9061556919126942,0.5893744656201415,0.05979849382847803
2024-11-16 08:00:00,0.027782821333891358,0.9524138892847247,0.595604701388837,0.05979849382847803
2024-11-16 09:00:00,0.027782821333891358,0.9611736929777186,0.595604701388837,0.05979849382847803
2024-11-16 10:00:00,0.027782821333891358,0.9655535948242157,0.595604701388837,0.05979849382847803
2024-11-16 11:00:00,0.027782821333891358,0.9699334966707125,0.595604701388837,0.05979849382847803
2024-11-16 12:00:00,0.027782821333891358,0.9598361778927281,0.595604701388837,0.05979849382847803
2024-11-16 13:00:00,0.027782821333891358,0.9554562760462312,0.595604701388837,0.05979849382847803
2024-11-16 14:00:00,0.027782821333891358,0.9510763741997341,0.595604701388837,0.05979849382847803
2024-11-16 15:00:00,0.027782821333891358,0.9510763741997341,0.595604701388837,0.05979849382847803
2024-11-16 16:00:00,0.027782821333891358,0.9510763741997341,0.595604701388837,0.05979849382847803
2024-11-16 17:00:00,0.027782821333891358,0.9510763741997341,0.595604701388837,0.05979849382847803
2024-11-16 18:00:00,0.027782821333891358,0.9315504941862607,0.595604701388837,0.05979849382847803
2024-11-16 19:00:00,0.027782821333891358,0.8896721986607271,0.5893744656201415,0.05979849382847803
2024-11-16 20:00:00,0.027782821333891358,0.8311589045546207,0.5769139940827503,0.05979849382847803
2024-11-16 21:00:00,0.027782821333891358,0.7647704155609356,0.5582232867766638,0.05979849382847803
2024-11-16 22:00:00,0.027782821333891358,0.7106370233013262,0.5457628152392726,0.05979849382847803
2024-11-16 23:00:00,0.027782821333891358,0.6861268298331747,0.5333023437018816,0.05979849382847803
2024-11-17 00:00:00,0.030144116767942226,0.7236298359227147,0.5701182688508517,0.0648808398128312
2024-11-17 01:00:00,0.030144116767942226,0.6972615192299737,0.556713166191595,0.0648808398128312
2024-11-17 02:00:00,0.030144116767942226,0.6840773608836033,0.5500106148619667,0.0648808398128312
2024-11-17 03:00:00,0.030144116767942226,0.6840773608836033,0.5500106148619667,0.0648808398128312
2024-11-17 04:00:00,0.030144116767942226,0.6972615192299737,0.556713166191595,0.0648808398128312
2024-11-17 05:00:00,0.030144116767942226,0.7634446072208814,0.5768208201804801,0.0648808398128312
2024-11-17 06:00:00,0.030144116767942226,0.8873375028899495,0.6103335768286218,0.0648808398128312
2024-11-17 07:00:00,0.030144116767942226,0.9714156272608508,0.6371437821471351,0.0648808398128312
2024-11-17 08:00:00,0.030144116767942226,1.020652154626264,0.6438463334767635,0.0648808398128312
2024-11-17 09:00:00,0.030144116767942226,1.0300739106935102,0.6438463334767635,0.0648808398128312
2024-11-17 10:00:00,0.030144116767942226,1.0347847887271333,0.6438463334767635,0.0648808398128312
2024-11-17 11:00:00,0.030144116767942226,1.0394956667607564,0.6438463334767635,0.0648808398128312
2024-11-17 12:00:00,0.030144116767942226,1.028843421580038,0.6438463334767635,0.0648808398128312
2024-11-17 13:00:00,0.030144116767942226,1.0241325435464148,0.6438463334767635,0.0648808398128312
2024-11-17 14:00:00,0.030144116767942226,1.0194216655127917,0.6438463334767635,0.0648808398128312
2024-11-17 15:00:00,0.030144116767942226,1.0194216655127917,0.6438463334767635,0.0648808398128312
2024-11-17 16:00:00,0.030144116767942226,1.0194216655127917,0.6438463334767635,0.0648808398128312
2024-11-17 17:00:00,0.030144116767942226,1.0194216655127917,0.6438463334767635,0.0648808398128312
2024-11-17 18:00:00,0.030144116767942226,0.9987324197080908,0.6438463334767635,0.0648808398128312
2024-11-17 19:00:00,0.030144116767942226,0.954206770376301,0.6371437821471351,0.0648808398128312
2024-11-17 20:00:00,0.030144116767942226,0.8917860846645173,0.6237386794878784,0.0648808398128312
2024-11-17 21:00:00,0.030144116767942226,0.8208921186399865,0.6036310254989934,0.0648808398128312
2024-11-17 22:00:00,0.030144116767942226,0.7631823109618261,0.5902259228397367,0.0648808398128312
2024-11-17 23:00:00,0.030144116767942226,0.7368139942690851,0.5768208201804801,0.0648808398128312
2024-11-18 00:00:00,0.00518478860440844,0.5972359188001347,0.2721475849352383,0.011159505567725426
2024-11-18 01:00:00,0.00518478860440844,0.5694569990917026,0.25802536110146224,0.011159505567725426
2024-11-18 02:00:00,0.00518478860440844,0.5555675392374866,0.2509642491845742,0.011159505567725426
2024-11-18 03:00:00,0.00518478860440844,0.5555675392374866,0.2509642491845742,0.011159505567725426
2024-11-18 04:00:00,0.00518478860440844,0.5694569990917026,0.25802536110146224,0.011159505567725426
2024-11-18 05:00:00,0.008641314340680734,0.6707439253510461,0.3216754164239883,0.018599175946209044
2024-11-18 06:00:00,0.0259239430220422,0.9333954601332619,0.5599962273313865,0.05579752783862713
2024-11-18 07:00:00,0.06048920038476513,1.207965328361791,0.9733772499526879,0.1301942316234633
2024-11-18 08:00:00,0.07777182906612659,1.2965172628701074,1.1984440612018017,0.1673925835158814
2024-11-18 09:00:00,0.07777182906612659,1.2687383431616752,1.198733469260299,0.1673925835158814
2024-11-18 10:00:00,0.07431530332985431,1.2371384964057959,1.1610706269858615,0.1599529131373978
2024-11-18 11:00:00,0.06913051472544587,1.21751943761184,1.100756399557264,0.14879340756967235
2024-11-18 12:00:00,0.0518478860440844,1.1289675031035236,0.9237283612823944,0.11159505567725427
2024-11-18 13:00:00,0.06567398898917358,1.1928625291516377,1.0701546691997146,0.14135373719118874
2024-11-18 14:00:00,0.06913051472544587,1.210572916053301,1.1151680314495371,0.14879340756967235
2024-11-18 15:00:00,0.06048920038476513,1.1732434703576817,1.0242520736633902,0.1301942316234633
2024-11-18 16:00:00,0.03456525736272294,1.0681980715665012,0.7777808214115349,0.07439670378483618
2024-11-18 17:00:00,0.013826102945089173,1.0524659775984644,0.5362345036386477,0.02975868151393447
2024-11-18 18:00:00,0.008641314340680734,1.0397934403630473,0.44229313512807916,0.018599175946209044
2024-11-18 19:00:00,0.006913051472544587,0.9543046458502125,0.3817895477115182,0.014879340756967235
2024-11-18 20:00:00,0.00518478860440844,0.8130146484252676,0.3334403575677669,0.011159505567725426
2024-11-18 21:00:00,0.00518478860440844,0.7155414826876478,0.3074531445196784,0.011159505567725426
2024-11-18 22:00:00,0.00518478860440844,0.6319613600671057,0.28626980876901437,0.011159505567725426
2024-11-18 23:00:00,0.00518478860440844,0.5972359188001347,0.2721475849352383,0.011159505567725426
2024-11-19 00:00:00,0.005445345341958881,0.6228505141978952,0.2847989631823966,0.011720316159102328
2024-11-19 01:00:00,0.005445345341958881,0.5938109934337512,0.27003587604433393,0.011720316159102328
2024-11-19 02:00:00,0.005445345341958881,0.5792912330516792,0.2626543324753027,0.011720316159102328
2024-11-19 03:00:00,0.005445345341958881,0.5792912330516792,0.2626543324753027,0.011720316159102328
2024-11-19 04:00:00,0.005445345341958881,0.5938109934337512,0.27003587604433393,0.011720316159102328
2024-11-19 05:00:00,0.009075575569931469,0.6994575179314212,0.3367493983100134,0.019533860265170545
2024-11-19 06:00:00,0.027226726709794404,0.9738126133447953,0.5867862428947849,0.05860158079551164
2024-11-19 07:00:00,0.06352902898952029,1.2613825029113992,1.0208062210592344,0.13673702185619382
2024-11-19 08:00:00,0.08168018012938322,1.3543845055152113,1.257220521854509,0.17580474238653493
2024-11-19 09:00:00,0.08168018012938322,1.3253449847510672,1.2576007029706975,0.17580474238653493
2024-11-19 10:00:00,0.07804994990141062,1.292224823848233,1.2180795674968625,0.1679911982804667
2024-11-19 11:00:00,0.07260460455945175,1.271585067922836,1.1547269113854057,0.15627088212136436
2024-11-19 12:00:00,0.05445345341958881,1.178583065319024,0.9687901714376354,0.11720316159102329
2024-11-19 13:00:00,0.06897437433147915,1.2457238225463267,1.122587319480602,0.14845733801529615
2024-11-19 14:00:00,0.07260460455945175,1.2643242230670892,1.169870179639657,0.15627088212136436
2024-11-19 15:00:00,0.06352902898952029,1.22508406662093,1.0743779316233966,0.13673702185619382
2024-11-19 16:00:00,0.036302302279725876,1.1146225128087774,0.8154737554826482,0.07813544106068218
2024-11-19 17:00:00,0.014520920911890351,1.0973309371757007,0.5616829499206328,0.031254176424272875
2024-11-19 18:00:00,0.009075575569931469,1.0839520261060507,0.46299600121592316,0.019533860265170545
2024-11-19 19:00:00,0.0072604604559451755,0.9948646173950871,0.39954279413267524,0.015627088212136438
2024-11-19 20:00:00,0.005445345341958881,0.8477686761419383,0.3488990678193976,0.011720316159102328
2024-11-19 21:00:00,0.005445345341958881,0.7461989331241153,0.3217066810275533,0.011720316159102328
2024-11-19 22:00:00,0.005445345341958881,0.6591508798177862,0.2995620503204593,0.011720316159102328
2024-11-19 23:00:00,0.005445345341958881,0.6228505141978952,0.2847989631823966,0.011720316159102328
2024-11-20 00:00:00,0.005640762895121713,0.6420614607462157,0.29428749686776545,0.012140924102635007
2024-11-20 01:00:00,0.005640762895121713,0.6120764891902878,0.2790437622514878,0.012140924102635007
2024-11-20 02:00:00,0.005640762895121713,0.5970840034123238,0.27142189494334906,0.012140924102635007
2024-11-20 03:00:00,0.005640762895121713,0.5970840034123238,0.27142189494334906,0.012140924102635007
2024-11-20 04:00:00,0.005640762895121713,0.6120764891902878,0.2790437622514878,0.012140924102635007
2024-11-20 05:00:00,0.00940127149186952,0.7209927123667026,0.34805488472453233,0.020234873504391678
2024-11-20 06:00:00,0.028203814475608564,1.0041254782534454,0.6068787545673338,0.06070462051317503
2024-11-20 07:00:00,0.06580890044308665,1.3014453838236055,1.0563779493891443,0.14164411453074174
2024-11-20 08:00:00,0.0846114434268257,1.3977849374990396,1.3013028673440397,0.1821138615395251
2024-11-20 09:00:00,0.0846114434268257,1.3677999659431115,1.3017511282534966,0.1821138615395251
2024-11-20 10:00:00,0.08085093483007788,1.333539569430061,1.2608362728801135,0.17401991213776843
2024-11-20 11:00:00,0.07521017193495616,1.3121342906560833,1.1952047952565124,0.16187898803513343
2024-11-20 12:00:00,0.05640762895121713,1.2157947369806494,1.0025865290540663,0.12140924102635006
2024-11-20 13:00:00,0.07144966333820837,1.285369792592344,1.1619118071912682,0.15378503863337675
2024-11-20 14:00:00,0.07521017193495616,1.3046377033274308,1.210896790782247,0.16187898803513343
2024-11-20 15:00:00,0.06580890044308665,1.2639645138183664,1.1119723250934015,0.14164411453074174
2024-11-20 16:00:00,0.03760508596747808,1.1494408437404848,0.8437434560359836,0.08093949401756671
2024-11-20 17:00:00,0.015042034386991235,1.1309796568586281,0.5807692846321217,0.032375797607026684
2024-11-20 18:00:00,0.00940127149186952,1.1170709654133035,0.47852315078180624,0.020234873504391678
2024-11-20 19:00:00,0.007521017193495618,1.0252845960537433,0.41285772894854317,0.016187898803513342
2024-11-20 20:00:00,0.005640762895121713,0.8738341969294413,0.3604931005081208,0.012140924102635007
2024-11-20 21:00:00,0.005640762895121713,0.7691920209514662,0.3323968334084595,0.012140924102635007
2024-11-20 22:00:00,0.005640762895121713,0.6795430196307966,0.3095312314840431,0.012140924102635007
2024-11-20 23:00:00,0.005640762895121713,0.6420614607462157,0.29428749686776545,0.012140924102635007
2024-11-21 00:00:00,0.005803610856090739,0.6580705828698162,0.30219460827223943,0.012491430722245572
2024-11-21 01:00:00,0.005803610856090739,0.6272977356540682,0.2865503340907827,0.012491430722245572
2024-11-21 02:00:00,0.005803610856090739,0.6119113120461943,0.2787281970000543,0.012491430722245572
2024-11-21 03:00:00,0.005803610856090739,0.6119113120461943,0.2787281970000543,0.012491430722245572
2024-11-21 04:00:00,0.005803610856090739,0.6272977356540682,0.2865503340907827,0.012491430722245572
2024-11-21 05:00:00,0.009672684760151233,0.7389387077294371,0.35747612340329804,0.020819051203742618
2024-11-21 06:00:00,0.029018054280453696,1.0293861990106539,0.6236225142944577,0.06245715361122786
2024-11-21 07:00:00,0.06770879332105863,1.3348311179171106,1.086021056330736,0.14573335842619833
2024-11-21 08:00:00,0.08705416284136108,1.4339519641522296,1.3380381552519816,0.18737146083368358
2024-11-21 09:00:00,0.08705416284136108,1.4031791169364818,1.3385431493224957,0.18737146083368358
2024-11-21 10:00:00,0.08318508893730059,1.367968524081584,1.2964668606994894,0.17904384035218654
2024-11-21 11:00:00,0.07738147808120986,1.345925309600456,1.228936365149101,0.16655240962994095
2024-11-21 12:00:00,0.05803610856090739,1.2468044633653372,1.030750160401092,0.12491430722245572
2024-11-21 13:00:00,0.07351240417714935,1.3184081009640245,1.194682213616823,0.1582247891484439
2024-11-21 14:00:00,0.07738147808120986,1.3382322702110483,1.245085633401072,0.16655240962994095
2024-11-21 15:00:00,0.06770879332105863,1.2963648864828967,1.1433009863184056,0.14573335842619833
2024-11-21 16:00:00,0.03869073904060493,1.1784561195169077,0.8673015398304295,0.08327620481497047
2024-11-21 17:00:00,0.015476295616241972,1.159020256594401,0.5966745635583626,0.03331048192598819
2024-11-21 18:00:00,0.009672684760151233,1.144670081502681,0.49146244208670875,0.020819051203742618
2024-11-21 19:00:00,0.007738147808120986,1.05063457826929,0.42395350796176634,0.016655240962994096
2024-11-21 20:00:00,0.005803610856090739,0.8955554642523604,0.37015479441539,0.012491430722245572
2024-11-21 21:00:00,0.005803610856090739,0.7883529274742586,0.3413052937258813,0.012491430722245572
2024-11-21 22:00:00,0.005803610856090739,0.6965364694749719,0.31783888245369624,0.012491430722245572
2024-11-21 23:00:00,0.005803610856090739,0.6580705828698162,0.30219460827223943,0.012491430722245572
2024-11-22 00:00:00,0.004500827168338533,0.5299976058810132,0.23893771703644764,0.00968737776536106
2024-11-22 01:00:00,0.004500827168338533,0.5055277639438248,0.22649775937642394,0.00968737776536106
2024-11-22 02:00:00,0.004500827168338533,0.49329284297523074,0.22027778054641212,0.00968737776536106
2024-11-22 03:00:00,0.004500827168338533,0.49329284297523074,0.22027778054641212,0.00968737776536106
2024-11-22 04:00:00,0.004500827168338533,0.5055277639438248,0.22649775937642394,0.00968737776536106
2024-11-22 05:00:00,0.007501378613897554,0.5953707448275616,0.28210621397317237,0.0161456296089351
2024-11-22 06:00:00,0.02250413584169266,0.8273004329529869,0.48967243647746583,0.048436888826805295
2024-11-22 07:00:00,0.052509650297282884,1.0677452451690697,0.8488762007980036,0.1130194072625457
2024-11-22 08:00:00,0.06751240752507799,1.1446157509267096,1.0441558519884455,0.1453106664804159
2024-11-22 09:00:00,0.06751240752507799,1.1201459089895212,1.044206980770503,0.1453106664804159
2024-11-22 10:00:00,0.06451185607951897,1.0925368868693992,1.0114221581444838,0.13885241463684186
2024-11-22 11:00:00,0.06001102891118043,1.0755971580454753,0.9590838060083918,0.1291650368714808
2024-11-22 12:00:00,0.04500827168338532,0.9987266522878353,0.8054411096248869,0.09687377765361059
2024-11-22 13:00:00,0.05701047746562141,1.054101633990579,0.9325189622123846,0.12270678502790676
2024-11-22 14:00:00,0.06001102891118043,1.0694757351421071,0.9715748924504729,0.1291650368714808
2024-11-22 15:00:00,0.052509650297282884,1.0371619051666552,0.8926716965183736,0.1130194072625457
2024-11-22 16:00:00,0.030005514455590215,0.9463339133055257,0.6788368694748623,0.0645825184357404
2024-11-22 17:00:00,0.012002205782236087,0.9346954587082189,0.4694323321484367,0.025833007374296158
2024-11-22 18:00:00,0.007501378613897554,0.9238771527876631,0.3879481116474887,0.0161456296089351
2024-11-22 19:00:00,0.006001102891118043,0.8478347205449165,0.335187275855981,0.012916503687148079
2024-11-22 20:00:00,0.004500827168338533,0.7217853256690073,0.29286124315723616,0.00968737776536106
2024-11-22 21:00:00,0.004500827168338533,0.6350656752919205,0.27003761118650693,0.00968737776536106
2024-11-22 22:00:00,0.004500827168338533,0.5605888707215696,0.2513776746964714,0.00968737776536106
2024-11-22 23:00:00,0.004500827168338533,0.5299976058810132,0.23893771703644764,0.00968737776536106
2024-11-23 00:00:00,0.02660217361686592,0.6489926816872912,0.5055490274743532,0.057257320836301445
2024-11-23 01:00:00,0.02660217361686592,0.6254115498314343,0.4935608714978948,0.057257320836301445
2024-11-23 02:00:00,0.02660217361686592,0.613620983903506,0.48756679350966564,0.057257320836301445
2024-11-23 03:00:00,0.02660217361686592,0.613620983903506,0.48756679350966564,0.057257320836301445
2024-11-23 04:00:00,0.02660217361686592,0.6254115498314343,0.4935608714978948,0.057257320836301445
2024-11-23 05:00:00,0.02660217361686592,0.6853328865567628,0.5115431054625822,0.057257320836301445
2024-11-23 06:00:00,0.02660217361686592,0.7975994078324252,0.5415134954037281,0.057257320836301445
2024-11-23 07:00:00,0.02660217361686592,0.8735257242386159,0.5654898073566447,0.057257320836301445
2024-11-23 08:00:00,0.02660217361686592,0.9182947566139552,0.5714838853448738,0.057257320836301445
2024-11-23 09:00:00,0.02660217361686592,0.9267235841198228,0.5714838853448738,0.057257320836301445
2024-11-23 10:00:00,0.02660217361686592,0.9309379978727567,0.5714838853448738,0.057257320836301445
2024-11-23 11:00:00,0.02660217361686592,0.9351524116256904,0.5714838853448738,0.057257320836301445
2024-11-23 12:00:00,0.02660217361686592,0.925332556049073,0.5714838853448738,0.057257320836301445
2024-11-23 13:00:00,0.02660217361686592,0.9211181422961393,0.5714838853448738,0.057257320836301445
2024-11-23 14:00:00,0.02660217361686592,0.9169037285432055,0.5714838853448738,0.057257320836301445
2024-11-23 15:00:00,0.02660217361686592,0.9169037285432055,0.5714838853448738,0.057257320836301445
2024-11-23 16:00:00,0.02660217361686592,0.9169037285432055,0.5714838853448738,0.057257320836301445
2024-11-23 17:00:00,0.02660217361686592,0.9169037285432055,0.5714838853448738,0.057257320836301445
2024-11-23 18:00:00,0.02660217361686592,0.8979595314253456,0.5714838853448738,0.057257320836301445
2024-11-23 19:00:00,0.02660217361686592,0.8574049128029402,0.5654898073566447,0.057257320836301445
2024-11-23 20:00:00,0.02660217361686592,0.8008453144996724,0.5535016513801864,0.057257320836301445
2024-11-23 21:00:00,0.02660217361686592,0.7367095640214102,0.5355194174154989,0.057257320836301445
2024-11-23 22:00:00,0.02660217361686592,0.6843643794710762,0.5235312614390405,0.057257320836301445
2024-11-23 23:00:00,0.02660217361686592,0.6607832476152194,0.5115431054625822,0.057257320836301445
2024-11-24 00:00:00,0.030340891387446473,0.7277763444913494,0.573705448927324,0.06530436864486065
2024-11-24 01:00:00,0.030340891387446473,0.7012531841965594,0.5602216270079118,0.06530436864486065
2024-11-24 02:00:00,0.030340891387446473,0.6879916040491643,0.5534797160482057,0.06530436864486065
2024-11-24 03:00:00,0.030340891387446473,0.6879916040491643,0.5534797160482057,0.06530436864486065
2024-11-24 04:00:00,0.030340891387446473,0.7012531841965594,0.5602216270079118,0.06530436864486065
2024-11-24 05:00:00,0.030340891387446473,0.767784147257777,0.58044735988703,0.06530436864486065
2024-11-24 06:00:00,0.030340891387446473,0.8923229526153675,0.6141569146855603,0.06530436864486065
2024-11-24 07:00:00,0.030340891387446473,0.9768539552065306,0.6411245585243848,0.06530436864486065
2024-11-24 08:00:00,0.030340891387446473,1.0263386767380591,0.6478664694840908,0.06530436864486065
2024-11-24 09:00:00,0.030340891387446473,1.0358155955031596,0.6478664694840908,0.06530436864486065
2024-11-24 10:00:00,0.030340891387446473,1.04055405488571,0.6478664694840908,0.06530436864486065
2024-11-24 11:00:00,0.030340891387446473,1.0452925142682603,0.6478664694840908,0.06530436864486065
2024-11-24 12:00:00,0.030340891387446473,1.0345940252206474,0.6478664694840908,0.06530436864486065
2024-11-24 13:00:00,0.030340891387446473,1.029855565838097,0.6478664694840908,0.06530436864486065
2024-11-24 14:00:00,0.030340891387446473,1.0251171064555467,0.6478664694840908,0.06530436864486065
2024-11-24 15:00:00,0.030340891387446473,1.0251171064555467,0.6478664694840908,0.06530436864486065
2024-11-24 16:00:00,0.030340891387446473,1.0251171064555467,0.6478664694840908,0.06530436864486065
2024-11-24 17:00:00,0.030340891387446473,1.0251171064555467,0.6478664694840908,0.06530436864486065
2024-11-24 18:00:00,0.030340891387446473,1.0043309135015768,0.6478664694840908,0.06530436864486065
2024-11-24 19:00:00,0.030340891387446473,0.9595846513525988,0.6411245585243848,0.06530436864486065
2024-11-24 20:00:00,0.030340891387446473,0.8968383496736754,0.6276407366049725,0.06530436864486065
2024-11-24 21:00:00,0.030340891387446473,0.8255689272299075,0.6074150037258543,0.06530436864486065
2024-11-24 22:00:00,0.030340891387446473,0.7675610849335345,0.5939311818064421,0.06530436864486065
2024-11-24 23:00:00,0.030340891387446473,0.7410379246387444,0.58044735988703,0.06530436864486065
2024-11-25 00:00:00,0.00498937105124561,0.5780249722518143,0.26265905124986955,0.01073889762419275
2024-11-25 01:00:00,0.00498937105124561,0.5511915033351661,0.24901747489430842,0.01073889762419275
2024-11-25 02:00:00,0.00498937105124561,0.5377747688768421,0.24219668671652791,0.01073889762419275
2024-11-25 03:00:00,0.00498937105124561,0.5377747688768421,0.24219668671652791,0.01073889762419275
2024-11-25 04:00:00,0.00498937105124561,0.5511915033351661,0.24901747489430842,0.01073889762419275
2024-11-25 05:00:00,0.008315618418742681,0.6492087309157648,0.31036993000946944,0.017898162706987915
2024-11-25 06:00:00,0.024946855256228046,0.9030825952246119,0.5399037156588378,0.053694488120963745
2024-11-25 07:00:00,0.058209328931198775,1.167902447449585,0.9378055216227781,0.1252871389489154
2024-11-25 08:00:00,0.07484056576868414,1.2531168308862795,1.1543617157122714,0.16108346436289125
2024-11-25 09:00:00,0.07484056576868414,1.2262833619696312,1.1545830439775,0.16108346436289125
2024-11-25 10:00:00,0.07151431840118706,1.1958237508239684,1.1183139216026108,0.15392419928009607
2024-11-25 11:00:00,0.06652494734994145,1.176970214878593,1.0602785156861576,0.14318530165590332
2024-11-25 12:00:00,0.04989371051245609,1.0917558314418985,0.8899320036659637,0.10738897624192749
2024-11-25 13:00:00,0.06319869998244437,1.1532165591056212,1.0308301814890488,0.13602603657310816
2024-11-25 14:00:00,0.06652494734994145,1.17025943579296,1.0741414203069475,0.14318530165590332
2024-11-25 15:00:00,0.058209328931198775,1.1343630231602457,0.9866576801933855,0.1252871389489154
2024-11-25 16:00:00,0.033262473674970726,1.0333797406347938,0.7495111208581998,0.07159265082795166
2024-11-25 17:00:00,0.013304989469988291,1.018817257915537,0.5171481689271588,0.028637060331180665
2024-11-25 18:00:00,0.008315618418742681,1.0066745010557947,0.42676598556219614,0.017898162706987915
2024-11-25 19:00:00,0.0066524947349941455,0.9238846671915566,0.3684746128956505,0.014318530165590333
2024-11-25 20:00:00,0.00498937105124561,0.7869491276377647,0.32184632487904385,0.01073889762419275
2024-11-25 21:00:00,0.00498937105124561,0.6925483948602972,0.29676299213877233,0.01073889762419275
2024-11-25 22:00:00,0.00498937105124561,0.6115692202540954,0.27630062760543067,0.01073889762419275
2024-11-25 23:00:00,0.00498937105124561,0.5780249722518143,0.26265905124986955,0.01073889762419275
2024-11-26 00:00:00,0.004793953498082779,0.5588140257034938,0.2531705175645008,0.010318289680660075
2024-11-26 01:00:00,0.004793953498082779,0.5329260075786295,0.24000958868715463,0.010318289680660075
2024-11-26 02:00:00,0.004793953498082779,0.5199819985161975,0.2334291242484816,0.010318289680660075
2024-11-26 03:00:00,0.004793953498082779,0.5199819985161975,0.2334291242484816,0.010318289680660075
2024-11-26 04:00:00,0.004793953498082779,0.5329260075786295,0.24000958868715463,0.010318289680660075
2024-11-26 05:00:00,0.007989922496804632,0.6276735364804835,0.29906444359495066,0.01719714946776679
2024-11-26 06:00:00,0.023969767490413893,0.872769730315962,0.519811203986289,0.05159144840330037
2024-11-26 07:00:00,0.05592945747763242,1.1278395665373788,0.9022337932928683,0.12038004627436753
2024-11-26 08:00:00,0.07190930247124169,1.2097163989024515,1.1102793702227411,0.1547743452099011
2024-11-26 09:00:00,0.07190930247124169,1.1838283807775871,1.1104326186947013,0.1547743452099011
2024-11-26 10:00:00,0.06871333347251983,1.1545090052421407,1.07555721621936,0.1478954854227944
2024-11-26 11:00:00,0.06391937997443706,1.1364209921453459,1.0198006318150514,0.1375771957421343
2024-11-26 12:00:00,0.047939534980827786,1.0545441597802732,0.856135646049533,0.10318289680660074
2024-11-26 13:00:00,0.0607234109757152,1.1135705890596044,0.9915056937783832,0.1306983359550276
2024-11-26 14:00:00,0.06391937997443706,1.1299459555326188,1.0331148091643576,0.1375771957421343
2024-11-26 15:00:00,0.05592945747763242,1.0954825759628095,0.9490632867233808,0.12038004627436753
2024-11-26 16:00:00,0.03195968998721853,0.9985614097030865,0.7212414203048648,0.06878859787106716
2024-11-26 17:00:00,0.01278387599488741,0.9851685382326097,0.49806183421567,0.027515439148426864
2024-11-26 18:00:00,0.007989922496804632,0.973555561748542,0.4112388359963132,0.01719714946776679
2024-11-26 19:00:00,0.006391937997443705,0.8934646885329005,0.35515967807978266,0.013757719574213432
2024-11-26 20:00:00,0.004793953498082779,0.7608836068502618,0.31025229219032074,0.010318289680660075
2024-11-26 21:00:00,0.004793953498082779,0.6695553070329464,0.2860728397578662,0.010318289680660075
2024-11-26 22:00:00,0.004793953498082779,0.5911770804410851,0.266331446441847,0.010318289680660075
2024-11-26 23:00:00,0.004793953498082779,0.5588140257034938,0.2531705175645008,0.010318289680660075
2024-11-27 00:00:00,0.005152219012214636,0.5940340943754147,0.2705661626543436,0.011089404243803315
2024-11-27 01:00:00,0.005152219012214636,0.5664127497989465,0.2565240467336033,0.011089404243803315
2024-11-27 02:00:00,0.005152219012214636,0.5526020775107126,0.24950298877323324,0.011089404243803315
2024-11-27 03:00:00,0.005152219012214636,0.5526020775107126,0.24950298877323324,0.011089404243803315
2024-11-27 04:00:00,0.005152219012214636,0.5664127497989465,0.2565240467336033,0.011089404243803315
2024-11-27 05:00:00,0.008587031687024392,0.6671547262784994,0.3197911686882352,0.01848234040633886
2024-11-27 06:00:00,0.02576109506107318,0.9283433159818203,0.5566474753859618,0.055447021219016575
2024-11-27 07:00:00,0.06010922180917075,1.20128818154309,0.9674486285643699,0.129376382844372
2024-11-27 08:00:00,0.07728328518321953,1.2892838575394696,1.1910970036202135,0.16634106365704973
2024-11-27 09:00:00,0.07728328518321953,1.2616625129630015,1.1913750650464994,0.16634106365704973
2024-11-27 10:00:00,0.07384847250840978,1.2302527054754915,1.1539445094219867,0.15894812749451417
2024-11-27 11:00:00,0.06869625349619514,1.2107612338229656,1.0940100855787465,0.14785872325071087
2024-11-27 12:00:00,0.05152219012214636,1.1227655578265863,0.9180956350129894,0.11089404243803315
2024-11-27 13:00:00,0.06526144082138538,1.186254867477302,1.0636005879146038,0.1404657870881753
2024-11-27 14:00:00,0.06869625349619514,1.2038540026765778,1.1083302629257725,0.14785872325071087
2024-11-27 15:00:00,0.06010922180917075,1.166763395824776,1.0179863414183896,0.129376382844372
2024-11-27 16:00:00,0.03434812674809757,1.0623950164112168,0.7730692046526458,0.07392936162535543
2024-11-27 17:00:00,0.01373925069923903,1.04685785765131,0.5330534478533996,0.029571744650142173
2024-11-27 18:00:00,0.008587031687024392,1.0342736171451719,0.43970527686709876,0.01848234040633886
2024-11-27 19:00:00,0.006869625349619515,0.9492346494071032,0.3795703919088737,0.014785872325071087
2024-11-27 20:00:00,0.005152219012214636,0.8086703949606839,0.33150801878631314,0.011089404243803315
2024-11-27 21:00:00,0.005152219012214636,0.7117093013830894,0.30567145245619415,0.011089404243803315
2024-11-27 22:00:00,0.005152219012214636,0.6285626700982708,0.2846082785750838,0.011089404243803315
2024-11-27 23:00:00,0.005152219012214636,0.5940340943754147,0.2705661626543436,0.011089404243803315
2024-11-28 00:00:00,0.0043705487995633115,0.5171903081821329,0.23261202791286847,0.009406972469672608
2024-11-28 01:00:00,0.0043705487995633115,0.4933507667728005,0.22049250190498806,0.009406972469672608
2024-11-28 02:00:00,0.0043705487995633115,0.4814309960681344,0.2144327389010479,0.009406972469672608
2024-11-28 03:00:00,0.0043705487995633115,0.4814309960681344,0.2144327389010479,0.009406972469672608
2024-11-28 04:00:00,0.0043705487995633115,0.4933507667728005,0.22049250190498806,0.009406972469672608
2024-11-28 05:00:00,0.0072842479992721865,0.581013948537374,0.2745692230301598,0.015678287449454344
2024-11-28 06:00:00,0.02185274399781656,0.8070918563472202,0.4762774286957666,0.04703486234836304
2024-11-28 07:00:00,0.050989735994905305,1.0410366578942656,0.8251617152447303,0.10974801214618042
2024-11-28 08:00:00,0.06555823199344968,1.1156821296041577,1.014767621662092,0.1411045870450891
2024-11-28 09:00:00,0.06555823199344968,1.0918425881948253,1.0147733639153036,0.1411045870450891
2024-11-28 10:00:00,0.0626445327937408,1.0649937231481807,0.9829176878889833,0.13483327206530737
2024-11-28 11:00:00,0.05827398399417749,1.0485643428899774,0.9320985500943209,0.12542629959563475
2024-11-28 12:00:00,0.04370548799563312,0.9739188711800852,0.7829102045472663,0.09406972469672607
2024-11-28 13:00:00,0.05536028479446861,1.0276709872932348,0.9063026370719407,0.11915498461585303
2024-11-28 14:00:00,0.05827398399417749,1.042600081635213,0.944223818355413,0.12542629959563475
2024-11-28 15:00:00,0.050989735994905305,1.0112416070350312,0.8676087675383705,0.10974801214618042
2024-11-28 16:00:00,0.029136991997088746,0.9231216926843876,0.6599904024393055,0.06271314979781738
2024-11-28 17:00:00,0.0116547967988355,0.9122629789196007,0.4567081090074441,0.025085259919126954
2024-11-28 18:00:00,0.0072842479992721865,0.9017978599161615,0.3775966786035667,0.015678287449454344
2024-11-28 19:00:00,0.00582739839941775,0.8275547347724792,0.32631065264540243,0.012542629959563477
2024-11-28 20:00:00,0.0043705487995633115,0.704408311810672,0.2851318880314208,0.009406972469672608
2024-11-28 21:00:00,0.0043705487995633115,0.6197369500736866,0.2629108429325695,0.009406972469672608
2024-11-28 22:00:00,0.0043705487995633115,0.5469941108462294,0.2447315539207489,0.009406972469672608
2024-11-28 23:00:00,0.0043705487995633115,0.5171903081821329,0.23261202791286847,0.009406972469672608
2024-11-29 00:00:00,0.004500827168338533,0.5299976058810132,0.23893771703644764,0.00968737776536106
2024-11-29 01:00:00,0.004500827168338533,0.5055277639438248,0.22649775937642394,0.00968737776536106
2024-11-29 02:00:00,0.004500827168338533,0.49329284297523074,0.22027778054641212,0.00968737776536106
2024-11-29 03:00:00,0.004500827168338533,0.49329284297523074,0.22027778054641212,0.00968737776536106
2024-11-29 04:00:00,0.004500827168338533,0.5055277639438248,0.22649775937642394,0.00968737776536106
2024-11-29 05:00:00,0.007501378613897554,0.5953707448275616,0.28210621397317237,0.0161456296089351
2024-11-29 06:00:00,0.02250413584169266,0.8273004329529869,0.48967243647746583,0.048436888826805295
2024-11-29 07:00:00,0.052509650297282884,1.0677452451690697,0.8488762007980036,0.1130194072625457
2024-11-29 08:00:00,0.06751240752507799,1.1446157509267096,1.0441558519884455,0.1453106664804159
2024-11-29 09:00:00,0.06751240752507799,1.1201459089895212,1.044206980770503,0.1453106664804159
2024-11-29 10:00:00,0.06451185607951897,1.0925368868693992,1.0114221581444838,0.13885241463684186
2024-11-29 11:00:00,0.06001102891118043,1.0755971580454753,0.9590838060083918,0.1291650368714808
2024-11-29 12:00:00,0.04500827168338532,0.9987266522878353,0.8054411096248869,0.09687377765361059
2024-11-29 13:00:00,0.05701047746562141,1.054101633990579,0.9325189622123846,0.12270678502790676
2024-11-29 14:00:00,0.06001102891118043,1.0694757351421071,0.9715748924504729,0.1291650368714808
2024-11-29 15:00:00,0.052509650297282884,1.0371619051666552,0.8926716965183736,0.1130194072625457
2024-11-29 16:00:00,0.030005514455590215,0.9463339133055257,0.6788368694748623,0.0645825184357404
2024-11-29 17:00:00,0.012002205782236087,0.9346954587082189,0.4694323321484367,0.025833007374296158
2024-11-29 18:00:00,0.007501378613897554,0.9238771527876631,0.3879481116474887,0.0161456296089351
2024-11-29 19:00:00,0.006001102891118043,0.8478347205449165,0.335187275855981,0.012916503687148079
2024-11-29 20:00:00,0.004500827168338533,0.7217853256690073,0.29286124315723616,0.00968737776536106
2024-11-29 21:00:00,0.004500827168338533,0.6350656752919205,0.27003761118650693,0.00968737776536106
2024-11-29 22:00:00,0.004500827168338533,0.5605888707215696,0.2513776746964714,0.00968737776536106
2024-11-29 23:00:00,0.004500827168338533,0.5299976058810132,0.23893771703644764,0.00968737776536106
2024-11-30 00:00:00,0.029553792909429513,0.7111903102168108,0.5593567286214354,0.06361025331674292
2024-11-30 01:00:00,0.029553792909429513,0.6852865243302172,0.5461877837426451,0.06361025331674292
2024-11-30 02:00:00,0.029553792909429513,0.6723346313869204,0.5396033113032499,0.06361025331674292
2024-11-30 03:00:00,0.029553792909429513,0.6723346313869204,0.5396033113032499,0.06361025331674292
2024-11-30 04:00:00,0.029553792909429513,0.6852865243302172,0.5461877837426451,0.06361025331674292
2024-11-30 05:00:00,0.029553792909429513,0.750425987110195,0.5659412010608305,0.06361025331674292
2024-11-30 06:00:00,0.029553792909429513,0.8723811537136955,0.5988635632578062,0.06361025331674292
2024-11-30 07:00:00,0.029553792909429513,0.9551006434238117,0.6252014530153868,0.06361025331674292
2024-11-30 08:00:00,0.029553792909429513,1.0035925882908792,0.631785925454782,0.06361025331674292
2024-11-30 09:00:00,0.029553792909429513,1.0128488562645623,0.631785925454782,0.06361025331674292
2024-11-30 10:00:00,0.029553792909429513,1.017476990251404,0.631785925454782,0.06361025331674292
2024-11-30 11:00:00,0.029553792909429513,1.0221051242382455,0.631785925454782,0.06361025331674292
2024-11-30 12:00:00,0.029553792909429513,1.0115916106582106,0.631785925454782,0.06361025331674292
2024-11-30 13:00:00,0.029553792909429513,1.0069634766713689,0.631785925454782,0.06361025331674292
2024-11-30 14:00:00,0.029553792909429513,1.0023353426845274,0.631785925454782,0.06361025331674292
2024-11-30 15:00:00,0.029553792909429513,1.0023353426845274,0.631785925454782,0.06361025331674292
2024-11-30 16:00:00,0.029553792909429513,1.0023353426845274,0.631785925454782,0.06361025331674292
2024-11-30 17:00:00,0.029553792909429513,1.0023353426845274,0.631785925454782,0.06361025331674292
2024-11-30 18:00:00,0.029553792909429513,0.9819369383276333,0.631785925454782,0.06361025331674292
2024-11-30 19:00:00,0.029553792909429513,0.9380731274474076,0.6252014530153868,0.06361025331674292
2024-11-30 20:00:00,0.029553792909429513,0.8766292896370431,0.6120325081365965,0.06361025331674292
2024-11-30 21:00:00,0.029553792909429513,0.8068616928702239,0.5922790908184111,0.06361025331674292
2024-11-30 22:00:00,0.029553792909429513,0.7500459890467011,0.5791101459396207,0.06361025331674292
2024-11-30 23:00:00,0.029553792909429513,0.7241422031601076,0.5659412010608305,0.06361025331674292
2024-12-01 00:00:00,0.038423243999625926,0.8758024076724459,0.7565619150262692,0.08270046053166334
2024-12-01 01:00:00,0.038423243999625926,0.8428084914793943,0.7397884956664915,0.08270046053166334
2024-12-01 02:00:00,0.038423243999625926,0.8263115333828684,0.7314017859866028,0.08270046053166334
2024-12-01 03:00:00,0.038423243999625926,0.8263115333828684,0.7314017859866028,0.08270046053166334
2024-12-01 04:00:00,0.038423243999625926,0.8428084914793943,0.7397884956664915,0.08270046053166334
2024-12-01 05:00:00,0.038423243999625926,0.9156514629598074,0.764948624706158,0.08270046053166334
2024-12-01 06:00:00,0.038423243999625926,1.0562627758922907,0.8068821731056021,0.08270046053166334
2024-12-01 07:00:00,0.038423243999625926,1.1570250335374122,0.8404290118251574,0.08270046053166334
2024-12-01 08:00:00,0.038423243999625926,1.2197187449611386,0.8488157215050461,0.08270046053166334
2024-12-01 09:00:00,0.038423243999625926,1.2425634010975037,0.8488157215050461,0.08270046053166334
2024-12-01 10:00:00,0.038423243999625926,1.2539857291656862,0.8488157215050461,0.08270046053166334
2024-12-01 11:00:00,0.038423243999625926,1.2654080572338688,0.8488157215050461,0.08270046053166334
2024-12-01 12:00:00,0.038423243999625926,1.2560672183575343,0.8488157215050461,0.08270046053166334
2024-12-01 13:00:00,0.038423243999625926,1.2446448902893519,0.8488157215050461,0.08270046053166334
2024-12-01 14:00:00,0.038423243999625926,1.2332225622211692,0.8488157215050461,0.08270046053166334
2024-12-01 15:00:00,0.038423243999625926,1.2332225622211692,0.8488157215050461,0.08270046053166334
2024-12-01 16:00:00,0.038423243999625926,1.2332225622211692,0.8488157215050461,0.08270046053166334
2024-12-01 17:00:00,0.038423243999625926,1.2332225622211692,0.8488157215050461,0.08270046053166334
2024-12-01 18:00:00,0.038423243999625926,1.2077889758384854,0.8488157215050461,0.08270046053166334
2024-12-01 19:00:00,0.038423243999625926,1.1565175924829414,0.8404290118251574,0.08270046053166334
2024-12-01 20:00:00,0.038423243999625926,1.077326922962689,0.8236555924653797,0.08270046053166334
2024-12-01 21:00:00,0.038423243999625926,0.9930616234140933,0.7984954634257133,0.08270046053166334
2024-12-01 22:00:00,0.038423243999625926,0.9252932819620233,0.7817220440659356,0.08270046053166334
2024-12-01 23:00:00,0.038423243999625926,0.8922993657689716,0.764948624706158,0.08270046053166334
2024-12-02 00:00:00,0.0054949611581219075,0.6064440600397224,0.2925168521421809,0.011827107008057626
2024-12-02 01:00:00,0.0054949611581219075,0.5770794251872137,0.277588483777361,0.011827107008057626
2024-12-02 02:00:00,0.0054949611581219075,0.5623971077609593,0.2701242995949511,0.011827107008057626
2024-12-02 03:00:00,0.0054949611581219075,0.5623971077609593,0.2701242995949511,0.011827107008057626
2024-12-02 04:00:00,0.0054949611581219075,0.5770794251872137,0.277588483777361,0.011827107008057626
2024-12-02 05:00:00,0.009158268596869846,0.676489534580213,0.3465252135910968,0.019711845013429374
2024-12-02 06:00:00,0.02747480579060954,0.9457524137091841,0.608286210500015,0.05913553504028812
2024-12-02 07:00:00,0.06410788017808892,1.228774823356213,1.0696448523988185,0.13798291509400562
2024-12-02 08:00:00,0.08242441737182862,1.322624813816088,1.3315203981108867,0.17740660512086437
2024-12-02 09:00:00,0.08242441737182862,1.2932601789635794,1.3365347038335433,0.17740660512086437
2024-12-02 10:00:00,0.07876110993308069,1.25980786344535,1.2966380845961962,0.16952186711549264
2024-12-02 11:00:00,0.07326614877495877,1.2457855323744351,1.2280467579263141,0.157694760107435
2024-12-02 12:00:00,0.05494961158121908,1.1519355419145598,1.0326467925058345,0.11827107008057625
2024-12-02 13:00:00,0.06960284133621084,1.2128828682154125,1.1956143228713771,0.14981002210206326
2024-12-02 14:00:00,0.07326614877495877,1.2316528663073876,1.2479894320137908,0.157694760107435
2024-12-02 15:00:00,0.06410788017808892,1.1988605371444976,1.1469656702889715,0.13798291509400562
2024-12-02 16:00:00,0.036633074387479383,1.1010332010150339,0.8779488014135591,0.0788473800537175
2024-12-02 17:00:00,0.014653229754991753,1.110352019246937,0.5985691890113738,0.031538952021487
2024-12-02 18:00:00,0.009158268596869846,1.1104623542430694,0.4834449561373795,0.019711845013429374
2024-12-02 19:00:00,0.007326614877495877,1.0209868952552648,0.4115983959168867,0.0157694760107435
2024-12-02 20:00:00,0.0054949611581219075,0.8666529451111035,0.3588778836306194,0.011827107008057626
2024-12-02 21:00:00,0.0054949611581219075,0.7441644869681436,0.32983777305423073,0.011827107008057626
2024-12-02 22:00:00,0.0054949611581219075,0.6499413609592788,0.30744522050700085,0.011827107008057626
2024-12-02 23:00:00,0.0054949611581219075,0.6064440600397224,0.2925168521421809,0.011827107008057626
2024-12-03 00:00:00,0.0047537484208016395,0.5361140726256591,0.2557072681547676,0.010231754082393208
2024-12-03 01:00:00,0.0047537484208016395,0.5103591345773347,0.24261399441478598,0.010231754082393208
2024-12-03 02:00:00,0.0047537484208016395,0.4974816655531727,0.23606735754479521,0.010231754082393208
2024-12-03 03:00:00,0.0047537484208016395,0.4974816655531727,0.23606735754479521,0.010231754082393208
2024-12-03 04:00:00,0.0047537484208016395,0.5103591345773347,0.24261399441478598,0.010231754082393208
2024-12-03 05:00:00,0.007922914034669399,0.5982739299317167,0.3025987487856984,0.017052923470655346
2024-12-03 06:00:00,0.0237687421040082,0.8351173677364656,0.5297034460127842,0.05115877041196604
2024-12-03 07:00:00,0.055460398242685796,1.0820528528748603,0.9291215383342966,0.11937046429458742
2024-12-03 08:00:00,0.0713062263120246,1.1632435310747773,1.1555182509131747,0.1534763112358981
2024-12-03 09:00:00,0.0713062263120246,1.1374885930264529,1.1596466806104329,0.1534763112358981
2024-12-03 10:00:00,0.06813706069815684,1.1083729883623075,1.125042404661906,0.14665514184763598
2024-12-03 11:00:00,0.06338331227735519,1.0963152250783677,1.0657342426068623,0.13642338776524277
2024-12-03 12:00:00,0.0475374842080164,1.0151245468784504,0.8967432081521162,0.10231754082393207
2024-12-03 13:00:00,0.060214146663487435,1.067777649262349,1.0376766035283262,0.12960221837698063
2024-12-03 14:00:00,0.06338331227735519,1.0840157849023324,1.082955946044102,0.13642338776524277
2024-12-03 15:00:00,0.055460398242685796,1.0557198859784092,0.9955901449105223,0.11937046429458742
2024-12-03 16:00:00,0.031691656138677596,0.971410218054766,0.763001649629427,0.06821169388262138
2024-12-03 17:00:00,0.01267666245547104,0.9814003267611161,0.5216405717119942,0.02728467755304855
2024-12-03 18:00:00,0.007922914034669399,0.9816420036532114,0.42214843497005805,0.017052923470655346
2024-12-03 19:00:00,0.00633833122773552,0.9024243049669483,0.3597768657587516,0.013642338776524276
2024-12-03 20:00:00,0.0047537484208016395,0.7655634732867025,0.31382093092710717,0.010231754082393208
2024-12-03 21:00:00,0.0047537484208016395,0.6575665218923253,0.2884404525047216,0.010231754082393208
2024-12-03 22:00:00,0.0047537484208016395,0.5741684508500187,0.2688005418947492,0.010231754082393208
2024-12-03 23:00:00,0.0047537484208016395,0.5361140726256591,0.2557072681547676,0.010231754082393208
2024-12-04 00:00:00,0.0047537484208016395,0.5361140726256591,0.2557072681547676,0.010231754082393208
2024-12-04 01:00:00,0.0047537484208016395,0.5103591345773347,0.24261399441478598,0.010231754082393208
2024-12-04 02:00:00,0.0047537484208016395,0.4974816655531727,0.23606735754479521,0.010231754082393208
2024-12-04 03:00:00,0.0047537484208016395,0.4974816655531727,0.23606735754479521,0.010231754082393208
2024-12-04 04:00:00,0.0047537484208016395,0.5103591345773347,0.24261399441478598,0.010231754082393208
2024-12-04 05:00:00,0.007922914034669399,0.5982739299317167,0.3025987487856984,0.017052923470655346
2024-12-04 06:00:00,0.0237687421040082,0.8351173677364656,0.5297034460127842,0.05115877041196604
2024-12-04 07:00:00,0.055460398242685796,1.0820528528748603,0.9291215383342966,0.11937046429458742
2024-12-04 08:00:00,0.0713062263120246,1.1632435310747773,1.1555182509131747,0.1534763112358981
2024-12-04 09:00:00,0.0713062263120246,1.1374885930264529,1.1596466806104329,0.1534763112358981
2024-12-04 10:00:00,0.06813706069815684,1.1083729883623075,1.125042404661906,0.14665514184763598
2024-12-04 11:00:00,0.06338331227735519,1.0963152250783677,1.0657342426068623,0.13642338776524277
2024-12-04 12:00:00,0.0475374842080164,1.0151245468784504,0.8967432081521162,0.10231754082393207
2024-12-04 13:00:00,0.060214146663487435,1.067777649262349,1.0376766035283262,0.12960221837698063
2024-12-04 14:00:00,0.06338331227735519,1.0840157849023324,1.082955946044102,0.13642338776524277
2024-12-04 15:00:00,0.055460398242685796,1.0557198859784092,0.9955901449105223,0.11937046429458742
2024-12-04 16:00:00,0.031691656138677596,0.971410218054766,0.763001649629427,0.06821169388262138
2024-12-04 17:00:00,0.01267666245547104,0.9814003267611161,0.5216405717119942,0.02728467755304855
2024-12-04 18:00:00,0.007922914034669399,0.9816420036532114,0.42214843497005805,0.017052923470655346
2024-12-04 19:00:00,0.00633833122773552,0.9024243049669483,0.3597768657587516,0.013642338776524276
2024-12-04 20:00:00,0.0047537484208016395,0.7655634732867025,0.31382093092710717,0.010231754082393208
2024-12-04 21:00:00,0.0047537484208016395,0.6575665218923253,0.2884404525047216,0.010231754082393208
2024-12-04 22:00:00,0.0047537484208016395,0.5741684508500187,0.2688005418947492,0.010231754082393208
2024-12-04 23:00:00,0.0047537484208016395,0.5361140726256591,0.2557072681547676,0.010231754082393208
2024-12-05 00:00:00,0.004918462362428365,0.5517429587176732,0.2638871757075261,0.010586276954763078
2024-12-05 01:00:00,0.004918462362428365,0.5251858658239745,0.25038610316202486,0.010586276954763078
2024-12-05 02:00:00,0.004918462362428365,0.5119073193771253,0.2436355668892743,0.010586276954763078
2024-12-05 03:00:00,0.004918462362428365,0.5119073193771253,0.2436355668892743,0.010586276954763078
2024-12-05 04:00:00,0.004918462362428365,0.5251858658239745,0.25038610316202486,0.010586276954763078
2024-12-05 05:00:00,0.008197437270713943,0.6156551754091604,0.3123601854091203,0.01764379492460513
2024-12-05 06:00:00,0.02459231181214183,0.8597029335081809,0.5471662825655021,0.05293138477381539
2024-12-05 07:00:00,0.0573820608949976,1.1146577352040499,0.9603489414597458,0.12350656447223592
2024-12-05 08:00:00,0.0737769354364255,1.1986615939061798,1.194629839179333,0.15879415432144617
2024-12-05 09:00:00,0.0737769354364255,1.172104501012481,1.1989551302155685,0.15879415432144617
2024-12-05 10:00:00,0.07049796052813992,1.142025182825206,1.1631747779806372,0.15173663635160412
2024-12-05 11:00:00,0.06557949816571154,1.1295308489219382,1.1018036904556294,0.14115035939684104
2024-12-05 12:00:00,0.04918462362428366,1.0455269902198083,0.9269440046751647,0.10586276954763078
2024-12-05 13:00:00,0.062300523257425966,1.100023253474141,1.0727738744934487,0.13409284142699898
2024-12-05 14:00:00,0.06557949816571154,1.116824025214567,1.1196300540373663,0.14115035939684104
2024-12-05 15:00:00,0.0573820608949976,1.0875289195708733,1.0292291505501776,0.12350656447223592
2024-12-05 16:00:00,0.03278974908285577,1.00021532537927,0.7885454611370118,0.07057517969842052
2024-12-05 17:00:00,0.01311589963314231,1.0100562584246318,0.5387358200007452,0.02823007187936821
2024-12-05 18:00:00,0.008197437270713943,1.0102687482287356,0.43576988411835166,0.01764379492460513
2024-12-05 19:00:00,0.006557949816571155,0.9287715472532408,0.3712927613494483,0.014115035939684105
2024-12-05 20:00:00,0.004918462362428365,0.7880278003587916,0.32383358708344323,0.010586276954763078
2024-12-05 21:00:00,0.004918462362428365,0.6768105141313963,0.29763985707127916,0.010586276954763078
2024-12-05 22:00:00,0.004918462362428365,0.5910068753187432,0.2773882482530274,0.010586276954763078
2024-12-05 23:00:00,0.004918462362428365,0.5517429587176732,0.2638871757075261,0.010586276954763078
2024-12-06 00:00:00,0.005989102983002088,0.6533307183157648,0.3170565748004565,0.01289067562516724
2024-12-06 01:00:00,0.005989102983002088,0.6215596189271331,0.30090481001907776,0.01289067562516724
2024-12-06 02:00:00,0.005989102983002088,0.6056740692328172,0.29282892762838836,0.01289067562516724
2024-12-06 03:00:00,0.005989102983002088,0.6056740692328172,0.29282892762838836,0.01289067562516724
2024-12-06 04:00:00,0.005989102983002088,0.6215596189271331,0.30090481001907776,0.01289067562516724
2024-12-06 05:00:00,0.00998183830500348,0.7286332710125439,0.3758095234613624,0.021484459375278733
2024-12-06 06:00:00,0.029945514915010442,1.0195091110243297,0.660674720158169,0.0644533781258362
2024-12-06 07:00:00,0.06987286813502436,1.3265894703437817,1.1633270617751665,0.15039121562695112
2024-12-06 08:00:00,0.08983654474503133,1.4288790023102957,1.4488551629093616,0.1933601343775086
2024-12-06 09:00:00,0.08983654474503133,1.397107902921664,1.4544600526489506,0.1933601343775086
2024-12-06 10:00:00,0.08584380942302994,1.3607644468340454,1.4110352045523902,0.1847663506273971
2024-12-06 11:00:00,0.07985470644002785,1.3454324039051468,1.3362551014726156,0.17187567500222986
2024-12-06 12:00:00,0.059891029830020884,1.2431428719386328,1.1232491820749804,0.1289067562516724
2024-12-06 13:00:00,0.07586197111802645,1.3096196808507883,1.3009061357667446,0.16328189125211837
2024-12-06 14:00:00,0.07985470644002785,1.330077587244091,1.3580117559935836,0.17187567500222986
2024-12-06 15:00:00,0.06987286813502436,1.29428763792189,1.247882687207938,0.15039121562695112
2024-12-06 16:00:00,0.03992735322001392,1.1874485229885463,0.9545802359363142,0.08593783750111493
2024-12-06 17:00:00,0.015970941288005566,1.1963198142374845,0.6498549338776268,0.03437513500044597
2024-12-06 18:00:00,0.00998183830500348,1.1963425879696419,0.5243093035822605,0.021484459375278733
2024-12-06 19:00:00,0.007985470644002783,1.1000286221141424,0.4461460826889769,0.017187567500222985
2024-12-06 20:00:00,0.005989102983002088,0.934045926327371,0.3889158520996277,0.01289067562516724
2024-12-06 21:00:00,0.005989102983002088,0.801896463685356,0.3574359867539036,0.01289067562516724
2024-12-06 22:00:00,0.005989102983002088,0.7004566343654524,0.3332083395818354,0.01289067562516724
2024-12-06 23:00:00,0.005989102983002088,0.6533307183157648,0.3170565748004565,0.01289067562516724
2024-12-07 00:00:00,0.041906257556941086,0.9474076185523876,0.8233892798441361,0.09019714210365125
2024-12-07 01:00:00,0.041906257556941086,0.9116548285168214,0.8052133065210626,0.09019714210365125
2024-12-07 02:00:00,0.041906257556941086,0.8937784334990384,0.796125319859526,0.09019714210365125
2024-12-07 03:00:00,0.041906257556941086,0.8937784334990384,0.796125319859526,0.09019714210365125
2024-12-07 04:00:00,0.041906257556941086,0.9116548285168214,0.8052133065210626,0.09019714210365125
2024-12-07 05:00:00,0.041906257556941086,0.9899589804080677,0.8324772665056728,0.09019714210365125
2024-12-07 06:00:00,0.041906257556941086,1.1411141396921232,0.8779171998133565,0.09019714210365125
2024-12-07 07:00:00,0.041906257556941086,1.2497179371204985,0.9142691464595034,0.09019714210365125
2024-12-07 08:00:00,0.041906257556941086,1.3171158000148706,0.9233571331210402,0.09019714210365125
2024-12-07 09:00:00,0.041906257556941086,1.3419623010535624,0.9233571331210402,0.09019714210365125
2024-12-07 10:00:00,0.041906257556941086,1.3543855515729084,0.9233571331210402,0.09019714210365125
2024-12-07 11:00:00,0.041906257556941086,1.3668088020922544,0.9233571331210402,0.09019714210365125
2024-12-07 12:00:00,0.041906257556941086,1.3569388153570956,0.9233571331210402,0.09019714210365125
2024-12-07 13:00:00,0.041906257556941086,1.3445155648377494,0.9233571331210402,0.09019714210365125
2024-12-07 14:00:00,0.041906257556941086,1.3320923143184036,0.9233571331210402,0.09019714210365125
2024-12-07 15:00:00,0.041906257556941086,1.3320923143184036,0.9233571331210402,0.09019714210365125
2024-12-07 16:00:00,0.041906257556941086,1.3320923143184036,0.9233571331210402,0.09019714210365125
2024-12-07 17:00:00,0.041906257556941086,1.3320923143184036,0.9233571331210402,0.09019714210365125
2024-12-07 18:00:00,0.041906257556941086,1.3048640836963192,0.9233571331210402,0.09019714210365125
2024-12-07 19:00:00,0.041906257556941086,1.2498894713212934,0.9142691464595034,0.09019714210365125
2024-12-07 20:00:00,0.041906257556941086,1.1646152134091379,0.89609317313643,0.09019714210365125
2024-12-07 21:00:00,0.041906257556941086,1.073887810998546,0.8688292131518198,0.09019714210365125
2024-12-07 22:00:00,0.041906257556941086,1.0010368036057364,0.8506532398287463,0.09019714210365125
2024-12-07 23:00:00,0.041906257556941086,0.9652840135701706,0.8324772665056728,0.09019714210365125
2024-12-08 00:00:00,0.037428097268964455,0.8553437759924627,0.7374683822211644,0.08055855151109537
2024-12-08 01:00:00,0.037428097268964455,0.8231381094687008,0.7210956925651856,0.08055855151109537
2024-12-08 02:00:00,0.037428097268964455,0.8070352762068199,0.7129093477371962,0.08055855151109537
2024-12-08 03:00:00,0.037428097268964455,0.8070352762068199,0.7129093477371962,0.08055855151109537
2024-12-08 04:00:00,0.037428097268964455,0.8231381094687008,0.7210956925651856,0.08055855151109537
2024-12-08 05:00:00,0.037428097268964455,0.8944207436888759,0.7456547270491538,0.08055855151109537
2024-12-08 06:00:00,0.037428097268964455,1.0320195290923384,0.7865864511891008,0.08055855151109537
2024-12-08 07:00:00,0.037428097268964455,1.1305413467993874,0.8193318305010585,0.08055855151109537
2024-12-08 08:00:00,0.037428097268964455,1.1918910149457866,0.8275181753290478,0.08055855151109537
2024-12-08 09:00:00,0.037428097268964455,1.2141637153957725,0.8275181753290478,0.08055855151109537
2024-12-08 10:00:00,0.037428097268964455,1.2253000656207655,0.8275181753290478,0.08055855151109537
2024-12-08 11:00:00,0.037428097268964455,1.2364364158457586,0.8275181753290478,0.08055855151109537
2024-12-08 12:00:00,0.037428097268964455,1.2272467620719456,0.8275181753290478,0.08055855151109537
2024-12-08 13:00:00,0.037428097268964455,1.2161104118469526,0.8275181753290478,0.08055855151109537
2024-12-08 14:00:00,0.037428097268964455,1.2049740616219595,0.8275181753290478,0.08055855151109537
2024-12-08 15:00:00,0.037428097268964455,1.2049740616219595,0.8275181753290478,0.08055855151109537
2024-12-08 16:00:00,0.037428097268964455,1.2049740616219595,0.8275181753290478,0.08055855151109537
2024-12-08 17:00:00,0.037428097268964455,1.2049740616219595,0.8275181753290478,0.08055855151109537
2024-12-08 18:00:00,0.037428097268964455,1.1800532307362472,0.8275181753290478,0.08055855151109537
2024-12-08 19:00:00,0.037428097268964455,1.1298399128148409,0.8193318305010585,0.08055855151109537
2024-12-08 20:00:00,0.037428097268964455,1.0523874114065608,0.8029591408450796,0.08055855151109537
2024-12-08 21:00:00,0.037428097268964455,0.9699684269613926,0.7784001063611115,0.08055855151109537
2024-12-08 22:00:00,0.037428097268964455,0.9036522757781054,0.7620274167051325,0.08055855151109537
2024-12-08 23:00:00,0.037428097268964455,0.8714466092543435,0.7456547270491538,0.08055855151109537
2024-12-09 00:00:00,0.005536139643528589,0.6103512815627259,0.2945618290303705,0.011915737726150092
2024-12-09 01:00:00,0.005536139643528589,0.5807861079988735,0.27953151096417067,0.011915737726150092
2024-12-09 02:00:00,0.005536139643528589,0.5660035212169474,0.2720163519310708,0.011915737726150092
2024-12-09 03:00:00,0.005536139643528589,0.5660035212169474,0.2720163519310708,0.011915737726150092
2024-12-09 04:00:00,0.005536139643528589,0.5807861079988735,0.27953151096417067,0.011915737726150092
2024-12-09 05:00:00,0.009226899405880982,0.6808348459495739,0.3489655727469522,0.01985956287691682
2024-12-09 06:00:00,0.027680698217642945,0.9518988051521129,0.6126519196381944,0.05957868863075046
2024-12-09 07:00:00,0.06458829584116688,1.2369260439385104,1.0774517031801805,0.13901694013841775
2024-12-09 08:00:00,0.08304209465292883,1.3314793295239389,1.3412982951774262,0.17873606589225138
2024-12-09 09:00:00,0.08304209465292883,1.3019141559600864,1.3463618162348272,0.17873606589225138
2024-12-09 10:00:00,0.07935133489057644,1.2682209120610746,1.306171177925879,0.17079224074148466
2024-12-09 11:00:00,0.07381519524704785,1.2540894383353276,1.2370641198885057,0.15887650301533457
2024-12-09 12:00:00,0.05536139643528589,1.1595361527498993,1.0401969916365965,0.11915737726150093
2024-12-09 13:00:00,0.07012443548469546,1.2209442692683605,1.2043886406126576,0.15093267786456782
2024-12-09 14:00:00,0.07381519524704785,1.2398549263854461,1.2571579590121067,0.15887650301533457
2024-12-09 15:00:00,0.06458829584116688,1.2068127955426133,1.1553754216988852,0.13901694013841775
2024-12-09 16:00:00,0.03690759762352393,1.10823447784616,0.8843347542904553,0.07943825150766728
2024-12-09 17:00:00,0.014763039049409572,1.1175160021628159,0.6028430010835615,0.031775300603066915
2024-12-09 18:00:00,0.009226899405880982,1.1176190403869504,0.48685031842445287,0.01985956287691682
2024-12-09 19:00:00,0.007381519524704786,1.0275737058268377,0.41447736981456085,0.015887650301533458
2024-12-09 20:00:00,0.005536139643528589,0.8722690268791258,0.3613810476697034,0.011915737726150092
2024-12-09 21:00:00,0.005536139643528589,0.7489754850279114,0.3321376241958701,0.011915737726150092
2024-12-09 22:00:00,0.005536139643528589,0.6541509670764599,0.30959214709657035,0.011915737726150092
2024-12-09 23:00:00,0.005536139643528589,0.6103512815627259,0.2945618290303705,0.011915737726150092
2024-12-10 00:00:00,0.005742032070561997,0.6298873891777436,0.3047867134713187,0.012358891316612431
2024-12-10 01:00:00,0.005742032070561997,0.5993195220571732,0.2892466468982194,0.012358891316612431
2024-12-10 02:00:00,0.005742032070561997,0.5840355884968882,0.2814766136116697,0.012358891316612431
2024-12-10 03:00:00,0.005742032070561997,0.5840355884968882,0.2814766136116697,0.012358891316612431
2024-12-10 04:00:00,0.005742032070561997,0.5993195220571732,0.2892466468982194,0.012358891316612431
2024-12-10 05:00:00,0.009570053450936662,0.7025614027963784,0.36116736852622955,0.02059815219435405
2024-12-10 06:00:00,0.028710160352809988,0.982630762366757,0.6344804653290919,0.06179445658306216
2024-12-10 07:00:00,0.06699037415655663,1.2776821468499973,1.1164859570869923,0.14418706536047837
2024-12-10 08:00:00,0.08613048105842996,1.375751908063192,1.390187780510124,0.18538336974918648
2024-12-10 09:00:00,0.08613048105842996,1.3451840409426217,1.395497378241247,0.18538336974918648
2024-12-10 10:00:00,0.0823024596780553,1.3102861551396976,1.353836644574293,0.17714410887144486
2024-12-10 11:00:00,0.07656042760749329,1.2956089681397907,1.2821509296994646,0.1647852175548324
2024-12-10 12:00:00,0.057420320705619976,1.1975392069265962,1.0779479872904074,0.12358891316612432
2024-12-10 13:00:00,0.07273240622711863,1.2612512745331004,1.2482602293190608,0.15654595667709081
2024-12-10 14:00:00,0.07656042760749329,1.2808652267757392,1.303000594003687,0.1647852175548324
2024-12-10 15:00:00,0.06699037415655663,1.2465740875331934,1.1974241787484545,0.14418706536047837
2024-12-10 16:00:00,0.038280213803746646,1.14424086200179,0.9162645186749366,0.0823926087774162
2024-12-10 17:00:00,0.01531208552149866,1.1533359167422106,0.6242120614445003,0.03295704351096648
2024-12-10 18:00:00,0.009570053450936662,1.1534024711063555,0.5038771298598199,0.02059815219435405
2024-12-10 19:00:00,0.00765604276074933,1.0605077586847034,0.4288722393029317,0.01647852175548324
2024-12-10 20:00:00,0.005742032070561997,0.9003494357192372,0.37389686786512355,0.012358891316612431
2024-12-10 21:00:00,0.005742032070561997,0.7730304753267497,0.34363687990406716,0.012358891316612431
2024-12-10 22:00:00,0.005742032070561997,0.6751989976623655,0.3203267800444181,0.012358891316612431
2024-12-10 23:00:00,0.005742032070561997,0.6298873891777436,0.3047867134713187,0.012358891316612431
2024-12-11 00:00:00,0.005371425701901864,0.5947223954707119,0.28638192147761204,0.011561214853780222
2024-12-11 01:00:00,0.005371425701901864,0.565959376752234,0.27175940221693184,0.011561214853780222
2024-12-11 02:00:00,0.005371425701901864,0.551577867392995,0.2644481425865918,0.011561214853780222
2024-12-11 03:00:00,0.005371425701901864,0.551577867392995,0.2644481425865918,0.011561214853780222
2024-12-11 04:00:00,0.005371425701901864,0.565959376752234,0.27175940221693184,0.011561214853780222
2024-12-11 05:00:00,0.008952376169836438,0.6634536004721303,0.33920413612353045,0.019268691422967037
2024-12-11 06:00:00,0.026857128509509318,0.9273132393803977,0.5951890830854766,0.057806074268901116
2024-12-11 07:00:00,0.06266663318885507,1.204321161609321,1.0462243000547313,0.13488083996076927
2024-12-11 08:00:00,0.08057138552852795,1.2960612666925364,1.302186706911268,0.17341822280670335
2024-12-11 09:00:00,0.08057138552852795,1.2672982479740584,1.3070533666296917,0.17341822280670335
2024-12-11 10:00:00,0.07699043506059337,1.2345687175981763,1.268038804607148,0.16571074623751653
2024-12-11 11:00:00,0.0716190093586915,1.2208738144917572,1.200994672039739,0.1541495313837363
2024-12-11 12:00:00,0.053714257019018635,1.1291337094085419,1.0099961951135483,0.11561214853780223
2024-12-11 13:00:00,0.06803805889075694,1.1886986650565685,1.1692913696475353,0.1464420548145495
2024-12-11 14:00:00,0.0716190093586915,1.2070466860732116,1.2204838510188427,0.1541495313837363
2024-12-11 15:00:00,0.06266663318885507,1.1750037619501494,1.12173641605923,0.13488083996076927
2024-12-11 16:00:00,0.03580950467934575,1.0794293705216562,0.8587909427828705,0.07707476569186815
2024-12-11 17:00:00,0.014323801871738304,1.0888600704993001,0.5857477527948105,0.03082990627674726
2024-12-11 18:00:00,0.008952376169836438,1.0889922958114266,0.47322886927615926,0.019268691422967037
2024-12-11 19:00:00,0.007161900935869152,1.0012264635405452,0.4029614742238642,0.01541495313837363
2024-12-11 20:00:00,0.005371425701901864,0.8498046998070368,0.3513683915133674,0.011561214853780222
2024-12-11 21:00:00,0.005371425701901864,0.7297314927888408,0.3229382196293126,0.011561214853780222
2024-12-11 22:00:00,0.005371425701901864,0.6373125426077355,0.3010044407382923,0.011561214853780222
2024-12-11 23:00:00,0.005371425701901864,0.5947223954707119,0.28638192147761204,0.011561214853780222
2024-12-12 00:00:00,0.004836105391615002,0.5439285156716661,0.2597972219311468,0.010409015518578141
2024-12-12 01:00:00,0.004836105391615002,0.5177725002006547,0.2465000487884054,0.010409015518578141
2024-12-12 02:00:00,0.004836105391615002,0.504694492465149,0.23985146221703474,0.010409015518578141
2024-12-12 03:00:00,0.004836105391615002,0.504694492465149,0.23985146221703474,0.010409015518578141
2024-12-12 04:00:00,0.004836105391615002,0.5177725002006547,0.2465000487884054,0.010409015518578141
2024-12-12 05:00:00,0.00806017565269167,0.6069645526704385,0.3074794670974093,0.017348359197630236
2024-12-12 06:00:00,0.02418052695807501,0.8474101506223232,0.5384348642891431,0.052045077592890704
2024-12-12 07:00:00,0.05642122956884169,1.098355294039455,0.944735239897021,0.12143851438341165
2024-12-12 08:00:00,0.07254158087422503,1.1809525624904784,1.1750740450462538,0.1561352327786721
2024-12-12 09:00:00,0.07254158087422503,1.154796547019467,1.1793009054130006,0.1561352327786721
2024-12-12 10:00:00,0.06931751061314836,1.1251990855937566,1.1441085913212714,0.14919588909962003
2024-12-12 11:00:00,0.06448140522153337,1.1129230370001528,1.0837689665312458,0.1387868735810419
2024-12-12 12:00:00,0.04836105391615002,1.0303257685491294,0.9118436064136404,0.10409015518578141
2024-12-12 13:00:00,0.0612573349604567,1.0839004513682449,1.0552252390108874,0.13184752990198978
2024-12-12 14:00:00,0.06448140522153337,1.1004199050584496,1.101293000040734,0.1387868735810419
2024-12-12 15:00:00,0.05642122956884169,1.071624402774641,1.01240964773035,0.12143851438341165
2024-12-12 16:00:00,0.03224070261076668,0.9858127717170181,0.7757735553832192,0.06939343679052094
2024-12-12 17:00:00,0.012896281044306672,0.9957282925928738,0.5301881958563697,0.027757374716208375
2024-12-12 18:00:00,0.00806017565269167,0.9959553759409733,0.4289591595442048,0.017348359197630236
2024-12-12 19:00:00,0.006448140522153336,0.9155979261100944,0.3655348135540999,0.013878687358104188
2024-12-12 20:00:00,0.004836105391615002,0.776795636822747,0.31882725900527514,0.010409015518578141
2024-12-12 21:00:00,0.004836105391615002,0.6671885180118607,0.29304015478800033,0.010409015518578141
2024-12-12 22:00:00,0.004836105391615002,0.5825876630843809,0.2730943950738882,0.010409015518578141
2024-12-12 23:00:00,0.004836105391615002,0.5439285156716661,0.2597972219311468,0.010409015518578141
2024-12-13 00:00:00,0.0054949611581219075,0.6064440600397224,0.2925168521421809,0.011827107008057626
2024-12-13 01:00:00,0.0054949611581219075,0.5770794251872137,0.277588483777361,0.011827107008057626
2024-12-13 02:00:00,0.0054949611581219075,0.5623971077609593,0.2701242995949511,0.011827107008057626
2024-12-13 03:00:00,0.0054949611581219075,0.5623971077609593,0.2701242995949511,0.011827107008057626
2024-12-13 04:00:00,0.0054949611581219075,0.5770794251872137,0.277588483777361,0.011827107008057626
2024-12-13 05:00:00,0.009158268596869846,0.676489534580213,0.3465252135910968,0.019711845013429374
2024-12-13 06:00:00,0.02747480579060954,0.9457524137091841,0.608286210500015,0.05913553504028812
2024-12-13 07:00:00,0.06410788017808892,1.228774823356213,1.0696448523988185,0.13798291509400562
2024-12-13 08:00:00,0.08242441737182862,1.322624813816088,1.3315203981108867,0.17740660512086437
2024-12-13 09:00:00,0.08242441737182862,1.2932601789635794,1.3365347038335433,0.17740660512086437
2024-12-13 10:00:00,0.07876110993308069,1.25980786344535,1.2966380845961962,0.16952186711549264
2024-12-13 11:00:00,0.07326614877495877,1.2457855323744351,1.2280467579263141,0.157694760107435
2024-12-13 12:00:00,0.05494961158121908,1.1519355419145598,1.0326467925058345,0.11827107008057625
2024-12-13 13:00:00,0.06960284133621084,1.2128828682154125,1.1956143228713771,0.14981002210206326
2024-12-13 14:00:00,0.07326614877495877,1.2316528663073876,1.2479894320137908,0.157694760107435
2024-12-13 15:00:00,0.06410788017808892,1.1988605371444976,1.1469656702889715,0.13798291509400562
2024-12-13 16:00:00,0.036633074387479383,1.1010332010150339,0.8779488014135591,0.0788473800537175
2024-12-13 17:00:00,0.014653229754991753,1.110352019246937,0.5985691890113738,0.031538952021487
2024-12-13 18:00:00,0.009158268596869846,1.1104623542430694,0.4834449561373795,0.019711845013429374
2024-12-13 19:00:00,0.007326614877495877,1.0209868952552648,0.4115983959168867,0.0157694760107435
2024-12-13 20:00:00,0.0054949611581219075,0.8666529451111035,0.3588778836306194,0.011827107008057626
2024-12-13 21:00:00,0.0054949611581219075,0.7441644869681436,0.32983777305423073,0.011827107008057626
2024-12-13 22:00:00,0.0054949611581219075,0.6499413609592788,0.30744522050700085,0.011827107008057626
2024-12-13 23:00:00,0.0054949611581219075,0.6064440600397224,0.2925168521421809,0.011827107008057626
2024-12-14 00:00:00,0.033447510346318564,0.7735092492725297,0.6610942510007451,0.07199091542882348
2024-12-14 01:00:00,0.033447510346318564,0.7444565814259272,0.6463244801599615,0.07199091542882348
2024-12-14 02:00:00,0.033447510346318564,0.7299302475026259,0.6389395947395697,0.07199091542882348
2024-12-14 03:00:00,0.033447510346318564,0.7299302475026259,0.6389395947395697,0.07199091542882348
2024-12-14 04:00:00,0.033447510346318564,0.7444565814259272,0.6463244801599615,0.07199091542882348
2024-12-14 05:00:00,0.033447510346318564,0.8094978666051502,0.6684791364211369,0.07199091542882348
2024-12-14 06:00:00,0.033447510346318564,0.9350465418925299,0.7054035635230957,0.07199091542882348
2024-12-14 07:00:00,0.033447510346318564,1.024606599847289,0.734943105204663,0.07199091542882348
2024-12-14 08:00:00,0.033447510346318564,1.080580094884379,0.7423279906250547,0.07199091542882348
2024-12-14 09:00:00,0.033447510346318564,1.1005649725888484,0.7423279906250547,0.07199091542882348
2024-12-14 10:00:00,0.033447510346318564,1.1105574114410832,0.7423279906250547,0.07199091542882348
2024-12-14 11:00:00,0.033447510346318564,1.120549850293318,0.7423279906250547,0.07199091542882348
2024-12-14 12:00:00,0.033447510346318564,1.1119649369295903,0.7423279906250547,0.07199091542882348
2024-12-14 13:00:00,0.033447510346318564,1.1019724980773555,0.7423279906250547,0.07199091542882348
2024-12-14 14:00:00,0.033447510346318564,1.0919800592251208,0.7423279906250547,0.07199091542882348
2024-12-14 15:00:00,0.033447510346318564,1.0919800592251208,0.7423279906250547,0.07199091542882348
2024-12-14 16:00:00,0.033447510346318564,1.0919800592251208,0.7423279906250547,0.07199091542882348
2024-12-14 17:00:00,0.033447510346318564,1.0919800592251208,0.7423279906250547,0.07199091542882348
2024-12-14 18:00:00,0.033447510346318564,1.0691102503272942,0.7423279906250547,0.07199091542882348
2024-12-14 19:00:00,0.033447510346318564,1.023129194142439,0.734943105204663,0.07199091542882348
2024-12-14 20:00:00,0.033447510346318564,0.9526293651820477,0.7201733343638793,0.07199091542882348
2024-12-14 21:00:00,0.033447510346318564,0.87759564115059,0.698018678102704,0.07199091542882348
2024-12-14 22:00:00,0.033447510346318564,0.8170882510424333,0.6832489072619204,0.07199091542882348
2024-12-14 23:00:00,0.033447510346318564,0.7880355831958308,0.6684791364211369,0.07199091542882348
2024-12-15 00:00:00,0.03145721688499563,0.7325919859125632,0.6229071853905357,0.06770709738768756
2024-12-15 01:00:00,0.03145721688499563,0.7051158174045403,0.6089388739573497,0.06770709738768756
2024-12-15 02:00:00,0.03145721688499563,0.691377733150529,0.6019547182407567,0.06770709738768756
2024-12-15 03:00:00,0.03145721688499563,0.691377733150529,0.6019547182407567,0.06770709738768756
2024-12-15 04:00:00,0.03145721688499563,0.7051158174045403,0.6089388739573497,0.06770709738768756
2024-12-15 05:00:00,0.03145721688499563,0.7670364280632874,0.6298913411071286,0.06770709738768756
2024-12-15 06:00:00,0.03145721688499563,0.8865600482926258,0.6648121196900936,0.06770709738768756
2024-12-15 07:00:00,0.03145721688499563,0.9716392263712399,0.6927487425564655,0.06770709738768756
2024-12-15 08:00:00,0.03145721688499563,1.0249246348536754,0.6997328982730584,0.06770709738768756
2024-12-15 09:00:00,0.03145721688499563,1.0437656011853866,0.6997328982730584,0.06770709738768756
2024-12-15 10:00:00,0.03145721688499563,1.0531860843512422,0.6997328982730584,0.06770709738768756
2024-12-15 11:00:00,0.03145721688499563,1.0626065675170977,0.6997328982730584,0.06770709738768756
2024-12-15 12:00:00,0.03145721688499563,1.0543240243584127,0.6997328982730584,0.06770709738768756
2024-12-15 13:00:00,0.03145721688499563,1.044903541192557,0.6997328982730584,0.06770709738768756
2024-12-15 14:00:00,0.03145721688499563,1.0354830580267014,0.6997328982730584,0.06770709738768756
2024-12-15 15:00:00,0.03145721688499563,1.0354830580267014,0.6997328982730584,0.06770709738768756
2024-12-15 16:00:00,0.03145721688499563,1.0354830580267014,0.6997328982730584,0.06770709738768756
2024-12-15 17:00:00,0.03145721688499563,1.0354830580267014,0.6997328982730584,0.06770709738768756
2024-12-15 18:00:00,0.03145721688499563,1.013638760122818,0.6997328982730584,0.06770709738768756
2024-12-15 19:00:00,0.03145721688499563,0.9697738348062384,0.6927487425564655,0.06770709738768756
2024-12-15 20:00:00,0.03145721688499563,0.9027503420697913,0.6787804311232795,0.06770709738768756
2024-12-15 21:00:00,0.03145721688499563,0.8314092482451888,0.6578279639735006,0.06770709738768756
2024-12-15 22:00:00,0.03145721688499563,0.7738062386745974,0.6438596525403146,0.06770709738768756
2024-12-15 23:00:00,0.03145721688499563,0.7463300701665746,0.6298913411071286,0.06770709738768756
2024-12-16 00:00:00,0.005577318128935272,0.6142585030857296,0.2966068059185602,0.012004368444242563
2024-12-16 01:00:00,0.005577318128935272,0.5844927908105336,0.28147453815098045,0.012004368444242563
2024-12-16 02:00:00,0.005577318128935272,0.5696099346729357,0.27390840426719065,0.012004368444242563
2024-12-16 03:00:00,0.005577318128935272,0.5696099346729357,0.27390840426719065,0.012004368444242563
2024-12-16 04:00:00,0.005577318128935272,0.5844927908105336,0.28147453815098045,0.012004368444242563
2024-12-16 05:00:00,0.00929553021489212,0.685180157318935,0.3514059319028078,0.02000728074040427
2024-12-16 06:00:00,0.02788659064467636,0.9580451965950417,0.617017628776374,0.06002184222121281
2024-12-16 07:00:00,0.06506871150424484,1.2450772645208081,1.0852585539615431,0.1400509651828299
2024-12-16 08:00:00,0.08365977193402908,1.3403338452317897,1.351076192243966,0.18006552666363843
2024-12-16 09:00:00,0.08365977193402908,1.3105681329565937,1.3561889286361113,0.18006552666363843
2024-12-16 10:00:00,0.07994155984807223,1.2766339606767994,1.315704271255562,0.17206261436747672
2024-12-16 11:00:00,0.07436424171913696,1.2623933442962205,1.2460814818506978,0.16005824592323417
2024-12-16 12:00:00,0.05577318128935272,1.1671367635852388,1.047747190767359,0.12004368444242562
2024-12-16 13:00:00,0.0706460296331801,1.2290056703213086,1.2131629583539385,0.15205533362707246
2024-12-16 14:00:00,0.07436424171913696,1.248056986463505,1.2663264860104229,0.16005824592323417
2024-12-16 15:00:00,0.06506871150424484,1.2147650539407298,1.1637851731087994,0.1400509651828299
2024-12-16 16:00:00,0.03718212085956848,1.1154357546772862,0.8907207071673517,0.08002912296161709
2024-12-16 17:00:00,0.014872848343827393,1.124679985078695,0.6071168131557493,0.032011649184646836
2024-12-16 18:00:00,0.00929553021489212,1.1247757265308318,0.4902556807115263,0.02000728074040427
2024-12-16 19:00:00,0.0074364241719136965,1.0341605163984111,0.4173563437122351,0.016005824592323418
2024-12-16 20:00:00,0.005577318128935272,0.8778851086471483,0.36388421170878743,0.012004368444242563
2024-12-16 21:00:00,0.005577318128935272,0.7537864830876791,0.3344374753375095,0.012004368444242563
2024-12-16 22:00:00,0.005577318128935272,0.6583605731936412,0.31173907368613996,0.012004368444242563
2024-12-16 23:00:00,0.005577318128935272,0.6142585030857296,0.2966068059185602,0.012004368444242563
2024-12-17 00:00:00,0.006359709351662222,0.6884957120227965,0.3354613667941632,0.013688352087999447
2024-12-17 01:00:00,0.006359709351662222,0.6549197642320724,0.31839205470036525,0.013688352087999447
2024-12-17 02:00:00,0.006359709351662222,0.6381317903367105,0.3098573986534663,0.013688352087999447
2024-12-17 03:00:00,0.006359709351662222,0.6381317903367105,0.3098573986534663,0.013688352087999447
2024-12-17 04:00:00,0.006359709351662222,0.6549197642320724,0.31839205470036525,0.013688352087999447
2024-12-17 05:00:00,0.010599515586103702,0.7677410733367921,0.3977727558640616,0.022813920146665747
2024-12-17 06:00:00,0.031798546758311105,1.074826634010689,0.6999661024017843,0.06844176043999724
2024-12-17 07:00:00,0.07419660910272591,1.3999504555844582,1.2335887188074273,0.15969744102666023
2024-12-17 08:00:00,0.09539564027493332,1.508569643680951,1.5368562365082172,0.2053252813199917
2024-12-17 09:00:00,0.09539564027493332,1.474993695890227,1.5429040642605059,0.2053252813199917
2024-12-17 10:00:00,0.09115583404049184,1.4364818843755667,1.4968330445195352,0.1961997132613254
2024-12-17 11:00:00,0.08479612468882962,1.4201675575531807,1.4174113591323414,0.18251136117332598
2024-12-17 12:00:00,0.06359709351662221,1.3115483694566874,1.1912009742518392,0.13688352087999447
2024-12-17 13:00:00,0.08055631845438813,1.3821722903273201,1.3798749954382699,0.17338579311465965
2024-12-17 14:00:00,0.08479612468882962,1.4038961279466187,1.4405284989784277,0.18251136117332598
2024-12-17 15:00:00,0.07419660910272591,1.3658579635049342,1.3235704498971623,0.15969744102666023
2024-12-17 16:00:00,0.04239806234441481,1.2522600144686802,1.0120538118283802,0.09125568058666299
2024-12-17 17:00:00,0.016959224937765922,1.260795660480395,0.6883192425273165,0.03650227223466519
2024-12-17 18:00:00,0.010599515586103702,1.2607527632645708,0.5549575641659211,0.022813920146665747
2024-12-17 19:00:00,0.008479612468882961,1.1593099172583006,0.47205684776804435,0.018251136117332596
2024-12-17 20:00:00,0.006359709351662222,0.9845906622395715,0.41144432845138373,0.013688352087999447
2024-12-17 21:00:00,0.006359709351662222,0.845195446223265,0.3781346470286581,0.013688352087999447
2024-12-17 22:00:00,0.006359709351662222,0.7383430894200823,0.3525306788879612,0.013688352087999447
2024-12-17 23:00:00,0.006359709351662222,0.6884957120227965,0.3354613667941632,0.013688352087999447
2024-12-18 00:00:00,0.0068538511765424,0.7353823702988386,0.3600010894524387,0.014751920705109058
2024-12-18 01:00:00,0.0068538511765424,0.6993999579719916,0.3417083809420819,0.014751920705109058
2024-12-18 02:00:00,0.0068538511765424,0.6814087518085682,0.3325620266869035,0.014751920705109058
2024-12-18 03:00:00,0.0068538511765424,0.6814087518085682,0.3325620266869035,0.014751920705109058
2024-12-18 04:00:00,0.0068538511765424,0.6993999579719916,0.3417083809420819,0.014751920705109058
2024-12-18 05:00:00,0.011423085294237334,0.8198848097691228,0.42705706573432717,0.024586534508515098
2024-12-18 06:00:00,0.034269255882712,1.1485833313258342,0.7523546120599381,0.0737596035255453
2024-12-18 07:00:00,0.07996159705966133,1.4977651025720264,1.3272709281837751,0.17210574155960567
2024-12-18 08:00:00,0.10280776764813601,1.6148238321751582,1.654191001306692,0.22127881057663587
2024-12-18 09:00:00,0.10280776764813601,1.5788414198483114,1.6608294130759127,0.22127881057663587
2024-12-18 10:00:00,0.09823853353044107,1.5374384677642614,1.6112301644757288,0.21144419677322984
2024-12-18 11:00:00,0.09138468235389867,1.519814429083892,1.5256197026786427,0.19669227606812079
2024-12-18 12:00:00,0.068538511765424,1.4027556994807602,1.281803363820985,0.1475192070510906
2024-12-18 13:00:00,0.08681544823620374,1.4789091029626955,1.485166808333637,0.18685766226471473
2024-12-18 14:00:00,0.09138468235389867,1.502320848883322,1.5505508229582203,0.19669227606812079
2024-12-18 15:00:00,0.07996159705966133,1.461285064282326,1.4244874668161285,0.17210574155960567
2024-12-18 16:00:00,0.045692341176949335,1.338675336442192,1.0886852463511352,0.09834613803406039
2024-12-18 17:00:00,0.018276936470779735,1.346763455470942,0.7396049873935695,0.039338455213624154
2024-12-18 18:00:00,0.011423085294237334,1.3466329969911426,0.595821911610802,0.024586534508515098
2024-12-18 19:00:00,0.009138468235389868,1.238351644117178,0.5066045345401344,0.019669227606812077
2024-12-18 20:00:00,0.0068538511765424,1.0519836434558387,0.441482296920392,0.014751920705109058
2024-12-18 21:00:00,0.0068538511765424,0.9029274229404772,0.40573286072833087,0.014751920705109058
2024-12-18 22:00:00,0.0068538511765424,0.7888583628262555,0.3782937979627956,0.014751920705109058
2024-12-18 23:00:00,0.0068538511765424,0.7353823702988386,0.3600010894524387,0.014751920705109058
2024-12-19 00:00:00,0.006730315720322356,0.7236607057298282,0.35386615878786987,0.014486028550831658
2024-12-19 01:00:00,0.006730315720322356,0.6882799095370119,0.33587929938165273,0.014486028550831658
2024-12-19 02:00:00,0.006730315720322356,0.6705895114406039,0.3268858696785442,0.014486028550831658
2024-12-19 03:00:00,0.006730315720322356,0.6705895114406039,0.3268858696785442,0.014486028550831658
2024-12-19 04:00:00,0.006730315720322356,0.6882799095370119,0.33587929938165273,0.014486028550831658
2024-12-19 05:00:00,0.011217192867203928,0.8068488756610404,0.41973598826676084,0.02414338091805276
2024-12-19 06:00:00,0.03365157860161178,1.1301441569970483,0.7392574846453998,0.0724301427541583
2024-12-19 07:00:00,0.07852035007042749,1.4733114408251347,1.3038503758396882,0.16900366642636935
2024-12-19 08:00:00,0.10095473580483534,1.5882602850516068,1.6248573101070733,0.21729042826247486
2024-12-19 09:00:00,0.10095473580483534,1.5528794888587905,1.631348075872061,0.21729042826247486
2024-12-19 10:00:00,0.09646785865795378,1.5121993219170882,1.5826308844866805,0.20763307589525376
2024-12-19 11:00:00,0.08973754293763142,1.4949027112012143,1.4985676167920674,0.1931470473444221
2024-12-19 12:00:00,0.06730315720322357,1.3799538669747422,1.2591527664286986,0.1448602855083166
2024-12-19 13:00:00,0.08525066579074984,1.454724899803852,1.4588438551097953,0.183489694977201
2024-12-19 14:00:00,0.08973754293763142,1.4777146686491465,1.5230452419632723,0.1931470473444221
2024-12-19 15:00:00,0.07852035007042749,1.4374282890879784,1.399258212586387,0.16900366642636935
2024-12-19 16:00:00,0.04486877146881571,1.317071505948814,1.0695273877204465,0.09657352367221105
2024-12-19 17:00:00,0.017947508587526285,1.3252715067233056,0.7267835511770063,0.03862940946888442
2024-12-19 18:00:00,0.011217192867203928,1.3251629385594998,0.5856058247495819,0.02414338091805276
2024-12-19 19:00:00,0.008973754293763143,1.218591212402459,0.497967612847112,0.01931470473444221
2024-12-19 20:00:00,0.006730315720322356,1.0351353981517721,0.43397280480313993,0.014486028550831658
2024-12-19 21:00:00,0.006730315720322356,0.8884944287611743,0.3988333073034127,0.014486028550831658
2024-12-19 22:00:00,0.006730315720322356,0.7762295444747126,0.37185301819408706,0.014486028550831658
2024-12-19 23:00:00,0.006730315720322356,0.7236607057298282,0.35386615878786987,0.014486028550831658
2024-12-20 00:00:00,0.008418633621996303,0.8838567881729728,0.43771021120364484,0.018119887992622836
2024-12-20 01:00:00,0.008418633621996303,0.8402539048150697,0.41554341404085154,0.018119887992622836
2024-12-20 02:00:00,0.008418633621996303,0.8184524631361182,0.4044600154594549,0.018119887992622836
2024-12-20 03:00:00,0.008418633621996303,0.8184524631361182,0.4044600154594549,0.018119887992622836
2024-12-20 04:00:00,0.008418633621996303,0.8402539048150697,0.41554341404085154,0.018119887992622836
2024-12-20 05:00:00,0.014031056036660505,0.9850066418048378,0.519790713656835,0.030199813321038056
2024-12-20 06:00:00,0.04209316810998151,1.3821462061571292,0.9182515593107589,0.09059943996311418
2024-12-20 07:00:00,0.09821739225662354,1.8075114846993274,1.623931257875544,0.2113986932472664
2024-12-20 08:00:00,0.12627950432994456,1.9512954290734823,2.0257510898351954,0.2717983198893425
2024-12-20 09:00:00,0.12627950432994456,1.9076925457155791,2.0342596843247023,0.2717983198893425
2024-12-20 10:00:00,0.12066708191528033,1.8571343151617967,1.9734877110036755,0.2597183945609273
2024-12-20 11:00:00,0.11224844829328404,1.835362855597813,1.8682794572419303,0.24159850656830445
2024-12-20 12:00:00,0.08418633621996302,1.6915789112236583,1.5687109307899463,0.18119887992622835
2024-12-20 13:00:00,0.10663602587861984,1.7852423429747193,1.8185908825023003,0.22951858123988925
2024-12-20 14:00:00,0.11224844829328404,1.8139991318495503,1.8989548488942305,0.24159850656830445
2024-12-20 15:00:00,0.09821739225662354,1.7634708834107358,1.744058020392855,0.2113986932472664
2024-12-20 16:00:00,0.05612422414664202,1.6123238560249804,1.3313514556731925,0.12079925328415222
2024-12-20 17:00:00,0.022449689658656808,1.6189948062743424,0.9020098461367043,0.048319701313660895
2024-12-20 18:00:00,0.014031056036660505,1.6185870704586214,0.7252256785195919,0.030199813321038056
2024-12-20 19:00:00,0.011224844829328404,1.4886504458369578,0.6160055426517531,0.024159850656830448
2024-12-20 20:00:00,0.008418633621996303,1.265394750640686,0.5366025304055848,0.018119887992622836
2024-12-20 21:00:00,0.008418633621996303,1.0857453492116496,0.4931272041106281,0.018119887992622836
2024-12-20 22:00:00,0.008418633621996303,0.9488233952791384,0.4598770083664382,0.018119887992622836
2024-12-20 23:00:00,0.008418633621996303,0.8838567881729728,0.43771021120364484,0.018119887992622836
2024-12-21 00:00:00,0.04986743140223286,1.1110766719922534,0.9761375422849745,0.10733241426819501
2024-12-21 01:00:00,0.04986743140223286,1.0690178846023686,0.9547557313315105,0.10733241426819501
2024-12-21 02:00:00,0.04986743140223286,1.0479884909074262,0.9440648258547785,0.10733241426819501
2024-12-21 03:00:00,0.04986743140223286,1.0479884909074262,0.9440648258547785,0.10733241426819501
2024-12-21 04:00:00,0.04986743140223286,1.0690178846023686,0.9547557313315105,0.10733241426819501
2024-12-21 05:00:00,0.04986743140223286,1.159804734575519,0.9868284477617064,0.10733241426819501
2024-12-21 06:00:00,0.04986743140223286,1.3350601140917397,1.0402829751453662,0.10733241426819501
2024-12-21 07:00:00,0.04986743140223286,1.461587431024695,1.0830465970522942,0.10733241426819501
2024-12-21 08:00:00,0.04986743140223286,1.5397376401376857,1.0937375025290261,0.10733241426819501
2024-12-21 09:00:00,0.04986743140223286,1.5691597866674105,1.0937375025290261,0.10733241426819501
2024-12-21 10:00:00,0.04986743140223286,1.5838708599322728,1.0937375025290261,0.10733241426819501
2024-12-21 11:00:00,0.04986743140223286,1.5985819331971352,1.0937375025290261,0.10733241426819501
2024-12-21 12:00:00,0.04986743140223286,1.5875024656418057,1.0937375025290261,0.10733241426819501
2024-12-21 13:00:00,0.04986743140223286,1.5727913923769434,1.0937375025290261,0.10733241426819501
2024-12-21 14:00:00,0.04986743140223286,1.5580803191120811,1.0937375025290261,0.10733241426819501
2024-12-21 15:00:00,0.04986743140223286,1.5580803191120811,1.0937375025290261,0.10733241426819501
2024-12-21 16:00:00,0.04986743140223286,1.5580803191120811,1.0937375025290261,0.10733241426819501
2024-12-21 17:00:00,0.04986743140223286,1.5580803191120811,1.0937375025290261,0.10733241426819501
2024-12-21 18:00:00,0.04986743140223286,1.5267500445142246,1.0937375025290261,0.10733241426819501
2024-12-21 19:00:00,0.04986743140223286,1.4633109086660967,1.0830465970522942,0.10733241426819501
2024-12-21 20:00:00,0.04986743140223286,1.3641313058581634,1.0616647860988302,0.10733241426819501
2024-12-21 21:00:00,0.04986743140223286,1.2586333826201508,1.0295920696686343,0.10733241426819501
2024-12-21 22:00:00,0.04986743140223286,1.1741648530770803,1.0082102587151702,0.10733241426819501
2024-12-21 23:00:00,0.04986743140223286,1.1321060656871955,0.9868284477617064,0.10733241426819501
2024-12-22 00:00:00,0.04514048443159087,1.013898171512333,0.8854432614607268,0.09715834642049713
2024-12-22 01:00:00,0.04514048443159087,0.975583570051575,0.8659649166003072,0.09715834642049713
2024-12-22 02:00:00,0.04514048443159087,0.956426269321196,0.8562257441700973,0.09715834642049713
2024-12-22 03:00:00,0.04514048443159087,0.956426269321196,0.8562257441700973,0.09715834642049713
2024-12-22 04:00:00,0.04514048443159087,0.975583570051575,0.8659649166003072,0.09715834642049713
2024-12-22 05:00:00,0.04514048443159087,1.0589588180385947,0.8951824338909365,0.09715834642049713
2024-12-22 06:00:00,0.04514048443159087,1.2199046917919674,0.9438782960419855,0.09715834642049713
2024-12-22 07:00:00,0.04514048443159087,1.3357899190190783,0.9828349857628248,0.09715834642049713
2024-12-22 08:00:00,0.04514048443159087,1.4075559225647643,0.9925741581930345,0.09715834642049713
2024-12-22 09:00:00,0.04514048443159087,1.4342612795841883,0.9925741581930345,0.09715834642049713
2024-12-22 10:00:00,0.04514048443159087,1.4476139580939003,0.9925741581930345,0.09715834642049713
2024-12-22 11:00:00,0.04514048443159087,1.4609666366036123,0.9925741581930345,0.09715834642049713
2024-12-22 12:00:00,0.04514048443159087,1.450605298285259,0.9925741581930345,0.09715834642049713
2024-12-22 13:00:00,0.04514048443159087,1.437252619775547,0.9925741581930345,0.09715834642049713
2024-12-22 14:00:00,0.04514048443159087,1.423899941265835,0.9925741581930345,0.09715834642049713
2024-12-22 15:00:00,0.04514048443159087,1.423899941265835,0.9925741581930345,0.09715834642049713
2024-12-22 16:00:00,0.04514048443159087,1.423899941265835,0.9925741581930345,0.09715834642049713
2024-12-22 17:00:00,0.04514048443159087,1.423899941265835,0.9925741581930345,0.09715834642049713
2024-12-22 18:00:00,0.04514048443159087,1.3950052552785934,0.9925741581930345,0.09715834642049713
2024-12-22 19:00:00,0.04514048443159087,1.3365919302426197,0.9828349857628248,0.09715834642049713
2024-12-22 20:00:00,0.04514048443159087,1.2456686259665546,0.9633566409024051,0.09715834642049713
2024-12-22 21:00:00,0.04514048443159087,1.148940699469823,0.9341391236117758,0.09715834642049713
2024-12-22 22:00:00,0.04514048443159087,1.07137007370347,0.9146607787513561,0.09715834642049713
2024-12-22 23:00:00,0.04514048443159087,1.0330554722427119,0.8951824338909365,0.09715834642049713
2024-12-23 00:00:00,0.007759777855489399,0.8213412438049162,0.4049905809926107,0.016701796503143355
2024-12-23 01:00:00,0.007759777855489399,0.7809469798285105,0.3844549790518959,0.016701796503143355
2024-12-23 02:00:00,0.007759777855489399,0.7607498478403077,0.37418717808153856,0.016701796503143355
2024-12-23 03:00:00,0.007759777855489399,0.7607498478403077,0.37418717808153856,0.016701796503143355
2024-12-23 04:00:00,0.007759777855489399,0.7809469798285105,0.3844549790518959,0.016701796503143355
2024-12-23 05:00:00,0.01293296309248233,0.9154816598950631,0.4807449671631476,0.027836327505238925
2024-12-23 06:00:00,0.03879888927744699,1.2838039430702683,0.8484002130998871,0.08350898251571677
2024-12-23 07:00:00,0.09053074164737632,1.6770919553825694,1.4990216453737468,0.19485429253667247
2024-12-23 08:00:00,0.11639666783234098,1.8096231777478724,1.8693047367705626,0.2505269475471503
2024-12-23 09:00:00,0.11639666783234098,1.7692289137714665,1.8770258859041595,0.2505269475471503
2024-12-23 10:00:00,0.11122348259534803,1.722525537310203,1.8209582177287509,0.23939241654505475
2024-12-23 11:00:00,0.10346370473985864,1.7025003602235307,1.724001665846862,0.2226906200419114
2024-12-23 12:00:00,0.07759777855489398,1.5699691378582277,1.4479077446977522,0.16701796503143354
2024-12-23 13:00:00,0.09829051950286571,1.6562599261275517,1.6782017986418107,0.21155608903981582
2024-12-23 14:00:00,0.10346370473985864,1.6827661706006123,1.7522584169211737,0.2226906200419114
2024-12-23 15:00:00,0.09053074164737632,1.6362347490408793,1.6095019978342335,0.19485429253667247
2024-12-23 16:00:00,0.05173185236992932,1.4971034267269643,1.2291762096428527,0.1113453100209557
2024-12-23 17:00:00,0.02069274094797173,1.5043710796202794,0.8336288529817003,0.04453812400838228
2024-12-23 18:00:00,0.01293296309248233,1.5040800921565254,0.6707398819264172,0.027836327505238925
2024-12-23 19:00:00,0.010346370473985865,1.3832614766917875,0.5699419602889664,0.02226906200419114
2024-12-23 20:00:00,0.007759777855489399,1.1755374423523293,0.49655190578024044,0.016701796503143355
2024-12-23 21:00:00,0.007759777855489399,1.0087693802553666,0.45632958584439776,0.016701796503143355
2024-12-23 22:00:00,0.007759777855489399,0.8814696974042405,0.42552618293332556,0.016701796503143355
2024-12-23 23:00:00,0.007759777855489399,0.8213412438049162,0.4049905809926107,0.016701796503143355
2024-12-24 00:00:00,0.007347993001422582,0.7822690285748811,0.38454081211071445,0.015815489322218674
2024-12-24 01:00:00,0.007347993001422582,0.7438801517119111,0.3650247071837987,0.015815489322218674
2024-12-24 02:00:00,0.007347993001422582,0.7246857132804263,0.35526665472034086,0.015815489322218674
2024-12-24 03:00:00,0.007347993001422582,0.7246857132804263,0.35526665472034086,0.015815489322218674
2024-12-24 04:00:00,0.007347993001422582,0.7438801517119111,0.3650247071837987,0.015815489322218674
2024-12-24 05:00:00,0.01224665500237097,0.8720285462014541,0.4563413756045929,0.026359148870364457
2024-12-24 06:00:00,0.03673996500711291,1.2223400286409805,0.8047431217180921,0.07907744661109338
2024-12-24 07:00:00,0.08572658501659679,1.5955797495595956,1.4209531375601234,0.1845140420925512
2024-12-24 08:00:00,0.11021989502133872,1.7210780206693663,1.771525766105167,0.23723233983328013
2024-12-24 09:00:00,0.11021989502133872,1.6826891438063962,1.7787547618913204,0.23723233983328013
2024-12-24 10:00:00,0.10532123302039034,1.6383950511529572,1.725627284431923,0.22668868028513434
2024-12-24 11:00:00,0.09797324001896776,1.6194613006146044,1.6338280462249444,0.21087319096291565
2024-12-24 12:00:00,0.07347993001422581,1.4939630295048336,1.3724057533901308,0.15815489322218676
2024-12-24 13:00:00,0.09307457801801937,1.5756459155980718,1.5904586212290046,0.2003295314147699
2024-12-24 14:00:00,0.09797324001896776,1.600745569820026,1.6605731469380134,0.21087319096291565
2024-12-24 15:00:00,0.08572658501659679,1.556712165059719,1.525404483735095,0.1845140420925512
2024-12-24 16:00:00,0.04898662000948388,1.4250906584157046,1.1653166808738902,0.10543659548145783
2024-12-24 17:00:00,0.01959464800379355,1.43273125046149,0.7908907322598228,0.04217463819258313
2024-12-24 18:00:00,0.01224665500237097,1.4325132307177153,0.6366862590556831,0.026359148870364457
2024-12-24 19:00:00,0.009797324001896776,1.3173933709760561,0.5411522213122246,0.021087319096291565
2024-12-24 20:00:00,0.007347993001422582,1.1193766246721066,0.4715202653894003,0.015815489322218674
2024-12-24 21:00:00,0.007347993001422582,0.9606593996576898,0.4333310744280038,0.015815489322218674
2024-12-24 22:00:00,0.007347993001422582,0.8393736362324293,0.4040569170376302,0.015815489322218674
2024-12-24 23:00:00,0.007347993001422582,0.7822690285748811,0.38454081211071445,0.015815489322218674
2024-12-25 00:00:00,0.006524423293288948,0.7041245981148104,0.34364127434692165,0.014042874960369317
2024-12-25 01:00:00,0.006524423293288948,0.6697464954787121,0.3261641634476041,0.014042874960369317
2024-12-25 02:00:00,0.006524423293288948,0.6525574441606631,0.3174256079979454,0.014042874960369317
2024-12-25 03:00:00,0.006524423293288948,0.6525574441606631,0.3174256079979454,0.014042874960369317
2024-12-25 04:00:00,0.006524423293288948,0.6697464954787121,0.3261641634476041,0.014042874960369317
2024-12-25 05:00:00,0.010874038822148248,0.7851223188142357,0.4075341924874834,0.023404791600615527
2024-12-25 06:00:00,0.03262211646644474,1.099412199782404,0.7174289389545021,0.07021437480184659
2024-12-25 07:00:00,0.07611827175503773,1.4325553379136475,1.2648161219328764,0.1638335412043087
2024-12-25 08:00:00,0.09786634939933422,1.5439877065123535,1.5759678247743754,0.21064312440553976
2024-12-25 09:00:00,0.09786634939933422,1.5096096038762552,1.5822125138656413,0.21064312440553976
2024-12-25 10:00:00,0.09351673387047492,1.470134078838465,1.5349654178382663,0.20128120776529354
2024-12-25 11:00:00,0.08699231057718598,1.453383181396751,1.4534808069811083,0.18723833280492422
2024-12-25 12:00:00,0.06524423293288947,1.341950812798045,1.2214017707748877,0.14042874960369317
2024-12-25 13:00:00,0.08264269504832666,1.414417894539112,1.4149722664033921,0.177876416164678
2024-12-25 14:00:00,0.08699231057718598,1.4367043682588532,1.477202606971692,0.18723833280492422
2024-12-25 15:00:00,0.07611827175503773,1.397666997097398,1.3572094555368177,0.1638335412043087
2024-12-25 16:00:00,0.04349615528859299,1.281065121793184,1.0375976233359652,0.09361916640246211
2024-12-25 17:00:00,0.017398462115437194,1.2894515921439105,0.7054144908160676,0.037447666560984846
2024-12-25 18:00:00,0.010874038822148248,1.2893795078400947,0.5685790133142148,0.023404791600615527
2024-12-25 19:00:00,0.008699231057718597,1.185657159544593,0.483572743358741,0.018723833280492423
2024-12-25 20:00:00,0.006524423293288948,1.0070549893116605,0.42145698460771985,0.014042874960369317
2024-12-25 21:00:00,0.006524423293288948,0.8644394384623358,0.38733405159521567,0.014042874960369317
2024-12-25 22:00:00,0.006524423293288948,0.7551815138888068,0.3611183852462393,0.014042874960369317
2024-12-25 23:00:00,0.006524423293288948,0.7041245981148104,0.34364127434692165,0.014042874960369317
2024-12-26 00:00:00,0.006895029661949083,0.7392895918218422,0.3620460663406284,0.014840551423201528
2024-12-26 01:00:00,0.006895029661949083,0.7031066407836516,0.3436514081288916,0.014840551423201528
2024-12-26 02:00:00,0.006895029661949083,0.6850151652645564,0.33445407902302327,0.014840551423201528
2024-12-26 03:00:00,0.006895029661949083,0.6850151652645564,0.33445407902302327,0.014840551423201528
2024-12-26 04:00:00,0.006895029661949083,0.7031066407836516,0.3436514081288916,0.014840551423201528
2024-12-26 05:00:00,0.011491716103248471,0.8242301211384839,0.42949742489018267,0.02473425237200255
2024-12-26 06:00:00,0.034475148309745414,1.1547297227687634,0.7567203211981176,0.07420275711600764
2024-12-26 07:00:00,0.08044201272273929,1.505916323154324,1.3350777789651376,0.17313976660401784
2024-12-26 08:00:00,0.10342544492923625,1.6236783478830092,1.6639688983732315,0.22260827134802294
2024-12-26 09:00:00,0.10342544492923625,1.5874953968448187,1.6706565254771968,0.22260827134802294
2024-12-26 10:00:00,0.09882875848793685,1.5458515163799864,1.6207632578054116,0.21271457039922193
2024-12-26 11:00:00,0.09193372882598777,1.528118335044785,1.5346370646408345,0.1978740189760204
2024-12-26 12:00:00,0.06895029661949083,1.4103563103160999,1.289353562951747,0.14840551423201528
2024-12-26 13:00:00,0.08733704238468838,1.4869705040156438,1.4939411260749176,0.18798031802721937
2024-12-26 14:00:00,0.09193372882598777,1.5105229089613808,1.5597193499565365,0.1978740189760204
2024-12-26 15:00:00,0.08044201272273929,1.4692373226804423,1.4328972182260424,0.17313976660401784
2024-12-26 16:00:00,0.045966864412993885,1.3458766132733182,1.0950711992280313,0.0989370094880102
2024-12-26 17:00:00,0.018386745765197554,1.3539274383868212,0.7438787994657573,0.039574803795204075
2024-12-26 18:00:00,0.011491716103248471,1.3537896831350238,0.5992272738978754,0.02473425237200255
2024-12-26 19:00:00,0.009193372882598777,1.2449384546887514,0.5094835084378087,0.019787401897602037
2024-12-26 20:00:00,0.006895029661949083,1.0575997252238611,0.443985460959476,0.014840551423201528
2024-12-26 21:00:00,0.006895029661949083,0.907738421000245,0.4080327118699703,0.014840551423201528
2024-12-26 22:00:00,0.006895029661949083,0.7930679689434369,0.38044072455236516,0.014840551423201528
2024-12-26 23:00:00,0.006895029661949083,0.7392895918218422,0.3620460663406284,0.014840551423201528
2024-12-27 00:00:00,0.006689137234915675,0.7197534842068247,0.35182118189968026,0.014397397832739191
2024-12-27 01:00:00,0.006689137234915675,0.684573226725352,0.33393627219484306,0.014397397832739191
2024-12-27 02:00:00,0.006689137234915675,0.6669830979846159,0.32499381734242444,0.014397397832739191
2024-12-27 03:00:00,0.006689137234915675,0.6669830979846159,0.32499381734242444,0.014397397832739191
2024-12-27 04:00:00,0.006689137234915675,0.684573226725352,0.33393627219484306,0.014397397832739191
2024-12-27 05:00:00,0.011148562058192792,0.8025035642916795,0.41729562911090534,0.023995663054565318
2024-12-27 06:00:00,0.033445686174578375,1.1239977655541193,0.7348917755072202,0.07198698916369595
2024-12-27 07:00:00,0.07803993440734955,1.4651602202428373,1.296043525058326,0.16796964138195722
2024-12-27 08:00:00,0.10033705852373513,1.5794057693437562,1.615079413040534,0.21596096749108787
2024-12-27 09:00:00,0.10033705852373513,1.5442255118622836,1.6215209634707772,0.21596096749108787
2024-12-27 10:00:00,0.09587763370045801,1.5037862733013636,1.5730977911569979,0.20636270226926173
2024-12-27 11:00:00,0.08918849646554233,1.486598805240322,1.4895502548298758,0.19196530443652254
2024-12-27 12:00:00,0.06689137234915675,1.372353256139403,1.2516025672979365,0.1439739783273919
2024-12-27 13:00:00,0.08472907164226523,1.4466634987509042,1.4500695373685148,0.1823670392146964
2024-12-27 14:00:00,0.08918849646554233,1.469512608571088,1.5138767149649563,0.19196530443652254
2024-12-27 15:00:00,0.07803993440734955,1.4294760306898624,1.3908484611764733,0.16796964138195722
2024-12-27 16:00:00,0.044594248232771166,1.3098702291176882,1.0631414348435502,0.09598265221826127
2024-12-27 17:00:00,0.017837699293108467,1.3181075238074267,0.7225097391048186,0.03839306088730451
2024-12-27 18:00:00,0.011148562058192792,1.318006252415619,0.5822004624625085,0.023995663054565318
2024-12-27 19:00:00,0.008918849646554233,1.212004401830886,0.4950886389494378,0.019196530443652254
2024-12-27 20:00:00,0.006689137234915675,1.02951931638375,0.4314696407640559,0.014397397832739191
2024-12-27 21:00:00,0.006689137234915675,0.8836834307014066,0.3965334561617733,0.014397397832739191
2024-12-27 22:00:00,0.006689137234915675,0.7720199383575315,0.3697060916045175,0.014397397832739191
2024-12-27 23:00:00,0.006689137234915675,0.7197534842068247,0.35182118189968026,0.014397397832739191
2024-12-28 00:00:00,0.040164750778283506,0.9116050131124168,0.7899755974352026,0.08644880131765728
2024-12-28 01:00:00,0.040164750778283506,0.8772316599981078,0.772500901093777,0.08644880131765728
2024-12-28 02:00:00,0.040164750778283506,0.8600449834409534,0.7637635529230642,0.08644880131765728
2024-12-28 03:00:00,0.040164750778283506,0.8600449834409534,0.7637635529230642,0.08644880131765728
2024-12-28 04:00:00,0.040164750778283506,0.8772316599981078,0.772500901093777,0.08644880131765728
2024-12-28 05:00:00,0.040164750778283506,0.9528052216839376,0.7987129456059153,0.08644880131765728
2024-12-28 06:00:00,0.040164750778283506,1.0986884577922067,0.8423996864594792,0.08644880131765728
2024-12-28 07:00:00,0.040164750778283506,1.2033714853289552,0.8773490791423303,0.08644880131765728
2024-12-28 08:00:00,0.040164750778283506,1.2684172724880045,0.886086427313043,0.08644880131765728
2024-12-28 09:00:00,0.040164750778283506,1.292262851075533,0.886086427313043,0.08644880131765728
2024-12-28 10:00:00,0.040164750778283506,1.3041856403692973,0.886086427313043,0.08644880131765728
2024-12-28 11:00:00,0.040164750778283506,1.3161084296630614,0.886086427313043,0.08644880131765728
2024-12-28 12:00:00,0.040164750778283506,1.3065030168573148,0.886086427313043,0.08644880131765728
2024-12-28 13:00:00,0.040164750778283506,1.2945802275635505,0.886086427313043,0.08644880131765728
2024-12-28 14:00:00,0.040164750778283506,1.2826574382697864,0.886086427313043,0.08644880131765728
2024-12-28 15:00:00,0.040164750778283506,1.2826574382697864,0.886086427313043,0.08644880131765728
2024-12-28 16:00:00,0.040164750778283506,1.2826574382697864,0.886086427313043,0.08644880131765728
2024-12-28 17:00:00,0.040164750778283506,1.2826574382697864,0.886086427313043,0.08644880131765728
2024-12-28 18:00:00,0.040164750778283506,1.2563265297674022,0.886086427313043,0.08644880131765728
2024-12-28 19:00:00,0.040164750778283506,1.2032035319021173,0.8773490791423303,0.08644880131765728
2024-12-28 20:00:00,0.040164750778283506,1.1209710681859133,0.8598743828009048,0.08644880131765728
2024-12-28 21:00:00,0.040164750778283506,1.0334747172063194,0.8336623382887665,0.08644880131765728
2024-12-28 22:00:00,0.040164750778283506,0.9631650427838799,0.8161876419473408,0.08644880131765728
2024-12-28 23:00:00,0.040164750778283506,0.9287916896695712,0.7987129456059153,0.08644880131765728
2024-12-29 00:00:00,0.0386720306822913,0.8809170655924421,0.7613352982275456,0.08323593778680535
2024-12-29 01:00:00,0.0386720306822913,0.8477260869820679,0.7444616964418183,0.08323593778680535
2024-12-29 02:00:00,0.0386720306822913,0.8311305976768808,0.7360248955489546,0.08323593778680535
2024-12-29 03:00:00,0.0386720306822913,0.8311305976768808,0.7360248955489546,0.08323593778680535
2024-12-29 04:00:00,0.0386720306822913,0.8477260869820679,0.7444616964418183,0.08323593778680535
2024-12-29 05:00:00,0.0386720306822913,0.9209591427775404,0.7697720991204093,0.08323593778680535
2024-12-29 06:00:00,0.0386720306822913,1.0623235875922787,0.8119561035847276,0.08323593778680535
2024-12-29 07:00:00,0.0386720306822913,1.1636459552219185,0.8457033071561824,0.08323593778680535
2024-12-29 08:00:00,0.0386720306822913,1.226675677464977,0.8541401080490459,0.08323593778680535
2024-12-29 09:00:00,0.0386720306822913,1.2496633225229368,0.8541401080490459,0.08323593778680535
2024-12-29 10:00:00,0.0386720306822913,1.2611571450519166,0.8541401080490459,0.08323593778680535
2024-12-29 11:00:00,0.0386720306822913,1.2726509675808966,0.8541401080490459,0.08323593778680535
2024-12-29 12:00:00,0.0386720306822913,1.2632723324289319,0.8541401080490459,0.08323593778680535
2024-12-29 13:00:00,0.0386720306822913,1.2517785098999519,0.8541401080490459,0.08323593778680535
2024-12-29 14:00:00,0.0386720306822913,1.240284687370972,0.8541401080490459,0.08323593778680535
2024-12-29 15:00:00,0.0386720306822913,1.240284687370972,0.8541401080490459,0.08323593778680535
2024-12-29 16:00:00,0.0386720306822913,1.240284687370972,0.8541401080490459,0.08323593778680535
2024-12-29 17:00:00,0.0386720306822913,1.240284687370972,0.8541401080490459,0.08323593778680535
2024-12-29 18:00:00,0.0386720306822913,1.2147229121140453,0.8541401080490459,0.08323593778680535
2024-12-29 19:00:00,0.0386720306822913,1.1631870123999668,0.8457033071561824,0.08323593778680535
2024-12-29 20:00:00,0.0386720306822913,1.0835618008517212,0.828829705370455,0.08323593778680535
2024-12-29 21:00:00,0.0386720306822913,0.9988349225272687,0.803519302691864,0.08323593778680535
2024-12-29 22:00:00,0.0386720306822913,0.9307035335080031,0.7866457009061366,0.08323593778680535
2024-12-29 23:00:00,0.0386720306822913,0.8975125548976289,0.7697720991204093,0.08323593778680535
2024-12-30 00:00:00,0.007059743603575809,0.7549184779138562,0.3702259738933869,0.0151950742955714
2024-12-30 01:00:00,0.007059743603575809,0.7179333720302914,0.35142351687613055,0.0151950742955714
2024-12-30 02:00:00,0.007059743603575809,0.6994408190885091,0.34202228836750237,0.0151950742955714
2024-12-30 03:00:00,0.007059743603575809,0.6994408190885091,0.34202228836750237,0.0151950742955714
2024-12-30 04:00:00,0.007059743603575809,0.7179333720302914,0.35142351687613055,0.0151950742955714
2024-12-30 05:00:00,0.011766239339293015,0.8416113666159276,0.4392588615136045,0.025325123825952332
2024-12-30 06:00:00,0.035298718017879045,1.1793152885404785,0.7741831577508356,0.075975371477857
2024-12-30 07:00:00,0.08236367537505111,1.5385212054835136,1.366305182090587,0.17727586678166632
2024-12-30 08:00:00,0.10589615405363714,1.6590964107144115,1.7030804866393896,0.227926114433571
2024-12-30 09:00:00,0.10589615405363714,1.6221113048308464,1.7099649750823325,0.227926114433571
2024-12-30 10:00:00,0.10118965831791993,1.5795037108428847,1.6588956311241427,0.21779606490319006
2024-12-30 11:00:00,0.09412991471434412,1.5613339588883555,1.5707065124896016,0.20260099060761866
2024-12-30 12:00:00,0.07059743603575809,1.4407587536574575,1.3195543594747956,0.151950742955714
2024-12-30 13:00:00,0.08942341897862692,1.5192161082274356,1.52903839704004,0.19247094107723772
2024-12-30 14:00:00,0.09412991471434412,1.5433311492736153,1.5963934579498005,0.20260099060761866
2024-12-30 15:00:00,0.08236367537505111,1.5010463562729064,1.4665362238656978,0.17727586678166632
2024-12-30 16:00:00,0.04706495735717206,1.374681720597822,1.1206150107356163,0.10130049530380933
2024-12-30 17:00:00,0.018825982942868823,1.382583370050337,0.7609740477545083,0.040520198121523736
2024-12-30 18:00:00,0.011766239339293015,1.3824164277105477,0.6128487230461691,0.025325123825952332
2024-12-30 19:00:00,0.009412991471434411,1.271285696975044,0.5209994040285053,0.020260099060761868
2024-12-30 20:00:00,0.007059743603575809,1.0800640522959504,0.45399811711581206,0.0151950742955714
2024-12-30 21:00:00,0.007059743603575809,0.9269824132393157,0.41723211643652786,0.0151950742955714
2024-12-30 22:00:00,0.007059743603575809,0.8099063934121613,0.3890284309106433,0.0151950742955714
2024-12-30 23:00:00,0.007059743603575809,0.7549184779138562,0.3702259738933869,0.0151950742955714
2024-12-31 00:00:00,0.0075950639138626696,0.805712357712902,0.39681067343985205,0.016347273630773478
2024-12-31 01:00:00,0.0075950639138626696,0.7661202485818706,0.37668287030465686,0.016347273630773478
2024-12-31 02:00:00,0.0075950639138626696,0.746324194016355,0.36661896873705935,0.016347273630773478
2024-12-31 03:00:00,0.0075950639138626696,0.746324194016355,0.36661896873705935,0.016347273630773478
2024-12-31 04:00:00,0.0075950639138626696,0.7661202485818706,0.37668287030465686,0.016347273630773478
2024-12-31 05:00:00,0.012658439856437782,0.8981004144176192,0.4709835305397255,0.027245456051289127
2024-12-31 06:00:00,0.03797531956931335,1.2592183772985528,0.8309373765471689,0.08173636815386738
2024-12-31 07:00:00,0.08860907899506448,1.6444870730533794,1.467794242248297,0.1907181923590239
2024-12-31 08:00:00,0.11392595870794003,1.7742051149164695,1.8301931485044038,0.24520910446160216
2024-12-31 09:00:00,0.11392595870794003,1.7346130057854379,1.8377174362990234,0.24520910446160216
2024-12-31 10:00:00,0.10886258276536492,1.6888733428473042,1.782825844410019,0.2343109220410865
2024-12-31 11:00:00,0.10126751885150226,1.6692847363799597,1.6879322179980945,0.21796364841031302
2024-12-31 12:00:00,0.0759506391386267,1.5395666945168696,1.417706948174703,0.16347273630773476
2024-12-31 13:00:00,0.09620414290892715,1.6240143219157592,1.6431045276766878,0.20706546598979736
2024-12-31 14:00:00,0.10126751885150226,1.6499579302883773,1.715584308927909,0.21796364841031302
2024-12-31 15:00:00,0.08860907899506448,1.6044257154484145,1.5758629921945777,0.1907181923590239
2024-12-31 16:00:00,0.05063375942575113,1.46829831940246,1.2036323981352675,0.10898182420515651
2024-12-31 17:00:00,0.020253503770300454,1.4757151479567632,0.816533604692949,0.043592729682062605
2024-12-31 18:00:00,0.012658439856437782,1.475453347581001,0.6571184327781234,0.027245456051289127
2024-12-31 19:00:00,0.010126751885150227,1.3569142344054945,0.5584260646982695,0.021796364841031302
2024-12-31 20:00:00,0.0075950639138626696,1.1530731152802398,0.48653924962390427,0.016347273630773478
2024-12-31 21:00:00,0.0075950639138626696,0.9895253880162955,0.44713018127784,0.016347273630773478
2024-12-31 22:00:00,0.0075950639138626696,0.8646312729355159,0.41693847657504723,0.016347273630773478
2024-12-31 23:00:00,0.0075950639138626696,0.805712357712902,0.39681067343985205,0.016347273630773478
