mese,giorno,Pioggia mm,Tmin,Tmed,Tmax,Umidita' min %,Umidita' med %,Umidita' max %,Vento med km/h,Vento max km/h,Dir. V. max °N,Radiaz. KJ/m2,Press. med hPa,anno,date
1,1,0.2,4.6,5.7,6.9,82.0,92.0,99.0,4.0,19.0,319.0,151.0,1010.0,2007,2007-01-01
1,2,0.0,-0.4,4.9,8.6,49.0,88.0,99.0,9.0,30.0,244.0,2280.0,1000.1,2007,2007-01-02
1,3,0.0,-1.9,3.3,10.2,44.0,67.0,90.0,8.0,22.0,339.0,6365.0,1009.1,2007,2007-01-03
1,4,0.0,0.4,4.9,9.0,60.0,73.0,87.0,9.0,19.0,23.0,1699.0,1005.1,2007,2007-01-04
1,5,0.0,-0.8,4.8,12.3,49.0,75.0,92.0,9.0,20.0,336.0,6063.0,1005.5,2007,2007-01-05
1,6,0.0,2.0,6.1,10.6,64.0,83.0,92.0,6.0,17.0,334.0,2436.0,1010.0,2007,2007-01-06
1,7,0.0,5.4,7.3,10.2,76.0,86.0,93.0,5.0,12.0,345.0,2000.0,1007.8,2007,2007-01-07
1,8,0.6,2.9,6.8,10.8,70.0,87.0,99.0,6.0,18.0,252.0,1884.0,1003.2,2007,2007-01-08
1,9,0.0,2.3,6.7,11.3,73.0,92.0,99.0,5.0,11.0,335.0,3867.0,1007.2,2007,2007-01-09
1,10,0.4,7.0,7.7,9.2,86.0,94.0,99.0,3.0,12.0,205.0,509.0,1011.6,2007,2007-01-10
1,11,0.2,6.5,7.7,9.3,89.0,98.0,100.0,1.0,9.0,226.0,716.0,1008.1,2007,2007-01-11
1,12,0.4,2.9,6.7,11.9,75.0,96.0,99.0,7.0,28.0,226.0,4515.0,1005.0,2007,2007-01-12
1,13,0.0,1.4,6.7,13.0,69.0,86.0,99.0,8.0,18.0,325.0,3912.0,1010.1,2007,2007-01-13
1,14,0.0,1.7,7.0,11.4,72.0,88.0,99.0,6.0,17.0,332.0,2385.0,1011.2,2007,2007-01-14
1,15,0.0,1.3,7.9,16.6,36.0,76.0,99.0,9.0,23.0,324.0,6622.0,1013.7,2007,2007-01-15
1,16,0.0,0.7,5.0,6.8,92.0,98.0,99.0,6.0,18.0,14.0,922.0,1012.7,2007,2007-01-16
1,17,0.0,2.8,6.8,11.2,67.0,90.0,99.0,5.0,14.0,335.0,4505.0,1009.9,2007,2007-01-17
1,18,0.2,2.1,5.5,7.3,98.0,99.0,99.0,3.0,13.0,196.0,421.0,1004.9,2007,2007-01-18
1,19,0.0,5.2,7.1,9.2,91.0,97.0,99.0,5.0,21.0,9.0,1771.0,997.7,2007,2007-01-19
1,20,0.0,4.1,9.4,14.4,72.0,91.0,99.0,8.0,17.0,323.0,2297.0,1003.3,2007,2007-01-20
1,21,3.2,8.4,9.4,10.1,95.0,99.0,99.0,4.0,13.0,0.0,66.0,999.6,2007,2007-01-21
1,22,24.2,8.4,9.3,10.6,87.0,98.0,99.0,6.0,16.0,73.0,133.0,997.5,2007,2007-01-22
1,23,76.6,8.6,10.1,12.2,98.0,99.0,99.0,11.0,40.0,173.0,0.0,984.5,2007,2007-01-23
1,24,0.0,3.4,6.7,10.2,61.0,88.0,99.0,10.0,29.0,222.0,5542.0,977.8,2007,2007-01-24
1,25,3.0,1.0,3.0,6.1,54.0,76.0,99.0,10.0,34.0,84.0,2918.0,994.8,2007,2007-01-25
1,26,0.0,-3.2,1.2,5.9,47.0,73.0,94.0,5.0,14.0,58.0,6153.0,1002.5,2007,2007-01-26
1,27,0.0,-4.2,0.2,6.5,50.0,78.0,95.0,6.0,16.0,297.0,9440.0,1004.4,2007,2007-01-27
1,28,0.0,-2.9,2.3,9.3,42.0,75.0,96.0,7.0,20.0,62.0,8508.0,1009.5,2007,2007-01-28
1,29,0.0,-1.6,3.3,9.1,65.0,83.0,95.0,9.0,19.0,79.0,6890.0,1001.6,2007,2007-01-29
1,30,0.0,-0.5,4.3,11.5,55.0,81.0,96.0,7.0,19.0,334.0,7941.0,1005.4,2007,2007-01-30
1,31,0.0,0.5,5.7,9.7,58.0,83.0,94.0,6.0,18.0,324.0,2620.0,1006.1,2007,2007-01-31
2,1,0.0,1.4,5.7,9.9,58.0,81.0,95.0,6.0,21.0,332.0,4292.0,1005.2,2007,2007-02-01
2,2,0.0,-0.5,5.0,12.7,50.0,79.0,99.0,6.0,15.0,189.0,8429.0,1011.3,2007,2007-02-02
2,3,0.0,-2.1,2.9,10.5,66.0,91.0,99.0,5.0,18.0,272.0,8119.0,1007.8,2007,2007-02-03
2,4,0.0,-1.4,4.4,12.6,36.0,69.0,92.0,8.0,19.0,270.0,8733.0,1010.2,2007,2007-02-04
2,5,0.0,-2.2,3.2,10.4,50.0,80.0,99.0,6.0,14.0,38.0,8964.0,1002.9,2007,2007-02-05
2,6,6.0,-1.3,3.9,8.8,68.0,94.0,99.0,7.0,18.0,87.0,3822.0,991.3,2007,2007-02-06
2,7,3.2,4.8,6.5,8.9,88.0,96.0,99.0,5.0,13.0,83.0,3909.0,987.6,2007,2007-02-07
2,8,7.6,5.9,7.2,9.2,86.0,97.0,99.0,4.0,13.0,1.0,2397.0,988.5,2007,2007-02-08
2,9,1.2,4.2,8.3,12.3,78.0,94.0,99.0,9.0,20.0,63.0,4749.0,990.7,2007,2007-02-09
2,10,0.0,1.9,6.6,12.4,68.0,88.0,98.0,7.0,19.0,333.0,5228.0,992.2,2007,2007-02-10
2,11,0.0,1.5,7.4,14.5,47.0,81.0,99.0,8.0,21.0,329.0,8045.0,993.5,2007,2007-02-11
2,12,26.8,4.7,8.6,12.5,62.0,88.0,99.0,11.0,44.0,11.0,4994.0,988.6,2007,2007-02-12
2,13,8.4,1.9,8.0,13.1,62.0,83.0,98.0,12.0,35.0,40.0,9192.0,988.0,2007,2007-02-13
2,14,0.0,0.4,7.6,14.7,31.0,76.0,97.0,7.0,20.0,238.0,8453.0,996.9,2007,2007-02-14
2,15,0.2,2.2,7.6,12.8,58.0,84.0,96.0,6.0,15.0,329.0,6411.0,999.2,2007,2007-02-15
2,16,0.0,1.0,7.3,15.6,31.0,72.0,96.0,9.0,23.0,110.0,11348.0,1005.3,2007,2007-02-16
2,17,0.0,1.3,6.7,13.3,43.0,69.0,92.0,7.0,18.0,190.0,10863.0,1007.0,2007,2007-02-17
2,18,0.0,-0.1,5.0,11.8,43.0,69.0,90.0,8.0,23.0,136.0,11696.0,1004.2,2007,2007-02-18
2,19,0.0,-1.1,5.5,13.2,37.0,70.0,93.0,8.0,19.0,335.0,11850.0,997.8,2007,2007-02-19
2,20,0.0,0.0,8.7,16.7,13.0,59.0,85.0,8.0,23.0,341.0,12349.0,997.0,2007,2007-02-20
2,21,1.0,5.6,9.6,12.1,49.0,82.0,99.0,6.0,16.0,335.0,3266.0,999.2,2007,2007-02-21
2,22,1.0,8.8,10.2,12.7,83.0,97.0,99.0,4.0,14.0,190.0,2827.0,997.2,2007,2007-02-22
2,23,0.0,6.7,10.7,16.5,49.0,82.0,99.0,6.0,15.0,342.0,6645.0,996.3,2007,2007-02-23
2,24,0.2,6.0,9.8,14.1,49.0,78.0,99.0,5.0,16.0,107.0,4799.0,995.5,2007,2007-02-24
2,25,10.2,4.4,8.7,10.9,86.0,95.0,99.0,7.0,23.0,20.0,1952.0,992.4,2007,2007-02-25
2,26,0.8,4.7,10.0,15.7,51.0,81.0,99.0,8.0,23.0,354.0,13046.0,989.6,2007,2007-02-26
2,27,0.0,1.7,9.1,16.4,33.0,78.0,99.0,8.0,26.0,218.0,12922.0,995.7,2007,2007-02-27
2,28,0.0,5.0,8.6,13.1,64.0,85.0,99.0,8.0,22.0,55.0,7684.0,992.8,2007,2007-02-28
3,1,0.0,5.7,10.3,14.1,63.0,80.0,95.0,7.0,21.0,84.0,9864.0,989.5,2007,2007-03-01
3,2,0.0,7.6,11.7,17.4,56.0,86.0,99.0,6.0,17.0,213.0,10637.0,988.1,2007,2007-03-02
3,3,0.0,4.8,10.7,15.8,59.0,81.0,95.0,7.0,18.0,46.0,7573.0,992.7,2007,2007-03-03
3,4,0.0,4.1,10.9,19.1,15.0,58.0,95.0,10.0,26.0,226.0,14758.0,1002.0,2007,2007-03-04
3,5,0.0,3.6,11.3,17.8,31.0,70.0,99.0,8.0,19.0,162.0,14000.0,1005.5,2007,2007-03-05
3,6,0.6,7.5,11.7,16.0,30.0,70.0,96.0,7.0,15.0,9.0,4646.0,1005.1,2007,2007-03-06
3,7,68.6,8.6,10.1,12.0,88.0,97.0,99.0,12.0,30.0,186.0,1072.0,993.5,2007,2007-03-07
3,8,2.6,8.7,10.7,13.4,77.0,90.0,98.0,7.0,18.0,23.0,4278.0,996.3,2007,2007-03-08
3,9,0.0,5.6,11.4,17.3,32.0,66.0,91.0,8.0,21.0,189.0,16302.0,1005.2,2007,2007-03-09
3,10,0.0,3.7,11.1,18.4,15.0,47.0,91.0,14.0,40.0,28.0,16814.0,1007.7,2007,2007-03-10
3,11,0.0,2.7,11.5,18.8,9.0,28.0,78.0,13.0,38.0,35.0,15396.0,1011.9,2007,2007-03-11
3,12,0.0,1.0,10.0,19.9,10.0,47.0,77.0,7.0,18.0,267.0,17742.0,1009.7,2007,2007-03-12
3,13,0.0,4.7,12.6,21.4,21.0,49.0,72.0,8.0,23.0,205.0,17560.0,1007.2,2007,2007-03-13
3,14,0.0,5.9,13.7,22.3,20.0,51.0,80.0,10.0,24.0,223.0,17531.0,1009.0,2007,2007-03-14
3,15,0.0,6.5,13.0,19.9,34.0,58.0,85.0,9.0,20.0,241.0,16002.0,1008.3,2007,2007-03-15
3,16,0.0,5.7,12.2,20.0,38.0,68.0,90.0,7.0,18.0,188.0,15863.0,1005.2,2007,2007-03-16
3,17,0.0,5.1,11.4,18.4,47.0,72.0,93.0,6.0,26.0,152.0,12508.0,1001.8,2007,2007-03-17
3,18,0.4,7.0,11.9,15.9,53.0,80.0,97.0,7.0,26.0,154.0,8459.0,992.9,2007,2007-03-18
3,19,27.4,4.0,9.0,13.1,74.0,90.0,99.0,13.0,52.0,18.0,2517.0,973.4,2007,2007-03-19
3,20,1.4,3.8,6.4,8.9,34.0,62.0,92.0,14.0,39.0,44.0,4233.0,972.1,2007,2007-03-20
3,21,0.0,1.7,6.8,12.4,27.0,51.0,84.0,9.0,20.0,56.0,14673.0,981.9,2007,2007-03-21
3,22,0.0,-0.6,6.1,13.0,11.0,50.0,80.0,8.0,20.0,162.0,19870.0,990.0,2007,2007-03-22
3,23,0.0,1.2,7.7,15.4,19.0,49.0,79.0,9.0,28.0,224.0,19846.0,985.4,2007,2007-03-23
3,24,0.4,2.9,7.7,10.5,53.0,68.0,81.0,8.0,19.0,1.0,4764.0,988.5,2007,2007-03-24
3,25,6.0,5.9,10.3,14.6,33.0,58.0,81.0,17.0,43.0,31.0,4029.0,997.6,2007,2007-03-25
3,26,0.0,8.0,13.3,19.1,20.0,40.0,67.0,12.0,30.0,26.0,13785.0,1000.8,2007,2007-03-26
3,27,0.0,6.0,11.4,16.7,22.0,41.0,61.0,11.0,31.0,82.0,10403.0,1001.7,2007,2007-03-27
3,28,0.0,4.0,10.5,17.1,17.0,48.0,79.0,6.0,30.0,158.0,12693.0,1000.3,2007,2007-03-28
3,29,0.0,2.5,9.5,16.4,30.0,61.0,88.0,7.0,19.0,184.0,19203.0,1000.0,2007,2007-03-29
3,30,5.6,6.2,9.1,11.8,57.0,76.0,88.0,10.0,28.0,12.0,4159.0,995.9,2007,2007-03-30
3,31,31.4,6.6,8.6,11.2,72.0,85.0,93.0,13.0,23.0,8.0,3616.0,999.8,2007,2007-03-31
4,1,0.0,6.6,11.2,16.6,39.0,70.0,91.0,9.0,21.0,338.0,8909.0,1008.1,2007,2007-04-01
4,2,0.0,8.7,13.5,19.5,37.0,61.0,75.0,10.0,27.0,64.0,15527.0,1006.4,2007,2007-04-02
4,3,3.8,7.8,12.9,19.2,39.0,66.0,94.0,9.0,30.0,279.0,16898.0,993.7,2007,2007-04-03
4,4,10.2,6.4,13.4,19.4,30.0,60.0,92.0,12.0,28.0,0.0,15096.0,990.2,2007,2007-04-04
4,5,0.0,4.2,10.9,17.6,28.0,61.0,88.0,7.0,19.0,168.0,20894.0,997.8,2007,2007-04-05
4,6,0.0,6.0,13.4,21.4,27.0,58.0,84.0,8.0,27.0,240.0,21120.0,1000.6,2007,2007-04-06
4,7,0.0,6.8,15.1,23.1,21.0,57.0,89.0,8.0,28.0,210.0,20509.0,1000.8,2007,2007-04-07
4,8,1.8,9.6,15.0,21.0,34.0,62.0,85.0,11.0,33.0,350.0,17778.0,1001.8,2007,2007-04-08
4,9,0.0,7.4,15.0,21.8,37.0,62.0,89.0,7.0,25.0,145.0,21288.0,1000.9,2007,2007-04-09
4,10,0.0,8.9,15.7,22.3,38.0,68.0,92.0,6.0,21.0,207.0,20904.0,1001.4,2007,2007-04-10
4,11,0.0,9.8,17.0,24.1,33.0,64.0,93.0,6.0,21.0,134.0,20919.0,1003.0,2007,2007-04-11
4,12,0.0,11.0,18.0,25.6,27.0,57.0,88.0,8.0,27.0,194.0,21776.0,1003.9,2007,2007-04-12
4,13,0.0,10.6,18.3,26.0,21.0,53.0,86.0,7.0,26.0,115.0,21128.0,1003.6,2007,2007-04-13
4,14,0.0,12.6,20.5,27.8,11.0,37.0,60.0,10.0,26.0,105.0,22912.0,1002.6,2007,2007-04-14
4,15,0.0,12.7,20.2,27.8,13.0,38.0,58.0,8.0,21.0,119.0,23256.0,1002.1,2007,2007-04-15
4,16,0.0,12.0,19.0,26.1,19.0,38.0,67.0,9.0,29.0,175.0,22816.0,1001.3,2007,2007-04-16
4,17,0.0,9.4,17.0,24.8,12.0,36.0,68.0,9.0,30.0,204.0,23800.0,1000.3,2007,2007-04-17
4,18,0.0,11.6,16.5,22.9,31.0,52.0,77.0,7.0,23.0,173.0,20513.0,998.1,2007,2007-04-18
4,19,0.0,10.0,15.6,21.8,25.0,48.0,80.0,7.0,30.0,118.0,22160.0,1000.2,2007,2007-04-19
4,20,0.0,8.0,15.8,23.4,29.0,53.0,83.0,7.0,27.0,201.0,23165.0,998.8,2007,2007-04-20
4,21,0.0,9.4,17.1,24.1,32.0,57.0,88.0,7.0,23.0,160.0,22103.0,1000.5,2007,2007-04-21
4,22,0.0,11.7,19.0,26.8,26.0,53.0,84.0,8.0,27.0,158.0,23084.0,1003.3,2007,2007-04-22
4,23,0.0,11.8,19.5,27.0,28.0,51.0,79.0,8.0,21.0,241.0,22938.0,1003.2,2007,2007-04-23
4,24,0.0,13.0,19.9,25.9,37.0,55.0,83.0,5.0,18.0,193.0,16518.0,1000.0,2007,2007-04-24
4,25,0.0,13.0,20.5,26.4,27.0,47.0,86.0,8.0,28.0,132.0,24513.0,999.0,2007,2007-04-25
4,26,0.0,15.8,20.3,26.1,18.0,38.0,57.0,8.0,32.0,94.0,23393.0,1001.9,2007,2007-04-26
4,27,0.0,12.3,20.0,27.3,10.0,34.0,63.0,8.0,32.0,163.0,24789.0,1003.4,2007,2007-04-27
4,28,0.0,12.2,19.7,27.1,17.0,38.0,63.0,8.0,29.0,195.0,24905.0,1002.0,2007,2007-04-28
4,29,0.0,12.0,19.7,26.8,29.0,53.0,78.0,6.0,20.0,167.0,23382.0,996.2,2007,2007-04-29
4,30,11.0,14.8,18.7,24.6,34.0,58.0,84.0,8.0,28.0,90.0,15991.0,993.2,2007,2007-04-30
5,1,0.0,12.1,17.8,23.2,29.0,56.0,89.0,8.0,25.0,318.0,22214.0,994.0,2007,2007-05-01
5,2,1.6,13.6,15.5,20.5,30.0,64.0,89.0,8.0,30.0,163.0,11768.0,997.7,2007,2007-05-02
5,3,0.0,12.2,16.8,22.5,38.0,65.0,90.0,8.0,32.0,175.0,18817.0,994.7,2007,2007-05-03
5,4,31.6,12.2,14.3,17.5,57.0,82.0,92.0,10.0,41.0,55.0,4476.0,990.9,2007,2007-05-04
5,5,4.4,12.5,16.0,21.3,47.0,78.0,94.0,7.0,23.0,321.0,15391.0,989.1,2007,2007-05-05
5,6,0.8,10.6,17.1,24.6,36.0,73.0,95.0,6.0,41.0,47.0,24265.0,991.8,2007,2007-05-06
5,7,0.0,11.6,19.3,25.4,30.0,57.0,89.0,11.0,37.0,228.0,25765.0,995.7,2007,2007-05-07
5,8,0.0,14.5,19.2,24.8,44.0,68.0,87.0,8.0,25.0,117.0,18435.0,994.8,2007,2007-05-08
5,9,0.0,15.3,20.6,26.4,39.0,67.0,94.0,7.0,21.0,72.0,22137.0,994.9,2007,2007-05-09
5,10,0.0,15.0,21.6,28.3,33.0,63.0,93.0,8.0,28.0,229.0,25418.0,996.9,2007,2007-05-10
5,11,17.8,14.5,20.2,26.8,46.0,75.0,95.0,9.0,29.0,24.0,20663.0,994.0,2007,2007-05-11
5,12,5.8,16.8,20.2,25.2,60.0,80.0,97.0,9.0,31.0,71.0,14457.0,994.9,2007,2007-05-12
5,13,0.0,17.2,21.6,27.1,46.0,75.0,96.0,8.0,31.0,197.0,22537.0,997.2,2007,2007-05-13
5,14,0.0,15.7,21.5,28.1,37.0,68.0,97.0,8.0,28.0,180.0,24345.0,994.8,2007,2007-05-14
5,15,2.4,13.7,18.5,24.5,33.0,61.0,85.0,14.0,48.0,182.0,14546.0,991.9,2007,2007-05-15
5,16,3.4,10.6,14.7,20.1,38.0,63.0,94.0,14.0,43.0,3.0,22959.0,995.9,2007,2007-05-16
5,17,0.0,10.1,15.8,21.6,43.0,69.0,94.0,6.0,24.0,267.0,18022.0,990.6,2007,2007-05-17
5,18,0.0,10.7,18.6,25.7,9.0,36.0,75.0,10.0,30.0,77.0,28841.0,994.9,2007,2007-05-18
5,19,0.0,9.9,18.3,25.3,24.0,50.0,85.0,8.0,23.0,157.0,28089.0,996.8,2007,2007-05-19
5,20,0.0,12.4,21.6,28.9,25.0,49.0,80.0,7.0,25.0,208.0,27843.0,996.7,2007,2007-05-20
5,21,0.0,15.8,23.2,30.6,26.0,57.0,91.0,7.0,22.0,224.0,27178.0,997.1,2007,2007-05-21
5,22,0.0,16.0,24.9,32.8,25.0,53.0,95.0,9.0,33.0,27.0,26158.0,995.1,2007,2007-05-22
5,23,0.2,18.8,25.4,34.4,21.0,47.0,78.0,9.0,31.0,87.0,24245.0,995.9,2007,2007-05-23
5,24,0.0,17.6,25.4,33.1,25.0,49.0,80.0,8.0,23.0,229.0,27402.0,995.0,2007,2007-05-24
5,25,0.6,18.3,24.6,31.9,33.0,58.0,84.0,9.0,32.0,186.0,24270.0,992.3,2007,2007-05-25
5,26,23.4,16.1,22.2,29.5,43.0,71.0,95.0,9.0,57.0,330.0,22385.0,988.9,2007,2007-05-26
5,27,35.0,14.1,17.2,20.2,78.0,91.0,98.0,8.0,24.0,35.0,4934.0,985.8,2007,2007-05-27
5,28,46.0,12.0,16.4,23.7,53.0,87.0,98.0,9.0,42.0,199.0,12954.0,977.8,2007,2007-05-28
5,29,7.6,11.2,15.5,20.4,43.0,75.0,98.0,8.0,32.0,173.0,19979.0,983.1,2007,2007-05-29
5,30,20.6,10.5,15.7,22.1,33.0,75.0,98.0,7.0,28.0,122.0,18818.0,993.9,2007,2007-05-30
5,31,0.0,12.0,17.2,23.1,44.0,74.0,98.0,6.0,25.0,185.0,19998.0,996.6,2007,2007-05-31
6,1,23.0,14.4,15.5,17.3,85.0,92.0,98.0,8.0,27.0,166.0,3036.0,996.3,2007,2007-06-01
6,2,7.8,14.4,18.4,24.5,46.0,78.0,98.0,8.0,30.0,147.0,13281.0,997.3,2007,2007-06-02
6,3,0.0,14.6,21.8,28.2,36.0,66.0,97.0,7.0,22.0,114.0,27500.0,998.0,2007,2007-06-03
6,4,39.2,17.1,20.5,27.8,46.0,78.0,95.0,9.0,65.0,350.0,18437.0,998.0,2007,2007-06-04
6,5,0.2,15.4,20.9,27.1,43.0,77.0,98.0,7.0,23.0,357.0,17545.0,994.6,2007,2007-06-05
6,6,0.2,16.9,20.4,24.4,60.0,79.0,93.0,6.0,17.0,339.0,6784.0,993.9,2007,2007-06-06
6,7,0.8,16.1,20.5,24.3,56.0,74.0,92.0,7.0,21.0,3.0,10318.0,996.0,2007,2007-06-07
6,8,0.4,17.1,22.2,27.8,38.0,67.0,95.0,7.0,21.0,115.0,21167.0,997.3,2007,2007-06-08
6,9,0.0,15.8,23.3,30.0,29.0,63.0,95.0,6.0,14.0,35.0,27713.0,997.4,2007,2007-06-09
6,10,4.6,16.6,22.7,29.4,39.0,72.0,97.0,8.0,42.0,6.0,24142.0,995.6,2007,2007-06-10
6,11,0.6,17.5,21.6,26.4,51.0,84.0,98.0,5.0,14.0,30.0,16297.0,994.1,2007,2007-06-11
6,12,6.4,17.2,20.2,24.2,70.0,91.0,98.0,5.0,21.0,109.0,12862.0,992.1,2007,2007-06-12
6,13,0.4,16.2,21.8,28.1,51.0,83.0,98.0,6.0,23.0,185.0,21881.0,991.5,2007,2007-06-13
6,14,7.0,17.1,21.3,27.7,62.0,90.0,98.0,6.0,36.0,179.0,16394.0,992.7,2007,2007-06-14
6,15,13.0,15.6,20.2,24.4,83.0,94.0,99.0,7.0,32.0,313.0,8176.0,990.8,2007,2007-06-15
6,16,46.4,15.4,21.0,28.1,46.0,82.0,98.0,9.0,40.0,27.0,25335.0,991.2,2007,2007-06-16
6,17,6.0,16.5,21.7,28.6,54.0,82.0,99.0,8.0,26.0,168.0,24974.0,994.0,2007,2007-06-17
6,18,0.2,18.1,23.1,28.9,52.0,82.0,99.0,6.0,20.0,161.0,24140.0,994.8,2007,2007-06-18
6,19,0.0,19.2,24.6,30.7,47.0,78.0,98.0,5.0,16.0,195.0,24175.0,996.4,2007,2007-06-19
6,20,0.0,18.7,25.4,31.7,55.0,80.0,98.0,5.0,21.0,251.0,24255.0,994.4,2007,2007-06-20
6,21,0.0,19.9,26.3,31.7,44.0,76.0,98.0,7.0,23.0,176.0,22461.0,991.6,2007,2007-06-21
6,22,0.0,20.0,24.6,29.2,48.0,77.0,98.0,11.0,33.0,173.0,19856.0,991.9,2007,2007-06-22
6,23,0.0,18.2,22.2,27.4,45.0,75.0,98.0,9.0,25.0,65.0,23326.0,993.5,2007,2007-06-23
6,24,0.0,17.4,23.7,30.0,28.0,66.0,96.0,7.0,19.0,64.0,28557.0,996.8,2007,2007-06-24
6,25,0.4,16.1,24.5,31.1,30.0,68.0,98.0,5.0,22.0,217.0,27898.0,990.0,2007,2007-06-25
6,26,0.0,17.2,22.8,28.7,23.0,66.0,98.0,10.0,29.0,240.0,22226.0,984.1,2007,2007-06-26
6,27,6.0,14.7,19.2,25.8,38.0,71.0,95.0,10.0,33.0,5.0,15654.0,989.0,2007,2007-06-27
6,28,0.0,12.7,20.0,26.2,33.0,64.0,96.0,6.0,20.0,247.0,26058.0,994.7,2007,2007-06-28
6,29,26.0,17.3,21.9,27.9,40.0,70.0,98.0,6.0,28.0,352.0,21574.0,996.9,2007,2007-06-29
6,30,2.2,16.2,22.1,28.6,31.0,68.0,98.0,5.0,18.0,149.0,27164.0,998.2,2007,2007-06-30
7,1,0.0,15.7,23.1,29.7,38.0,71.0,98.0,5.0,16.0,169.0,27325.0,995.6,2007,2007-07-01
7,2,10.0,15.2,21.5,27.9,59.0,83.0,98.0,8.0,56.0,306.0,14644.0,991.9,2007,2007-07-02
7,3,0.2,14.4,22.0,28.6,49.0,76.0,99.0,7.0,22.0,223.0,24312.0,990.8,2007,2007-07-03
7,4,17.4,10.4,17.1,25.5,56.0,84.0,99.0,9.0,52.0,27.0,10457.0,987.6,2007,2007-07-04
7,5,0.4,9.2,17.0,24.0,40.0,75.0,98.0,5.0,22.0,71.0,24820.0,994.1,2007,2007-07-05
7,6,0.0,12.8,20.5,27.9,40.0,75.0,99.0,5.0,22.0,214.0,27523.0,994.8,2007,2007-07-06
7,7,0.0,16.3,23.4,29.4,38.0,71.0,98.0,6.0,15.0,75.0,28506.0,996.7,2007,2007-07-07
7,8,0.0,19.2,24.5,30.4,37.0,74.0,98.0,5.0,17.0,170.0,26708.0,997.5,2007,2007-07-08
7,9,19.2,17.8,22.5,29.7,48.0,80.0,98.0,8.0,41.0,200.0,20565.0,991.1,2007,2007-07-09
7,10,17.2,14.1,19.0,24.9,27.0,60.0,96.0,12.0,61.0,296.0,20834.0,990.3,2007,2007-07-10
7,11,0.2,12.6,17.9,24.0,39.0,72.0,97.0,7.0,30.0,251.0,21222.0,995.2,2007,2007-07-11
7,12,0.0,11.7,19.6,26.4,40.0,73.0,98.0,6.0,25.0,272.0,27271.0,998.8,2007,2007-07-12
7,13,0.0,14.9,21.9,27.9,41.0,73.0,98.0,5.0,22.0,202.0,25211.0,1001.4,2007,2007-07-13
7,14,0.0,16.6,23.4,30.1,45.0,77.0,98.0,5.0,14.0,179.0,27340.0,1001.8,2007,2007-07-14
7,15,0.2,17.8,25.2,32.5,45.0,78.0,99.0,5.0,14.0,227.0,27922.0,1001.4,2007,2007-07-15
7,16,0.0,18.6,25.2,32.3,46.0,76.0,98.0,6.0,21.0,244.0,27694.0,1000.1,2007,2007-07-16
7,17,0.0,17.6,25.8,33.2,35.0,74.0,99.0,5.0,17.0,1.0,26911.0,998.4,2007,2007-07-17
7,18,0.0,19.2,26.6,34.0,39.0,75.0,99.0,5.0,18.0,237.0,26787.0,997.0,2007,2007-07-18
7,19,0.0,20.0,27.7,36.1,27.0,69.0,98.0,5.0,14.0,219.0,26966.0,995.0,2007,2007-07-19
7,20,0.0,19.2,27.7,35.3,35.0,63.0,98.0,6.0,18.0,181.0,26848.0,993.7,2007,2007-07-20
7,21,0.0,19.4,27.5,34.8,24.0,67.0,98.0,6.0,18.0,188.0,27112.0,992.7,2007,2007-07-21
7,22,0.0,19.8,25.3,31.8,38.0,73.0,99.0,9.0,27.0,163.0,26568.0,991.0,2007,2007-07-22
7,23,0.0,19.0,25.2,32.0,28.0,64.0,93.0,9.0,25.0,32.0,25565.0,989.7,2007,2007-07-23
7,24,57.6,14.7,21.0,28.9,53.0,80.0,98.0,8.0,32.0,288.0,12172.0,987.8,2007,2007-07-24
7,25,0.2,14.5,22.7,30.3,25.0,62.0,98.0,6.0,18.0,107.0,28352.0,995.0,2007,2007-07-25
7,26,0.0,15.7,23.4,30.9,29.0,63.0,94.0,6.0,20.0,100.0,27356.0,996.2,2007,2007-07-26
7,27,0.0,16.6,25.0,32.6,34.0,69.0,98.0,5.0,20.0,262.0,26192.0,995.2,2007,2007-07-27
7,28,1.0,19.5,26.5,34.0,29.0,64.0,92.0,8.0,43.0,25.0,24281.0,994.2,2007,2007-07-28
7,29,0.0,20.1,25.1,32.1,36.0,70.0,91.0,6.0,17.0,89.0,20636.0,992.2,2007,2007-07-29
7,30,1.0,12.6,21.1,29.8,36.0,72.0,95.0,8.0,40.0,141.0,15385.0,990.5,2007,2007-07-30
7,31,0.0,12.2,18.6,26.1,22.0,63.0,97.0,5.0,19.0,131.0,26621.0,997.5,2007,2007-07-31
8,1,0.0,12.0,19.9,27.4,27.0,60.0,92.0,6.0,29.0,273.0,26952.0,999.1,2007,2007-08-01
8,2,0.0,13.8,21.4,29.0,31.0,67.0,96.0,6.0,25.0,189.0,24965.0,996.4,2007,2007-08-02
8,3,8.4,15.4,19.1,24.4,62.0,87.0,98.0,6.0,30.0,282.0,10836.0,998.8,2007,2007-08-03
8,4,0.0,14.1,21.6,29.0,37.0,70.0,98.0,7.0,21.0,245.0,26290.0,1001.4,2007,2007-08-04
8,5,0.0,15.9,22.0,28.7,38.0,69.0,98.0,7.0,22.0,233.0,26133.0,998.7,2007,2007-08-05
8,6,0.2,14.9,22.8,30.7,32.0,67.0,96.0,6.0,17.0,211.0,25760.0,993.6,2007,2007-08-06
8,7,0.0,17.1,23.7,31.0,36.0,64.0,92.0,6.0,26.0,354.0,18375.0,991.0,2007,2007-08-07
8,8,3.0,18.5,22.0,27.4,53.0,77.0,96.0,8.0,29.0,294.0,12147.0,990.7,2007,2007-08-08
8,9,13.4,15.4,20.6,26.9,49.0,80.0,98.0,8.0,28.0,237.0,16934.0,989.0,2007,2007-08-09
8,10,1.2,13.4,20.4,28.6,38.0,78.0,99.0,6.0,26.0,52.0,20407.0,988.6,2007,2007-08-10
8,11,1.4,17.4,21.0,27.6,51.0,86.0,99.0,5.0,23.0,237.0,18054.0,990.5,2007,2007-08-11
8,12,8.4,16.3,22.1,28.0,56.0,84.0,99.0,5.0,19.0,202.0,19878.0,991.2,2007,2007-08-12
8,13,4.6,17.9,22.8,29.6,46.0,79.0,98.0,5.0,18.0,241.0,20840.0,993.3,2007,2007-08-13
8,14,0.0,17.3,22.9,28.5,54.0,82.0,98.0,5.0,16.0,241.0,18312.0,994.9,2007,2007-08-14
8,15,0.0,17.9,24.3,31.2,48.0,80.0,99.0,5.0,14.0,204.0,23719.0,994.3,2007,2007-08-15
8,16,0.0,18.9,23.9,30.7,54.0,83.0,99.0,5.0,19.0,175.0,16578.0,992.8,2007,2007-08-16
8,17,4.6,19.0,23.8,31.4,40.0,76.0,98.0,8.0,64.0,320.0,20868.0,994.0,2007,2007-08-17
8,18,0.0,16.9,22.5,27.7,41.0,67.0,96.0,8.0,26.0,102.0,18177.0,995.0,2007,2007-08-18
8,19,0.0,16.1,23.0,30.5,35.0,70.0,98.0,6.0,21.0,67.0,23411.0,991.0,2007,2007-08-19
8,20,43.6,14.1,18.8,23.4,58.0,86.0,99.0,10.0,56.0,272.0,5575.0,987.8,2007,2007-08-20
8,21,12.8,13.6,18.5,25.6,54.0,84.0,98.0,8.0,23.0,285.0,15341.0,990.4,2007,2007-08-21
8,22,1.8,13.3,20.5,27.0,39.0,77.0,98.0,5.0,19.0,238.0,22771.0,993.4,2007,2007-08-22
8,23,29.2,14.7,19.5,23.9,69.0,89.0,99.0,6.0,28.0,59.0,5568.0,997.7,2007,2007-08-23
8,24,0.2,12.9,20.4,27.4,53.0,81.0,99.0,6.0,19.0,244.0,16479.0,1003.4,2007,2007-08-24
8,25,0.0,14.5,22.5,30.3,39.0,73.0,98.0,5.0,14.0,184.0,18889.0,1005.1,2007,2007-08-25
8,26,0.0,17.6,24.5,32.9,36.0,69.0,94.0,6.0,19.0,243.0,22187.0,1003.6,2007,2007-08-26
8,27,0.0,18.0,23.9,31.4,42.0,76.0,98.0,6.0,20.0,238.0,17997.0,999.5,2007,2007-08-27
8,28,1.2,17.7,23.8,30.9,41.0,76.0,98.0,5.0,22.0,235.0,18405.0,994.8,2007,2007-08-28
8,29,0.2,18.3,22.0,27.5,50.0,84.0,99.0,5.0,19.0,356.0,9524.0,993.0,2007,2007-08-29
8,30,35.0,15.7,20.5,25.5,65.0,87.0,98.0,7.0,31.0,7.0,6347.0,991.5,2007,2007-08-30
8,31,0.0,13.1,19.2,25.1,39.0,69.0,96.0,9.0,28.0,130.0,18079.0,995.8,2007,2007-08-31
9,1,0.2,12.4,19.9,27.8,32.0,69.0,98.0,6.0,21.0,55.0,20602.0,998.0,2007,2007-09-01
9,2,0.0,14.3,19.5,25.8,36.0,71.0,93.0,5.0,14.0,278.0,15332.0,999.3,2007,2007-09-02
9,3,11.0,13.3,19.7,26.1,36.0,71.0,97.0,7.0,22.0,5.0,17876.0,993.9,2007,2007-09-03
9,4,0.2,10.0,15.6,22.1,50.0,82.0,99.0,8.0,27.0,183.0,13521.0,993.4,2007,2007-09-04
9,5,0.2,6.4,14.8,22.3,9.0,50.0,97.0,9.0,37.0,15.0,19760.0,998.1,2007,2007-09-05
9,6,0.0,9.2,13.6,17.6,36.0,70.0,94.0,5.0,15.0,170.0,5792.0,997.8,2007,2007-09-06
9,7,0.0,8.3,15.7,23.2,38.0,73.0,98.0,6.0,18.0,194.0,20448.0,998.3,2007,2007-09-07
9,8,0.2,12.4,18.7,25.6,42.0,77.0,99.0,6.0,21.0,214.0,19348.0,998.7,2007,2007-09-08
9,9,0.0,12.6,18.7,26.3,44.0,79.0,99.0,5.0,19.0,195.0,18105.0,995.8,2007,2007-09-09
9,10,0.6,13.5,19.1,24.3,44.0,77.0,98.0,6.0,20.0,238.0,11887.0,995.7,2007,2007-09-10
9,11,0.0,12.3,18.9,27.8,17.0,70.0,98.0,7.0,29.0,177.0,17704.0,993.8,2007,2007-09-11
9,12,0.2,9.7,17.4,25.4,35.0,72.0,98.0,6.0,25.0,197.0,18032.0,1003.1,2007,2007-09-12
9,13,0.0,13.3,18.4,25.6,39.0,73.0,98.0,5.0,18.0,216.0,17226.0,1004.5,2007,2007-09-13
9,14,0.0,11.6,18.7,26.0,46.0,77.0,99.0,5.0,17.0,234.0,15999.0,1001.8,2007,2007-09-14
9,15,0.0,13.6,19.3,26.7,47.0,80.0,99.0,6.0,17.0,164.0,17671.0,1002.0,2007,2007-09-15
9,16,0.2,14.6,20.5,27.6,45.0,77.0,98.0,6.0,20.0,191.0,16553.0,1002.1,2007,2007-09-16
9,17,4.4,16.9,19.2,23.9,63.0,91.0,98.0,4.0,14.0,123.0,8038.0,998.4,2007,2007-09-17
9,18,44.0,13.6,18.9,25.5,28.0,81.0,98.0,9.0,39.0,50.0,6559.0,991.2,2007,2007-09-18
9,19,0.0,9.5,16.2,22.8,27.0,52.0,81.0,6.0,22.0,167.0,18414.0,1001.6,2007,2007-09-19
9,20,0.0,9.0,14.4,20.9,36.0,67.0,93.0,6.0,19.0,165.0,18130.0,1006.8,2007,2007-09-20
9,21,0.0,8.2,15.3,23.3,34.0,71.0,98.0,6.0,19.0,238.0,18177.0,1007.3,2007,2007-09-21
9,22,0.0,9.2,16.4,24.9,33.0,72.0,98.0,6.0,15.0,253.0,17824.0,1005.7,2007,2007-09-22
9,23,0.0,10.1,17.9,27.1,21.0,66.0,98.0,6.0,17.0,62.0,17898.0,1004.5,2007,2007-09-23
9,24,0.0,10.1,17.2,25.5,23.0,67.0,95.0,6.0,21.0,163.0,17324.0,1001.1,2007,2007-09-24
9,25,0.0,11.6,16.6,24.5,36.0,71.0,92.0,6.0,16.0,180.0,14195.0,995.7,2007,2007-09-25
9,26,67.4,11.3,13.2,15.7,70.0,87.0,97.0,11.0,35.0,24.0,1364.0,990.9,2007,2007-09-26
9,27,51.8,10.1,13.0,19.5,56.0,87.0,98.0,10.0,30.0,7.0,8803.0,987.9,2007,2007-09-27
9,28,19.4,8.7,11.3,14.2,71.0,91.0,99.0,8.0,42.0,328.0,5487.0,991.7,2007,2007-09-28
9,29,0.0,8.7,13.1,19.6,59.0,85.0,97.0,6.0,14.0,355.0,7135.0,1002.9,2007,2007-09-29
9,30,0.0,9.6,15.2,23.1,35.0,72.0,93.0,6.0,17.0,192.0,15422.0,1006.9,2007,2007-09-30
10,1,0.0,10.4,17.5,26.2,22.0,67.0,96.0,6.0,17.0,326.0,15345.0,1006.2,2007,2007-10-01
10,2,0.0,10.8,17.5,26.2,30.0,67.0,93.0,5.0,12.0,304.0,15539.0,1002.3,2007,2007-10-02
10,3,0.0,10.1,17.7,25.9,40.0,74.0,97.0,5.0,14.0,206.0,15190.0,1001.8,2007,2007-10-03
10,4,0.6,13.8,17.1,21.1,74.0,91.0,99.0,4.0,15.0,17.0,5034.0,1002.9,2007,2007-10-04
10,5,0.2,13.5,19.2,24.8,54.0,83.0,98.0,4.0,14.0,223.0,11630.0,1000.7,2007,2007-10-05
10,6,13.8,9.4,15.3,18.5,77.0,96.0,99.0,5.0,28.0,16.0,1805.0,999.2,2007,2007-10-06
10,7,0.2,8.4,14.6,22.8,35.0,74.0,99.0,6.0,19.0,159.0,15042.0,1000.7,2007,2007-10-07
10,8,0.0,7.7,14.1,22.6,35.0,74.0,98.0,6.0,17.0,98.0,14979.0,1002.5,2007,2007-10-08
10,9,0.0,8.0,14.5,22.2,34.0,70.0,98.0,7.0,21.0,117.0,13119.0,1003.8,2007,2007-10-09
10,10,0.0,7.5,13.4,21.3,36.0,69.0,92.0,10.0,36.0,123.0,13028.0,1002.2,2007,2007-10-10
10,11,0.0,6.8,13.0,20.6,40.0,72.0,93.0,7.0,16.0,134.0,8634.0,1004.1,2007,2007-10-11
10,12,0.0,7.7,14.2,22.0,41.0,73.0,95.0,6.0,21.0,226.0,12646.0,1000.5,2007,2007-10-12
10,13,0.0,9.1,14.3,22.6,35.0,72.0,95.0,8.0,27.0,234.0,12529.0,1002.9,2007,2007-10-13
10,14,0.0,5.6,11.9,18.0,46.0,72.0,94.0,6.0,17.0,183.0,12934.0,1007.4,2007,2007-10-14
10,15,0.0,4.4,10.7,19.4,35.0,73.0,98.0,5.0,16.0,203.0,13253.0,1007.2,2007,2007-10-15
10,16,0.0,4.7,10.8,19.0,46.0,77.0,96.0,6.0,14.0,185.0,11906.0,1008.3,2007,2007-10-16
10,17,0.0,5.3,11.4,16.9,59.0,83.0,98.0,5.0,15.0,171.0,6916.0,1005.9,2007,2007-10-17
10,18,2.8,4.2,11.3,15.9,61.0,86.0,97.0,5.0,15.0,103.0,3255.0,1002.5,2007,2007-10-18
10,19,1.4,2.6,8.8,17.4,30.0,77.0,97.0,7.0,20.0,187.0,12852.0,1005.3,2007,2007-10-19
10,20,0.0,-0.5,7.3,14.5,13.0,48.0,90.0,11.0,42.0,28.0,11620.0,1007.2,2007,2007-10-20
10,21,0.0,-1.8,7.9,15.1,16.0,41.0,84.0,10.0,32.0,32.0,13002.0,1002.8,2007,2007-10-21
10,22,0.0,8.4,12.3,16.0,21.0,36.0,74.0,14.0,47.0,28.0,3904.0,992.9,2007,2007-10-22
10,23,7.4,8.0,10.1,14.7,61.0,82.0,97.0,4.0,14.0,114.0,4557.0,993.5,2007,2007-10-23
10,24,1.0,4.8,9.2,11.6,69.0,91.0,99.0,4.0,16.0,265.0,2815.0,999.4,2007,2007-10-24
10,25,0.0,2.4,10.5,17.5,34.0,71.0,98.0,5.0,15.0,5.0,10319.0,1002.4,2007,2007-10-25
10,26,35.4,10.5,11.7,12.7,65.0,91.0,99.0,7.0,19.0,0.0,1359.0,1003.9,2007,2007-10-26
10,27,0.0,11.8,15.2,21.4,61.0,89.0,98.0,5.0,16.0,341.0,8337.0,1006.0,2007,2007-10-27
10,28,5.0,5.4,12.0,16.0,69.0,92.0,99.0,4.0,16.0,253.0,3572.0,1004.1,2007,2007-10-28
10,29,0.0,4.4,9.7,17.0,54.0,87.0,99.0,6.0,17.0,224.0,10349.0,1001.5,2007,2007-10-29
10,30,5.0,5.2,10.2,11.9,84.0,93.0,99.0,6.0,18.0,42.0,2650.0,997.6,2007,2007-10-30
10,31,0.0,5.8,12.5,20.1,35.0,68.0,91.0,7.0,21.0,154.0,9746.0,1002.0,2007,2007-10-31
11,1,0.0,2.9,9.0,17.5,23.0,64.0,91.0,7.0,21.0,152.0,11156.0,1008.8,2007,2007-11-01
11,2,0.0,1.9,8.9,18.1,30.0,68.0,92.0,5.0,14.0,221.0,10622.0,1009.9,2007,2007-11-02
11,3,0.0,3.8,10.7,19.4,38.0,70.0,92.0,7.0,15.0,348.0,10070.0,1006.2,2007,2007-11-03
11,4,0.0,6.9,11.8,19.4,42.0,72.0,92.0,6.0,17.0,131.0,7293.0,1000.8,2007,2007-11-04
11,5,0.0,5.8,10.3,14.6,39.0,70.0,90.0,5.0,17.0,86.0,4647.0,1006.9,2007,2007-11-05
11,6,0.0,2.6,8.5,14.2,46.0,70.0,90.0,5.0,15.0,345.0,6834.0,1004.1,2007,2007-11-06
11,7,0.0,1.4,6.7,13.3,57.0,79.0,92.0,6.0,14.0,326.0,7600.0,1003.5,2007,2007-11-07
11,8,0.0,2.9,8.2,15.0,54.0,79.0,94.0,7.0,16.0,8.0,7764.0,999.5,2007,2007-11-08
11,9,0.0,0.3,9.5,14.7,8.0,56.0,96.0,12.0,64.0,18.0,6495.0,990.9,2007,2007-11-09
11,10,0.0,-0.7,7.2,15.2,11.0,43.0,71.0,8.0,33.0,226.0,9316.0,994.4,2007,2007-11-10
11,11,0.0,1.8,7.3,14.5,37.0,65.0,87.0,8.0,29.0,250.0,8009.0,990.2,2007,2007-11-11
11,12,0.0,-2.1,7.1,15.9,8.0,43.0,88.0,13.0,63.0,12.0,9561.0,993.6,2007,2007-11-12
11,13,0.0,-1.1,5.3,12.5,8.0,37.0,64.0,8.0,25.0,324.0,8734.0,996.3,2007,2007-11-13
11,14,0.0,-1.0,4.3,10.7,27.0,58.0,80.0,7.0,21.0,104.0,7936.0,985.6,2007,2007-11-14
11,15,0.0,1.6,6.6,12.2,8.0,17.0,52.0,15.0,36.0,48.0,8887.0,992.9,2007,2007-11-15
11,16,0.0,-4.6,2.0,9.7,11.0,40.0,71.0,6.0,17.0,341.0,8671.0,1003.1,2007,2007-11-16
11,17,0.0,-4.1,1.7,7.7,34.0,60.0,80.0,6.0,19.0,327.0,3571.0,1002.4,2007,2007-11-17
11,18,0.0,-0.7,3.3,6.4,43.0,68.0,81.0,4.0,14.0,173.0,2730.0,996.6,2007,2007-11-18
11,19,0.0,-1.8,3.4,10.2,44.0,72.0,90.0,6.0,18.0,222.0,7679.0,1002.7,2007,2007-11-19
11,20,0.0,-2.5,2.0,9.0,50.0,78.0,92.0,6.0,12.0,3.0,6225.0,1007.4,2007,2007-11-20
11,21,0.0,-2.1,5.3,10.6,52.0,73.0,92.0,6.0,14.0,341.0,4728.0,1006.7,2007,2007-11-21
11,22,26.0,6.8,8.6,10.2,63.0,89.0,99.0,7.0,15.0,5.0,496.0,1002.9,2007,2007-11-22
11,23,59.6,9.8,12.5,14.1,98.0,98.0,99.0,10.0,34.0,180.0,365.0,999.6,2007,2007-11-23
11,24,36.2,12.1,13.3,13.9,96.0,98.0,99.0,6.0,18.0,128.0,578.0,1000.8,2007,2007-11-24
11,25,1.0,9.9,11.5,13.2,98.0,98.0,99.0,6.0,20.0,164.0,1694.0,998.7,2007,2007-11-25
11,26,0.0,2.2,9.0,15.3,25.0,77.0,98.0,7.0,19.0,181.0,6893.0,997.9,2007,2007-11-26
11,27,0.0,1.3,5.5,11.7,34.0,74.0,91.0,6.0,14.0,153.0,6067.0,1006.4,2007,2007-11-27
11,28,0.0,-0.6,5.0,10.1,41.0,74.0,90.0,5.0,14.0,4.0,3294.0,1006.8,2007,2007-11-28
11,29,0.0,-1.4,3.0,10.6,39.0,76.0,92.0,6.0,17.0,340.0,7162.0,998.9,2007,2007-11-29
11,30,0.0,-1.9,3.5,11.1,46.0,78.0,92.0,5.0,15.0,336.0,6793.0,996.2,2007,2007-11-30
12,1,0.0,-0.3,4.0,9.5,65.0,83.0,93.0,7.0,15.0,12.0,2719.0,1000.8,2007,2007-12-01
12,2,2.2,2.3,7.1,11.4,65.0,83.0,98.0,5.0,14.0,317.0,5230.0,999.8,2007,2007-12-02
12,3,8.4,1.3,6.5,11.6,82.0,95.0,99.0,6.0,26.0,325.0,3070.0,985.0,2007,2007-12-03
12,4,0.0,-0.2,6.7,14.8,11.0,51.0,98.0,9.0,31.0,4.0,6937.0,995.6,2007,2007-12-04
12,5,0.0,0.1,5.2,13.8,29.0,63.0,89.0,6.0,16.0,332.0,4804.0,1007.5,2007,2007-12-05
12,6,0.0,-0.2,4.8,12.4,31.0,76.0,91.0,6.0,16.0,323.0,6026.0,1004.2,2007,2007-12-06
12,7,1.2,1.9,4.9,7.8,71.0,85.0,93.0,5.0,15.0,151.0,1947.0,995.2,2007,2007-12-07
12,8,2.4,1.8,6.4,12.2,58.0,83.0,95.0,8.0,18.0,222.0,3307.0,990.4,2007,2007-12-08
12,9,4.0,2.5,5.7,9.7,56.0,87.0,97.0,6.0,15.0,330.0,2283.0,987.0,2007,2007-12-09
12,10,0.0,0.1,4.2,10.1,66.0,90.0,98.0,5.0,15.0,25.0,5642.0,987.3,2007,2007-12-10
12,11,0.0,-1.1,3.0,9.6,67.0,90.0,99.0,6.0,17.0,318.0,5391.0,996.8,2007,2007-12-11
12,12,0.0,0.1,3.5,7.6,67.0,80.0,89.0,5.0,20.0,209.0,2745.0,1004.6,2007,2007-12-12
12,13,0.0,-0.8,4.5,11.8,38.0,74.0,94.0,8.0,24.0,225.0,6282.0,1010.7,2007,2007-12-13
12,14,0.0,-1.3,2.6,8.9,45.0,81.0,95.0,8.0,25.0,181.0,6416.0,1010.0,2007,2007-12-14
12,15,0.0,-5.0,-0.1,3.9,48.0,70.0,85.0,7.0,18.0,263.0,4447.0,1011.9,2007,2007-12-15
12,16,0.0,-3.9,0.3,6.4,43.0,68.0,82.0,5.0,16.0,311.0,5565.0,1013.7,2007,2007-12-16
12,17,0.0,-4.8,0.5,6.6,39.0,61.0,80.0,8.0,30.0,109.0,6437.0,1014.8,2007,2007-12-17
12,18,0.0,-5.7,-1.4,5.6,36.0,63.0,77.0,7.0,14.0,335.0,5850.0,1016.7,2007,2007-12-18
12,19,0.0,-6.1,0.6,9.8,27.0,59.0,78.0,6.0,17.0,339.0,6734.0,1018.5,2007,2007-12-19
12,20,0.0,-4.2,2.7,12.7,19.0,55.0,74.0,7.0,20.0,339.0,6710.0,1017.0,2007,2007-12-20
12,21,0.0,-2.3,3.5,13.6,15.0,52.0,70.0,7.0,16.0,337.0,6873.0,1014.2,2007,2007-12-21
12,22,0.0,-2.9,1.6,9.3,31.0,65.0,88.0,7.0,17.0,336.0,6227.0,1014.9,2007,2007-12-22
12,23,0.0,-2.2,2.9,7.5,51.0,71.0,83.0,6.0,14.0,334.0,2335.0,1013.4,2007,2007-12-23
12,24,0.0,-0.6,4.1,7.3,55.0,73.0,89.0,5.0,16.0,9.0,1547.0,1010.1,2007,2007-12-24
12,25,0.0,-2.9,2.3,7.6,48.0,72.0,93.0,5.0,17.0,124.0,5505.0,1009.4,2007,2007-12-25
12,26,0.0,-4.1,0.6,7.9,38.0,70.0,87.0,6.0,15.0,336.0,6520.0,1011.9,2007,2007-12-26
12,27,0.0,-4.0,1.4,9.9,29.0,62.0,81.0,6.0,17.0,326.0,6349.0,1016.8,2007,2007-12-27
12,28,0.0,-3.7,2.2,12.2,31.0,63.0,79.0,8.0,20.0,325.0,6698.0,1016.5,2007,2007-12-28
12,29,0.0,-4.6,0.6,8.6,39.0,67.0,82.0,6.0,17.0,331.0,6622.0,1012.4,2007,2007-12-29
12,30,0.0,-4.1,1.6,7.5,42.0,66.0,80.0,7.0,17.0,315.0,4072.0,1006.7,2007,2007-12-30
12,31,0.0,-3.3,2.6,11.3,25.0,58.0,82.0,8.0,19.0,332.0,6797.0,1007.2,2007,2007-12-31
1,1,0.0,-5.2,-0.4,8.0,37.0,65.0,79.0,8.0,23.0,234.0,6835.0,1007.0,2008,2008-01-01
1,2,0.0,-5.6,-1.3,5.3,32.0,63.0,78.0,8.0,18.0,332.0,6158.0,1006.5,2008,2008-01-02
1,3,0.0,-3.9,0.1,2.7,41.0,62.0,79.0,6.0,14.0,91.0,2469.0,1005.1,2008,2008-01-03
1,4,5.0,0.7,3.2,5.7,72.0,89.0,95.0,8.0,15.0,333.0,866.0,1007.4,2008,2008-01-04
1,5,10.6,3.4,5.3,6.9,83.0,94.0,98.0,6.0,17.0,338.0,687.0,1005.1,2008,2008-01-05
1,6,11.6,0.5,5.7,9.6,84.0,96.0,98.0,5.0,15.0,344.0,2490.0,999.2,2008,2008-01-06
1,7,0.0,0.2,5.1,9.8,76.0,91.0,98.0,5.0,18.0,8.0,3617.0,1004.4,2008,2008-01-07
1,8,0.0,0.4,6.5,14.3,47.0,77.0,98.0,7.0,17.0,346.0,6888.0,1008.3,2008,2008-01-08
1,9,0.0,0.7,5.3,8.5,76.0,88.0,98.0,5.0,14.0,55.0,3062.0,1007.9,2008,2008-01-09
1,10,0.0,-1.3,4.2,8.9,70.0,87.0,98.0,5.0,14.0,1.0,4871.0,1009.4,2008,2008-01-10
1,11,6.6,1.1,5.2,6.7,85.0,94.0,98.0,5.0,13.0,18.0,977.0,1005.0,2008,2008-01-11
1,12,40.0,6.7,9.5,11.2,94.0,98.0,98.0,9.0,25.0,81.0,343.0,995.8,2008,2008-01-12
1,13,16.4,7.0,8.9,10.3,81.0,94.0,98.0,8.0,23.0,5.0,1174.0,1000.4,2008,2008-01-13
1,14,0.4,5.9,7.7,9.5,80.0,95.0,98.0,4.0,12.0,353.0,2455.0,1002.9,2008,2008-01-14
1,15,1.8,6.2,7.1,9.4,76.0,95.0,98.0,5.0,12.0,37.0,2278.0,1002.7,2008,2008-01-15
1,16,37.6,0.5,6.7,7.9,92.0,97.0,98.0,9.0,25.0,3.0,676.0,994.5,2008,2008-01-16
1,17,46.2,6.2,7.3,8.3,85.0,92.0,98.0,14.0,32.0,0.0,784.0,997.4,2008,2008-01-17
1,18,0.0,6.7,8.6,11.6,82.0,95.0,98.0,5.0,13.0,175.0,3391.0,1005.0,2008,2008-01-18
1,19,0.0,1.8,7.2,9.6,82.0,96.0,98.0,5.0,15.0,339.0,2460.0,1011.0,2008,2008-01-19
1,20,0.0,0.3,4.1,6.3,97.0,98.0,98.0,5.0,14.0,271.0,3173.0,1011.9,2008,2008-01-20
1,21,0.0,4.6,5.5,6.8,93.0,97.0,98.0,4.0,15.0,270.0,1372.0,1006.8,2008,2008-01-21
1,22,0.0,1.9,6.1,10.2,12.0,80.0,98.0,8.0,57.0,28.0,4456.0,997.0,2008,2008-01-22
1,23,0.0,-1.4,5.4,12.3,12.0,39.0,81.0,10.0,39.0,6.0,8769.0,1012.1,2008,2008-01-23
1,24,0.0,-2.4,3.2,11.0,32.0,64.0,85.0,8.0,19.0,334.0,8366.0,1015.5,2008,2008-01-24
1,25,0.0,-0.8,4.8,15.0,26.0,68.0,87.0,6.0,17.0,336.0,4979.0,1017.0,2008,2008-01-25
1,26,0.0,-2.0,3.6,12.3,38.0,72.0,94.0,6.0,19.0,327.0,8847.0,1016.6,2008,2008-01-26
1,27,0.0,-2.4,3.0,10.6,41.0,75.0,92.0,6.0,23.0,333.0,7607.0,1006.5,2008,2008-01-27
1,28,0.0,0.2,6.6,17.6,31.0,70.0,98.0,9.0,29.0,232.0,7201.0,1011.0,2008,2008-01-28
1,29,0.0,-0.5,4.4,11.8,54.0,84.0,98.0,5.0,14.0,318.0,8103.0,1012.2,2008,2008-01-29
1,30,0.0,-0.3,4.0,8.6,66.0,89.0,98.0,6.0,17.0,336.0,2852.0,1007.6,2008,2008-01-30
1,31,0.0,1.9,6.3,11.4,58.0,85.0,98.0,5.0,13.0,342.0,4759.0,1004.7,2008,2008-01-31
2,1,0.0,2.1,4.0,5.5,91.0,98.0,98.0,4.0,10.0,18.0,585.0,1000.8,2008,2008-02-01
2,2,10.0,4.2,6.0,7.2,80.0,96.0,98.0,6.0,19.0,61.0,1023.0,998.6,2008,2008-02-02
2,3,4.0,4.6,6.0,7.9,60.0,85.0,98.0,6.0,22.0,103.0,2413.0,1007.4,2008,2008-02-03
2,4,21.4,5.8,7.2,9.2,92.0,97.0,98.0,8.0,26.0,1.0,2351.0,999.3,2008,2008-02-04
2,5,14.0,3.6,8.5,12.9,63.0,82.0,98.0,14.0,40.0,3.0,3402.0,1003.0,2008,2008-02-05
2,6,0.0,2.4,6.6,13.0,60.0,87.0,98.0,7.0,19.0,342.0,8554.0,1007.6,2008,2008-02-06
2,7,0.0,0.6,8.3,17.0,11.0,46.0,98.0,9.0,33.0,45.0,10892.0,1012.3,2008,2008-02-07
2,8,0.0,-1.9,4.2,11.8,20.0,53.0,79.0,8.0,21.0,194.0,10861.0,1018.7,2008,2008-02-08
2,9,0.0,-2.6,4.0,11.8,30.0,62.0,87.0,7.0,18.0,349.0,10949.0,1018.1,2008,2008-02-09
2,10,0.0,-1.7,3.9,12.1,33.0,66.0,88.0,9.0,21.0,83.0,10574.0,1016.6,2008,2008-02-10
2,11,0.0,-2.8,2.7,10.5,35.0,71.0,92.0,6.0,14.0,249.0,10941.0,1016.5,2008,2008-02-11
2,12,0.0,-3.6,2.6,10.8,39.0,71.0,92.0,6.0,15.0,16.0,10792.0,1016.2,2008,2008-02-12
2,13,0.0,-3.6,2.9,11.7,14.0,60.0,84.0,8.0,22.0,211.0,11514.0,1017.0,2008,2008-02-13
2,14,0.0,-3.3,3.3,12.9,28.0,63.0,86.0,7.0,15.0,207.0,11691.0,1013.7,2008,2008-02-14
2,15,0.0,-2.8,3.4,11.2,34.0,61.0,86.0,7.0,22.0,109.0,11141.0,1011.2,2008,2008-02-15
2,16,0.0,-4.7,0.3,5.6,39.0,59.0,82.0,8.0,26.0,120.0,11530.0,1020.7,2008,2008-02-16
2,17,0.0,-7.3,-1.4,3.6,31.0,55.0,80.0,7.0,20.0,228.0,12265.0,1026.7,2008,2008-02-17
2,18,0.0,-6.5,-0.8,6.8,39.0,68.0,85.0,5.0,13.0,142.0,12283.0,1016.1,2008,2008-02-18
2,19,0.0,-5.5,0.9,9.3,41.0,72.0,94.0,5.0,14.0,178.0,11489.0,1011.7,2008,2008-02-19
2,20,0.0,-3.3,3.1,9.0,52.0,77.0,91.0,6.0,14.0,7.0,6822.0,1011.7,2008,2008-02-20
2,21,0.0,-0.5,5.1,11.1,53.0,81.0,97.0,6.0,17.0,164.0,9125.0,1011.5,2008,2008-02-21
2,22,0.0,-0.8,4.8,11.8,55.0,82.0,98.0,6.0,16.0,173.0,9501.0,1013.0,2008,2008-02-22
2,23,0.0,0.1,4.9,11.6,59.0,86.0,98.0,5.0,13.0,277.0,7841.0,1012.4,2008,2008-02-23
2,24,0.0,-0.3,5.5,13.2,59.0,85.0,98.0,5.0,14.0,206.0,10229.0,1012.0,2008,2008-02-24
2,25,0.0,-1.1,3.1,9.6,81.0,96.0,98.0,4.0,18.0,210.0,5091.0,1009.6,2008,2008-02-25
2,26,0.0,0.6,4.0,6.1,97.0,98.0,98.0,5.0,17.0,51.0,2724.0,1005.6,2008,2008-02-26
2,27,0.0,4.4,6.6,8.7,87.0,94.0,98.0,4.0,11.0,11.0,2890.0,1002.8,2008,2008-02-27
2,28,0.0,4.5,8.9,13.7,67.0,87.0,98.0,4.0,15.0,173.0,5131.0,1005.9,2008,2008-02-28
2,29,1.4,7.0,8.2,9.4,97.0,98.0,98.0,3.0,10.0,152.0,1958.0,1004.5,2008,2008-02-29
3,1,1.4,3.5,7.9,10.2,96.0,98.0,98.0,6.0,35.0,199.0,1855.0,989.8,2008,2008-03-01
3,2,0.0,2.2,9.6,16.4,56.0,86.0,98.0,8.0,22.0,162.0,13888.0,991.0,2008,2008-03-02
3,3,0.0,5.2,11.2,15.9,63.0,83.0,98.0,9.0,26.0,52.0,9653.0,991.9,2008,2008-03-03
3,4,28.2,3.8,6.9,11.2,66.0,91.0,98.0,12.0,35.0,60.0,734.0,991.2,2008,2008-03-04
3,5,0.2,3.5,7.1,12.0,19.0,40.0,85.0,21.0,50.0,35.0,11855.0,997.9,2008,2008-03-05
3,6,0.0,4.0,7.2,10.9,13.0,22.0,45.0,18.0,42.0,13.0,8484.0,1001.5,2008,2008-03-06
3,7,0.6,5.4,9.3,15.2,43.0,59.0,79.0,9.0,35.0,116.0,8294.0,993.5,2008,2008-03-07
3,8,0.6,5.4,8.2,11.8,66.0,82.0,98.0,4.0,16.0,120.0,7101.0,993.5,2008,2008-03-08
3,9,0.0,3.6,7.8,10.0,79.0,94.0,98.0,5.0,13.0,157.0,4817.0,994.9,2008,2008-03-09
3,10,6.4,6.9,8.2,9.4,89.0,97.0,98.0,5.0,14.0,360.0,2893.0,990.2,2008,2008-03-10
3,11,15.4,3.7,8.3,13.5,59.0,92.0,98.0,7.0,20.0,115.0,7628.0,985.2,2008,2008-03-11
3,12,0.0,4.2,7.6,9.9,89.0,96.0,98.0,7.0,16.0,343.0,1771.0,990.0,2008,2008-03-12
3,13,0.0,3.3,9.9,16.9,38.0,78.0,98.0,9.0,25.0,229.0,16796.0,994.6,2008,2008-03-13
3,14,0.0,4.0,10.5,16.7,42.0,78.0,98.0,7.0,17.0,165.0,12374.0,997.1,2008,2008-03-14
3,15,0.0,9.3,11.2,13.5,71.0,87.0,98.0,4.0,13.0,89.0,4499.0,997.8,2008,2008-03-15
3,16,3.8,5.8,9.6,11.0,89.0,97.0,98.0,6.0,19.0,340.0,1131.0,990.8,2008,2008-03-16
3,17,0.0,4.6,10.2,15.4,61.0,87.0,98.0,7.0,21.0,157.0,13270.0,987.0,2008,2008-03-17
3,18,1.6,1.1,8.4,12.1,51.0,74.0,98.0,8.0,33.0,118.0,10506.0,988.5,2008,2008-03-18
3,19,0.0,-0.3,6.0,12.1,19.0,57.0,94.0,7.0,22.0,250.0,18568.0,993.5,2008,2008-03-19
3,20,0.0,0.8,7.0,13.8,10.0,43.0,77.0,10.0,28.0,77.0,17981.0,992.6,2008,2008-03-20
3,21,1.0,0.9,5.3,9.7,41.0,71.0,96.0,10.0,35.0,185.0,7788.0,979.0,2008,2008-03-21
3,22,3.0,1.6,5.6,8.8,71.0,87.0,98.0,9.0,31.0,64.0,4178.0,971.9,2008,2008-03-22
3,23,3.4,0.0,5.6,10.3,53.0,84.0,98.0,10.0,27.0,106.0,7503.0,975.1,2008,2008-03-23
3,24,4.2,1.1,5.1,8.5,52.0,80.0,98.0,8.0,27.0,31.0,5657.0,975.5,2008,2008-03-24
3,25,0.0,-0.8,3.8,11.1,22.0,79.0,98.0,9.0,33.0,43.0,15463.0,983.5,2008,2008-03-25
3,26,0.0,-1.0,5.7,12.4,34.0,66.0,97.0,8.0,28.0,205.0,18647.0,989.0,2008,2008-03-26
3,27,6.4,5.5,7.1,8.4,69.0,79.0,88.0,12.0,26.0,21.0,4134.0,985.8,2008,2008-03-27
3,28,0.0,5.5,10.2,15.0,41.0,66.0,90.0,8.0,19.0,357.0,6756.0,993.5,2008,2008-03-28
3,29,0.0,3.7,11.1,18.4,31.0,66.0,89.0,8.0,25.0,29.0,16368.0,1001.2,2008,2008-03-29
3,30,0.0,4.6,11.8,19.1,36.0,64.0,87.0,9.0,30.0,239.0,20099.0,1002.4,2008,2008-03-30
3,31,0.0,5.4,12.2,19.2,37.0,66.0,98.0,6.0,19.0,158.0,17849.0,997.4,2008,2008-03-31
4,1,3.2,8.0,15.5,23.0,31.0,56.0,80.0,12.0,30.0,331.0,20419.0,998.7,2008,2008-04-01
4,2,4.2,5.0,11.8,19.2,43.0,73.0,91.0,8.0,40.0,49.0,11653.0,997.6,2008,2008-04-02
4,3,0.0,3.4,10.2,16.9,31.0,57.0,91.0,8.0,26.0,124.0,16142.0,997.8,2008,2008-04-03
4,4,0.0,7.6,13.0,19.5,14.0,33.0,65.0,12.0,32.0,163.0,21661.0,1000.1,2008,2008-04-04
4,5,0.0,5.2,11.4,17.0,22.0,47.0,75.0,10.0,36.0,266.0,21597.0,993.5,2008,2008-04-05
4,6,0.2,3.2,9.8,15.7,34.0,62.0,86.0,9.0,24.0,207.0,13854.0,984.9,2008,2008-04-06
4,7,0.4,8.5,12.9,20.1,14.0,58.0,95.0,16.0,55.0,237.0,20734.0,981.5,2008,2008-04-07
4,8,0.2,8.7,10.7,13.7,58.0,79.0,98.0,7.0,22.0,129.0,4712.0,988.2,2008,2008-04-08
4,9,5.2,6.4,11.4,16.1,58.0,87.0,98.0,8.0,22.0,167.0,11219.0,986.7,2008,2008-04-09
4,10,7.4,9.9,12.3,14.9,87.0,97.0,98.0,6.0,14.0,72.0,4563.0,985.5,2008,2008-04-10
4,11,24.0,12.6,13.5,16.5,84.0,98.0,98.0,8.0,34.0,299.0,4580.0,985.0,2008,2008-04-11
4,12,14.6,9.5,12.5,16.7,63.0,93.0,98.0,10.0,37.0,173.0,8978.0,989.5,2008,2008-04-12
4,13,0.4,8.0,11.0,15.3,53.0,83.0,98.0,7.0,22.0,93.0,10940.0,999.2,2008,2008-04-13
4,14,0.0,7.7,11.5,16.8,58.0,85.0,98.0,6.0,19.0,169.0,12416.0,996.7,2008,2008-04-14
4,15,1.8,6.7,10.8,15.6,57.0,85.0,98.0,8.0,36.0,176.0,12185.0,993.6,2008,2008-04-15
4,16,5.0,6.2,9.7,15.8,37.0,81.0,98.0,8.0,42.0,337.0,12450.0,996.6,2008,2008-04-16
4,17,1.6,8.3,11.3,16.8,56.0,83.0,97.0,9.0,28.0,209.0,12528.0,990.7,2008,2008-04-17
4,18,15.6,9.4,11.2,13.6,72.0,92.0,98.0,10.0,24.0,21.0,4157.0,984.9,2008,2008-04-18
4,19,12.0,9.9,13.9,19.8,51.0,82.0,98.0,11.0,37.0,213.0,16890.0,984.2,2008,2008-04-19
4,20,0.0,8.3,14.8,21.1,45.0,74.0,98.0,8.0,31.0,215.0,22515.0,989.4,2008,2008-04-20
4,21,24.2,10.0,12.2,18.2,41.0,85.0,98.0,11.0,41.0,159.0,4649.0,983.9,2008,2008-04-21
4,22,4.4,9.2,11.5,15.8,70.0,93.0,98.0,4.0,12.0,129.0,8136.0,984.7,2008,2008-04-22
4,23,3.6,8.3,13.8,19.4,60.0,84.0,98.0,5.0,35.0,9.0,15690.0,996.0,2008,2008-04-23
4,24,0.2,10.6,15.2,20.3,41.0,69.0,98.0,8.0,27.0,210.0,23408.0,1004.5,2008,2008-04-24
4,25,0.6,8.9,13.2,19.4,55.0,79.0,95.0,8.0,29.0,89.0,16112.0,1005.9,2008,2008-04-25
4,26,0.0,6.8,14.9,21.4,24.0,55.0,93.0,8.0,27.0,188.0,23124.0,1006.7,2008,2008-04-26
4,27,0.0,8.6,16.0,22.7,13.0,45.0,79.0,9.0,26.0,235.0,25830.0,1004.3,2008,2008-04-27
4,28,0.0,8.2,15.6,22.6,27.0,54.0,87.0,9.0,34.0,252.0,24048.0,995.7,2008,2008-04-28
4,29,14.2,10.9,11.9,13.5,64.0,88.0,98.0,5.0,14.0,154.0,4344.0,989.9,2008,2008-04-29
4,30,13.4,9.5,13.5,17.9,59.0,85.0,98.0,7.0,35.0,317.0,12035.0,991.1,2008,2008-04-30
5,1,0.2,9.8,14.1,19.8,51.0,82.0,98.0,10.0,35.0,180.0,16111.0,995.7,2008,2008-05-01
5,2,0.0,9.0,16.2,22.9,33.0,65.0,97.0,8.0,22.0,202.0,23500.0,1002.5,2008,2008-05-02
5,3,0.0,10.4,17.9,24.4,32.0,60.0,91.0,7.0,20.0,218.0,22398.0,1003.2,2008,2008-05-03
5,4,1.2,13.9,17.8,22.3,36.0,59.0,92.0,7.0,24.0,207.0,18937.0,1002.4,2008,2008-05-04
5,5,4.8,11.4,14.6,18.3,46.0,71.0,95.0,7.0,26.0,159.0,16639.0,1003.7,2008,2008-05-05
5,6,0.0,9.9,17.4,23.9,32.0,58.0,91.0,7.0,28.0,200.0,26301.0,1001.9,2008,2008-05-06
5,7,0.0,11.8,17.7,23.6,32.0,60.0,92.0,7.0,23.0,249.0,25839.0,1001.3,2008,2008-05-07
5,8,0.0,12.4,18.5,24.6,34.0,58.0,85.0,7.0,28.0,225.0,25779.0,998.9,2008,2008-05-08
5,9,0.0,13.3,19.3,25.8,31.0,58.0,85.0,8.0,28.0,208.0,25131.0,997.6,2008,2008-05-09
5,10,0.8,14.6,19.3,25.9,32.0,54.0,71.0,10.0,41.0,117.0,24558.0,998.6,2008,2008-05-10
5,11,0.0,14.6,19.1,24.8,23.0,49.0,77.0,6.0,25.0,170.0,18924.0,999.8,2008,2008-05-11
5,12,0.0,11.6,18.7,25.0,21.0,44.0,72.0,9.0,25.0,128.0,27788.0,998.9,2008,2008-05-12
5,13,0.0,13.0,19.7,26.5,18.0,40.0,66.0,9.0,32.0,146.0,26412.0,996.3,2008,2008-05-13
5,14,0.0,12.3,19.9,27.2,23.0,47.0,69.0,8.0,29.0,204.0,27073.0,995.0,2008,2008-05-14
5,15,11.0,12.3,18.4,25.3,46.0,67.0,97.0,10.0,47.0,247.0,20730.0,994.7,2008,2008-05-15
5,16,4.6,13.8,18.1,23.2,57.0,83.0,98.0,8.0,37.0,237.0,18127.0,994.4,2008,2008-05-16
5,17,12.6,15.9,17.3,19.9,87.0,96.0,98.0,11.0,33.0,167.0,3697.0,992.8,2008,2008-05-17
5,18,82.0,12.6,14.8,16.6,92.0,98.0,98.0,10.0,28.0,174.0,1326.0,988.6,2008,2008-05-18
5,19,9.0,11.5,17.5,24.1,56.0,81.0,98.0,9.0,37.0,162.0,20089.0,986.9,2008,2008-05-19
5,20,14.2,14.4,16.5,19.4,58.0,83.0,98.0,11.0,34.0,8.0,8055.0,987.1,2008,2008-05-20
5,21,5.0,13.7,17.2,23.4,51.0,79.0,98.0,9.0,25.0,149.0,19441.0,991.2,2008,2008-05-21
5,22,3.0,14.2,18.1,23.3,53.0,77.0,98.0,6.0,19.0,161.0,20799.0,993.3,2008,2008-05-22
5,23,50.6,14.8,17.0,21.3,63.0,90.0,98.0,5.0,15.0,28.0,12070.0,994.6,2008,2008-05-23
5,24,8.2,15.1,18.3,22.9,65.0,88.0,98.0,6.0,26.0,191.0,14589.0,995.7,2008,2008-05-24
5,25,7.6,15.9,19.6,24.1,61.0,85.0,98.0,5.0,15.0,149.0,14534.0,997.7,2008,2008-05-25
5,26,0.0,17.0,20.9,25.2,62.0,83.0,98.0,4.0,15.0,216.0,19583.0,998.5,2008,2008-05-26
5,27,0.0,16.3,23.5,29.6,38.0,71.0,98.0,6.0,17.0,152.0,27517.0,996.3,2008,2008-05-27
5,28,0.0,19.1,23.9,29.6,49.0,67.0,92.0,7.0,20.0,174.0,25636.0,995.8,2008,2008-05-28
5,29,0.0,19.8,25.6,32.7,25.0,55.0,87.0,9.0,34.0,177.0,26760.0,992.9,2008,2008-05-29
5,30,0.0,18.9,23.5,28.2,46.0,64.0,81.0,10.0,34.0,192.0,21776.0,992.9,2008,2008-05-30
5,31,1.2,17.5,20.8,25.4,57.0,78.0,98.0,6.0,22.0,147.0,17584.0,996.7,2008,2008-05-31
6,1,0.0,16.6,22.6,28.5,51.0,77.0,98.0,6.0,19.0,187.0,24978.0,996.5,2008,2008-06-01
6,2,17.9,17.5,22.5,30.4,44.0,77.0,98.0,8.0,36.0,7.0,22655.0,993.9,2008,2008-06-02
6,3,0.0,17.1,22.1,27.9,47.0,73.0,95.0,6.0,22.0,114.0,24626.0,992.2,2008,2008-06-03
6,4,5.4,17.8,20.2,24.0,68.0,85.0,98.0,4.0,18.0,230.0,9989.0,991.4,2008,2008-06-04
6,5,49.4,16.4,18.2,19.7,90.0,97.0,98.0,4.0,14.0,42.0,6805.0,991.0,2008,2008-06-05
6,6,3.8,16.7,18.6,22.6,71.0,92.0,98.0,5.0,15.0,102.0,10643.0,991.6,2008,2008-06-06
6,7,16.4,15.4,19.5,25.8,55.0,85.0,98.0,6.0,29.0,274.0,17963.0,991.5,2008,2008-06-07
6,8,0.1,15.8,20.6,26.8,46.0,79.0,98.0,6.0,26.0,126.0,20986.0,994.5,2008,2008-06-08
6,9,0.0,16.4,21.4,27.2,48.0,73.0,97.0,6.0,23.0,156.0,24228.0,999.0,2008,2008-06-09
6,10,0.0,15.4,22.3,28.4,38.0,70.0,98.0,7.0,20.0,159.0,28346.0,999.7,2008,2008-06-10
6,11,33.9,15.7,19.6,26.6,66.0,88.0,98.0,8.0,39.0,32.0,15253.0,995.7,2008,2008-06-11
6,12,0.6,15.8,19.3,24.1,56.0,83.0,98.0,6.0,22.0,105.0,15029.0,991.2,2008,2008-06-12
6,13,4.1,11.2,15.9,20.4,46.0,83.0,98.0,8.0,31.0,37.0,7931.0,991.4,2008,2008-06-13
6,14,2.9,10.4,13.7,16.2,55.0,82.0,98.0,6.0,19.0,114.0,9003.0,995.3,2008,2008-06-14
6,15,0.2,9.6,16.0,21.6,50.0,77.0,98.0,6.0,26.0,329.0,20910.0,994.2,2008,2008-06-15
6,16,3.4,14.0,15.9,19.3,70.0,88.0,98.0,6.0,18.0,340.0,8669.0,994.0,2008,2008-06-16
6,17,29.8,15.1,17.5,23.8,73.0,95.0,98.0,8.0,44.0,317.0,10801.0,993.2,2008,2008-06-17
6,18,16.5,16.2,20.5,26.4,56.0,86.0,98.0,5.0,18.0,221.0,23846.0,995.8,2008,2008-06-18
6,19,0.0,16.6,22.8,28.4,48.0,75.0,98.0,6.0,22.0,237.0,28872.0,996.9,2008,2008-06-19
6,20,0.0,17.2,24.3,31.3,36.0,73.0,98.0,5.0,20.0,156.0,26772.0,998.3,2008,2008-06-20
6,21,0.0,18.2,24.9,31.7,36.0,69.0,96.0,6.0,19.0,117.0,29151.0,1000.1,2008,2008-06-21
6,22,0.0,17.1,25.2,31.9,44.0,74.0,98.0,5.0,23.0,141.0,28757.0,1000.3,2008,2008-06-22
6,23,0.0,19.2,25.5,31.7,48.0,76.0,98.0,5.0,19.0,173.0,26873.0,998.6,2008,2008-06-23
6,24,0.1,20.0,26.3,32.4,51.0,79.0,98.0,6.0,23.0,175.0,25216.0,997.0,2008,2008-06-24
6,25,0.0,22.0,27.5,33.4,48.0,77.0,98.0,6.0,21.0,245.0,25768.0,995.8,2008,2008-06-25
6,26,0.0,21.5,27.5,34.0,43.0,74.0,98.0,6.0,22.0,63.0,26778.0,995.6,2008,2008-06-26
6,27,3.1,20.0,24.8,31.5,52.0,79.0,97.0,8.0,26.0,11.0,14703.0,995.2,2008,2008-06-27
6,28,0.0,18.7,25.3,31.5,37.0,69.0,98.0,6.0,18.0,76.0,27556.0,998.4,2008,2008-06-28
6,29,0.0,20.3,26.3,32.4,45.0,72.0,94.0,5.0,22.0,124.0,25600.0,998.1,2008,2008-06-29
6,30,10.9,19.4,24.8,32.1,43.0,75.0,97.0,8.0,69.0,259.0,25142.0,997.5,2008,2008-06-30
7,1,0.0,20.2,24.9,31.4,45.0,75.0,98.0,6.0,18.0,244.0,22019.0,997.0,2008,2008-07-01
7,2,2.6,18.8,25.5,31.4,42.0,72.0,98.0,6.0,25.0,340.0,26637.0,993.7,2008,2008-07-02
7,3,0.0,19.0,25.2,30.9,52.0,77.0,98.0,8.0,28.0,246.0,24472.0,991.7,2008,2008-07-03
7,4,8.0,19.9,25.0,31.4,52.0,79.0,98.0,8.0,35.0,321.0,21120.0,990.8,2008,2008-07-04
7,5,0.3,18.6,23.8,29.9,46.0,78.0,98.0,5.0,19.0,116.0,26005.0,992.9,2008,2008-07-05
7,6,22.3,18.5,23.1,30.5,54.0,83.0,98.0,7.0,27.0,354.0,19645.0,992.7,2008,2008-07-06
7,7,16.7,17.7,22.7,29.6,59.0,86.0,98.0,9.0,45.0,187.0,20587.0,989.3,2008,2008-07-07
7,8,25.5,14.7,18.9,23.9,53.0,88.0,98.0,8.0,31.0,121.0,12035.0,994.0,2008,2008-07-08
7,9,0.0,13.7,21.8,28.6,37.0,71.0,98.0,6.0,19.0,136.0,28819.0,996.2,2008,2008-07-09
7,10,0.0,16.6,23.3,29.8,48.0,75.0,98.0,5.0,17.0,117.0,28279.0,996.2,2008,2008-07-10
7,11,0.1,18.2,24.0,30.3,58.0,83.0,99.0,5.0,19.0,189.0,20872.0,994.6,2008,2008-07-11
7,12,0.0,19.5,24.4,30.6,55.0,79.0,98.0,6.0,18.0,186.0,20839.0,991.6,2008,2008-07-12
7,13,13.1,19.2,23.4,29.3,52.0,76.0,94.0,9.0,32.0,46.0,19840.0,989.3,2008,2008-07-13
7,14,5.7,14.0,19.3,25.4,54.0,82.0,98.0,8.0,37.0,12.0,11351.0,995.0,2008,2008-07-14
7,15,0.1,12.6,20.4,27.5,33.0,69.0,98.0,6.0,17.0,240.0,28489.0,1004.5,2008,2008-07-15
7,16,0.0,14.8,21.9,28.7,42.0,74.0,98.0,6.0,24.0,281.0,25926.0,1000.8,2008,2008-07-16
7,17,15.3,16.9,22.4,28.4,45.0,77.0,98.0,6.0,31.0,343.0,18612.0,993.4,2008,2008-07-17
7,18,3.4,17.0,20.5,26.0,56.0,83.0,98.0,6.0,22.0,114.0,18356.0,993.9,2008,2008-07-18
7,19,1.6,15.8,22.7,28.8,34.0,72.0,98.0,5.0,16.0,172.0,28364.0,996.0,2008,2008-07-19
7,20,39.3,18.4,22.1,27.8,63.0,86.0,98.0,6.0,44.0,230.0,12137.0,993.8,2008,2008-07-20
7,21,2.4,16.0,20.7,26.2,47.0,74.0,98.0,9.0,34.0,93.0,24361.0,994.3,2008,2008-07-21
7,22,0.1,13.2,18.6,25.0,40.0,74.0,98.0,6.0,26.0,269.0,24989.0,997.8,2008,2008-07-22
7,23,0.1,11.6,19.5,26.5,38.0,71.0,98.0,6.0,32.0,241.0,26165.0,996.8,2008,2008-07-23
7,24,0.0,14.7,22.3,29.3,32.0,63.0,94.0,7.0,24.0,242.0,27730.0,992.8,2008,2008-07-24
7,25,0.0,15.7,23.3,30.6,41.0,71.0,95.0,5.0,18.0,184.0,26095.0,990.6,2008,2008-07-25
7,26,0.0,17.5,23.4,30.2,50.0,75.0,98.0,7.0,27.0,345.0,18894.0,991.6,2008,2008-07-26
7,27,2.9,19.4,24.9,31.2,40.0,70.0,98.0,7.0,28.0,105.0,20300.0,994.5,2008,2008-07-27
7,28,0.0,19.4,25.2,31.3,45.0,72.0,94.0,6.0,16.0,139.0,21186.0,995.8,2008,2008-07-28
7,29,0.0,18.5,24.6,32.1,44.0,73.0,98.0,7.0,21.0,343.0,21088.0,997.0,2008,2008-07-29
7,30,0.0,18.4,25.7,33.2,37.0,72.0,97.0,5.0,17.0,79.0,24414.0,998.0,2008,2008-07-30
7,31,0.2,19.8,25.9,32.4,43.0,68.0,94.0,6.0,31.0,321.0,22396.0,997.5,2008,2008-07-31
8,1,0.0,18.7,25.9,32.9,41.0,70.0,92.0,5.0,14.0,350.0,25248.0,996.3,2008,2008-08-01
8,2,0.0,20.5,26.1,32.6,42.0,69.0,98.0,7.0,46.0,238.0,24347.0,996.1,2008,2008-08-02
8,3,0.0,19.8,26.1,33.0,43.0,72.0,98.0,5.0,16.0,107.0,24094.0,995.9,2008,2008-08-03
8,4,0.0,20.2,26.0,32.0,53.0,80.0,98.0,6.0,22.0,231.0,17746.0,992.8,2008,2008-08-04
8,5,0.1,22.1,26.8,32.5,51.0,77.0,98.0,6.0,18.0,37.0,19981.0,992.5,2008,2008-08-05
8,6,0.0,22.3,25.9,31.2,42.0,72.0,97.0,6.0,20.0,116.0,24513.0,995.0,2008,2008-08-06
8,7,0.0,19.2,25.6,32.3,40.0,70.0,97.0,5.0,16.0,211.0,24994.0,991.9,2008,2008-08-07
8,8,5.8,16.9,22.7,28.0,50.0,82.0,97.0,9.0,58.0,29.0,10502.0,988.6,2008,2008-08-08
8,9,0.0,13.8,21.9,28.9,36.0,63.0,92.0,7.0,27.0,21.0,23843.0,992.5,2008,2008-08-09
8,10,0.0,15.7,22.0,28.4,42.0,74.0,99.0,6.0,20.0,197.0,22239.0,994.2,2008,2008-08-10
8,11,14.6,16.1,23.3,30.3,46.0,77.0,98.0,5.0,26.0,324.0,25076.0,990.5,2008,2008-08-11
8,12,0.1,19.4,23.9,29.4,55.0,83.0,98.0,6.0,21.0,284.0,18187.0,989.8,2008,2008-08-12
8,13,5.5,20.3,23.9,30.4,42.0,82.0,98.0,6.0,31.0,269.0,12415.0,992.9,2008,2008-08-13
8,14,0.0,18.7,25.3,32.1,44.0,77.0,98.0,5.0,15.0,83.0,22637.0,993.1,2008,2008-08-14
8,15,34.8,16.4,21.7,28.2,62.0,85.0,98.0,10.0,42.0,190.0,10030.0,985.4,2008,2008-08-15
8,16,7.4,15.4,20.0,26.4,40.0,77.0,98.0,6.0,35.0,48.0,18267.0,988.6,2008,2008-08-16
8,17,0.0,15.0,19.5,25.9,49.0,78.0,98.0,6.0,17.0,342.0,15775.0,993.5,2008,2008-08-17
8,18,0.0,13.2,21.0,28.2,40.0,73.0,98.0,5.0,21.0,218.0,24421.0,998.0,2008,2008-08-18
8,19,0.1,15.2,22.1,29.6,49.0,79.0,98.0,5.0,14.0,175.0,23353.0,996.2,2008,2008-08-19
8,20,0.1,17.2,22.9,29.8,53.0,83.0,98.0,5.0,17.0,267.0,17160.0,994.9,2008,2008-08-20
8,21,0.0,18.2,23.7,30.6,40.0,75.0,98.0,6.0,17.0,106.0,22895.0,997.7,2008,2008-08-21
8,22,0.0,16.9,23.8,31.0,46.0,76.0,98.0,6.0,20.0,160.0,22286.0,994.2,2008,2008-08-22
8,23,41.2,15.6,19.8,25.9,63.0,87.0,98.0,8.0,57.0,338.0,8281.0,989.9,2008,2008-08-23
8,24,2.7,13.3,19.3,25.7,37.0,71.0,97.0,7.0,28.0,60.0,23639.0,994.2,2008,2008-08-24
8,25,0.1,12.8,19.9,27.9,32.0,72.0,98.0,6.0,21.0,60.0,22599.0,997.7,2008,2008-08-25
8,26,0.1,14.0,21.8,29.0,39.0,72.0,98.0,6.0,15.0,172.0,22890.0,1001.4,2008,2008-08-26
8,27,0.0,16.5,22.3,29.6,36.0,74.0,98.0,5.0,16.0,112.0,19873.0,1000.5,2008,2008-08-27
8,28,0.0,16.3,23.0,30.8,35.0,71.0,98.0,6.0,14.0,230.0,21926.0,997.4,2008,2008-08-28
8,29,0.0,17.6,23.5,30.0,43.0,73.0,98.0,6.0,19.0,219.0,20042.0,996.1,2008,2008-08-29
8,30,0.0,17.1,23.5,29.9,46.0,75.0,98.0,6.0,19.0,101.0,17837.0,997.2,2008,2008-08-30
8,31,0.0,17.5,23.0,28.4,47.0,68.0,96.0,4.0,15.0,111.0,15162.0,998.4,2008,2008-08-31
9,1,0.0,16.3,21.9,28.6,43.0,77.0,99.0,5.0,17.0,147.0,15488.0,997.4,2008,2008-09-01
9,2,0.0,17.1,21.9,27.7,52.0,81.0,98.0,4.0,12.0,29.0,12746.0,996.1,2008,2008-09-02
9,3,14.9,17.2,22.3,28.9,55.0,84.0,98.0,6.0,28.0,137.0,15944.0,993.7,2008,2008-09-03
9,4,7.3,18.5,22.8,29.1,47.0,83.0,98.0,8.0,23.0,144.0,15907.0,993.0,2008,2008-09-04
9,5,6.2,19.2,22.9,29.0,53.0,85.0,99.0,6.0,19.0,202.0,14448.0,994.2,2008,2008-09-05
9,6,4.1,19.8,23.2,29.6,67.0,89.0,98.0,7.0,25.0,340.0,11251.0,992.9,2008,2008-09-06
9,7,28.0,17.0,21.7,30.0,54.0,89.0,98.0,8.0,67.0,303.0,13272.0,991.7,2008,2008-09-07
9,8,0.1,15.1,21.0,28.9,39.0,78.0,98.0,5.0,16.0,169.0,20333.0,996.2,2008,2008-09-08
9,9,0.0,15.2,21.4,29.0,38.0,74.0,98.0,6.0,16.0,39.0,20120.0,1000.0,2008,2008-09-09
9,10,0.1,16.0,22.2,29.8,45.0,78.0,98.0,5.0,15.0,190.0,18053.0,997.9,2008,2008-09-10
9,11,0.0,16.3,23.1,30.8,40.0,75.0,98.0,5.0,15.0,235.0,16769.0,993.3,2008,2008-09-11
9,12,11.4,17.6,21.4,29.8,46.0,84.0,98.0,6.0,61.0,237.0,14874.0,989.4,2008,2008-09-12
9,13,26.7,14.0,17.6,21.6,66.0,92.0,99.0,7.0,31.0,89.0,2604.0,990.9,2008,2008-09-13
9,14,21.2,8.4,14.1,19.6,51.0,81.0,98.0,9.0,32.0,72.0,11032.0,994.5,2008,2008-09-14
9,15,0.0,8.3,13.7,20.2,45.0,78.0,98.0,6.0,22.0,254.0,13649.0,993.2,2008,2008-09-15
9,16,0.0,10.2,14.8,20.9,36.0,76.0,98.0,5.0,18.0,161.0,14878.0,994.4,2008,2008-09-16
9,17,0.4,8.6,14.7,21.3,44.0,78.0,98.0,5.0,20.0,167.0,12802.0,999.7,2008,2008-09-17
9,18,0.3,11.5,14.4,19.0,50.0,77.0,98.0,4.0,13.0,153.0,9598.0,1002.9,2008,2008-09-18
9,19,0.0,8.2,14.9,21.1,40.0,77.0,98.0,5.0,17.0,140.0,14467.0,1001.0,2008,2008-09-19
9,20,0.0,6.8,13.9,21.5,36.0,75.0,98.0,6.0,28.0,308.0,17768.0,1002.6,2008,2008-09-20
9,21,0.0,7.9,13.3,18.8,47.0,77.0,98.0,6.0,20.0,216.0,9746.0,999.5,2008,2008-09-21
9,22,0.2,6.4,13.3,20.2,34.0,74.0,98.0,5.0,16.0,206.0,16595.0,996.6,2008,2008-09-22
9,23,4.6,8.0,12.9,20.1,41.0,83.0,98.0,6.0,30.0,315.0,10757.0,997.1,2008,2008-09-23
9,24,0.0,8.1,14.6,21.6,30.0,69.0,98.0,5.0,16.0,109.0,16719.0,998.8,2008,2008-09-24
9,25,0.0,7.7,13.5,21.1,38.0,74.0,98.0,6.0,20.0,137.0,12204.0,1001.2,2008,2008-09-25
9,26,0.0,8.2,13.6,20.0,42.0,69.0,98.0,7.0,18.0,36.0,9938.0,1006.0,2008,2008-09-26
9,27,0.0,7.0,13.6,21.5,25.0,58.0,86.0,8.0,33.0,105.0,12631.0,1008.1,2008,2008-09-27
9,28,0.0,6.8,13.2,20.5,28.0,62.0,91.0,6.0,21.0,110.0,15988.0,1005.7,2008,2008-09-28
9,29,0.0,6.4,12.7,20.9,34.0,68.0,96.0,6.0,20.0,233.0,16310.0,1001.1,2008,2008-09-29
9,30,0.0,8.1,13.8,18.6,53.0,80.0,97.0,5.0,12.0,64.0,6784.0,997.9,2008,2008-09-30
10,1,0.0,12.9,15.1,19.1,64.0,85.0,96.0,5.0,15.0,38.0,5379.0,994.2,2008,2008-10-01
10,2,1.2,13.3,15.7,17.3,85.0,91.0,98.0,5.0,15.0,296.0,2509.0,990.9,2008,2008-10-02
10,3,7.1,10.2,15.7,22.9,50.0,85.0,98.0,10.0,50.0,154.0,9021.0,986.8,2008,2008-10-03
10,4,0.7,4.6,12.1,19.6,26.0,58.0,88.0,10.0,40.0,16.0,10074.0,994.3,2008,2008-10-04
10,5,0.0,4.1,10.6,18.5,37.0,71.0,93.0,6.0,17.0,355.0,11739.0,1000.5,2008,2008-10-05
10,6,0.0,7.2,13.4,21.0,37.0,72.0,96.0,5.0,14.0,35.0,14328.0,1001.7,2008,2008-10-06
10,7,0.0,8.5,14.3,21.0,50.0,80.0,98.0,5.0,14.0,119.0,11065.0,1001.7,2008,2008-10-07
10,8,0.0,9.8,14.8,21.7,54.0,85.0,99.0,5.0,15.0,138.0,10876.0,1000.7,2008,2008-10-08
10,9,0.0,10.9,16.2,23.2,51.0,82.0,98.0,5.0,19.0,189.0,12665.0,1007.2,2008,2008-10-09
10,10,0.0,11.2,17.5,25.5,41.0,74.0,96.0,6.0,16.0,183.0,12855.0,1012.6,2008,2008-10-10
10,11,0.0,10.4,16.3,24.4,43.0,77.0,98.0,6.0,21.0,245.0,13407.0,1013.2,2008,2008-10-11
10,12,0.0,9.5,15.3,23.3,53.0,83.0,98.0,5.0,15.0,150.0,12968.0,1010.0,2008,2008-10-12
10,13,0.0,10.0,16.8,26.5,28.0,71.0,98.0,6.0,15.0,349.0,12961.0,1004.3,2008,2008-10-13
10,14,0.0,10.2,17.5,26.6,36.0,70.0,95.0,5.0,15.0,166.0,11894.0,1001.0,2008,2008-10-14
10,15,0.0,12.5,17.8,25.7,39.0,71.0,96.0,6.0,16.0,195.0,12018.0,1000.4,2008,2008-10-15
10,16,0.0,11.5,15.3,17.9,79.0,91.0,98.0,4.0,12.0,10.0,1925.0,996.9,2008,2008-10-16
10,17,0.0,11.2,14.1,21.0,54.0,78.0,99.0,7.0,40.0,144.0,8641.0,996.0,2008,2008-10-17
10,18,0.0,7.5,13.5,20.0,27.0,61.0,87.0,6.0,21.0,67.0,10738.0,1003.2,2008,2008-10-18
10,19,0.0,6.1,11.7,20.1,33.0,70.0,92.0,6.0,18.0,171.0,12280.0,1006.4,2008,2008-10-19
10,20,0.0,5.9,11.7,19.9,46.0,77.0,98.0,5.0,16.0,220.0,11920.0,1006.2,2008,2008-10-20
10,21,0.0,8.8,13.2,18.2,62.0,88.0,98.0,4.0,15.0,161.0,7306.0,1001.7,2008,2008-10-21
10,22,0.0,8.7,14.1,20.9,51.0,81.0,98.0,5.0,15.0,112.0,10596.0,1000.4,2008,2008-10-22
10,23,0.0,8.5,14.8,22.1,50.0,77.0,98.0,7.0,25.0,105.0,8950.0,1004.7,2008,2008-10-23
10,24,0.0,7.0,12.7,20.6,50.0,81.0,98.0,5.0,15.0,173.0,10250.0,1005.9,2008,2008-10-24
10,25,0.0,6.4,12.5,22.1,41.0,78.0,98.0,5.0,16.0,105.0,10084.0,1009.2,2008,2008-10-25
10,26,0.0,5.6,11.3,19.4,47.0,80.0,98.0,5.0,13.0,158.0,11074.0,1007.1,2008,2008-10-26
10,27,0.0,5.5,11.6,14.9,73.0,87.0,98.0,4.0,9.0,15.0,3141.0,997.8,2008,2008-10-27
10,28,77.1,10.2,14.1,18.0,79.0,95.0,98.0,7.0,28.0,166.0,4093.0,990.4,2008,2008-10-28
10,29,49.2,15.3,16.3,18.7,97.0,98.0,98.0,6.0,41.0,274.0,1619.0,983.3,2008,2008-10-29
10,30,16.4,8.9,12.7,16.6,35.0,78.0,98.0,14.0,46.0,220.0,7850.0,983.2,2008,2008-10-30
10,31,37.1,8.7,11.8,14.6,94.0,98.0,98.0,8.0,20.0,11.0,983.0,994.2,2008,2008-10-31
11,1,15.2,10.9,14.9,21.6,57.0,89.0,99.0,7.0,27.0,191.0,7264.0,992.6,2008,2008-11-01
11,2,0.2,9.3,14.1,19.3,73.0,92.0,98.0,6.0,18.0,126.0,8708.0,1000.8,2008,2008-11-02
11,3,0.9,10.4,15.1,19.5,70.0,87.0,98.0,6.0,20.0,9.0,3754.0,1000.5,2008,2008-11-03
11,4,40.2,12.6,15.1,17.9,77.0,94.0,99.0,9.0,21.0,36.0,1886.0,1000.7,2008,2008-11-04
11,5,0.0,11.0,15.5,21.2,64.0,88.0,98.0,7.0,26.0,44.0,8774.0,999.5,2008,2008-11-05
11,6,1.8,10.3,13.4,17.8,67.0,87.0,96.0,7.0,23.0,36.0,3494.0,997.8,2008,2008-11-06
11,7,0.0,10.6,13.3,17.0,69.0,89.0,97.0,6.0,14.0,33.0,3653.0,998.0,2008,2008-11-07
11,8,2.3,9.6,12.4,16.0,79.0,94.0,98.0,5.0,16.0,95.0,3640.0,1004.1,2008,2008-11-08
11,9,0.0,7.9,11.9,16.9,69.0,91.0,98.0,4.0,14.0,155.0,6859.0,1010.5,2008,2008-11-09
11,10,0.1,9.9,11.6,16.1,68.0,93.0,98.0,4.0,15.0,178.0,7186.0,1010.6,2008,2008-11-10
11,11,0.2,6.7,9.6,11.3,95.0,98.0,98.0,4.0,13.0,2.0,1476.0,1005.2,2008,2008-11-11
11,12,21.7,8.8,11.1,13.3,76.0,95.0,99.0,6.0,18.0,32.0,2258.0,1000.8,2008,2008-11-12
11,13,116.6,9.1,10.1,12.2,89.0,95.0,98.0,16.0,35.0,14.0,285.0,1000.6,2008,2008-11-13
11,14,0.8,6.2,11.3,16.9,57.0,79.0,98.0,8.0,22.0,347.0,4554.0,1005.0,2008,2008-11-14
11,15,0.0,3.7,9.0,17.3,47.0,80.0,98.0,6.0,15.0,17.0,8562.0,1007.7,2008,2008-11-15
11,16,0.0,2.4,9.6,18.3,39.0,76.0,98.0,6.0,15.0,3.0,8608.0,1004.8,2008,2008-11-16
11,17,0.0,4.3,9.6,17.2,44.0,75.0,93.0,6.0,20.0,221.0,7136.0,1004.8,2008,2008-11-17
11,18,0.0,-0.7,4.8,9.7,49.0,78.0,98.0,5.0,12.0,332.0,6301.0,1001.6,2008,2008-11-18
11,19,0.0,-1.9,3.4,10.8,47.0,81.0,98.0,5.0,13.0,334.0,7742.0,1001.5,2008,2008-11-19
11,20,0.0,-0.6,4.8,10.2,60.0,87.0,98.0,6.0,15.0,114.0,5616.0,999.7,2008,2008-11-20
11,21,0.0,1.5,6.6,11.1,12.0,84.0,98.0,6.0,57.0,340.0,3803.0,983.5,2008,2008-11-21
11,22,0.0,-5.0,4.1,10.2,12.0,36.0,67.0,10.0,53.0,0.0,5282.0,982.5,2008,2008-11-22
11,23,0.0,-6.0,1.1,9.4,10.0,54.0,84.0,7.0,20.0,178.0,8268.0,989.3,2008,2008-11-23
11,24,10.1,-0.8,1.7,4.4,55.0,87.0,98.0,10.0,32.0,0.0,1017.0,982.1,2008,2008-11-24
11,25,0.0,-1.8,2.0,7.8,64.0,83.0,94.0,8.0,22.0,337.0,3326.0,989.9,2008,2008-11-25
11,26,0.0,-2.6,1.8,9.3,31.0,71.0,89.0,8.0,21.0,343.0,7740.0,1006.1,2008,2008-11-26
11,27,0.0,-4.1,0.6,8.3,44.0,75.0,93.0,6.0,18.0,335.0,7477.0,1009.2,2008,2008-11-27
11,28,21.4,-3.3,4.4,9.9,46.0,81.0,97.0,13.0,39.0,29.0,1069.0,993.8,2008,2008-11-28
11,29,26.4,4.7,6.0,7.5,95.0,98.0,98.0,7.0,24.0,1.0,794.0,984.7,2008,2008-11-29
11,30,48.5,6.0,7.7,9.7,89.0,97.0,99.0,10.0,39.0,213.0,1392.0,987.9,2008,2008-11-30
12,1,21.3,6.4,8.7,11.6,79.0,94.0,98.0,9.0,79.0,212.0,1670.0,984.1,2008,2008-12-01
12,2,10.4,6.2,7.1,9.2,82.0,95.0,98.0,6.0,15.0,17.0,2897.0,992.6,2008,2008-12-02
12,3,0.0,-0.3,4.6,10.0,72.0,92.0,98.0,6.0,13.0,150.0,6495.0,991.6,2008,2008-12-03
12,4,0.0,-1.7,2.6,9.4,61.0,91.0,98.0,6.0,18.0,345.0,7024.0,988.4,2008,2008-12-04
12,5,25.3,2.4,5.2,6.6,95.0,98.0,98.0,7.0,23.0,4.0,525.0,984.4,2008,2008-12-05
12,6,0.0,1.1,5.6,11.1,77.0,96.0,98.0,5.0,18.0,209.0,6087.0,991.2,2008,2008-12-06
12,7,0.0,-0.5,3.2,9.9,69.0,90.0,98.0,6.0,17.0,257.0,5408.0,1002.4,2008,2008-12-07
12,8,0.0,-1.6,3.1,11.0,35.0,75.0,98.0,6.0,19.0,334.0,6959.0,1008.6,2008,2008-12-08
12,9,0.0,-3.5,1.0,6.3,64.0,86.0,98.0,5.0,15.0,338.0,6266.0,1006.0,2008,2008-12-09
12,10,104.6,2.8,5.9,8.7,68.0,91.0,98.0,13.0,30.0,36.0,394.0,995.5,2008,2008-12-10
12,11,65.4,6.7,8.3,9.7,88.0,96.0,98.0,12.0,34.0,21.0,586.0,987.8,2008,2008-12-11
12,12,14.7,7.0,9.4,11.6,68.0,87.0,98.0,13.0,34.0,14.0,1115.0,989.2,2008,2008-12-12
12,13,8.1,6.0,7.6,11.2,66.0,86.0,98.0,4.0,16.0,2.0,2401.0,993.2,2008,2008-12-13
12,14,16.0,5.8,7.5,8.8,88.0,94.0,98.0,11.0,25.0,342.0,1257.0,993.0,2008,2008-12-14
12,15,22.2,7.8,8.6,10.2,84.0,92.0,98.0,12.0,25.0,350.0,881.0,997.1,2008,2008-12-15
12,16,28.8,7.7,9.3,10.9,83.0,94.0,98.0,11.0,25.0,356.0,859.0,996.7,2008,2008-12-16
12,17,1.9,2.8,7.7,12.2,69.0,93.0,99.0,6.0,19.0,0.0,2758.0,991.1,2008,2008-12-17
12,18,0.0,2.8,6.7,10.2,49.0,80.0,98.0,8.0,22.0,328.0,735.0,991.6,2008,2008-12-18
12,19,0.0,1.7,5.5,10.3,58.0,83.0,98.0,6.0,15.0,315.0,3774.0,1000.5,2008,2008-12-19
12,20,0.0,0.6,3.8,9.7,53.0,81.0,94.0,6.0,21.0,326.0,4220.0,1006.5,2008,2008-12-20
12,21,0.0,-0.1,4.0,10.6,53.0,81.0,94.0,7.0,20.0,0.0,5593.0,1008.2,2008,2008-12-21
12,22,0.0,1.0,5.1,14.0,46.0,81.0,95.0,8.0,18.0,334.0,6326.0,1010.0,2008,2008-12-22
12,23,0.0,0.4,4.9,12.4,56.0,81.0,95.0,7.0,18.0,334.0,6390.0,1008.5,2008,2008-12-23
12,24,0.0,-0.3,3.0,8.5,69.0,88.0,98.0,7.0,17.0,341.0,5170.0,1009.9,2008,2008-12-24
12,25,4.7,0.4,5.6,11.9,55.0,79.0,96.0,8.0,35.0,123.0,6192.0,1006.3,2008,2008-12-25
12,26,0.0,-4.3,0.6,6.1,39.0,65.0,86.0,8.0,23.0,122.0,6609.0,1015.6,2008,2008-12-26
12,27,0.0,-4.7,-0.5,5.4,44.0,72.0,87.0,6.0,17.0,327.0,6045.0,1013.5,2008,2008-12-27
12,28,0.0,-5.0,-0.4,6.5,37.0,69.0,88.0,7.0,28.0,123.0,5309.0,1011.9,2008,2008-12-28
12,29,0.0,-5.3,-1.0,6.1,39.0,73.0,91.0,5.0,20.0,333.0,6379.0,1015.3,2008,2008-12-29
12,30,0.0,-6.7,-1.8,5.3,35.0,74.0,94.0,4.0,16.0,341.0,6804.0,1019.1,2008,2008-12-30
12,31,0.0,-7.5,-1.1,5.4,34.0,72.0,94.0,5.0,15.0,12.0,6557.0,1016.1,2008,2008-12-31
1,1,3.1,-2.5,1.3,7.3,74.0,92.0,98.0,6.0,17.0,321.0,2428.0,1006.8,2009,2009-01-01
1,2,0.0,-4.7,0.0,5.9,64.0,86.0,98.0,5.0,14.0,333.0,6023.0,1004.1,2009,2009-01-02
1,3,0.0,-7.2,-2.2,4.8,43.0,76.0,97.0,6.0,21.0,143.0,6954.0,1006.0,2009,2009-01-03
1,4,0.0,-8.4,-2.8,4.6,41.0,74.0,90.0,6.0,15.0,329.0,7051.0,1001.3,2009,2009-01-04
1,5,0.0,-5.3,0.1,7.1,21.0,63.0,85.0,6.0,15.0,337.0,6204.0,997.3,2009,2009-01-05
1,6,0.0,-4.6,0.4,3.6,44.0,61.0,83.0,5.0,17.0,79.0,3359.0,1000.0,2009,2009-01-06
1,7,0.0,-0.9,2.4,5.8,53.0,71.0,83.0,6.0,18.0,339.0,1506.0,999.6,2009,2009-01-07
1,8,0.0,-7.5,0.2,3.8,48.0,66.0,89.0,6.0,19.0,96.0,3276.0,1008.1,2009,2009-01-08
1,9,0.0,-8.2,-2.5,5.0,30.0,69.0,90.0,7.0,15.0,324.0,7061.0,1012.8,2009,2009-01-09
1,10,0.0,-6.3,0.8,11.4,22.0,59.0,83.0,6.0,14.0,9.0,7352.0,1010.2,2009,2009-01-10
1,11,0.0,-3.8,2.6,13.0,11.0,52.0,78.0,8.0,21.0,332.0,6672.0,1013.2,2009,2009-01-11
1,12,0.0,-5.0,1.7,11.9,15.0,57.0,80.0,6.0,22.0,329.0,7589.0,1012.5,2009,2009-01-12
1,13,0.0,-4.6,2.4,11.3,24.0,61.0,80.0,6.0,17.0,349.0,5471.0,1004.2,2009,2009-01-13
1,14,21.7,4.1,6.3,7.5,54.0,86.0,98.0,10.0,29.0,0.0,930.0,993.0,2009,2009-01-14
1,15,2.7,-0.4,4.2,8.9,80.0,93.0,98.0,5.0,14.0,334.0,2142.0,1001.7,2009,2009-01-15
1,16,0.0,-2.2,2.3,9.6,56.0,86.0,98.0,5.0,12.0,1.0,7566.0,1006.8,2009,2009-01-16
1,17,0.0,-1.2,2.1,7.2,62.0,90.0,98.0,5.0,11.0,340.0,3847.0,1007.5,2009,2009-01-17
1,18,1.0,0.7,2.9,4.7,87.0,96.0,99.0,5.0,15.0,6.0,801.0,1000.5,2009,2009-01-18
1,19,8.8,0.4,4.4,7.8,84.0,97.0,99.0,6.0,22.0,17.0,2559.0,993.6,2009,2009-01-19
1,20,107.0,5.6,9.2,11.1,98.0,98.0,99.0,9.0,40.0,165.0,162.0,983.9,2009,2009-01-20
1,21,41.7,7.3,8.6,10.3,93.0,98.0,99.0,9.0,27.0,334.0,1367.0,984.6,2009,2009-01-21
1,22,0.0,0.5,6.6,11.6,68.0,92.0,99.0,5.0,17.0,87.0,3604.0,987.6,2009,2009-01-22
1,23,3.4,-0.9,3.5,8.0,77.0,94.0,99.0,5.0,14.0,330.0,4699.0,977.5,2009,2009-01-23
1,24,0.2,0.5,4.7,8.2,74.0,89.0,99.0,7.0,19.0,346.0,5979.0,973.2,2009,2009-01-24
1,25,0.0,0.3,7.2,13.9,24.0,55.0,87.0,9.0,21.0,152.0,6372.0,979.8,2009,2009-01-25
1,26,0.2,0.1,5.0,10.6,46.0,73.0,92.0,7.0,19.0,45.0,6054.0,985.4,2009,2009-01-26
1,27,5.3,4.7,6.7,10.5,63.0,87.0,99.0,10.0,27.0,19.0,2304.0,985.9,2009,2009-01-27
1,28,0.0,1.9,5.7,10.9,55.0,86.0,99.0,6.0,17.0,244.0,5568.0,990.4,2009,2009-01-28
1,29,0.0,0.4,5.6,10.4,58.0,85.0,98.0,5.0,13.0,127.0,6024.0,995.4,2009,2009-01-29
1,30,0.0,2.9,6.2,11.5,57.0,78.0,97.0,5.0,14.0,198.0,8692.0,999.7,2009,2009-01-30
1,31,0.0,2.5,3.5,4.9,53.0,69.0,82.0,5.0,13.0,148.0,2413.0,998.1,2009,2009-01-31
2,1,6.7,0.8,1.6,3.0,55.0,84.0,99.0,9.0,22.0,39.0,1868.0,994.7,2009,2009-02-01
2,2,41.7,1.8,4.7,6.6,94.0,98.0,99.0,10.0,26.0,23.0,584.0,992.6,2009,2009-02-02
2,3,16.9,5.7,7.8,11.6,76.0,92.0,99.0,10.0,32.0,12.0,3971.0,985.0,2009,2009-02-03
2,4,0.0,2.7,8.3,12.1,72.0,88.0,99.0,6.0,18.0,332.0,6051.0,982.9,2009,2009-02-04
2,5,1.1,7.5,9.1,12.7,76.0,93.0,99.0,7.0,16.0,10.0,5392.0,987.8,2009,2009-02-05
2,6,28.8,7.8,9.3,11.9,93.0,98.0,99.0,8.0,30.0,215.0,825.0,982.6,2009,2009-02-06
2,7,41.4,7.1,8.2,9.3,88.0,97.0,99.0,9.0,27.0,8.0,1344.0,974.2,2009,2009-02-07
2,8,20.7,4.5,6.7,8.9,84.0,96.0,99.0,5.0,16.0,41.0,2858.0,977.4,2009,2009-02-08
2,9,0.0,1.6,6.0,11.6,41.0,81.0,99.0,6.0,19.0,209.0,10476.0,991.6,2009,2009-02-09
2,10,3.9,2.7,5.2,7.7,83.0,95.0,98.0,6.0,19.0,17.0,2248.0,987.8,2009,2009-02-10
2,11,0.1,2.5,6.4,11.8,14.0,58.0,98.0,10.0,43.0,7.0,7408.0,986.2,2009,2009-02-11
2,12,0.0,-0.0,5.0,9.9,15.0,32.0,62.0,10.0,37.0,5.0,9847.0,991.7,2009,2009-02-12
2,13,0.0,-4.2,2.4,8.7,9.0,31.0,66.0,9.0,23.0,46.0,12469.0,995.2,2009,2009-02-13
2,14,0.0,-4.2,1.9,9.4,14.0,42.0,67.0,8.0,18.0,193.0,12036.0,997.8,2009,2009-02-14
2,15,0.0,-4.6,1.4,8.8,15.0,49.0,74.0,8.0,18.0,252.0,12387.0,1005.4,2009,2009-02-15
2,16,0.0,-4.8,1.0,7.5,31.0,59.0,83.0,7.0,19.0,111.0,10408.0,1005.0,2009,2009-02-16
2,17,0.0,-3.5,2.0,7.9,16.0,68.0,88.0,8.0,57.0,30.0,10379.0,996.2,2009,2009-02-17
2,18,0.0,-5.7,2.0,8.4,9.0,26.0,77.0,12.0,57.0,19.0,13069.0,1000.4,2009,2009-02-18
2,19,0.0,-5.8,-0.4,7.4,24.0,56.0,83.0,8.0,19.0,234.0,12774.0,1004.9,2009,2009-02-19
2,20,0.0,-5.9,0.0,7.8,28.0,63.0,84.0,6.0,18.0,194.0,11730.0,1008.9,2009,2009-02-20
2,21,0.0,-2.7,3.2,11.7,21.0,64.0,87.0,5.0,14.0,219.0,9809.0,1007.3,2009,2009-02-21
2,22,0.0,-2.3,3.0,10.5,40.0,70.0,93.0,6.0,18.0,202.0,11345.0,1003.5,2009,2009-02-22
2,23,0.0,-1.7,2.3,8.1,62.0,81.0,95.0,6.0,15.0,344.0,5785.0,997.4,2009,2009-02-23
2,24,2.3,-2.4,4.1,11.5,39.0,75.0,98.0,7.0,21.0,89.0,11668.0,1000.3,2009,2009-02-24
2,25,0.0,-2.7,3.5,11.1,26.0,69.0,98.0,9.0,23.0,249.0,14277.0,1010.2,2009,2009-02-25
2,26,0.0,-1.7,3.3,10.2,48.0,74.0,94.0,5.0,14.0,62.0,9513.0,1004.9,2009,2009-02-26
2,27,0.0,-1.8,4.6,12.9,37.0,71.0,94.0,6.0,23.0,188.0,13450.0,999.2,2009,2009-02-27
2,28,0.0,-1.6,5.3,13.9,42.0,74.0,98.0,6.0,18.0,208.0,12777.0,1001.6,2009,2009-02-28
3,1,0.4,0.1,6.2,9.9,59.0,82.0,97.0,5.0,13.0,333.0,2552.0,999.7,2009,2009-03-01
3,2,0.1,3.7,7.6,13.0,69.0,90.0,98.0,5.0,12.0,154.0,6999.0,997.3,2009,2009-03-02
3,3,3.6,3.9,9.0,14.3,68.0,90.0,98.0,6.0,17.0,237.0,6879.0,997.1,2009,2009-03-03
3,4,68.8,6.2,7.7,10.4,84.0,95.0,98.0,11.0,32.0,354.0,2033.0,984.5,2009,2009-03-04
3,5,47.0,6.7,8.4,10.7,84.0,92.0,98.0,15.0,39.0,14.0,1555.0,965.0,2009,2009-03-05
3,6,8.7,5.4,7.7,12.7,51.0,82.0,98.0,11.0,25.0,14.0,8090.0,973.2,2009,2009-03-06
3,7,0.0,1.6,9.3,18.2,26.0,61.0,93.0,8.0,21.0,236.0,15456.0,982.8,2009,2009-03-07
3,8,0.0,1.8,8.5,15.7,27.0,60.0,98.0,8.0,19.0,10.0,14253.0,991.0,2009,2009-03-08
3,9,0.1,-0.0,5.7,12.9,48.0,79.0,96.0,9.0,27.0,186.0,10935.0,991.5,2009,2009-03-09
3,10,0.0,-1.5,5.9,12.6,35.0,70.0,90.0,7.0,22.0,242.0,13942.0,998.5,2009,2009-03-10
3,11,0.0,0.2,8.4,15.9,10.0,45.0,90.0,12.0,55.0,12.0,15067.0,996.2,2009,2009-03-11
3,12,0.0,-1.5,6.5,14.6,16.0,50.0,87.0,8.0,26.0,178.0,17006.0,1003.7,2009,2009-03-12
3,13,0.0,-0.6,7.3,15.4,34.0,64.0,87.0,8.0,20.0,106.0,16950.0,999.8,2009,2009-03-13
3,14,0.0,2.0,8.2,15.9,37.0,67.0,92.0,8.0,22.0,123.0,13817.0,1003.3,2009,2009-03-14
3,15,0.0,1.5,8.9,15.8,38.0,69.0,93.0,6.0,19.0,336.0,12285.0,1004.1,2009,2009-03-15
3,16,0.0,3.0,10.1,18.0,28.0,59.0,87.0,10.0,30.0,246.0,18003.0,1009.0,2009,2009-03-16
3,17,0.0,2.2,9.1,16.3,40.0,66.0,94.0,8.0,23.0,255.0,14954.0,1009.4,2009,2009-03-17
3,18,0.0,0.8,8.6,17.7,36.0,73.0,97.0,9.0,31.0,237.0,18102.0,1004.8,2009,2009-03-18
3,19,0.9,0.3,8.1,14.8,36.0,64.0,92.0,9.0,33.0,21.0,15038.0,1000.4,2009,2009-03-19
3,20,0.0,-0.9,6.3,11.7,10.0,38.0,88.0,16.0,43.0,57.0,17535.0,1004.0,2009,2009-03-20
3,21,0.0,-1.8,7.2,13.4,9.0,20.0,69.0,17.0,63.0,9.0,19773.0,1003.2,2009,2009-03-21
3,22,0.0,-3.9,5.2,14.7,13.0,51.0,82.0,9.0,29.0,244.0,19183.0,1001.6,2009,2009-03-22
3,23,0.0,-0.9,6.9,15.3,28.0,57.0,82.0,8.0,28.0,169.0,16659.0,994.9,2009,2009-03-23
3,24,0.0,-1.1,7.2,15.4,9.0,57.0,90.0,11.0,36.0,4.0,12705.0,982.9,2009,2009-03-24
3,25,0.0,-0.8,6.3,13.4,37.0,66.0,91.0,10.0,27.0,175.0,14703.0,988.6,2009,2009-03-25
3,26,0.0,2.0,9.4,16.9,24.0,55.0,87.0,10.0,31.0,211.0,19450.0,990.8,2009,2009-03-26
3,27,0.4,4.5,10.2,16.1,47.0,73.0,96.0,9.0,26.0,62.0,13340.0,992.9,2009,2009-03-27
3,28,10.7,9.4,11.2,13.7,71.0,91.0,98.0,11.0,32.0,163.0,4049.0,991.5,2009,2009-03-28
3,29,112.5,9.6,10.4,11.3,90.0,97.0,99.0,13.0,32.0,23.0,943.0,985.6,2009,2009-03-29
3,30,8.1,9.2,11.5,15.9,54.0,81.0,98.0,8.0,23.0,104.0,7831.0,994.4,2009,2009-03-30
3,31,7.2,5.8,11.1,15.3,55.0,76.0,98.0,7.0,23.0,99.0,8274.0,999.2,2009,2009-03-31
4,1,3.7,9.6,14.9,21.9,43.0,75.0,98.0,9.0,23.0,15.0,14578.0,996.4,2009,2009-04-01
4,2,17.6,11.4,13.1,14.6,70.0,83.0,95.0,12.0,40.0,36.0,3058.0,999.5,2009,2009-04-02
4,3,2.3,11.4,16.2,22.4,41.0,67.0,84.0,10.0,41.0,87.0,18425.0,999.6,2009,2009-04-03
4,4,0.0,11.3,15.7,22.3,44.0,78.0,98.0,8.0,27.0,163.0,13865.0,999.4,2009,2009-04-04
4,5,1.0,11.4,16.7,23.9,33.0,64.0,99.0,12.0,43.0,341.0,14600.0,999.3,2009,2009-04-05
4,6,0.0,11.7,17.8,24.6,26.0,54.0,79.0,10.0,22.0,341.0,21258.0,996.1,2009,2009-04-06
4,7,0.0,10.5,17.2,24.8,21.0,55.0,85.0,7.0,23.0,192.0,21185.0,994.5,2009,2009-04-07
4,8,1.3,8.7,15.3,22.5,48.0,73.0,96.0,8.0,22.0,217.0,18279.0,998.2,2009,2009-04-08
4,9,0.1,9.1,14.8,21.2,52.0,79.0,97.0,6.0,21.0,193.0,18591.0,999.8,2009,2009-04-09
4,10,0.0,7.8,14.9,22.4,36.0,72.0,98.0,7.0,26.0,216.0,21841.0,996.6,2009,2009-04-10
4,11,0.0,8.4,15.2,22.8,33.0,67.0,93.0,8.0,24.0,165.0,21785.0,994.8,2009,2009-04-11
4,12,0.0,9.1,16.3,23.3,26.0,55.0,88.0,8.0,22.0,159.0,22446.0,991.8,2009,2009-04-12
4,13,0.0,9.9,17.7,26.6,15.0,48.0,94.0,11.0,40.0,175.0,20170.0,987.0,2009,2009-04-13
4,14,0.0,8.4,17.1,25.4,20.0,55.0,95.0,10.0,33.0,225.0,22470.0,989.3,2009,2009-04-14
4,15,0.0,10.8,17.2,25.1,31.0,56.0,82.0,10.0,34.0,200.0,21646.0,993.8,2009,2009-04-15
4,16,12.3,11.2,15.2,19.3,46.0,72.0,97.0,7.0,31.0,251.0,10409.0,994.4,2009,2009-04-16
4,17,0.5,9.5,13.7,19.1,49.0,79.0,98.0,10.0,40.0,216.0,18064.0,991.8,2009,2009-04-17
4,18,1.9,9.9,13.3,19.7,47.0,74.0,92.0,10.0,40.0,323.0,19042.0,995.8,2009,2009-04-18
4,19,3.6,11.0,13.5,15.5,54.0,73.0,88.0,12.0,30.0,0.0,4629.0,1000.1,2009,2009-04-19
4,20,7.1,11.8,14.1,17.3,69.0,81.0,94.0,11.0,26.0,0.0,5063.0,1001.4,2009,2009-04-20
4,21,1.1,13.2,16.8,21.0,49.0,66.0,88.0,10.0,28.0,9.0,10302.0,996.9,2009,2009-04-21
4,22,0.0,8.9,18.1,26.1,21.0,52.0,85.0,9.0,28.0,173.0,25376.0,994.9,2009,2009-04-22
4,23,11.9,7.5,12.0,15.9,55.0,78.0,92.0,8.0,46.0,11.0,8243.0,998.7,2009,2009-04-23
4,24,0.0,8.6,13.1,19.1,43.0,64.0,92.0,8.0,24.0,44.0,11875.0,1002.0,2009,2009-04-24
4,25,0.0,7.6,14.7,21.0,41.0,67.0,93.0,6.0,22.0,178.0,25050.0,1001.4,2009,2009-04-25
4,26,10.9,9.1,13.3,19.4,48.0,81.0,96.0,8.0,28.0,5.0,11433.0,1000.5,2009,2009-04-26
4,27,10.5,11.5,13.7,17.0,71.0,87.0,98.0,12.0,31.0,343.0,4938.0,994.4,2009,2009-04-27
4,28,24.1,12.1,13.5,15.5,78.0,88.0,96.0,10.0,24.0,23.0,5702.0,988.6,2009,2009-04-28
4,29,22.6,10.2,12.6,18.0,65.0,87.0,98.0,10.0,33.0,347.0,10070.0,989.0,2009,2009-04-29
4,30,0.3,9.7,14.4,19.1,42.0,71.0,96.0,8.0,25.0,323.0,12573.0,992.9,2009,2009-04-30
5,1,0.0,11.2,18.7,26.7,20.0,50.0,80.0,8.0,36.0,41.0,22763.0,995.7,2009,2009-05-01
5,2,0.0,11.7,18.5,25.9,27.0,55.0,83.0,9.0,32.0,134.0,24220.0,1000.0,2009,2009-05-02
5,3,0.0,10.8,16.4,22.1,40.0,66.0,90.0,7.0,21.0,182.0,23735.0,1002.5,2009,2009-05-03
5,4,3.9,11.5,16.2,22.2,42.0,64.0,89.0,13.0,52.0,359.0,15326.0,998.5,2009,2009-05-04
5,5,1.6,11.1,15.1,20.5,37.0,65.0,90.0,7.0,21.0,122.0,17978.0,1000.7,2009,2009-05-05
5,6,0.0,10.4,16.3,21.8,47.0,68.0,93.0,6.0,24.0,163.0,18950.0,999.6,2009,2009-05-06
5,7,0.0,11.7,18.8,25.8,38.0,69.0,96.0,6.0,21.0,183.0,26226.0,999.9,2009,2009-05-07
5,8,0.0,13.1,18.6,24.3,49.0,74.0,98.0,5.0,19.0,197.0,16181.0,1000.9,2009,2009-05-08
5,9,0.0,14.6,19.6,25.1,39.0,69.0,98.0,5.0,15.0,155.0,17760.0,1002.1,2009,2009-05-09
5,10,0.0,13.2,20.1,25.9,46.0,70.0,97.0,6.0,25.0,228.0,23469.0,1001.1,2009,2009-05-10
5,11,0.0,15.9,20.4,26.9,46.0,77.0,98.0,8.0,27.0,158.0,21485.0,998.7,2009,2009-05-11
5,12,0.0,15.2,20.6,25.6,52.0,72.0,94.0,6.0,21.0,156.0,17728.0,998.3,2009,2009-05-12
5,13,0.0,15.8,20.6,26.1,43.0,68.0,90.0,7.0,21.0,155.0,17681.0,997.0,2009,2009-05-13
5,14,0.0,15.7,20.9,26.8,30.0,62.0,89.0,8.0,28.0,175.0,20618.0,992.5,2009,2009-05-14
5,15,0.7,15.4,18.0,22.4,53.0,74.0,90.0,9.0,24.0,326.0,7675.0,992.7,2009,2009-05-15
5,16,0.0,14.7,20.6,27.1,40.0,66.0,93.0,7.0,28.0,180.0,25162.0,995.7,2009,2009-05-16
5,17,0.0,16.2,22.9,29.2,30.0,58.0,84.0,7.0,29.0,236.0,27171.0,997.6,2009,2009-05-17
5,18,0.0,16.0,22.9,29.3,43.0,66.0,90.0,7.0,24.0,187.0,22973.0,996.9,2009,2009-05-18
5,19,0.0,18.3,23.5,29.5,39.0,62.0,85.0,8.0,42.0,330.0,18882.0,998.1,2009,2009-05-19
5,20,0.0,18.1,24.8,31.1,31.0,54.0,81.0,7.0,26.0,179.0,25187.0,1000.1,2009,2009-05-20
5,21,0.0,19.0,24.4,30.4,39.0,59.0,83.0,8.0,24.0,244.0,22431.0,997.5,2009,2009-05-21
5,22,11.9,17.9,23.0,29.6,43.0,75.0,98.0,8.0,36.0,217.0,20788.0,995.7,2009,2009-05-22
5,23,0.1,17.5,24.4,30.1,39.0,69.0,94.0,6.0,19.0,131.0,26910.0,997.5,2009,2009-05-23
5,24,2.2,19.2,24.5,31.1,44.0,70.0,94.0,6.0,32.0,331.0,22953.0,999.0,2009,2009-05-24
5,25,0.0,18.6,25.8,32.8,35.0,66.0,92.0,7.0,19.0,149.0,27134.0,997.1,2009,2009-05-25
5,26,0.0,21.1,26.5,32.7,42.0,60.0,85.0,9.0,28.0,5.0,25205.0,992.7,2009,2009-05-26
5,27,14.0,14.6,19.2,23.4,40.0,60.0,82.0,15.0,45.0,8.0,9851.0,998.0,2009,2009-05-27
5,28,0.0,10.2,18.4,24.8,33.0,58.0,92.0,8.0,22.0,280.0,28830.0,1003.2,2009,2009-05-28
5,29,11.1,13.0,16.7,22.0,50.0,74.0,94.0,7.0,23.0,233.0,15150.0,1001.3,2009,2009-05-29
5,30,0.0,11.9,16.7,22.7,43.0,67.0,88.0,8.0,29.0,237.0,19882.0,1001.0,2009,2009-05-30
5,31,8.3,11.2,14.0,18.9,50.0,83.0,96.0,7.0,28.0,110.0,9969.0,1001.7,2009,2009-05-31
6,1,0.0,10.3,18.1,25.1,36.0,68.0,93.0,5.0,20.0,172.0,27006.0,995.1,2009,2009-06-01
6,2,0.0,12.0,19.4,25.6,44.0,69.0,94.0,8.0,23.0,240.0,28515.0,991.7,2009,2009-06-02
6,3,0.0,14.8,20.6,27.0,43.0,69.0,90.0,6.0,22.0,146.0,22703.0,990.0,2009,2009-06-03
6,4,5.5,15.1,19.3,25.0,43.0,72.0,94.0,8.0,23.0,155.0,19195.0,990.2,2009,2009-06-04
6,5,35.4,17.1,19.6,24.6,60.0,81.0,98.0,7.0,39.0,189.0,14372.0,989.6,2009,2009-06-05
6,6,15.4,17.1,19.2,23.2,80.0,94.0,98.0,10.0,39.0,189.0,6184.0,985.3,2009,2009-06-06
6,7,3.7,15.2,19.0,25.4,48.0,84.0,98.0,9.0,43.0,227.0,17447.0,988.6,2009,2009-06-07
6,8,0.3,14.8,19.5,25.4,54.0,83.0,98.0,8.0,27.0,2.0,18458.0,994.0,2009,2009-06-08
6,9,2.9,15.3,20.2,26.4,51.0,80.0,98.0,10.0,37.0,189.0,20184.0,995.4,2009,2009-06-09
6,10,10.5,15.8,19.6,26.1,52.0,83.0,97.0,8.0,28.0,352.0,18455.0,997.9,2009,2009-06-10
6,11,1.4,15.6,20.3,26.3,59.0,83.0,96.0,7.0,23.0,205.0,18736.0,995.8,2009,2009-06-11
6,12,0.0,15.7,21.6,27.5,36.0,69.0,98.0,7.0,27.0,185.0,28499.0,997.0,2009,2009-06-12
6,13,0.0,15.1,21.9,28.9,36.0,66.0,95.0,6.0,18.0,192.0,28399.0,999.1,2009,2009-06-13
6,14,0.0,15.0,22.8,29.6,41.0,70.0,98.0,5.0,21.0,187.0,28180.0,1001.1,2009,2009-06-14
6,15,0.0,18.1,24.2,30.0,41.0,70.0,96.0,5.0,17.0,90.0,22538.0,999.2,2009,2009-06-15
6,16,1.9,19.0,23.6,29.5,58.0,75.0,98.0,12.0,38.0,24.0,19153.0,997.4,2009,2009-06-16
6,17,0.0,15.9,21.7,26.8,42.0,68.0,93.0,6.0,18.0,47.0,20646.0,1002.3,2009,2009-06-17
6,18,0.0,15.4,22.9,30.1,44.0,72.0,96.0,5.0,14.0,139.0,29012.0,1000.0,2009,2009-06-18
6,19,0.2,17.5,24.7,31.2,32.0,66.0,97.0,7.0,26.0,184.0,26518.0,994.7,2009,2009-06-19
6,20,37.4,13.0,18.1,24.0,40.0,74.0,95.0,12.0,42.0,0.0,16393.0,994.9,2009,2009-06-20
6,21,0.0,11.3,19.0,26.2,25.0,64.0,98.0,6.0,28.0,22.0,23217.0,994.4,2009,2009-06-21
6,22,0.0,11.0,18.8,24.7,25.0,57.0,93.0,6.0,27.0,127.0,21144.0,992.5,2009,2009-06-22
6,23,4.2,14.3,16.9,20.3,61.0,86.0,98.0,4.0,16.0,141.0,10006.0,991.3,2009,2009-06-23
6,24,3.3,15.0,19.5,26.1,49.0,86.0,98.0,4.0,16.0,157.0,19593.0,989.9,2009,2009-06-24
6,25,3.9,16.4,19.9,25.3,62.0,90.0,98.0,4.0,16.0,32.0,13438.0,989.8,2009,2009-06-25
6,26,0.9,16.0,21.9,27.7,54.0,82.0,98.0,5.0,19.0,259.0,25298.0,989.2,2009,2009-06-26
6,27,3.1,18.6,21.2,26.9,64.0,90.0,98.0,4.0,26.0,279.0,14437.0,991.0,2009,2009-06-27
6,28,0.4,16.8,22.0,28.5,58.0,86.0,98.0,4.0,17.0,254.0,18718.0,992.1,2009,2009-06-28
6,29,0.2,18.5,22.2,28.3,61.0,85.0,98.0,5.0,17.0,12.0,17420.0,994.8,2009,2009-06-29
6,30,0.0,17.8,23.4,29.5,54.0,80.0,98.0,5.0,21.0,322.0,19697.0,996.8,2009,2009-06-30
7,1,0.5,18.5,23.9,31.9,44.0,79.0,98.0,7.0,45.0,41.0,25667.0,997.2,2009,2009-07-01
7,2,0.2,17.8,23.6,30.8,44.0,79.0,98.0,6.0,24.0,339.0,21139.0,995.5,2009,2009-07-02
7,3,0.1,17.8,24.3,31.1,46.0,75.0,98.0,5.0,19.0,107.0,24108.0,992.0,2009,2009-07-03
7,4,4.2,18.4,24.2,31.1,53.0,77.0,98.0,7.0,30.0,315.0,21601.0,990.2,2009,2009-07-04
7,5,0.0,18.4,24.6,31.4,43.0,73.0,98.0,5.0,18.0,250.0,25228.0,988.9,2009,2009-07-05
7,6,6.8,20.1,23.1,28.1,62.0,82.0,98.0,5.0,18.0,333.0,14898.0,988.8,2009,2009-07-06
7,7,34.4,16.6,20.3,25.8,68.0,89.0,98.0,9.0,61.0,230.0,12024.0,989.2,2009,2009-07-07
7,8,0.3,15.8,20.6,25.6,46.0,78.0,98.0,7.0,24.0,118.0,26017.0,990.2,2009,2009-07-08
7,9,0.1,15.1,20.8,26.9,40.0,74.0,98.0,7.0,30.0,120.0,22818.0,993.6,2009,2009-07-09
7,10,5.9,13.7,19.3,26.5,45.0,77.0,98.0,8.0,31.0,20.0,20962.0,994.0,2009,2009-07-10
7,11,1.0,12.3,18.6,26.1,39.0,76.0,98.0,7.0,24.0,340.0,24031.0,997.0,2009,2009-07-11
7,12,0.1,13.2,20.6,27.0,43.0,74.0,98.0,6.0,21.0,114.0,25499.0,997.0,2009,2009-07-12
7,13,0.0,15.8,22.5,27.8,54.0,80.0,98.0,4.0,15.0,264.0,20058.0,997.1,2009,2009-07-13
7,14,0.0,20.4,24.6,30.2,53.0,79.0,98.0,4.0,15.0,152.0,23032.0,997.1,2009,2009-07-14
7,15,0.0,19.4,25.6,31.3,60.0,83.0,98.0,4.0,17.0,112.0,23282.0,998.5,2009,2009-07-15
7,16,0.0,20.5,27.1,34.2,41.0,75.0,98.0,5.0,16.0,123.0,27363.0,998.7,2009,2009-07-16
7,17,0.0,19.3,26.5,32.7,40.0,71.0,94.0,6.0,21.0,80.0,26067.0,991.7,2009,2009-07-17
7,18,26.8,12.7,18.8,24.9,52.0,86.0,98.0,7.0,41.0,241.0,11651.0,988.4,2009,2009-07-18
7,19,0.1,11.8,19.8,26.6,35.0,72.0,98.0,6.0,16.0,204.0,29205.0,998.0,2009,2009-07-19
7,20,0.2,14.8,21.7,29.0,43.0,74.0,98.0,6.0,21.0,195.0,26543.0,1000.0,2009,2009-07-20
7,21,0.0,16.1,23.3,30.4,46.0,76.0,98.0,5.0,17.0,251.0,26698.0,999.4,2009,2009-07-21
7,22,0.0,18.3,23.9,30.5,54.0,81.0,98.0,5.0,18.0,165.0,19720.0,997.1,2009,2009-07-22
7,23,0.0,19.5,25.1,31.7,49.0,78.0,98.0,6.0,17.0,164.0,25561.0,994.4,2009,2009-07-23
7,24,10.3,19.2,25.9,32.6,48.0,75.0,98.0,9.0,35.0,0.0,25827.0,993.0,2009,2009-07-24
7,25,0.0,19.2,23.9,29.1,40.0,61.0,93.0,8.0,28.0,17.0,24369.0,997.0,2009,2009-07-25
7,26,0.0,16.1,22.6,28.6,34.0,64.0,94.0,6.0,20.0,223.0,28053.0,1001.2,2009,2009-07-26
7,27,0.0,15.2,22.4,29.6,42.0,73.0,98.0,6.0,19.0,259.0,26409.0,998.2,2009,2009-07-27
7,28,5.5,17.1,23.2,30.4,51.0,80.0,98.0,5.0,21.0,264.0,21023.0,997.3,2009,2009-07-28
7,29,0.3,18.2,24.6,31.6,43.0,75.0,98.0,6.0,19.0,117.0,26792.0,998.5,2009,2009-07-29
7,30,0.0,19.1,26.0,33.0,41.0,73.0,98.0,6.0,17.0,193.0,25878.0,996.6,2009,2009-07-30
7,31,0.0,20.2,25.6,31.4,44.0,72.0,96.0,6.0,20.0,100.0,18589.0,997.9,2009,2009-07-31
8,1,0.0,18.8,25.2,32.1,41.0,73.0,98.0,5.0,22.0,255.0,24320.0,995.1,2009,2009-08-01
8,2,0.0,19.0,25.8,32.6,40.0,73.0,98.0,7.0,18.0,166.0,25623.0,992.4,2009,2009-08-02
8,3,12.9,17.9,21.5,26.7,65.0,87.0,98.0,9.0,37.0,277.0,9532.0,992.1,2009,2009-08-03
8,4,1.7,17.7,21.6,27.5,51.0,83.0,99.0,5.0,17.0,337.0,19392.0,993.7,2009,2009-08-04
8,5,0.0,17.1,23.4,30.2,41.0,73.0,98.0,7.0,21.0,258.0,26152.0,996.6,2009,2009-08-05
8,6,0.1,17.4,24.3,31.2,40.0,73.0,98.0,6.0,17.0,245.0,25449.0,996.7,2009,2009-08-06
8,7,0.0,18.4,24.9,31.2,39.0,72.0,98.0,6.0,18.0,157.0,25065.0,995.8,2009,2009-08-07
8,8,0.0,19.2,24.6,30.5,45.0,73.0,95.0,7.0,19.0,88.0,17552.0,995.0,2009,2009-08-08
8,9,0.0,19.1,24.1,31.5,30.0,70.0,89.0,6.0,15.0,326.0,16454.0,995.2,2009,2009-08-09
8,10,71.0,17.9,23.4,30.9,42.0,75.0,98.0,8.0,64.0,252.0,21380.0,995.7,2009,2009-08-10
8,11,0.2,18.3,23.4,30.0,47.0,81.0,98.0,5.0,17.0,202.0,26018.0,996.4,2009,2009-08-11
8,12,0.6,18.6,23.5,30.5,52.0,83.0,98.0,6.0,23.0,174.0,19152.0,997.6,2009,2009-08-12
8,13,2.9,19.3,24.1,30.9,40.0,80.0,99.0,6.0,21.0,354.0,21124.0,994.8,2009,2009-08-13
8,14,0.0,18.6,23.7,29.9,40.0,77.0,99.0,5.0,17.0,192.0,24052.0,996.1,2009,2009-08-14
8,15,0.1,17.6,24.2,31.1,45.0,76.0,99.0,5.0,18.0,182.0,23728.0,998.9,2009,2009-08-15
8,16,0.0,18.4,25.0,32.3,45.0,77.0,98.0,5.0,16.0,278.0,22904.0,997.2,2009,2009-08-16
8,17,0.0,19.0,25.6,34.0,42.0,72.0,98.0,5.0,15.0,245.0,23965.0,995.0,2009,2009-08-17
8,18,0.0,19.2,26.4,34.4,34.0,68.0,92.0,6.0,16.0,323.0,22905.0,996.7,2009,2009-08-18
8,19,0.0,19.6,26.4,33.9,37.0,71.0,96.0,6.0,15.0,140.0,23199.0,1000.7,2009,2009-08-19
8,20,0.0,20.1,26.5,34.0,38.0,75.0,98.0,5.0,14.0,98.0,21415.0,1000.9,2009,2009-08-20
8,21,0.0,20.3,26.5,33.3,49.0,78.0,98.0,5.0,21.0,339.0,21601.0,997.2,2009,2009-08-21
8,22,2.6,18.9,24.9,33.0,39.0,70.0,94.0,10.0,38.0,315.0,16514.0,995.9,2009,2009-08-22
8,23,0.0,16.1,23.0,30.4,35.0,70.0,99.0,5.0,20.0,141.0,22229.0,997.9,2009,2009-08-23
8,24,0.0,16.1,21.9,28.8,40.0,73.0,98.0,5.0,16.0,227.0,22469.0,995.6,2009,2009-08-24
8,25,0.0,15.3,22.0,29.6,42.0,75.0,98.0,5.0,21.0,194.0,22719.0,994.9,2009,2009-08-25
8,26,0.1,16.1,23.1,30.3,41.0,75.0,98.0,5.0,17.0,153.0,21442.0,997.5,2009,2009-08-26
8,27,0.0,18.6,24.8,31.8,45.0,76.0,99.0,5.0,20.0,234.0,21027.0,997.7,2009,2009-08-27
8,28,0.0,19.3,25.8,32.7,45.0,79.0,98.0,6.0,26.0,195.0,20709.0,993.6,2009,2009-08-28
8,29,0.4,17.2,21.9,28.8,63.0,83.0,98.0,8.0,31.0,17.0,7599.0,993.2,2009,2009-08-29
8,30,0.0,14.0,20.8,27.4,29.0,62.0,92.0,7.0,20.0,129.0,22137.0,1000.1,2009,2009-08-30
8,31,0.0,12.9,20.3,29.5,26.0,66.0,98.0,6.0,19.0,112.0,21693.0,1001.0,2009,2009-08-31
9,1,0.0,13.5,21.4,29.8,35.0,68.0,96.0,6.0,25.0,202.0,21629.0,998.4,2009,2009-09-01
9,2,0.3,15.6,22.5,30.0,39.0,74.0,99.0,4.0,14.0,203.0,16891.0,995.3,2009,2009-09-02
9,3,15.5,19.6,23.4,28.9,59.0,85.0,98.0,6.0,23.0,248.0,12030.0,990.4,2009,2009-09-03
9,4,22.7,18.5,24.2,31.1,44.0,81.0,98.0,9.0,47.0,186.0,16400.0,986.8,2009,2009-09-04
9,5,0.0,11.9,19.2,25.2,25.0,60.0,98.0,9.0,42.0,32.0,18679.0,996.6,2009,2009-09-05
9,6,0.1,9.9,17.1,25.6,22.0,66.0,98.0,5.0,23.0,64.0,21772.0,1003.1,2009,2009-09-06
9,7,0.0,10.1,17.2,25.5,34.0,70.0,98.0,6.0,17.0,259.0,20325.0,1004.4,2009,2009-09-07
9,8,0.0,11.5,18.4,26.4,32.0,69.0,97.0,6.0,17.0,208.0,20728.0,1003.9,2009,2009-09-08
9,9,0.0,13.2,18.8,25.6,34.0,69.0,94.0,6.0,18.0,80.0,13882.0,1002.4,2009,2009-09-09
9,10,0.0,14.2,20.9,28.9,28.0,64.0,95.0,6.0,17.0,116.0,14773.0,1001.4,2009,2009-09-10
9,11,0.0,16.6,22.6,29.8,27.0,55.0,84.0,8.0,27.0,45.0,17651.0,999.1,2009,2009-09-11
9,12,0.0,14.3,21.4,29.2,28.0,55.0,88.0,8.0,39.0,31.0,10756.0,996.7,2009,2009-09-12
9,13,34.3,13.4,18.9,27.1,39.0,73.0,98.0,9.0,34.0,16.0,15962.0,994.0,2009,2009-09-13
9,14,42.5,13.0,14.6,15.7,82.0,94.0,98.0,11.0,30.0,9.0,1829.0,993.2,2009,2009-09-14
9,15,0.4,13.7,19.2,25.1,48.0,78.0,98.0,6.0,24.0,155.0,15963.0,996.3,2009,2009-09-15
9,16,36.9,17.1,18.1,19.5,81.0,92.0,98.0,10.0,25.0,9.0,1407.0,993.4,2009,2009-09-16
9,17,0.0,15.3,20.2,26.6,55.0,85.0,98.0,5.0,24.0,40.0,14391.0,992.3,2009,2009-09-17
9,18,0.0,17.2,20.8,26.8,54.0,86.0,98.0,5.0,21.0,42.0,13122.0,996.7,2009,2009-09-18
9,19,0.0,15.6,20.6,27.6,46.0,80.0,98.0,6.0,16.0,193.0,15782.0,997.1,2009,2009-09-19
9,20,0.0,15.7,21.6,28.5,42.0,72.0,97.0,8.0,23.0,122.0,17256.0,997.1,2009,2009-09-20
9,21,0.0,15.6,21.4,28.3,37.0,68.0,92.0,8.0,20.0,71.0,15432.0,1000.0,2009,2009-09-21
9,22,0.0,14.2,20.9,28.6,34.0,68.0,96.0,6.0,17.0,149.0,16961.0,1003.9,2009,2009-09-22
9,23,0.0,13.9,20.4,28.5,32.0,69.0,95.0,6.0,19.0,179.0,16608.0,1004.4,2009,2009-09-23
9,24,0.0,12.9,21.0,29.0,30.0,65.0,98.0,6.0,15.0,327.0,16759.0,999.8,2009,2009-09-24
9,25,20.0,14.7,21.1,28.5,38.0,69.0,93.0,8.0,37.0,147.0,15274.0,999.8,2009,2009-09-25
9,26,0.0,13.9,19.6,26.2,38.0,71.0,98.0,7.0,24.0,129.0,16284.0,1003.5,2009,2009-09-26
9,27,0.0,13.0,18.9,26.2,38.0,67.0,91.0,8.0,25.0,115.0,15638.0,1004.3,2009,2009-09-27
9,28,0.0,13.0,19.4,27.3,34.0,67.0,91.0,6.0,15.0,115.0,15750.0,1001.2,2009,2009-09-28
9,29,0.0,12.3,18.7,26.1,47.0,77.0,98.0,6.0,17.0,136.0,15164.0,997.6,2009,2009-09-29
9,30,0.0,14.1,19.6,25.2,57.0,82.0,97.0,5.0,16.0,190.0,10837.0,996.7,2009,2009-09-30
10,1,4.1,17.6,20.4,25.4,54.0,84.0,98.0,5.0,21.0,79.0,9819.0,993.0,2009,2009-10-01
10,2,0.0,12.2,17.9,25.0,50.0,76.0,98.0,7.0,26.0,101.0,10909.0,992.9,2009,2009-10-02
10,3,0.0,10.7,15.8,22.0,46.0,77.0,98.0,5.0,20.0,186.0,11488.0,997.2,2009,2009-10-03
10,4,0.0,9.7,16.6,23.0,45.0,76.0,98.0,6.0,19.0,195.0,15185.0,996.6,2009,2009-10-04
10,5,0.0,15.1,18.2,22.6,66.0,84.0,98.0,4.0,13.0,142.0,6535.0,1000.1,2009,2009-10-05
10,6,0.0,15.5,19.5,24.6,65.0,84.0,97.0,6.0,21.0,130.0,8738.0,1001.6,2009,2009-10-06
10,7,0.0,14.9,19.0,24.3,67.0,87.0,98.0,6.0,18.0,136.0,8655.0,1000.9,2009,2009-10-07
10,8,0.0,14.3,18.8,22.0,78.0,92.0,98.0,4.0,11.0,11.0,3859.0,998.2,2009,2009-10-08
10,9,8.1,16.5,18.8,23.3,74.0,95.0,98.0,5.0,18.0,21.0,4567.0,997.6,2009,2009-10-09
10,10,32.8,16.5,18.9,22.7,66.0,88.0,98.0,5.0,24.0,73.0,8911.0,993.9,2009,2009-10-10
10,11,16.4,12.1,17.5,23.7,54.0,83.0,98.0,5.0,25.0,33.0,12439.0,992.8,2009,2009-10-11
10,12,6.2,8.0,14.6,21.8,19.0,74.0,99.0,8.0,55.0,324.0,7653.0,986.0,2009,2009-10-12
10,13,0.0,6.8,14.2,19.4,13.0,30.0,71.0,10.0,47.0,355.0,14310.0,994.2,2009,2009-10-13
10,14,0.0,1.9,8.3,15.2,13.0,51.0,81.0,7.0,26.0,46.0,11420.0,999.0,2009,2009-10-14
10,15,0.0,0.3,7.3,14.6,13.0,55.0,89.0,7.0,30.0,122.0,14508.0,999.8,2009,2009-10-15
10,16,0.0,0.3,7.2,14.0,27.0,62.0,89.0,8.0,22.0,201.0,12645.0,998.8,2009,2009-10-16
10,17,0.0,1.2,7.4,14.7,37.0,70.0,90.0,6.0,16.0,234.0,8394.0,996.0,2009,2009-10-17
10,18,0.0,1.3,6.9,14.9,39.0,72.0,94.0,6.0,16.0,148.0,12148.0,997.6,2009,2009-10-18
10,19,0.0,0.7,7.1,14.5,33.0,66.0,94.0,7.0,17.0,252.0,13242.0,998.7,2009,2009-10-19
10,20,0.0,3.2,7.8,13.2,42.0,71.0,91.0,5.0,15.0,235.0,8908.0,997.5,2009,2009-10-20
10,21,4.8,6.9,11.0,15.4,41.0,67.0,96.0,7.0,23.0,6.0,6292.0,997.2,2009,2009-10-21
10,22,53.2,11.1,13.8,17.2,95.0,98.0,99.0,8.0,28.0,194.0,1231.0,987.6,2009,2009-10-22
10,23,2.3,8.3,14.9,21.2,51.0,79.0,98.0,8.0,35.0,24.0,8493.0,987.5,2009,2009-10-23
10,24,0.2,7.7,14.9,21.4,42.0,70.0,98.0,9.0,33.0,27.0,10637.0,993.1,2009,2009-10-24
10,25,0.0,7.8,13.6,22.8,33.0,74.0,98.0,6.0,18.0,85.0,10212.0,997.0,2009,2009-10-25
10,26,0.0,7.1,13.8,21.1,45.0,74.0,98.0,7.0,15.0,323.0,11221.0,997.6,2009,2009-10-26
10,27,0.0,7.8,13.3,21.1,43.0,78.0,98.0,6.0,13.0,14.0,10226.0,1001.1,2009,2009-10-27
10,28,0.0,7.5,13.0,19.9,45.0,77.0,94.0,5.0,16.0,226.0,11088.0,1001.1,2009,2009-10-28
10,29,0.0,7.6,13.7,21.2,40.0,73.0,95.0,6.0,15.0,10.0,11148.0,998.6,2009,2009-10-29
10,30,0.0,6.0,11.7,16.9,52.0,70.0,93.0,6.0,19.0,172.0,8057.0,1005.5,2009,2009-10-30
10,31,0.0,2.6,8.1,14.3,45.0,71.0,96.0,5.0,15.0,36.0,10397.0,1007.6,2009,2009-10-31
11,1,0.0,0.7,6.9,15.7,38.0,77.0,98.0,5.0,13.0,252.0,10877.0,1002.8,2009,2009-11-01
11,2,42.6,1.9,7.2,9.5,74.0,90.0,98.0,10.0,44.0,16.0,1353.0,990.0,2009,2009-11-02
11,3,24.5,7.2,8.8,12.1,72.0,86.0,97.0,9.0,44.0,5.0,5420.0,979.9,2009,2009-11-03
11,4,3.4,5.1,7.5,8.8,84.0,93.0,98.0,5.0,15.0,29.0,1365.0,981.1,2009,2009-11-04
11,5,0.0,3.2,8.8,14.9,49.0,83.0,98.0,6.0,22.0,119.0,7185.0,986.2,2009,2009-11-05
11,6,3.6,8.2,10.2,14.2,65.0,82.0,94.0,8.0,25.0,1.0,3776.0,988.2,2009,2009-11-06
11,7,0.0,5.7,9.5,13.0,68.0,87.0,98.0,5.0,15.0,209.0,5567.0,988.4,2009,2009-11-07
11,8,11.7,7.6,9.7,13.9,49.0,80.0,93.0,10.0,35.0,20.0,2344.0,981.5,2009,2009-11-08
11,9,7.5,7.2,9.8,14.4,58.0,81.0,94.0,12.0,28.0,70.0,6173.0,986.6,2009,2009-11-09
11,10,0.0,4.2,10.3,17.3,45.0,75.0,94.0,7.0,19.0,186.0,8991.0,985.2,2009,2009-11-10
11,11,0.0,2.5,7.9,15.4,44.0,73.0,92.0,7.0,17.0,338.0,8664.0,987.8,2009,2009-11-11
11,12,0.0,1.5,7.0,14.2,55.0,81.0,95.0,6.0,12.0,159.0,8792.0,995.3,2009,2009-11-12
11,13,0.0,3.6,8.3,14.9,50.0,82.0,97.0,6.0,14.0,351.0,7737.0,1003.3,2009,2009-11-13
11,14,0.0,4.6,9.2,11.9,72.0,85.0,95.0,4.0,12.0,349.0,1603.0,1003.0,2009,2009-11-14
11,15,0.0,4.5,10.5,14.3,70.0,87.0,97.0,4.0,16.0,64.0,4378.0,1000.8,2009,2009-11-15
11,16,0.4,10.4,11.8,13.7,79.0,92.0,99.0,3.0,10.0,167.0,2091.0,999.1,2009,2009-11-16
11,17,0.0,9.2,11.7,13.8,89.0,97.0,98.0,3.0,8.0,307.0,2092.0,1002.2,2009,2009-11-17
11,18,0.2,6.9,11.0,14.2,82.0,95.0,98.0,4.0,13.0,333.0,2598.0,1006.3,2009,2009-11-18
11,19,0.0,8.2,11.6,15.3,68.0,86.0,98.0,4.0,13.0,176.0,4804.0,1009.7,2009,2009-11-19
11,20,0.0,10.1,11.2,12.8,74.0,83.0,91.0,3.0,10.0,161.0,1752.0,1012.4,2009,2009-11-20
11,21,0.0,9.2,10.3,11.3,72.0,81.0,93.0,4.0,15.0,0.0,1262.0,1011.8,2009,2009-11-21
11,22,0.0,8.1,8.9,10.0,75.0,85.0,96.0,5.0,13.0,341.0,1169.0,1005.8,2009,2009-11-22
11,23,0.0,7.2,9.8,12.7,73.0,89.0,98.0,4.0,14.0,154.0,3424.0,1000.3,2009,2009-11-23
11,24,0.0,5.0,8.8,12.4,75.0,92.0,99.0,4.0,12.0,329.0,3586.0,1000.9,2009,2009-11-24
11,25,0.0,8.7,9.9,11.6,74.0,89.0,98.0,3.0,10.0,139.0,1204.0,1002.6,2009,2009-11-25
11,26,3.4,8.6,9.6,11.0,87.0,96.0,98.0,5.0,13.0,6.0,1188.0,1000.5,2009,2009-11-26
11,27,1.8,7.9,10.4,12.1,96.0,98.0,98.0,4.0,11.0,160.0,1680.0,995.7,2009,2009-11-27
11,28,0.0,6.7,9.9,13.4,76.0,95.0,98.0,4.0,14.0,221.0,4620.0,996.1,2009,2009-11-28
11,29,10.4,6.2,9.7,11.8,85.0,95.0,98.0,7.0,28.0,355.0,1882.0,995.7,2009,2009-11-29
11,30,11.3,10.1,13.7,15.6,84.0,92.0,98.0,14.0,46.0,143.0,414.0,982.2,2009,2009-11-30
12,1,4.0,6.3,9.8,12.8,74.0,90.0,98.0,9.0,38.0,9.0,3669.0,985.3,2009,2009-12-01
12,2,0.1,1.7,7.7,14.1,49.0,80.0,96.0,6.0,17.0,326.0,6542.0,995.8,2009,2009-12-02
12,3,0.0,0.3,4.4,11.3,58.0,86.0,98.0,6.0,15.0,218.0,6360.0,994.1,2009,2009-12-03
12,4,17.4,1.5,6.1,9.1,76.0,88.0,97.0,15.0,35.0,9.0,805.0,989.0,2009,2009-12-04
12,5,0.4,1.1,7.0,12.7,53.0,79.0,98.0,6.0,19.0,355.0,6139.0,996.1,2009,2009-12-05
12,6,0.0,0.8,4.8,9.8,68.0,89.0,98.0,5.0,11.0,336.0,3614.0,999.9,2009,2009-12-06
12,7,5.8,1.2,6.8,10.7,70.0,88.0,99.0,5.0,11.0,350.0,3199.0,999.9,2009,2009-12-07
12,8,16.8,6.5,8.7,10.6,53.0,90.0,99.0,8.0,28.0,43.0,877.0,992.6,2009,2009-12-08
12,9,0.0,1.6,6.6,14.5,39.0,74.0,96.0,6.0,18.0,10.0,6867.0,1001.2,2009,2009-12-09
12,10,0.0,0.5,5.7,13.0,38.0,71.0,89.0,6.0,20.0,333.0,6590.0,1004.4,2009,2009-12-10
12,11,0.0,0.8,4.5,8.8,63.0,80.0,94.0,6.0,21.0,338.0,2376.0,997.2,2009,2009-12-11
12,12,0.0,-0.8,4.7,10.1,51.0,69.0,87.0,6.0,16.0,332.0,6691.0,996.4,2009,2009-12-12
12,13,0.0,-2.3,2.5,6.6,42.0,63.0,89.0,6.0,18.0,59.0,5084.0,998.5,2009,2009-12-13
12,14,0.0,-3.4,1.2,5.8,52.0,69.0,87.0,6.0,19.0,113.0,3508.0,996.2,2009,2009-12-14
12,15,0.0,-1.9,2.6,7.4,31.0,51.0,69.0,9.0,27.0,102.0,5317.0,989.9,2009,2009-12-15
12,16,0.0,-3.5,0.1,3.6,46.0,65.0,84.0,5.0,13.0,154.0,4677.0,988.7,2009,2009-12-16
12,17,0.0,-6.9,-2.3,4.3,39.0,72.0,93.0,6.0,21.0,76.0,5724.0,986.7,2009,2009-12-17
12,18,0.0,-8.7,-4.2,1.1,36.0,67.0,87.0,5.0,15.0,134.0,6148.0,988.4,2009,2009-12-18
12,19,5.0,-13.4,-5.0,-0.2,56.0,84.0,97.0,9.0,28.0,73.0,3284.0,982.1,2009,2009-12-19
12,20,0.0,-14.2,-7.8,-0.2,42.0,76.0,92.0,5.0,16.0,1.0,6298.0,993.0,2009,2009-12-20
12,21,9.7,-11.9,-3.0,1.2,50.0,80.0,98.0,8.0,17.0,0.0,2458.0,997.7,2009,2009-12-21
12,22,34.2,0.7,3.5,6.5,91.0,97.0,98.0,8.0,20.0,2.0,2294.0,987.2,2009,2009-12-22
12,23,42.7,5.3,6.8,8.8,94.0,98.0,98.0,8.0,20.0,12.0,769.0,981.6,2009,2009-12-23
12,24,138.6,7.5,10.3,13.4,98.0,98.0,99.0,9.0,26.0,331.0,470.0,982.6,2009,2009-12-24
12,25,30.4,3.8,10.6,13.7,72.0,95.0,99.0,9.0,33.0,20.0,1441.0,979.3,2009,2009-12-25
12,26,0.0,0.3,4.6,10.1,49.0,75.0,97.0,8.0,17.0,342.0,4275.0,992.7,2009,2009-12-26
12,27,0.0,-1.1,3.6,10.0,46.0,70.0,88.0,8.0,20.0,332.0,3749.0,988.5,2009,2009-12-27
12,28,0.0,-1.6,2.8,7.3,53.0,74.0,85.0,8.0,17.0,339.0,4314.0,991.2,2009,2009-12-28
12,29,0.0,-0.6,4.8,10.7,49.0,74.0,87.0,7.0,19.0,331.0,5292.0,991.3,2009,2009-12-29
12,30,4.2,3.7,5.8,8.6,65.0,88.0,98.0,4.0,13.0,253.0,2210.0,985.9,2009,2009-12-30
12,31,6.8,4.6,6.3,7.5,98.0,98.0,98.0,4.0,14.0,275.0,850.0,980.1,2009,2009-12-31
1,1,0.3,4.8,7.0,9.0,94,98,99,4,15,83,1734,973.5,2010,2010-01-01
1,2,38.2,-0.6,4.4,7.7,31,79,98,13,44,69,157,986.8,2010,2010-01-02
1,3,0.0,-4.5,-0.6,5.1,21,61,82,8,17,11,7273,1002.2,2010,2010-01-03
1,4,0.0,-4.4,-0.9,1.8,57,76,88,6,17,146,2024,999.6,2010,2010-01-04
1,5,2.2,0.1,2.6,5.6,53,76,98,5,13,92,2283,987.5,2010,2010-01-05
1,6,0.3,1.6,3.6,6.4,81,93,98,5,16,184,2598,982.2,2010,2010-01-06
1,7,0.4,2.0,4.7,8.8,65,88,98,6,15,92,5228,990.7,2010,2010-01-07
1,8,35.9,4.4,5.8,7.0,71,93,98,10,27,26,560,985.2,2010,2010-01-08
1,9,22.9,5.1,6.4,8.2,86,95,98,9,45,49,629,980.9,2010,2010-01-09
1,10,1.5,4.9,6.0,7.7,88,96,98,4,12,86,1594,988.8,2010,2010-01-10
1,11,0.0,2.2,4.6,6.6,83,93,99,5,16,50,1493,995.1,2010,2010-01-11
1,12,0.0,1.1,4.3,8.1,65,86,98,5,12,81,4999,996.8,2010,2010-01-12
1,13,0.0,-0.6,3.2,6.5,70,88,98,5,12,5,2634,992.7,2010,2010-01-13
1,14,0.0,-1.3,1.6,7.1,58,89,98,4,11,11,3831,994.3,2010,2010-01-14
1,15,0.0,-2.5,2.1,9.5,49,80,97,5,17,124,7505,1002.2,2010,2010-01-15
1,16,0.0,-3.5,1.2,7.1,43,75,95,6,16,91,7553,1008.0,2010,2010-01-16
1,17,0.0,-2.8,0.7,4.5,62,83,95,4,12,234,3393,1005.0,2010,2010-01-17
1,18,0.0,-3.9,1.0,8.0,56,82,95,6,15,240,7392,1006.4,2010,2010-01-18
1,19,0.0,-3.8,1.8,9.9,37,77,98,6,15,326,8293,1004.5,2010,2010-01-19
1,20,0.0,-4.9,0.1,7.4,52,83,98,5,14,180,8157,999.7,2010,2010-01-20
1,21,0.0,-4.8,0.2,6.6,62,83,94,6,18,109,7909,1001.4,2010,2010-01-21
1,22,0.0,-4.7,0.5,5.5,51,74,96,4,17,151,7179,1006.5,2010,2010-01-22
1,23,0.0,-5.5,-1.1,4.9,52,76,91,5,12,326,7943,1007.7,2010,2010-01-23
1,24,0.0,-6.2,-2.3,3.0,53,79,94,5,13,95,6342,1009.1,2010,2010-01-24
1,25,0.0,-4.6,-1.1,2.3,54,73,90,5,12,122,3869,1011.5,2010,2010-01-25
1,26,0.0,-6.1,-1.2,2.5,52,75,94,5,16,72,2988,1009.9,2010,2010-01-26
1,27,0.0,-6.7,-1.5,5.0,33,64,84,4,15,328,8492,1004.4,2010,2010-01-27
1,28,0.0,-5.6,-1.8,3.2,41,70,85,5,17,327,6085,988.9,2010,2010-01-28
1,29,0.6,-6.2,-0.4,5.4,38,70,96,6,16,52,6440,981.8,2010,2010-01-29
1,30,12.5,-4.9,1.1,4.5,77,93,98,6,18,2,3575,974.6,2010,2010-01-30
1,31,0.2,-6.1,-0.2,5.0,36,70,98,8,20,46,4465,984.4,2010,2010-01-31
2,1,0.0,-8.9,-1.5,5.6,30,61,83,8,24,333,9953,995.5,2010,2010-02-01
2,2,0.0,-7.1,-0.6,5.1,36,65,85,7,24,336,9952,1001.3,2010,2010-02-02
2,3,0.0,-3.6,0.7,6.7,44,68,86,7,19,334,9156,1000.7,2010,2010-02-03
2,4,0.0,-1.8,2.7,8.9,48,74,91,7,20,337,7613,1004.8,2010,2010-02-04
2,5,25.3,2.4,4.5,6.0,79,91,97,11,29,359,1059,997.6,2010,2010-02-05
2,6,1.2,2.9,5.8,8.9,73,87,97,8,19,2,2426,988.0,2010,2010-02-06
2,7,0.0,-1.4,4.1,11.0,44,79,98,7,23,154,10396,992.2,2010,2010-02-07
2,8,0.0,-5.0,0.2,6.8,47,77,96,5,15,206,10439,991.3,2010,2010-02-08
2,9,0.0,-5.4,0.4,6.1,55,80,94,6,14,344,8134,989.1,2010,2010-02-09
2,10,7.3,0.2,3.9,6.9,56,77,88,14,44,20,2358,979.4,2010,2010-02-10
2,11,0.1,0.5,3.3,4.7,56,76,94,8,31,16,2681,979.9,2010,2010-02-11
2,12,0.1,-1.4,3.4,10.2,41,73,97,7,21,138,10995,986.1,2010,2010-02-12
2,13,0.0,-0.5,3.7,8.9,54,78,97,6,26,235,9387,991.9,2010,2010-02-13
2,14,0.0,-1.7,3.9,10.2,41,74,97,6,19,111,10992,991.6,2010,2010-02-14
2,15,0.0,-4.2,1.7,7.7,44,71,93,5,16,133,10672,991.3,2010,2010-02-15
2,16,0.0,-0.5,4.6,9.6,44,68,85,6,17,166,8168,989.7,2010,2010-02-16
2,17,0.0,3.8,8.0,12.7,41,67,89,5,15,172,7911,983.7,2010,2010-02-17
2,18,4.9,6.1,8.4,11.6,81,92,98,6,15,222,4393,985.0,2010,2010-02-18
2,19,60.1,7.1,8.0,9.4,88,96,98,11,36,85,582,978.5,2010,2010-02-19
2,20,11.6,0.4,6.1,8.2,60,84,98,11,38,41,1212,977.7,2010,2010-02-20
2,21,0.0,-1.4,3.2,8.9,55,84,98,7,24,231,9489,991.5,2010,2010-02-21
2,22,2.7,3.3,5.0,7.4,87,94,98,5,14,124,2545,989.9,2010,2010-02-22
2,23,0.2,3.9,7.4,12.2,62,85,99,4,12,8,6661,985.5,2010,2010-02-23
2,24,0.0,3.3,8.9,15.0,50,82,96,5,12,63,10138,986.6,2010,2010-02-24
2,25,0.6,1.1,7.2,12.7,70,89,98,6,21,228,12795,989.9,2010,2010-02-25
2,26,32.1,2.2,7.4,9.5,75,95,98,8,37,33,1083,983.3,2010,2010-02-26
2,27,0.0,1.0,7.0,13.7,39,81,98,6,18,2,14029,993.1,2010,2010-02-27
2,28,0.7,6.1,8.5,11.6,75,87,97,6,17,13,2820,989.5,2010,2010-02-28
3,1,0.0,1.6,7.0,13.9,61,88,98,6,19,151,10370,992.9,2010,2010-03-01
3,2,0.0,4.1,8.7,15.5,48,81,98,6,21,189,12482,1000.1,2010,2010-03-02
3,3,1.3,4.2,7.9,11.7,52,74,98,8,25,119,8192,1000.8,2010,2010-03-03
3,4,0.2,0.6,7.2,13.1,46,70,93,9,27,4,8579,989.4,2010,2010-03-04
3,5,0.0,-2.9,3.4,8.4,17,65,92,8,30,231,11474,997.8,2010,2010-03-05
3,6,0.0,-4.7,0.6,6.7,37,64,84,8,29,210,13334,1000.8,2010,2010-03-06
3,7,0.0,-2.3,2.3,8.1,25,48,72,10,30,126,14378,1005.2,2010,2010-03-07
3,8,0.0,-5.9,1.4,7.0,14,36,73,13,35,139,16847,1000.5,2010,2010-03-08
3,9,0.0,-0.2,3.4,6.0,21,29,44,22,48,45,7913,997.5,2010,2010-03-09
3,10,2.1,0.6,2.9,6.2,40,67,97,19,55,30,2784,995.3,2010,2010-03-10
3,11,0.0,-2.0,3.5,8.9,39,65,88,5,18,227,16333,993.3,2010,2010-03-11
3,12,0.0,-1.4,4.1,10.4,43,69,93,6,19,231,14424,998.3,2010,2010-03-12
3,13,0.0,-2.9,3.6,11.4,43,74,98,5,16,180,15735,1002.3,2010,2010-03-13
3,14,0.0,-2.7,4.5,12.7,44,77,97,7,19,163,15679,1001.5,2010,2010-03-14
3,15,0.0,-1.3,6.3,14.8,31,66,97,8,24,189,16944,1001.6,2010,2010-03-15
3,16,0.0,-0.9,5.2,12.4,53,74,95,6,19,135,13245,1004.9,2010,2010-03-16
3,17,0.0,-1.5,6.6,14.2,29,65,95,7,18,183,14114,1011.5,2010,2010-03-17
3,18,0.0,4.0,9.0,14.7,49,74,98,6,21,66,13360,1012.2,2010,2010-03-18
3,19,0.0,7.4,10.2,14.1,58,81,97,4,14,144,7750,1010.9,2010,2010-03-19
3,20,0.3,5.4,9.4,12.6,74,90,98,6,14,153,4632,1008.1,2010,2010-03-20
3,21,0.1,8.9,10.2,12.0,92,96,98,5,13,41,2405,1005.7,2010,2010-03-21
3,22,5.1,9.5,11.8,14.1,82,93,98,6,19,94,5917,1004.2,2010,2010-03-22
3,23,0.9,8.6,13.2,19.8,54,84,99,5,18,258,15018,1000.9,2010,2010-03-23
3,24,0.0,8.0,14.9,21.2,30,66,94,9,27,87,19097,998.9,2010,2010-03-24
3,25,2.6,11.7,14.1,19.5,53,79,97,6,37,328,9808,999.8,2010,2010-03-25
3,26,15.5,11.0,11.6,12.2,96,98,98,8,32,191,1072,997.8,2010,2010-03-26
3,27,1.2,7.9,12.5,17.8,52,82,98,7,22,65,16271,991.5,2010,2010-03-27
3,28,0.1,5.3,12.2,19.1,39,74,96,6,18,239,18424,994.2,2010,2010-03-28
3,29,0.0,7.0,13.0,17.9,48,74,98,7,21,157,17292,995.5,2010,2010-03-29
3,30,12.8,9.4,12.0,15.9,73,89,98,11,41,165,5837,988.0,2010,2010-03-30
3,31,14.6,5.1,9.6,15.0,61,87,98,9,33,267,7744,987.4,2010,2010-03-31
4,1,5.0,3.9,8.8,14.3,55,82,96,11,39,200,10019,994.8,2010,2010-04-01
4,2,0.1,4.3,8.6,13.3,48,69,92,9,27,53,13947,998.9,2010,2010-04-02
4,3,0.1,3.1,9.4,14.4,51,78,96,7,19,188,12832,1002.0,2010,2010-04-03
4,4,6.9,8.2,11.1,15.7,60,80,94,10,29,171,9198,999.1,2010,2010-04-04
4,5,2.0,4.9,11.5,17.4,37,76,98,10,27,217,13401,999.5,2010,2010-04-05
4,6,0.0,3.0,10.6,17.6,24,63,91,8,24,230,22328,1005.5,2010,2010-04-06
4,7,0.0,5.0,12.1,19.0,33,61,90,7,17,185,22401,1003.2,2010,2010-04-07
4,8,0.0,5.7,13.3,21.0,16,54,87,8,21,215,22712,1003.2,2010,2010-04-08
4,9,0.0,7.2,15.9,23.6,23,51,79,10,25,225,22408,1004.5,2010,2010-04-09
4,10,0.0,9.3,14.6,21.7,34,59,84,9,32,154,19445,1000.2,2010,2010-04-10
4,11,0.1,3.4,10.1,16.9,15,54,83,8,40,5,20959,996.8,2010,2010-04-11
4,12,0.0,2.2,9.3,15.0,26,55,83,7,25,27,12807,994.3,2010,2010-04-12
4,13,0.0,3.1,9.7,14.1,43,68,89,7,25,120,13915,994.1,2010,2010-04-13
4,14,6.1,8.7,10.4,15.4,61,83,94,6,26,79,9818,992.9,2010,2010-04-14
4,15,0.0,5.3,12.2,18.6,39,72,98,8,23,207,23025,994.2,2010,2010-04-15
4,16,0.0,6.1,14.3,21.4,25,57,94,7,21,348,19603,995.8,2010,2010-04-16
4,17,0.0,9.6,15.8,21.4,30,51,77,9,27,207,19067,998.2,2010,2010-04-17
4,18,3.7,8.0,12.5,17.6,32,70,93,9,32,89,14410,997.7,2010,2010-04-18
4,19,0.0,6.3,14.2,23.1,25,63,95,9,29,228,24131,993.5,2010,2010-04-19
4,20,0.0,7.5,16.2,24.3,23,54,79,9,30,195,23926,994.8,2010,2010-04-20
4,21,3.9,9.9,16.3,23.1,35,67,94,9,27,174,21274,993.4,2010,2010-04-21
4,22,0.0,10.8,14.9,18.7,49,68,92,8,23,118,13400,994.7,2010,2010-04-22
4,23,2.8,11.2,14.3,18.4,55,81,98,5,21,129,7286,996.3,2010,2010-04-23
4,24,0.1,11.0,15.4,20.6,62,85,98,7,22,212,17854,1000.0,2010,2010-04-24
4,25,0.0,12.1,19.4,26.9,27,60,98,8,32,171,24048,1002.3,2010,2010-04-25
4,26,0.0,13.2,20.7,27.4,22,50,81,9,31,39,23281,1001.2,2010,2010-04-26
4,27,0.0,15.2,20.5,25.3,30,41,66,11,27,13,21579,1003.0,2010,2010-04-27
4,28,0.0,11.9,18.9,25.7,26,47,78,9,32,213,25752,1004.3,2010,2010-04-28
4,29,0.0,11.3,18.9,25.8,35,50,76,8,33,180,24534,1001.0,2010,2010-04-29
4,30,0.0,11.8,18.4,24.6,33,59,82,8,25,169,23601,996.5,2010,2010-04-30
5,1,0.0,11.9,18.1,23.6,46,62,87,8,33,164,18955,993.7,2010,2010-05-01
5,2,16.7,13.1,15.0,17.0,69,86,98,8,25,3,2356,992.8,2010,2010-05-02
5,3,34.6,13.0,15.9,21.5,74,90,98,10,34,161,10947,990.0,2010,2010-05-03
5,4,50.5,14.4,15.2,17.4,77,92,99,10,26,9,2194,992.0,2010,2010-05-04
5,5,15.2,14.0,16.2,18.6,69,83,98,12,40,156,3964,986.7,2010,2010-05-05
5,6,8.8,8.2,13.0,17.9,67,91,99,9,28,172,10883,985.1,2010,2010-05-06
5,7,13.0,7.5,12.9,17.0,60,83,98,7,21,194,13942,989.8,2010,2010-05-07
5,8,19.2,10.7,12.8,16.4,67,89,98,5,16,5,10561,991.4,2010,2010-05-08
5,9,5.5,11.6,15.7,20.8,50,79,98,8,27,302,19873,991.7,2010,2010-05-09
5,10,4.6,13.2,14.6,17.5,74,93,98,6,20,222,6859,990.8,2010,2010-05-10
5,11,25.5,13.6,15.1,18.3,80,95,98,6,20,281,5268,989.9,2010,2010-05-11
5,14,9.4,11.9,14.8,21.6,54,85,98,11,37,334,16805,987.5,2010,2010-05-14
5,15,0.3,11.5,14.5,18.5,44,78,98,7,22,76,7936,980.5,2010,2010-05-15
5,16,0.0,10.4,15.4,21.4,46,77,97,6,27,227,20524,987.8,2010,2010-05-16
5,17,0.0,11.2,16.6,23.3,44,76,98,7,28,168,21829,994.9,2010,2010-05-17
5,18,0.0,9.0,16.3,24.3,36,64,97,7,33,158,23353,997.3,2010,2010-05-18
5,19,0.0,8.2,16.5,22.0,17,39,67,8,24,239,28508,998.8,2010,2010-05-19
5,20,0.0,12.3,17.6,23.9,30,54,87,7,25,215,23590,1000.5,2010,2010-05-20
5,21,0.0,11.2,18.2,24.6,25,62,90,7,26,166,21199,1000.4,2010,2010-05-21
5,22,0.0,12.7,20.0,27.5,23,56,85,8,25,123,23138,998.7,2010,2010-05-22
5,23,0.0,12.8,20.6,27.3,31,55,87,7,23,293,21915,997.4,2010,2010-05-23
5,24,0.0,13.3,20.8,28.3,39,62,86,9,30,164,25292,995.6,2010,2010-05-24
5,25,0.0,15.4,20.7,26.3,49,67,85,8,27,157,22170,994.1,2010,2010-05-25
5,26,0.0,15.5,20.5,26.6,34,62,76,10,35,172,19373,991.9,2010,2010-05-26
5,27,0.0,14.8,20.0,26.2,37,62,81,10,30,191,21115,990.8,2010,2010-05-27
5,28,0.0,13.0,19.8,25.7,41,66,91,6,27,240,19488,994.3,2010,2010-05-28
5,29,0.9,15.0,19.0,26.4,49,77,96,7,26,334,15687,997.0,2010,2010-05-29
5,30,6.3,14.7,18.3,22.7,64,82,98,5,19,62,10849,991.6,2010,2010-05-30
5,31,0.0,11.8,18.4,24.2,20,65,98,10,35,169,20122,985.8,2010,2010-05-31
6,1,0.0,9.8,17.1,22.9,48,70,92,6,18,140,20582,988.3,2010,2010-06-01
6,2,0.5,13.6,18.1,24.3,40,69,94,7,23,213,18618,986.9,2010,2010-06-02
6,3,0.0,14.7,18.9,24.2,49,72,94,7,23,220,20510,991.6,2010,2010-06-03
6,4,0.0,15.4,20.5,27.1,46,73,90,6,27,218,24269,996.0,2010,2010-06-04
6,5,0.0,18.1,22.5,28.7,46,71,93,6,24,186,23160,999.6,2010,2010-06-05
6,6,0.0,16.4,23.2,30.2,43,66,92,8,28,160,25968,996.3,2010,2010-06-06
6,7,0.0,16.9,22.9,29.0,41,65,93,6,23,163,24520,992.9,2010,2010-06-07
6,8,0.3,18.4,23.4,29.0,46,71,93,7,21,99,21231,992.0,2010,2010-06-08
6,9,0.0,19.2,23.9,29.9,47,73,95,8,32,193,22257,992.6,2010,2010-06-09
6,10,0.0,18.7,24.3,30.4,34,63,92,6,22,82,22347,994.1,2010,2010-06-10
6,11,0.0,17.8,24.7,31.8,35,61,90,8,24,155,27437,992.7,2010,2010-06-11
6,12,0.0,18.3,25.2,32.3,36,61,90,6,25,143,27034,990.9,2010,2010-06-12
6,13,8.5,17.9,23.6,30.5,46,71,98,8,64,213,19782,990.2,2010,2010-06-13
6,14,9.4,17.3,21.6,26.9,58,85,98,6,22,170,17965,992.7,2010,2010-06-14
6,15,8.1,18.0,20.5,24.6,66,86,97,10,32,328,7350,995.5,2010,2010-06-15
6,16,24.5,17.5,20.6,26.6,58,87,98,8,25,117,13790,992.9,2010,2010-06-16
6,17,0.1,16.0,20.8,27.4,56,81,98,8,37,199,14998,994.1,2010,2010-06-17
6,18,0.0,15.2,20.6,26.2,49,74,97,9,31,232,24350,988.6,2010,2010-06-18
6,19,9.0,15.3,18.6,25.1,48,76,95,9,41,81,15317,983.3,2010,2010-06-19
6,20,48.8,13.0,15.7,18.7,48,73,95,19,40,14,6227,984.0,2010,2010-06-20
6,21,0.0,13.7,18.9,22.9,39,64,98,8,30,44,10259,988.3,2010,2010-06-21
6,22,0.0,12.1,20.3,26.8,33,55,98,8,23,178,27156,994.2,2010,2010-06-22
6,23,0.0,12.6,20.5,26.2,31,59,93,8,23,245,29920,996.6,2010,2010-06-23
6,24,0.4,15.2,20.1,25.7,51,73,96,7,25,208,21658,996.4,2010,2010-06-24
6,25,0.0,16.8,21.4,27.7,47,76,98,6,25,220,23986,994.2,2010,2010-06-25
6,26,0.0,16.4,22.8,28.5,49,75,98,6,23,237,26726,993.8,2010,2010-06-26
6,27,0.0,17.1,23.6,29.8,50,75,97,7,30,249,28214,996.1,2010,2010-06-27
6,28,0.0,19.3,24.4,29.9,47,72,98,6,26,249,26760,996.7,2010,2010-06-28
6,29,0.0,20.2,25.1,30.7,45,69,92,7,22,247,27093,996.2,2010,2010-06-29
6,30,0.0,18.6,25.3,32.1,41,65,94,8,33,337,26165,996.0,2010,2010-06-30
7,1,0.2,18.8,25.4,32.4,36,63,85,8,23,279,27445,995.9,2010,2010-07-01
7,2,0.0,19.4,26.1,31.9,46,68,94,6,17,204,24302,996.1,2010,2010-07-02
7,3,0.0,20.6,26.9,32.9,45,71,95,6,24,225,26990,995.2,2010,2010-07-03
7,4,21.4,19.9,25.5,33.7,43,75,98,9,46,26,25997,995.4,2010,2010-07-04
7,5,0.5,20.4,25.6,31.9,42,71,95,6,20,60,21201,994.7,2010,2010-07-05
7,6,2.2,17.0,22.4,30.1,52,80,98,7,38,353,18356,996.5,2010,2010-07-06
7,7,0.0,16.5,22.4,28.1,44,70,96,6,20,150,22564,999.7,2010,2010-07-07
7,8,0.0,18.4,23.1,28.2,48,71,98,5,22,232,28036,1001.8,2010,2010-07-08
7,9,0.0,17.9,24.7,30.8,51,77,98,5,15,183,27972,1000.6,2010,2010-07-09
7,10,0.0,19.5,26.1,32.5,47,76,98,5,15,191,26198,999.0,2010,2010-07-10
7,11,0.0,21.1,26.1,31.6,53,78,98,5,18,184,20190,997.4,2010,2010-07-11
7,12,0.0,19.8,26.3,33.0,51,75,98,6,21,173,25414,994.4,2010,2010-07-12
7,13,11.4,20.7,25.4,31.2,63,83,98,7,29,17,18017,992.4,2010,2010-07-13
7,14,0.0,20.7,26.7,32.4,60,82,98,5,18,231,26218,992.1,2010,2010-07-14
7,15,0.0,22.7,27.8,33.6,58,84,98,6,22,176,23711,991.9,2010,2010-07-15
7,16,0.0,23.2,29.1,36.2,33,71,98,5,20,75,27684,994.0,2010,2010-07-16
7,17,0.0,22.9,28.9,35.6,41,70,96,7,21,210,25480,992.8,2010,2010-07-17
7,18,45.5,18.6,23.3,28.7,46,67,93,12,57,8,17173,997.5,2010,2010-07-18
7,19,0.1,18.1,24.5,30.9,42,70,95,4,17,86,28132,997.7,2010,2010-07-19
7,20,0.0,18.4,24.8,30.9,45,72,96,6,23,111,27831,994.5,2010,2010-07-20
7,21,0.0,18.6,25.1,31.7,51,76,98,6,18,194,25669,992.6,2010,2010-07-21
7,22,0.0,19.7,25.5,31.7,58,82,99,5,21,176,21923,993.2,2010,2010-07-22
7,23,13.7,20.9,24.9,32.7,53,84,98,7,34,5,21179,991.4,2010,2010-07-23
7,24,0.1,15.2,22.1,28.3,33,63,98,9,27,21,17342,989.5,2010,2010-07-24
7,25,0.3,13.9,20.7,28.6,37,68,94,6,23,281,26528,990.3,2010,2010-07-25
7,26,0.0,13.5,19.7,26.2,35,71,98,6,22,246,21913,991.7,2010,2010-07-26
7,27,3.1,14.0,19.1,26.5,48,81,98,6,29,2,17868,994.6,2010,2010-07-27
7,28,0.1,13.6,21.2,28.3,42,75,98,6,25,201,25830,995.7,2010,2010-07-28
7,29,24.5,15.9,18.7,21.6,65,91,98,8,26,37,4065,991.1,2010,2010-07-29
7,30,0.4,14.0,19.2,25.9,40,75,98,6,20,150,23244,992.1,2010,2010-07-30
7,31,0.0,13.4,20.8,27.7,39,70,97,6,20,251,26999,996.0,2010,2010-07-31
8,1,0.0,14.8,22.3,29.3,46,75,97,5,15,246,26832,997.4,2010,2010-08-01
8,2,0.1,16.3,23.5,30.4,48,77,98,5,17,186,25651,994.3,2010,2010-08-02
8,3,9.1,18.5,23.0,29.7,49,78,98,7,32,339,20633,989.9,2010,2010-08-03
8,4,0.0,16.0,22.1,28.8,37,71,96,5,18,203,25017,989.7,2010,2010-08-04
8,5,12.9,15.2,18.4,22.3,69,91,98,7,31,27,5467,986.5,2010,2010-08-05
8,6,6.9,13.3,18.4,26.3,50,86,98,6,30,88,13943,990.1,2010,2010-08-06
8,7,0.0,15.4,20.7,27.5,45,78,98,5,20,212,21503,995.7,2010,2010-08-07
8,8,0.8,16.4,22.1,28.3,56,82,98,6,24,144,21120,997.1,2010,2010-08-08
8,9,0.0,17.1,23.3,29.9,44,76,98,6,16,258,25281,995.7,2010,2010-08-09
8,10,0.0,16.8,22.8,30.4,46,74,98,7,26,338,22474,995.6,2010,2010-08-10
8,11,0.0,16.8,23.7,31.9,35,69,93,6,15,163,24665,994.6,2010,2010-08-11
8,12,0.0,18.2,23.5,29.8,43,72,95,5,14,73,17717,993.0,2010,2010-08-12
8,13,16.7,17.2,20.2,25.1,70,93,98,6,21,263,6996,994.9,2010,2010-08-13
8,14,9.8,15.9,20.9,27.4,59,87,98,8,22,0,15764,995.2,2010,2010-08-14
8,15,22.1,17.7,22.3,27.9,49,82,98,10,31,254,18984,993.5,2010,2010-08-15
8,16,3.2,14.7,18.9,24.9,53,85,98,8,27,34,16639,994.4,2010,2010-08-16
8,17,0.0,14.2,20.4,25.7,54,79,96,6,15,197,19586,994.1,2010,2010-08-17
8,18,3.4,18.6,21.4,26.4,65,87,98,6,22,106,14494,992.7,2010,2010-08-18
8,19,0.0,18.2,22.6,28.2,62,86,98,5,17,160,14425,996.3,2010,2010-08-19
8,20,0.0,18.3,23.9,30.8,49,79,98,5,12,2,20854,1000.7,2010,2010-08-20
8,21,0.0,17.1,24.9,32.4,48,78,98,5,19,108,23041,1001.7,2010,2010-08-21
8,22,0.0,19.1,25.3,31.9,51,80,98,5,19,241,22588,997.8,2010,2010-08-22
8,23,0.0,19.9,24.8,30.9,57,82,98,6,23,237,20450,991.9,2010,2010-08-23
8,24,1.6,19.1,23.8,29.9,65,85,98,6,21,36,13657,991.1,2010,2010-08-24
8,25,0.0,19.6,24.3,30.4,50,79,98,5,17,140,17427,994.8,2010,2010-08-25
8,26,0.0,18.1,24.5,30.8,53,82,98,4,14,153,21334,995.3,2010,2010-08-26
8,27,0.9,20.9,24.1,28.0,77,92,98,5,26,170,8441,988.4,2010,2010-08-27
8,28,14.5,13.6,20.6,29.0,49,88,98,7,41,342,13989,987.8,2010,2010-08-28
8,29,0.2,11.5,17.9,24.7,33,72,98,5,21,179,22480,995.0,2010,2010-08-29
8,30,1.4,9.9,15.4,20.1,45,81,98,6,30,39,10444,989.8,2010,2010-08-30
8,31,0.1,8.8,15.8,24.0,44,74,98,6,19,334,21159,992.4,2010,2010-08-31
9,1,0.0,10.9,17.2,24.9,19,55,89,7,20,30,22693,995.0,2010,2010-09-01
9,2,0.0,10.2,18.0,24.8,37,69,93,6,32,233,19847,997.3,2010,2010-09-02
9,3,0.0,15.8,18.8,23.7,56,81,97,6,28,105,12102,998.0,2010,2010-09-03
9,4,0.0,15.3,19.8,26.1,48,77,97,5,21,286,17110,996.0,2010,2010-09-04
9,5,0.0,13.9,19.2,25.0,37,68,96,5,17,153,16191,997.8,2010,2010-09-05
9,6,0.0,14.6,17.3,21.1,48,71,93,6,21,141,10664,997.1,2010,2010-09-06
9,7,53.9,13.4,15.9,19.2,83,95,98,6,17,49,3074,993.7,2010,2010-09-07
9,8,26.1,14.7,18.7,23.7,71,94,99,7,45,276,8462,989.0,2010,2010-09-08
9,9,13.8,13.9,18.3,25.6,54,81,98,7,32,296,17399,994.2,2010,2010-09-09
9,10,0.0,11.7,18.3,25.4,42,72,97,6,18,5,16265,997.9,2010,2010-09-10
9,11,0.1,11.1,18.6,27.3,31,67,96,6,18,332,20856,998.4,2010,2010-09-11
9,12,0.0,12.4,18.7,26.1,37,73,96,7,22,172,15103,998.6,2010,2010-09-12
9,13,0.0,13.1,18.8,26.5,39,75,98,5,14,341,15634,999.0,2010,2010-09-13
9,14,0.0,12.2,19.6,27.0,32,65,92,7,23,245,19440,1001.1,2010,2010-09-14
9,15,0.0,12.9,19.6,26.4,46,74,95,6,21,228,18247,996.2,2010,2010-09-15
9,16,0.8,17.8,19.6,24.2,73,88,97,6,20,118,8466,992.4,2010,2010-09-16
9,17,14.7,17.5,19.0,21.1,92,97,99,5,20,306,3715,990.8,2010,2010-09-17
9,18,44.1,13.7,14.9,18.3,95,98,98,6,28,89,2227,994.2,2010,2010-09-18
9,19,0.0,11.5,17.2,24.1,40,74,98,6,21,227,16568,994.9,2010,2010-09-19
9,20,0.0,10.6,16.0,22.6,47,79,98,5,15,170,16295,1000.7,2010,2010-09-20
9,21,0.1,9.7,17.4,27.0,36,74,98,5,16,3,18692,1000.0,2010,2010-09-21
9,22,0.0,10.1,18.0,27.3,25,67,96,7,24,113,18540,1000.8,2010,2010-09-22
9,23,0.0,10.4,17.1,25.6,35,72,98,6,19,94,18060,998.5,2010,2010-09-23
9,24,16.9,12.7,18.0,24.4,47,78,98,7,22,32,12189,989.0,2010,2010-09-24
9,25,67.4,12.6,16.2,21.9,57,88,98,9,42,32,10341,978.7,2010,2010-09-25
9,26,6.3,11.6,16.0,20.1,56,85,98,6,22,333,7222,983.3,2010,2010-09-26
9,27,6.0,11.0,13.7,16.7,81,94,98,7,19,50,3698,990.1,2010,2010-09-27
9,28,0.7,10.0,14.3,20.2,65,90,98,6,18,181,12007,994.1,2010,2010-09-28
9,29,0.1,10.2,15.3,22.8,39,77,98,6,21,234,15822,996.1,2010,2010-09-29
9,30,2.5,10.6,15.7,22.4,46,81,98,5,19,243,12403,996.9,2010,2010-09-30
10,1,32.0,11.5,15.0,18.9,65,91,98,5,16,140,6837,997.0,2010,2010-10-01
10,2,0.1,10.9,15.0,20.8,58,86,99,4,13,203,11281,1000.0,2010,2010-10-02
10,3,0.3,10.7,15.3,19.7,69,91,98,3,12,168,5505,999.4,2010,2010-10-03
10,4,7.3,12.5,17.0,21.7,61,89,98,5,14,6,8821,994.3,2010,2010-10-04
10,5,33.4,14.2,18.7,23.1,75,94,98,8,40,155,5652,990.2,2010,2010-10-05
10,6,0.0,13.5,17.9,24.9,55,84,98,4,14,122,10005,995.8,2010,2010-10-06
10,7,0.1,11.3,16.4,23.3,50,80,98,4,19,100,11884,1001.9,2010,2010-10-07
10,8,0.0,8.6,14.5,20.7,39,70,93,5,23,160,11591,1004.6,2010,2010-10-08
10,9,0.0,6.3,11.8,20.0,31,74,98,5,14,124,14709,1002.1,2010,2010-10-09
10,10,0.0,5.7,11.7,20.3,20,68,98,6,17,114,14969,994.8,2010,2010-10-10
10,11,0.0,4.6,11.4,20.7,29,70,95,7,21,132,14425,994.5,2010,2010-10-11
10,12,0.0,5.6,11.4,20.3,37,74,97,6,16,11,13931,994.6,2010,2010-10-12
10,13,0.0,5.5,12.2,20.2,39,75,97,7,23,137,12449,992.7,2010,2010-10-13
10,14,0.0,6.3,12.7,21.2,39,74,98,6,15,148,11618,990.5,2010,2010-10-14
10,15,0.0,5.1,11.2,19.1,39,74,98,6,21,113,13194,990.4,2010,2010-10-15
10,16,1.8,5.7,11.3,17.0,41,74,96,6,21,0,6760,989.8,2010,2010-10-16
10,17,24.3,8.7,9.7,11.2,69,82,95,15,32,2,1749,992.5,2010,2010-10-17
10,18,0.0,7.9,12.5,19.4,37,63,80,7,24,19,7196,993.2,2010,2010-10-18
10,19,0.0,5.6,11.8,20.4,37,73,98,6,18,241,12453,988.0,2010,2010-10-19
10,20,3.3,4.9,11.0,17.4,49,80,96,8,30,163,10797,989.7,2010,2010-10-20
10,21,0.0,3.2,9.2,17.8,17,67,95,7,17,255,13175,1003.6,2010,2010-10-21
10,22,0.0,2.8,9.4,16.7,21,64,87,6,19,256,11981,1006.3,2010,2010-10-22
10,23,0.0,5.7,10.7,15.3,50,75,92,4,12,10,5406,1000.9,2010,2010-10-23
10,24,17.9,6.5,10.9,13.8,69,88,98,5,25,323,3238,993.8,2010,2010-10-24
10,25,94.8,7.7,10.5,13.4,67,87,98,21,64,356,709,989.8,2010,2010-10-25
10,26,1.1,1.4,8.1,12.0,44,71,95,10,36,25,3063,1002.3,2010,2010-10-26
10,27,0.0,1.2,6.3,14.2,36,74,95,6,18,337,11421,1006.9,2010,2010-10-27
10,28,0.0,0.4,7.0,15.5,26,73,96,5,14,9,10676,1005.9,2010,2010-10-28
10,29,0.0,3.1,10.1,20.0,34,73,93,6,13,227,11326,1002.3,2010,2010-10-29
10,30,0.1,3.5,10.6,16.7,62,84,97,6,18,188,7959,1000.4,2010,2010-10-30
10,31,94.7,10.6,13.1,16.0,91,97,99,9,33,179,270,995.3,2010,2010-10-31
11,1,105.1,13.5,14.7,16.9,94,98,98,10,29,15,1140,994.1,2010,2010-11-01
11,2,24.2,11.2,14.5,16.4,87,93,98,11,31,11,1652,994.6,2010,2010-11-02
11,3,0.5,8.5,13.3,18.5,74,90,98,6,20,22,3193,1000.9,2010,2010-11-03
11,4,0.0,8.4,12.9,18.9,67,90,98,5,15,203,9727,1009.7,2010,2010-11-04
11,5,0.2,11.5,12.7,14.4,95,98,98,3,9,87,1939,1009.6,2010,2010-11-05
11,6,0.7,11.0,11.8,12.6,98,98,98,3,9,77,1264,1000.5,2010,2010-11-06
11,7,10.5,10.6,11.7,12.8,96,98,98,4,14,340,1153,986.5,2010,2010-11-07
11,8,10.8,4.5,10.1,12.6,82,96,99,7,52,252,1612,969.8,2010,2010-11-08
11,9,18.5,6.4,8.2,9.5,88,96,98,6,26,19,1247,969.1,2010,2010-11-09
11,10,1.4,6.5,9.9,13.4,70,92,98,6,20,194,4981,978.9,2010,2010-11-10
11,11,0.0,5.6,9.8,14.6,66,91,98,5,15,142,6802,992.9,2010,2010-11-11
11,12,0.1,5.4,8.3,12.5,77,94,98,4,13,129,4867,992.8,2010,2010-11-12
11,13,0.0,6.1,10.8,14.1,71,88,98,5,19,28,3169,995.2,2010,2010-11-13
11,14,0.0,7.6,11.4,13.8,79,93,98,4,10,26,2754,997.4,2010,2010-11-14
11,15,2.3,7.8,12.9,16.2,69,92,98,6,14,14,2963,996.7,2010,2010-11-15
11,16,56.6,11.3,13.2,14.4,91,97,99,7,17,18,427,991.2,2010,2010-11-16
11,17,7.1,10.0,11.9,15.1,82,96,98,5,16,30,2302,989.5,2010,2010-11-17
11,18,21.0,8.7,10.6,13.6,73,95,98,6,19,354,3344,992.0,2010,2010-11-18
11,19,12.0,6.6,9.7,12.1,82,91,98,9,33,12,3078,997.6,2010,2010-11-19
11,20,0.0,5.6,9.6,13.6,73,88,98,7,15,16,5572,999.2,2010,2010-11-20
11,21,31.0,8.5,9.9,12.2,77,88,98,10,34,16,1100,989.0,2010,2010-11-21
11,22,0.7,5.6,8.7,11.2,88,97,98,5,25,27,1813,979.9,2010,2010-11-22
11,23,3.9,3.9,7.7,12.2,63,91,98,5,23,63,4352,980.6,2010,2010-11-23
11,24,0.0,2.8,6.2,11.7,56,86,98,6,15,235,7078,987.2,2010,2010-11-24
11,25,0.0,-0.1,5.0,12.0,42,79,98,5,13,189,6201,988.6,2010,2010-11-25
11,26,16.3,0.3,3.4,6.2,48,84,98,10,40,2,736,982.3,2010,2010-11-26
11,27,0.0,1.6,4.6,8.4,43,68,88,7,24,331,7235,990.2,2010,2010-11-27
11,28,12.6,4.0,5.4,7.8,68,82,95,15,40,21,1057,984.6,2010,2010-11-28
11,29,0.3,0.2,3.8,5.5,94,97,98,6,18,12,983,984.9,2010,2010-11-29
11,30,0.0,0.9,4.9,9.6,40,69,97,8,30,6,4338,991.5,2010,2010-11-30
12,1,22.0,2.9,4.2,5.5,67,92,98,9,23,43,849,981.2,2010,2010-12-01
12,2,2.1,2.4,5.1,7.5,84,95,98,5,19,343,2689,988.1,2010,2010-12-02
12,3,7.4,2.5,3.9,6.0,89,96,98,6,19,60,897,989.9,2010,2010-12-03
12,4,2.7,-1.9,3.0,6.7,62,83,96,9,27,6,2811,999.5,2010,2010-12-04
12,5,0.1,-2.4,1.2,4.7,64,86,97,5,18,3,4728,1002.9,2010,2010-12-05
12,6,20.1,2.0,4.7,6.8,94,98,98,7,18,7,724,991.7,2010,2010-12-06
12,7,19.8,6.6,7.8,8.9,98,98,98,6,13,16,691,990.1,2010,2010-12-07
12,8,27.7,8.2,9.1,10.2,98,98,98,4,11,10,643,990.6,2010,2010-12-08
12,9,1.1,0.4,7.1,12.7,14,73,98,9,61,23,3437,992.1,2010,2010-12-09
12,10,0.0,-2.4,2.5,9.6,32,69,88,8,24,84,5673,1004.2,2010,2010-12-10
12,11,0.0,-2.4,1.7,8.9,41,73,91,7,14,336,6699,1001.3,2010,2010-12-11
12,12,0.0,-1.9,2.8,10.6,46,72,91,9,22,336,5564,990.5,2010,2010-12-12
12,13,0.0,-5.2,0.9,7.5,23,57,85,8,20,41,4788,994.9,2010,2010-12-13
12,14,0.0,-6.2,-2.3,4.2,17,60,80,7,15,331,6529,1001.9,2010,2010-12-14
12,15,0.0,-4.5,-1.6,3.8,19,63,80,5,13,342,4176,1001.7,2010,2010-12-15
12,16,0.0,-8.1,-3.7,1.1,42,69,90,5,15,201,6265,997.6,2010,2010-12-16
12,17,0.8,-7.4,-3.1,-0.5,56,81,96,7,22,15,2406,985.3,2010,2010-12-17
12,18,1.2,-8.6,-2.1,2.8,70,91,98,5,20,285,5111,985.6,2010,2010-12-18
12,19,0.0,-8.9,-0.4,5.2,55,77,95,8,15,321,3781,995.6,2010,2010-12-19
12,20,0.0,1.4,2.9,5.7,53,75,91,4,12,333,3309,993.7,2010,2010-12-20
12,21,2.3,1.1,3.7,5.7,80,88,98,6,14,10,1018,996.7,2010,2010-12-21
12,22,29.5,5.4,7.6,9.0,98,98,98,8,14,359,798,992.4,2010,2010-12-22
12,23,67.2,8.3,11.1,13.0,98,98,98,9,29,149,190,984.1,2010,2010-12-23
12,24,67.4,9.3,10.5,12.9,93,98,99,9,37,86,1072,974.9,2010,2010-12-24
12,25,18.8,5.6,8.6,10.0,78,89,98,8,25,13,998,983.3,2010,2010-12-25
12,26,0.1,-1.5,4.0,6.8,36,65,87,8,28,41,2925,998.3,2010,2010-12-26
12,27,0.0,-4.5,-0.7,3.7,48,79,95,3,15,253,6768,1006.5,2010,2010-12-27
12,28,0.0,-3.9,-0.4,3.4,51,80,94,4,13,231,4594,1006.3,2010,2010-12-28
12,29,0.0,-3.0,1.1,6.3,41,73,89,5,14,217,6321,1006.7,2010,2010-12-29
12,30,0.0,-3.1,0.4,6.8,47,80,92,5,13,345,4938,1007.6,2010,2010-12-30
12,31,0.0,-3.9,0.2,6.7,55,82,95,5,14,7,6547,1006.6,2010,2010-12-31
1,1,0.0,-3.5,0.8,8.7,48.0,82.0,94.0,5.0,17.0,336.0,6222.0,1002.0,2011,2011-01-01
1,2,0.0,-3.0,2.0,7.5,60.0,80.0,93.0,7.0,20.0,347.0,3206.0,998.5,2011,2011-01-02
1,3,0.0,-4.8,-0.4,6.5,29.0,69.0,91.0,7.0,18.0,317.0,7218.0,1004.7,2011,2011-01-03
1,4,0.0,-6.7,-1.8,4.2,35.0,69.0,87.0,5.0,17.0,339.0,4167.0,1005.0,2011,2011-01-04
1,5,0.0,-7.1,-2.3,3.4,38.0,72.0,89.0,6.0,16.0,331.0,6739.0,1004.8,2011,2011-01-05
1,6,0.0,-2.0,0.7,3.2,45.0,71.0,96.0,4.0,13.0,9.0,1597.0,1004.6,2011,2011-01-06
1,7,4.3,0.6,2.7,4.2,90.0,98.0,98.0,3.0,9.0,14.0,530.0,1006.9,2011,2011-01-07
1,8,4.0,3.0,4.8,5.9,98.0,98.0,98.0,4.0,12.0,10.0,758.0,1005.2,2011,2011-01-08
1,9,0.2,5.0,6.3,7.7,98.0,98.0,98.0,3.0,9.0,81.0,1425.0,1004.6,2011,2011-01-09
1,10,23.0,6.2,7.8,9.0,98.0,98.0,98.0,7.0,15.0,28.0,630.0,1002.0,2011,2011-01-10
1,11,12.7,6.9,7.9,8.9,94.0,98.0,98.0,6.0,16.0,36.0,649.0,995.8,2011,2011-01-11
1,12,0.0,2.3,7.1,11.7,74.0,94.0,98.0,5.0,14.0,31.0,6626.0,1000.6,2011,2011-01-12
1,13,0.0,0.9,3.6,5.5,98.0,98.0,98.0,5.0,14.0,6.0,1831.0,1001.3,2011,2011-01-13
1,14,0.0,2.4,6.1,9.9,76.0,94.0,99.0,5.0,15.0,230.0,6288.0,1002.3,2011,2011-01-14
1,15,0.0,1.3,5.8,10.6,70.0,92.0,98.0,4.0,13.0,330.0,4051.0,1006.3,2011,2011-01-15
1,16,0.0,-0.2,4.8,13.2,61.0,91.0,98.0,5.0,15.0,355.0,7211.0,1011.8,2011,2011-01-16
1,17,0.0,-2.2,1.0,6.2,98.0,98.0,98.0,2.0,14.0,239.0,5419.0,1010.6,2011,2011-01-17
1,18,0.0,-2.5,-0.1,2.4,98.0,98.0,98.0,3.0,12.0,206.0,3504.0,1008.3,2011,2011-01-18
1,19,5.5,-1.7,2.1,6.9,96.0,98.0,98.0,4.0,33.0,21.0,2720.0,1004.9,2011,2011-01-19
1,20,0.0,2.9,5.9,9.3,24.0,46.0,98.0,11.0,27.0,51.0,5718.0,1001.9,2011,2011-01-20
1,21,0.0,0.9,4.5,7.3,19.0,37.0,65.0,10.0,34.0,55.0,3959.0,1004.2,2011,2011-01-21
1,22,0.0,-3.3,1.1,7.7,32.0,61.0,85.0,8.0,25.0,118.0,8660.0,1003.4,2011,2011-01-22
1,23,0.0,-5.7,-1.0,4.8,42.0,71.0,90.0,6.0,16.0,221.0,8978.0,1002.6,2011,2011-01-23
1,24,0.0,-4.5,0.4,6.7,29.0,64.0,86.0,5.0,18.0,327.0,7449.0,1002.5,2011,2011-01-24
1,25,0.0,-3.7,0.0,3.9,49.0,74.0,87.0,5.0,15.0,347.0,3659.0,999.8,2011,2011-01-25
1,26,0.0,-3.6,1.0,6.4,53.0,76.0,90.0,6.0,14.0,334.0,6410.0,994.2,2011,2011-01-26
1,27,0.0,-1.3,3.8,10.1,49.0,71.0,92.0,8.0,19.0,341.0,8080.0,996.1,2011,2011-01-27
1,28,0.0,-0.4,4.2,10.2,29.0,55.0,91.0,10.0,32.0,68.0,9862.0,1000.3,2011,2011-01-28
1,29,0.0,-2.0,2.1,6.0,32.0,57.0,79.0,6.0,24.0,94.0,4964.0,1002.6,2011,2011-01-29
1,30,0.0,-1.8,3.1,6.5,48.0,68.0,90.0,5.0,15.0,111.0,4523.0,999.6,2011,2011-01-30
1,31,0.0,-2.9,2.3,10.2,41.0,72.0,92.0,6.0,19.0,120.0,9719.0,1002.7,2011,2011-01-31
2,1,0.0,-3.9,1.9,11.6,32.0,71.0,93.0,6.0,14.0,10.0,10040.0,1004.6,2011,2011-02-01
2,2,0.0,-3.3,3.0,12.0,17.0,57.0,83.0,5.0,17.0,319.0,10466.0,1005.0,2011,2011-02-02
2,3,0.0,-3.7,2.3,10.6,25.0,61.0,82.0,6.0,17.0,310.0,8083.0,1007.9,2011,2011-02-03
2,4,0.0,-2.5,5.0,14.2,14.0,53.0,80.0,6.0,18.0,1.0,10751.0,1010.2,2011,2011-02-04
2,5,0.0,-1.6,3.0,8.0,52.0,72.0,84.0,6.0,15.0,6.0,2471.0,1010.3,2011,2011-02-05
2,6,0.0,-1.5,4.7,15.0,26.0,64.0,89.0,6.0,14.0,324.0,11180.0,1009.5,2011,2011-02-06
2,7,0.0,-1.5,4.8,14.8,34.0,70.0,91.0,6.0,14.0,181.0,10481.0,1007.9,2011,2011-02-07
2,8,0.0,-1.8,4.4,13.1,37.0,71.0,91.0,6.0,16.0,0.0,10458.0,1003.7,2011,2011-02-08
2,9,0.0,0.1,7.3,16.6,23.0,56.0,79.0,8.0,20.0,325.0,11001.0,1003.5,2011,2011-02-09
2,10,0.0,-0.3,6.1,15.2,32.0,64.0,90.0,7.0,18.0,345.0,10571.0,1004.5,2011,2011-02-10
2,11,0.0,-1.4,4.4,9.3,64.0,86.0,98.0,6.0,16.0,110.0,8688.0,1002.7,2011,2011-02-11
2,12,0.0,2.7,6.9,9.0,69.0,85.0,93.0,7.0,17.0,63.0,2691.0,999.9,2011,2011-02-12
2,13,0.0,3.0,7.1,9.9,79.0,91.0,98.0,5.0,15.0,50.0,2724.0,997.1,2011,2011-02-13
2,14,0.0,4.8,7.7,10.7,72.0,88.0,98.0,4.0,10.0,137.0,5385.0,993.6,2011,2011-02-14
2,15,0.0,5.9,7.2,9.1,73.0,85.0,98.0,5.0,15.0,327.0,2861.0,989.7,2011,2011-02-15
2,16,49.5,6.0,6.8,7.7,90.0,95.0,98.0,14.0,36.0,8.0,1367.0,985.6,2011,2011-02-16
2,17,15.3,5.6,6.6,7.9,83.0,94.0,98.0,10.0,25.0,11.0,1580.0,986.6,2011,2011-02-17
2,18,0.0,2.9,9.4,16.0,43.0,73.0,90.0,7.0,19.0,343.0,12224.0,989.2,2011,2011-02-18
2,19,0.0,2.8,6.7,12.9,54.0,78.0,97.0,6.0,17.0,149.0,12601.0,994.2,2011,2011-02-19
2,20,0.1,4.3,6.6,9.6,55.0,79.0,93.0,6.0,19.0,33.0,4181.0,995.2,2011,2011-02-20
2,21,0.0,0.3,5.4,10.0,46.0,77.0,98.0,6.0,22.0,100.0,9046.0,994.4,2011,2011-02-21
2,22,0.0,1.1,3.7,7.7,46.0,62.0,81.0,5.0,27.0,118.0,8906.0,994.6,2011,2011-02-22
2,23,0.0,-4.2,0.9,7.2,34.0,67.0,91.0,5.0,17.0,207.0,13135.0,1002.9,2011,2011-02-23
2,24,0.0,-6.2,-0.2,6.9,34.0,69.0,90.0,6.0,19.0,241.0,13914.0,1008.3,2011,2011-02-24
2,25,0.0,-4.3,1.3,8.4,35.0,67.0,87.0,7.0,21.0,155.0,13193.0,1006.9,2011,2011-02-25
2,26,0.0,-2.8,3.7,11.6,29.0,57.0,85.0,6.0,21.0,331.0,14011.0,1002.1,2011,2011-02-26
2,27,0.8,-0.5,4.5,8.8,47.0,70.0,94.0,5.0,13.0,271.0,6843.0,996.7,2011,2011-02-27
2,28,1.1,0.1,6.4,13.2,42.0,77.0,98.0,8.0,23.0,136.0,7735.0,1000.8,2011,2011-02-28
3,1,0.0,0.3,4.9,10.9,42.0,59.0,89.0,11.0,38.0,133.0,14293.0,1004.1,2011,2011-03-01
3,2,0.0,1.4,5.2,11.1,16.0,39.0,52.0,14.0,36.0,45.0,6937.0,1005.9,2011,2011-03-02
3,3,7.5,-0.7,3.8,6.4,45.0,75.0,98.0,8.0,31.0,26.0,1866.0,1008.6,2011,2011-03-03
3,4,0.0,-1.1,5.0,13.2,37.0,73.0,98.0,7.0,25.0,142.0,15542.0,1008.7,2011,2011-03-04
3,5,0.0,-1.3,5.7,13.4,40.0,71.0,97.0,8.0,19.0,335.0,15542.0,1000.3,2011,2011-03-05
3,6,0.0,0.2,7.2,15.2,33.0,58.0,89.0,8.0,27.0,77.0,15780.0,999.5,2011,2011-03-06
3,7,0.0,-1.1,4.6,9.6,27.0,47.0,82.0,10.0,28.0,237.0,16369.0,1013.5,2011,2011-03-07
3,8,0.0,-3.4,1.7,8.7,25.0,56.0,87.0,8.0,22.0,220.0,16349.0,1015.5,2011,2011-03-08
3,9,0.0,-4.0,2.6,10.4,34.0,67.0,91.0,6.0,21.0,187.0,16069.0,1006.9,2011,2011-03-09
3,10,0.0,-1.9,4.0,10.5,50.0,77.0,94.0,5.0,17.0,165.0,12015.0,1005.1,2011,2011-03-10
3,11,0.0,0.2,5.7,12.8,42.0,74.0,96.0,6.0,17.0,247.0,13092.0,1004.6,2011,2011-03-11
3,12,0.0,2.1,7.9,13.8,48.0,73.0,90.0,5.0,14.0,339.0,10252.0,1003.4,2011,2011-03-12
3,13,39.8,7.0,8.9,11.2,77.0,93.0,98.0,10.0,32.0,14.0,2176.0,998.9,2011,2011-03-13
3,14,15.5,8.2,10.6,14.2,80.0,94.0,98.0,7.0,28.0,6.0,6201.0,1000.9,2011,2011-03-14
3,15,59.2,9.0,10.4,11.3,97.0,98.0,98.0,9.0,18.0,355.0,1188.0,1000.9,2011,2011-03-15
3,16,98.2,9.9,10.7,11.9,90.0,97.0,98.0,14.0,29.0,359.0,1307.0,990.8,2011,2011-03-16
3,17,22.1,9.0,10.6,14.3,85.0,95.0,98.0,9.0,33.0,17.0,6457.0,986.1,2011,2011-03-17
3,18,0.0,8.0,11.6,17.0,62.0,87.0,98.0,6.0,17.0,334.0,15096.0,995.0,2011,2011-03-18
3,19,0.2,5.6,10.6,15.7,61.0,80.0,98.0,7.0,22.0,160.0,10803.0,1000.9,2011,2011-03-19
3,20,0.0,3.6,9.6,16.9,9.0,48.0,93.0,12.0,36.0,45.0,19922.0,1007.4,2011,2011-03-20
3,21,0.0,1.4,8.3,15.0,15.0,49.0,79.0,9.0,30.0,161.0,19548.0,1012.1,2011,2011-03-21
3,22,0.0,1.9,8.9,16.4,24.0,55.0,80.0,9.0,21.0,244.0,18589.0,1015.0,2011,2011-03-22
3,23,0.0,3.6,11.5,19.8,25.0,54.0,86.0,9.0,21.0,239.0,19542.0,1014.0,2011,2011-03-23
3,24,0.0,4.1,12.1,20.5,28.0,60.0,88.0,7.0,20.0,235.0,19497.0,1012.5,2011,2011-03-24
3,25,0.0,3.9,11.3,18.8,40.0,69.0,91.0,8.0,19.0,161.0,17674.0,1003.0,2011,2011-03-25
3,26,0.0,6.2,11.6,15.9,57.0,72.0,88.0,8.0,27.0,104.0,15948.0,996.8,2011,2011-03-26
3,27,3.4,9.7,11.9,15.4,60.0,80.0,98.0,8.0,22.0,123.0,7645.0,996.8,2011,2011-03-27
3,28,5.6,7.3,11.2,14.8,80.0,94.0,98.0,6.0,20.0,113.0,8280.0,994.4,2011,2011-03-28
3,29,0.0,6.0,12.7,19.6,28.0,64.0,98.0,9.0,21.0,171.0,20502.0,996.9,2011,2011-03-29
3,30,0.0,5.8,12.9,20.2,34.0,64.0,89.0,8.0,27.0,243.0,20291.0,998.2,2011,2011-03-30
3,31,0.0,5.4,14.3,21.7,32.0,65.0,93.0,8.0,24.0,207.0,19601.0,1001.9,2011,2011-03-31
4,1,0.0,9.7,15.7,23.1,30.0,63.0,90.0,6.0,19.0,187.0,16084.0,1003.0,2011,2011-04-01
4,2,0.0,9.7,16.5,23.8,30.0,57.0,85.0,9.0,28.0,160.0,20421.0,1000.8,2011,2011-04-02
4,3,0.0,8.9,16.3,23.7,38.0,63.0,87.0,7.0,20.0,213.0,20325.0,995.5,2011,2011-04-03
4,4,8.3,9.3,15.3,22.8,35.0,66.0,95.0,12.0,59.0,4.0,15031.0,995.7,2011,2011-04-04
4,5,0.0,8.8,14.4,20.6,27.0,60.0,86.0,10.0,40.0,203.0,20736.0,1004.6,2011,2011-04-05
4,6,0.0,8.6,15.4,22.3,31.0,59.0,86.0,6.0,18.0,204.0,21581.0,1007.6,2011,2011-04-06
4,7,0.0,10.0,17.1,25.1,35.0,66.0,93.0,5.0,23.0,207.0,21617.0,1002.8,2011,2011-04-07
4,8,0.0,12.0,17.7,26.7,21.0,65.0,91.0,7.0,19.0,262.0,11874.0,995.5,2011,2011-04-08
4,9,0.0,10.2,21.1,30.5,11.0,38.0,79.0,9.0,24.0,8.0,22849.0,992.1,2011,2011-04-09
4,10,0.0,9.9,17.1,24.5,18.0,42.0,79.0,10.0,29.0,201.0,22573.0,997.6,2011,2011-04-10
4,11,0.0,8.4,16.1,23.9,25.0,56.0,87.0,9.0,31.0,215.0,21833.0,1000.1,2011,2011-04-11
4,12,4.8,9.6,15.2,22.5,23.0,59.0,99.0,8.0,31.0,22.0,18179.0,994.2,2011,2011-04-12
4,13,0.0,5.5,11.0,16.5,39.0,67.0,92.0,12.0,36.0,229.0,20451.0,996.6,2011,2011-04-13
4,14,0.0,4.0,10.4,16.2,23.0,57.0,87.0,7.0,21.0,235.0,16309.0,995.3,2011,2011-04-14
4,15,0.0,4.6,11.8,18.5,21.0,46.0,78.0,7.0,22.0,202.0,19734.0,997.3,2011,2011-04-15
4,16,0.0,4.8,12.5,19.0,19.0,44.0,80.0,7.0,26.0,128.0,17783.0,1000.8,2011,2011-04-16
4,17,0.0,4.8,13.5,20.6,18.0,43.0,80.0,8.0,24.0,167.0,24319.0,1003.2,2011,2011-04-17
4,18,0.0,6.2,14.6,21.7,21.0,43.0,71.0,8.0,20.0,227.0,24107.0,1001.8,2011,2011-04-18
4,19,0.0,9.1,15.9,22.7,20.0,40.0,62.0,9.0,23.0,193.0,24055.0,998.1,2011,2011-04-19
4,20,0.0,8.2,16.2,24.2,18.0,46.0,75.0,8.0,28.0,192.0,24084.0,999.5,2011,2011-04-20
4,21,0.0,7.6,15.4,22.6,25.0,51.0,83.0,8.0,31.0,202.0,24571.0,999.4,2011,2011-04-21
4,22,0.0,6.9,15.6,23.0,28.0,56.0,89.0,7.0,26.0,158.0,24273.0,996.2,2011,2011-04-22
4,23,0.0,9.4,15.8,22.5,23.0,57.0,90.0,7.0,24.0,234.0,20188.0,996.4,2011,2011-04-23
4,24,0.0,8.9,16.2,21.9,39.0,64.0,92.0,8.0,28.0,168.0,18616.0,997.1,2011,2011-04-24
4,25,7.3,11.6,16.8,25.3,40.0,76.0,98.0,8.0,52.0,49.0,21053.0,995.6,2011,2011-04-25
4,26,0.1,11.4,16.6,22.6,38.0,70.0,96.0,8.0,29.0,272.0,18277.0,993.3,2011,2011-04-26
4,27,1.4,13.1,17.1,23.7,28.0,55.0,92.0,11.0,40.0,119.0,21893.0,993.1,2011,2011-04-27
4,28,0.8,12.7,16.3,21.1,36.0,58.0,80.0,13.0,36.0,360.0,14370.0,992.4,2011,2011-04-28
4,29,0.2,12.3,15.0,20.8,42.0,72.0,88.0,8.0,34.0,158.0,14279.0,991.0,2011,2011-04-29
4,30,0.0,10.9,15.5,21.6,43.0,66.0,87.0,9.0,35.0,359.0,17871.0,988.2,2011,2011-04-30
5,1,0.0,9.0,16.9,24.2,32.0,59.0,86.0,8.0,29.0,304.0,22154.0,985.6,2011,2011-05-01
5,2,0.0,11.6,16.9,22.0,40.0,64.0,91.0,6.0,23.0,62.0,14776.0,988.0,2011,2011-05-02
5,3,10.5,11.9,17.6,23.9,39.0,66.0,90.0,6.0,33.0,323.0,21937.0,985.0,2011,2011-05-03
5,4,1.1,10.5,14.9,19.6,32.0,55.0,88.0,8.0,28.0,158.0,26353.0,994.7,2011,2011-05-04
5,5,0.0,7.9,14.0,20.4,29.0,50.0,84.0,8.0,26.0,168.0,26952.0,1004.3,2011,2011-05-05
5,6,0.0,7.9,15.5,22.3,25.0,52.0,81.0,8.0,33.0,227.0,26815.0,1006.9,2011,2011-05-06
5,7,0.0,9.1,16.7,24.1,30.0,58.0,88.0,6.0,27.0,74.0,26359.0,1003.2,2011,2011-05-07
5,8,0.0,11.3,18.0,26.3,31.0,59.0,88.0,7.0,48.0,110.0,25149.0,999.1,2011,2011-05-08
5,9,0.0,9.9,17.3,24.2,16.0,42.0,78.0,9.0,31.0,224.0,28145.0,1006.2,2011,2011-05-09
5,10,0.0,11.5,19.9,26.9,16.0,38.0,66.0,8.0,26.0,185.0,27888.0,1006.0,2011,2011-05-10
5,11,0.0,11.3,21.3,29.1,22.0,46.0,77.0,6.0,22.0,175.0,25989.0,1000.0,2011,2011-05-11
5,12,1.1,15.8,21.7,28.4,22.0,50.0,91.0,8.0,29.0,191.0,19774.0,996.3,2011,2011-05-12
5,13,0.0,14.2,21.8,28.7,26.0,56.0,94.0,9.0,33.0,233.0,25738.0,997.6,2011,2011-05-13
5,14,2.0,15.6,20.3,27.4,33.0,63.0,90.0,10.0,27.0,177.0,18190.0,995.2,2011,2011-05-14
5,15,26.3,9.2,12.9,17.6,50.0,77.0,89.0,15.0,56.0,0.0,3293.0,995.1,2011,2011-05-15
5,16,0.0,6.6,14.8,21.9,30.0,64.0,97.0,8.0,27.0,240.0,27713.0,1001.2,2011,2011-05-16
5,17,0.0,9.2,17.6,24.6,29.0,57.0,87.0,8.0,31.0,210.0,24569.0,1001.9,2011,2011-05-17
5,18,0.0,13.7,21.0,27.9,27.0,52.0,80.0,8.0,24.0,138.0,28836.0,999.8,2011,2011-05-18
5,19,0.0,13.8,21.7,28.2,31.0,54.0,84.0,7.0,22.0,199.0,28790.0,998.2,2011,2011-05-19
5,20,0.0,14.2,21.5,29.1,29.0,59.0,88.0,6.0,34.0,152.0,26102.0,998.7,2011,2011-05-20
5,21,0.0,14.3,22.4,30.1,21.0,53.0,90.0,7.0,30.0,110.0,27671.0,998.8,2011,2011-05-21
5,22,0.0,14.6,23.5,30.5,24.0,47.0,79.0,7.0,21.0,169.0,26975.0,998.0,2011,2011-05-22
5,23,0.0,16.7,25.0,31.6,23.0,44.0,72.0,8.0,28.0,180.0,28466.0,1000.6,2011,2011-05-23
5,24,0.0,17.4,25.2,31.9,27.0,50.0,76.0,8.0,32.0,212.0,29220.0,999.6,2011,2011-05-24
5,25,0.0,18.9,26.0,32.2,20.0,45.0,72.0,8.0,26.0,254.0,27536.0,1000.0,2011,2011-05-25
5,26,0.0,16.8,24.0,30.5,32.0,54.0,83.0,8.0,26.0,175.0,28026.0,997.1,2011,2011-05-26
5,27,14.2,13.9,20.7,27.8,42.0,72.0,96.0,10.0,69.0,230.0,13519.0,991.6,2011,2011-05-27
5,28,0.0,11.9,17.5,23.3,33.0,57.0,90.0,15.0,52.0,23.0,21869.0,994.0,2011,2011-05-28
5,29,0.0,10.6,18.9,25.2,31.0,63.0,95.0,6.0,19.0,223.0,28926.0,999.0,2011,2011-05-29
5,30,0.0,14.2,21.4,28.5,32.0,61.0,90.0,7.0,22.0,216.0,29956.0,998.6,2011,2011-05-30
5,31,0.0,14.3,21.6,28.3,30.0,63.0,95.0,7.0,24.0,163.0,27847.0,994.6,2011,2011-05-31
6,1,0.3,16.4,21.2,27.8,40.0,68.0,93.0,8.0,28.0,147.0,21751.0,996.0,2011,2011-06-01
6,2,0.8,17.3,22.6,28.3,39.0,65.0,92.0,7.0,31.0,94.0,20593.0,1000.1,2011,2011-06-02
6,3,0.1,17.2,22.4,27.3,48.0,70.0,92.0,6.0,27.0,349.0,13401.0,1000.3,2011,2011-06-03
6,4,0.0,19.1,24.0,30.4,40.0,61.0,83.0,9.0,30.0,125.0,25288.0,996.4,2011,2011-06-04
6,5,8.4,17.1,20.8,27.5,49.0,78.0,98.0,9.0,36.0,141.0,17830.0,993.2,2011,2011-06-05
6,6,23.3,14.6,18.1,24.6,66.0,91.0,98.0,7.0,56.0,227.0,13565.0,991.1,2011,2011-06-06
6,7,28.0,14.6,17.5,20.1,76.0,92.0,98.0,9.0,28.0,13.0,4002.0,988.4,2011,2011-06-07
6,8,29.9,14.4,18.7,25.4,58.0,91.0,99.0,8.0,63.0,222.0,14895.0,987.6,2011,2011-06-08
6,9,5.1,16.1,18.3,24.4,60.0,90.0,98.0,6.0,29.0,168.0,16382.0,991.6,2011,2011-06-09
6,10,1.0,16.4,20.2,25.2,42.0,78.0,98.0,5.0,19.0,187.0,19237.0,993.5,2011,2011-06-10
6,11,0.1,17.1,19.6,24.0,53.0,81.0,96.0,9.0,34.0,238.0,13859.0,994.2,2011,2011-06-11
6,12,1.7,16.2,21.0,27.0,33.0,71.0,95.0,9.0,27.0,357.0,22746.0,995.9,2011,2011-06-12
6,13,0.0,15.4,21.2,26.2,49.0,72.0,95.0,6.0,24.0,8.0,16941.0,995.5,2011,2011-06-13
6,14,0.4,16.0,21.9,27.8,34.0,62.0,93.0,9.0,28.0,18.0,25769.0,996.4,2011,2011-06-14
6,15,0.0,15.1,22.4,28.5,43.0,71.0,96.0,6.0,22.0,267.0,24761.0,997.8,2011,2011-06-15
6,16,0.0,16.9,23.2,28.9,49.0,73.0,98.0,6.0,32.0,233.0,23828.0,996.0,2011,2011-06-16
6,17,16.0,17.9,21.9,27.9,51.0,83.0,98.0,6.0,24.0,206.0,16801.0,995.5,2011,2011-06-17
6,18,2.4,18.3,22.5,27.1,59.0,83.0,98.0,10.0,37.0,201.0,14382.0,989.9,2011,2011-06-18
6,19,7.4,14.1,18.7,23.2,43.0,71.0,98.0,9.0,30.0,73.0,23693.0,992.0,2011,2011-06-19
6,20,0.0,13.2,20.0,26.6,28.0,66.0,96.0,6.0,17.0,72.0,29442.0,997.6,2011,2011-06-20
6,21,0.0,13.9,22.0,28.5,48.0,72.0,98.0,5.0,18.0,177.0,25052.0,999.8,2011,2011-06-21
6,22,1.0,18.4,23.8,29.5,50.0,76.0,98.0,6.0,24.0,183.0,24007.0,998.2,2011,2011-06-22
6,23,21.5,19.1,23.1,30.1,47.0,82.0,99.0,8.0,39.0,272.0,22688.0,995.4,2011,2011-06-23
6,24,0.6,14.1,20.1,24.3,52.0,76.0,98.0,9.0,44.0,85.0,19265.0,997.3,2011,2011-06-24
6,25,0.1,13.3,20.4,26.8,34.0,68.0,98.0,5.0,24.0,224.0,25194.0,1002.1,2011,2011-06-25
6,26,0.0,14.7,21.6,28.3,39.0,68.0,97.0,6.0,20.0,224.0,29141.0,1002.7,2011,2011-06-26
6,27,0.0,16.1,23.4,30.0,44.0,74.0,98.0,5.0,15.0,156.0,28601.0,999.3,2011,2011-06-27
6,28,0.0,17.7,24.5,30.7,51.0,78.0,99.0,5.0,18.0,129.0,28465.0,993.8,2011,2011-06-28
6,29,0.3,20.7,25.5,31.5,47.0,74.0,98.0,5.0,26.0,268.0,27237.0,991.9,2011,2011-06-29
6,30,0.9,19.4,22.6,27.9,54.0,80.0,98.0,5.0,31.0,251.0,16707.0,992.5,2011,2011-06-30
7,1,1.3,12.2,20.3,26.3,29.0,62.0,91.0,8.0,30.0,222.0,23770.0,994.8,2011,2011-07-01
7,2,0.0,10.4,18.2,25.2,22.0,61.0,98.0,6.0,30.0,324.0,31692.0,993.2,2011,2011-07-02
7,3,0.0,10.8,19.3,26.6,33.0,66.0,97.0,7.0,28.0,202.0,29328.0,991.7,2011,2011-07-03
7,4,5.3,14.7,21.5,27.8,51.0,78.0,98.0,6.0,23.0,7.0,17126.0,993.7,2011,2011-07-04
7,5,41.4,17.3,22.2,27.5,55.0,82.0,98.0,9.0,54.0,65.0,25681.0,992.7,2011,2011-07-05
7,6,0.1,15.2,22.4,27.6,58.0,82.0,98.0,4.0,15.0,219.0,21495.0,992.3,2011,2011-07-06
7,7,4.2,19.6,24.5,30.0,46.0,81.0,98.0,6.0,23.0,328.0,22225.0,993.0,2011,2011-07-07
7,8,0.0,19.0,24.5,30.2,56.0,81.0,98.0,9.0,26.0,131.0,23628.0,994.5,2011,2011-07-08
7,9,0.0,19.4,25.8,32.6,36.0,73.0,97.0,6.0,17.0,126.0,28893.0,997.1,2011,2011-07-09
7,10,0.0,18.5,26.0,32.7,47.0,75.0,98.0,5.0,16.0,185.0,27089.0,995.7,2011,2011-07-10
7,11,0.7,20.6,26.6,33.0,38.0,69.0,98.0,6.0,37.0,260.0,28861.0,994.4,2011,2011-07-11
7,12,0.0,19.5,26.1,33.1,39.0,72.0,95.0,6.0,19.0,102.0,28561.0,994.3,2011,2011-07-12
7,13,0.1,21.0,26.8,33.3,33.0,68.0,93.0,6.0,15.0,6.0,22871.0,989.9,2011,2011-07-13
7,14,0.0,21.4,26.2,31.8,55.0,73.0,94.0,10.0,33.0,169.0,20868.0,989.9,2011,2011-07-14
7,15,43.5,18.2,22.7,29.5,50.0,80.0,98.0,10.0,72.0,258.0,17776.0,994.1,2011,2011-07-15
7,16,2.1,17.3,22.3,28.1,49.0,79.0,98.0,7.0,23.0,138.0,24939.0,993.6,2011,2011-07-16
7,17,6.2,16.9,22.6,28.1,56.0,83.0,98.0,7.0,31.0,332.0,20087.0,987.8,2011,2011-07-17
7,18,2.2,17.3,22.0,28.6,49.0,81.0,98.0,8.0,48.0,197.0,22201.0,985.5,2011,2011-07-18
7,19,11.0,16.1,21.8,27.9,34.0,70.0,98.0,7.0,34.0,270.0,26995.0,985.6,2011,2011-07-19
7,20,24.9,15.1,18.2,23.3,63.0,86.0,98.0,8.0,32.0,3.0,11949.0,984.2,2011,2011-07-20
7,21,11.1,13.7,19.9,27.6,44.0,77.0,98.0,8.0,37.0,54.0,26632.0,986.1,2011,2011-07-21
7,22,40.6,14.1,21.1,27.7,39.0,75.0,98.0,6.0,30.0,0.0,27051.0,987.7,2011,2011-07-22
7,23,15.7,15.7,19.6,25.8,48.0,82.0,98.0,8.0,32.0,340.0,16157.0,987.6,2011,2011-07-23
7,24,23.4,11.2,14.7,18.3,64.0,85.0,98.0,13.0,40.0,18.0,6037.0,987.2,2011,2011-07-24
7,25,0.3,13.0,18.3,24.4,37.0,73.0,98.0,5.0,14.0,170.0,18529.0,989.5,2011,2011-07-25
7,26,3.8,15.0,19.2,25.2,47.0,79.0,98.0,5.0,18.0,158.0,24002.0,993.3,2011,2011-07-26
7,27,0.1,13.7,19.5,25.4,55.0,79.0,98.0,6.0,20.0,269.0,18506.0,997.8,2011,2011-07-27
7,28,0.0,15.4,19.8,26.2,52.0,83.0,98.0,4.0,20.0,173.0,14869.0,994.9,2011,2011-07-28
7,29,0.0,15.7,21.5,28.2,48.0,76.0,98.0,6.0,32.0,132.0,22956.0,993.6,2011,2011-07-29
7,30,19.6,15.7,20.5,26.7,56.0,86.0,98.0,6.0,47.0,28.0,16883.0,992.2,2011,2011-07-30
7,31,0.0,17.0,21.9,27.6,48.0,82.0,98.0,4.0,18.0,282.0,22848.0,991.6,2011,2011-07-31
8,1,9.8,17.2,21.3,28.8,49.0,85.0,98.0,6.0,32.0,22.0,18337.0,993.7,2011,2011-08-01
8,2,0.1,16.0,22.8,29.3,50.0,78.0,98.0,5.0,16.0,230.0,25523.0,996.9,2011,2011-08-02
8,3,3.4,17.6,23.1,29.2,58.0,82.0,98.0,6.0,26.0,25.0,18772.0,997.1,2011,2011-08-03
8,4,3.9,16.9,23.1,30.7,45.0,78.0,98.0,6.0,26.0,6.0,23422.0,994.3,2011,2011-08-04
8,5,0.1,17.1,23.4,30.1,47.0,79.0,99.0,6.0,15.0,1.0,21642.0,994.4,2011,2011-08-05
8,6,1.8,20.0,23.2,28.4,51.0,83.0,98.0,5.0,17.0,141.0,14810.0,991.9,2011,2011-08-06
8,7,1.3,20.4,23.3,29.9,64.0,89.0,98.0,7.0,28.0,182.0,15726.0,989.6,2011,2011-08-07
8,8,0.0,19.9,24.1,30.1,58.0,87.0,98.0,9.0,33.0,197.0,14237.0,987.9,2011,2011-08-08
8,9,5.0,13.8,20.1,26.3,36.0,64.0,98.0,8.0,36.0,13.0,23011.0,996.1,2011,2011-08-09
8,10,0.1,12.2,19.5,26.1,30.0,70.0,98.0,6.0,23.0,182.0,26296.0,1000.8,2011,2011-08-10
8,11,0.0,12.7,19.4,26.5,47.0,76.0,98.0,5.0,19.0,225.0,23056.0,999.8,2011,2011-08-11
8,12,0.2,13.1,21.4,28.8,38.0,75.0,98.0,5.0,14.0,149.0,25471.0,993.4,2011,2011-08-12
8,13,0.0,16.1,22.6,30.6,37.0,73.0,98.0,5.0,18.0,352.0,21109.0,991.1,2011,2011-08-13
8,14,0.0,16.8,24.3,31.9,44.0,71.0,98.0,6.0,19.0,181.0,24905.0,991.0,2011,2011-08-14
8,15,4.8,18.3,22.2,29.4,55.0,86.0,98.0,6.0,26.0,27.0,12660.0,992.8,2011,2011-08-15
8,16,0.0,16.6,24.2,31.9,36.0,68.0,94.0,6.0,17.0,255.0,25402.0,996.3,2011,2011-08-16
8,17,0.0,17.3,24.5,32.3,40.0,73.0,98.0,6.0,18.0,121.0,24889.0,996.4,2011,2011-08-17
8,18,0.0,18.1,25.6,33.5,44.0,75.0,98.0,6.0,21.0,246.0,24110.0,996.4,2011,2011-08-18
8,19,0.0,19.1,26.1,33.4,47.0,78.0,98.0,5.0,18.0,162.0,22159.0,996.9,2011,2011-08-19
8,20,0.0,20.2,27.5,36.0,38.0,69.0,95.0,6.0,20.0,77.0,23888.0,998.5,2011,2011-08-20
8,21,0.0,20.4,27.8,35.7,40.0,72.0,98.0,6.0,21.0,175.0,23244.0,998.5,2011,2011-08-21
8,22,0.0,20.0,27.6,35.2,47.0,77.0,98.0,5.0,15.0,175.0,22825.0,997.2,2011,2011-08-22
8,23,0.0,20.4,27.7,36.8,29.0,68.0,98.0,5.0,15.0,347.0,23193.0,995.9,2011,2011-08-23
8,24,0.0,20.1,26.8,34.6,38.0,73.0,98.0,5.0,19.0,168.0,22322.0,995.1,2011,2011-08-24
8,25,0.0,19.6,26.8,34.9,38.0,74.0,98.0,6.0,21.0,129.0,22659.0,994.1,2011,2011-08-25
8,26,0.0,19.8,26.7,35.5,23.0,66.0,98.0,6.0,21.0,159.0,22914.0,992.1,2011,2011-08-26
8,27,2.5,19.8,23.1,31.2,47.0,72.0,95.0,10.0,55.0,274.0,9842.0,990.6,2011,2011-08-27
8,28,0.0,14.8,21.9,29.1,27.0,57.0,94.0,8.0,27.0,120.0,22470.0,996.8,2011,2011-08-28
8,29,0.0,14.0,21.6,30.2,31.0,65.0,96.0,6.0,15.0,283.0,22565.0,993.6,2011,2011-08-29
8,30,0.0,16.1,22.5,30.1,39.0,69.0,88.0,5.0,26.0,308.0,14793.0,991.9,2011,2011-08-30
8,31,4.9,18.4,23.6,30.5,38.0,72.0,98.0,8.0,31.0,148.0,20411.0,993.0,2011,2011-08-31
9,1,3.5,17.1,21.4,27.3,61.0,88.0,98.0,6.0,22.0,280.0,11207.0,994.9,2011,2011-09-01
9,2,0.0,17.3,23.3,30.3,49.0,80.0,98.0,5.0,15.0,10.0,16225.0,994.8,2011,2011-09-02
9,3,0.0,17.8,24.8,32.7,39.0,75.0,98.0,5.0,17.0,23.0,20450.0,994.6,2011,2011-09-03
9,4,17.1,18.9,23.4,32.1,41.0,80.0,98.0,7.0,44.0,230.0,12966.0,993.9,2011,2011-09-04
9,5,5.7,18.3,21.0,26.1,62.0,89.0,98.0,6.0,20.0,195.0,12013.0,995.8,2011,2011-09-05
9,6,0.0,15.6,21.7,28.4,30.0,67.0,98.0,6.0,26.0,1.0,17959.0,1000.8,2011,2011-09-06
9,7,0.0,14.3,20.9,27.8,46.0,77.0,98.0,5.0,17.0,162.0,18807.0,994.8,2011,2011-09-07
9,8,0.0,16.5,20.3,24.8,57.0,83.0,98.0,4.0,12.0,360.0,7457.0,991.7,2011,2011-09-08
9,9,0.0,15.1,22.0,29.5,43.0,74.0,98.0,6.0,17.0,91.0,19867.0,993.5,2011,2011-09-09
9,10,0.0,15.8,23.0,30.7,44.0,77.0,98.0,5.0,20.0,180.0,18872.0,996.2,2011,2011-09-10
9,11,0.0,18.1,23.4,31.0,50.0,82.0,98.0,6.0,19.0,188.0,16799.0,996.0,2011,2011-09-11
9,12,0.0,18.4,23.5,30.6,46.0,80.0,98.0,6.0,19.0,159.0,15093.0,994.5,2011,2011-09-12
9,13,0.0,17.2,24.2,32.6,33.0,72.0,98.0,6.0,19.0,180.0,19078.0,994.6,2011,2011-09-13
9,14,0.0,16.9,23.9,31.6,47.0,77.0,98.0,6.0,25.0,239.0,18527.0,994.1,2011,2011-09-14
9,15,0.0,18.0,23.8,30.7,40.0,71.0,96.0,6.0,23.0,177.0,18138.0,996.0,2011,2011-09-15
9,16,0.0,15.8,23.0,30.4,41.0,73.0,98.0,6.0,20.0,231.0,17555.0,996.5,2011,2011-09-16
9,17,0.0,17.7,23.4,31.0,41.0,73.0,96.0,6.0,21.0,178.0,16555.0,993.9,2011,2011-09-17
9,18,40.1,17.1,20.0,26.7,58.0,88.0,98.0,8.0,83.0,262.0,8053.0,987.5,2011,2011-09-18
9,19,40.0,12.8,16.9,20.0,42.0,78.0,99.0,11.0,39.0,29.0,5061.0,986.1,2011,2011-09-19
9,20,0.1,13.2,19.4,27.3,22.0,48.0,84.0,8.0,24.0,12.0,16250.0,996.7,2011,2011-09-20
9,21,0.0,12.6,20.7,29.4,31.0,62.0,89.0,7.0,19.0,222.0,18353.0,997.8,2011,2011-09-21
9,22,0.0,13.5,20.6,28.5,42.0,73.0,98.0,5.0,15.0,335.0,16211.0,996.6,2011,2011-09-22
9,23,0.0,15.6,20.6,26.9,38.0,72.0,98.0,6.0,22.0,108.0,15506.0,996.8,2011,2011-09-23
9,24,0.0,13.5,19.6,27.0,34.0,69.0,96.0,6.0,19.0,135.0,17501.0,997.7,2011,2011-09-24
9,25,0.0,12.9,19.7,27.8,33.0,68.0,97.0,6.0,22.0,116.0,17137.0,1000.6,2011,2011-09-25
9,26,0.0,13.0,20.0,28.9,32.0,65.0,91.0,6.0,18.0,343.0,17686.0,1003.6,2011,2011-09-26
9,27,0.0,12.8,20.3,29.1,31.0,65.0,93.0,6.0,16.0,332.0,17144.0,1006.2,2011,2011-09-27
9,28,0.0,14.1,20.6,29.3,25.0,61.0,88.0,7.0,18.0,159.0,16875.0,1006.8,2011,2011-09-28
9,29,0.0,13.2,19.6,27.4,37.0,66.0,88.0,7.0,16.0,355.0,16329.0,1006.9,2011,2011-09-29
9,30,0.0,12.9,20.0,28.8,25.0,62.0,93.0,7.0,17.0,343.0,17076.0,1006.3,2011,2011-09-30
10,1,0.0,14.0,20.7,29.2,27.0,58.0,84.0,7.0,18.0,178.0,16690.0,1005.3,2011,2011-10-01
10,2,0.0,13.6,21.0,28.8,30.0,59.0,87.0,7.0,21.0,234.0,16403.0,1003.6,2011,2011-10-02
10,3,0.0,13.3,20.0,28.4,27.0,64.0,93.0,6.0,19.0,226.0,16260.0,1003.3,2011,2011-10-03
10,4,0.0,11.6,19.3,27.9,39.0,72.0,98.0,5.0,18.0,214.0,15430.0,1002.1,2011,2011-10-04
10,5,0.0,13.3,20.4,29.4,34.0,69.0,97.0,6.0,20.0,165.0,15460.0,1001.0,2011,2011-10-05
10,6,0.0,13.3,19.4,26.2,42.0,77.0,98.0,6.0,23.0,186.0,12139.0,997.3,2011,2011-10-06
10,7,20.1,4.6,12.3,18.9,38.0,84.0,98.0,12.0,61.0,3.0,4581.0,989.5,2011,2011-10-07
10,8,0.1,3.8,9.1,16.4,57.0,83.0,98.0,5.0,18.0,342.0,7759.0,993.9,2011,2011-10-08
10,9,0.0,3.3,10.9,18.9,21.0,55.0,91.0,8.0,21.0,248.0,15700.0,998.4,2011,2011-10-09
10,10,0.0,3.1,11.6,19.1,22.0,60.0,93.0,5.0,18.0,94.0,13697.0,1002.1,2011,2011-10-10
10,11,0.0,6.2,12.8,22.1,34.0,73.0,95.0,5.0,14.0,3.0,11117.0,1000.3,2011,2011-10-11
10,12,0.0,9.0,14.9,22.3,43.0,76.0,96.0,5.0,13.0,345.0,10080.0,997.1,2011,2011-10-12
10,13,0.0,9.2,15.4,22.8,43.0,68.0,92.0,8.0,27.0,102.0,13278.0,1000.7,2011,2011-10-13
10,14,0.0,3.3,11.6,18.0,32.0,60.0,85.0,5.0,16.0,165.0,13926.0,1008.6,2011,2011-10-14
10,15,0.0,1.8,8.3,16.2,23.0,62.0,90.0,7.0,17.0,81.0,14765.0,1011.4,2011,2011-10-15
10,16,0.0,2.2,7.9,15.0,36.0,67.0,93.0,7.0,22.0,163.0,13579.0,1010.6,2011,2011-10-16
10,17,0.0,1.2,7.9,16.2,28.0,67.0,95.0,5.0,13.0,327.0,13738.0,1007.6,2011,2011-10-17
10,18,0.0,2.6,9.3,16.7,34.0,67.0,90.0,6.0,17.0,21.0,13334.0,1004.7,2011,2011-10-18
10,19,7.2,10.0,11.8,13.6,66.0,85.0,98.0,6.0,15.0,4.0,1883.0,1001.0,2011,2011-10-19
10,20,77.4,6.5,9.7,13.4,75.0,90.0,98.0,10.0,53.0,19.0,2327.0,1000.9,2011,2011-10-20
10,21,0.0,1.9,8.5,15.5,30.0,69.0,93.0,6.0,22.0,138.0,12686.0,1007.3,2011,2011-10-21
10,22,0.0,0.5,7.6,15.3,33.0,68.0,95.0,8.0,28.0,114.0,12910.0,1006.4,2011,2011-10-22
10,23,0.0,3.2,9.4,15.2,39.0,70.0,97.0,7.0,28.0,126.0,12480.0,1003.6,2011,2011-10-23
10,24,1.0,7.2,10.4,15.4,44.0,74.0,94.0,5.0,20.0,39.0,8806.0,1000.3,2011,2011-10-24
10,25,50.4,8.9,12.1,16.8,94.0,98.0,98.0,9.0,49.0,164.0,809.0,996.3,2011,2011-10-25
10,26,69.9,7.8,13.7,16.7,96.0,98.0,98.0,9.0,43.0,104.0,1306.0,996.8,2011,2011-10-26
10,27,0.0,8.2,13.4,19.0,57.0,86.0,98.0,5.0,16.0,346.0,9909.0,1002.0,2011,2011-10-27
10,28,0.0,7.6,12.2,17.9,59.0,89.0,98.0,5.0,15.0,230.0,11059.0,1007.5,2011,2011-10-28
10,29,0.0,6.2,11.5,19.2,50.0,84.0,98.0,5.0,14.0,52.0,10738.0,1007.5,2011,2011-10-29
10,30,0.0,6.0,11.1,18.1,48.0,83.0,98.0,6.0,15.0,331.0,10705.0,1005.2,2011,2011-10-30
10,31,0.0,4.5,10.1,18.2,47.0,82.0,98.0,5.0,13.0,265.0,10700.0,1003.7,2011,2011-10-31
11,1,0.0,4.5,10.0,17.5,53.0,83.0,98.0,5.0,14.0,213.0,9971.0,1003.0,2011,2011-11-01
11,2,0.0,4.7,10.2,16.1,62.0,88.0,98.0,4.0,15.0,343.0,6343.0,1002.3,2011,2011-11-02
11,3,0.0,6.8,10.8,13.4,72.0,89.0,98.0,4.0,10.0,0.0,2503.0,1000.0,2011,2011-11-03
11,4,14.9,10.5,12.2,14.2,80.0,95.0,99.0,8.0,19.0,4.0,816.0,998.1,2011,2011-11-04
11,5,13.2,13.3,14.3,15.1,94.0,98.0,98.0,8.0,21.0,16.0,520.0,997.8,2011,2011-11-05
11,6,21.0,13.6,15.3,18.6,70.0,90.0,98.0,10.0,24.0,341.0,2295.0,997.3,2011,2011-11-06
11,7,16.4,11.7,13.0,15.4,82.0,92.0,97.0,10.0,32.0,157.0,2254.0,1001.9,2011,2011-11-07
11,8,4.6,11.0,13.8,16.7,82.0,88.0,96.0,10.0,25.0,343.0,2133.0,1004.4,2011,2011-11-08
11,9,0.0,8.0,12.6,18.8,59.0,84.0,98.0,7.0,16.0,344.0,8402.0,1003.8,2011,2011-11-09
11,10,0.0,6.7,11.7,18.9,54.0,84.0,98.0,6.0,17.0,7.0,9200.0,1001.1,2011,2011-11-10
11,11,0.0,6.8,10.0,12.9,41.0,70.0,98.0,5.0,25.0,116.0,2926.0,1007.2,2011,2011-11-11
11,12,0.0,1.8,7.1,13.4,39.0,71.0,95.0,6.0,17.0,102.0,9175.0,1014.3,2011,2011-11-12
11,13,0.0,0.7,6.6,15.4,38.0,75.0,98.0,6.0,16.0,15.0,9215.0,1014.6,2011,2011-11-13
11,14,0.0,0.7,7.3,16.1,29.0,69.0,94.0,6.0,16.0,52.0,9150.0,1008.2,2011,2011-11-14
11,15,0.0,0.3,6.9,16.7,21.0,68.0,96.0,6.0,14.0,322.0,9191.0,1002.4,2011,2011-11-15
11,16,0.0,-0.0,6.2,15.6,24.0,66.0,90.0,6.0,16.0,68.0,9029.0,1004.4,2011,2011-11-16
11,17,0.0,-1.0,5.0,14.2,33.0,71.0,94.0,6.0,15.0,224.0,8837.0,1007.3,2011,2011-11-17
11,18,0.0,-0.6,4.4,13.0,36.0,73.0,92.0,6.0,15.0,330.0,8540.0,1007.6,2011,2011-11-18
11,19,0.0,-1.4,3.6,11.7,47.0,79.0,93.0,6.0,14.0,329.0,8103.0,1007.4,2011,2011-11-19
11,20,0.0,-1.5,3.0,10.2,56.0,84.0,97.0,5.0,14.0,336.0,7797.0,1007.4,2011,2011-11-20
11,21,0.0,-2.4,2.5,10.9,53.0,85.0,97.0,5.0,15.0,210.0,7291.0,1006.3,2011,2011-11-21
11,22,0.0,0.3,6.5,14.4,46.0,74.0,92.0,8.0,18.0,0.0,7591.0,1003.8,2011,2011-11-22
11,23,0.0,-0.1,6.8,15.6,37.0,70.0,92.0,7.0,19.0,130.0,7808.0,1005.5,2011,2011-11-23
11,24,0.0,-1.0,4.9,14.2,33.0,71.0,92.0,6.0,14.0,5.0,7948.0,1012.4,2011,2011-11-24
11,25,0.0,-1.5,5.0,14.8,28.0,67.0,92.0,7.0,17.0,344.0,7913.0,1011.3,2011,2011-11-25
11,26,0.0,-0.4,5.6,15.0,36.0,67.0,84.0,6.0,17.0,30.0,7313.0,1011.0,2011,2011-11-26
11,27,0.0,-1.1,4.5,13.4,34.0,69.0,88.0,6.0,16.0,324.0,7278.0,1009.9,2011,2011-11-27
11,28,0.0,-0.0,6.9,16.4,30.0,68.0,88.0,8.0,26.0,62.0,7037.0,1009.4,2011,2011-11-28
11,29,0.0,1.0,6.5,15.3,34.0,70.0,88.0,6.0,17.0,343.0,6794.0,1008.3,2011,2011-11-29
11,30,0.0,0.0,5.3,13.4,42.0,75.0,91.0,6.0,17.0,339.0,7131.0,1010.6,2011,2011-11-30
12,1,0.0,-0.4,4.8,12.7,44.0,76.0,94.0,6.0,14.0,0.0,7069.0,1009.6,2011,2011-12-01
12,2,0.0,0.3,6.9,10.7,59.0,81.0,94.0,6.0,14.0,18.0,1493.0,1004.3,2011,2011-12-02
12,3,7.3,7.5,8.7,10.0,93.0,98.0,98.0,3.0,10.0,26.0,708.0,999.3,2011,2011-12-03
12,4,0.2,8.1,8.7,10.0,98.0,98.0,98.0,3.0,11.0,150.0,1626.0,995.2,2011,2011-12-04
12,5,0.1,3.1,8.3,11.4,85.0,98.0,98.0,5.0,16.0,41.0,1682.0,987.3,2011,2011-12-05
12,6,0.0,0.5,5.7,11.9,38.0,76.0,92.0,6.0,19.0,44.0,6193.0,995.0,2011,2011-12-06
12,7,0.0,-0.2,3.4,9.9,57.0,85.0,97.0,8.0,18.0,333.0,4263.0,996.9,2011,2011-12-07
12,8,0.0,-0.5,5.2,13.3,41.0,74.0,93.0,9.0,20.0,226.0,6765.0,1003.0,2011,2011-12-08
12,9,0.0,2.1,6.8,11.7,36.0,68.0,84.0,7.0,17.0,338.0,2363.0,1003.0,2011,2011-12-09
12,10,0.0,1.9,6.3,11.3,72.0,85.0,98.0,6.0,14.0,334.0,3024.0,999.6,2011,2011-12-10
12,11,0.1,1.9,7.2,12.2,72.0,89.0,98.0,6.0,17.0,349.0,3197.0,1001.3,2011,2011-12-11
12,12,10.5,6.2,8.5,10.7,73.0,93.0,98.0,6.0,32.0,20.0,1271.0,996.0,2011,2011-12-12
12,13,0.0,1.9,6.9,12.2,55.0,80.0,95.0,7.0,19.0,331.0,4043.0,998.7,2011,2011-12-13
12,14,4.6,1.9,6.8,8.4,88.0,95.0,98.0,6.0,15.0,357.0,575.0,998.4,2011,2011-12-14
12,15,0.1,6.2,7.6,9.2,98.0,98.0,98.0,4.0,13.0,227.0,992.0,995.0,2011,2011-12-15
12,16,17.7,5.2,6.7,8.2,98.0,98.0,99.0,8.0,21.0,177.0,650.0,982.8,2011,2011-12-16
12,17,1.6,-0.4,4.8,9.2,70.0,91.0,98.0,8.0,34.0,172.0,4277.0,980.9,2011,2011-12-17
12,18,0.0,-2.7,3.6,8.5,35.0,65.0,89.0,8.0,21.0,11.0,5817.0,993.7,2011,2011-12-18
12,19,0.0,-3.2,3.9,10.4,13.0,44.0,79.0,10.0,24.0,44.0,5299.0,997.3,2011,2011-12-19
12,20,0.0,-4.3,-0.2,5.9,29.0,62.0,82.0,7.0,19.0,343.0,5980.0,998.3,2011,2011-12-20
12,21,0.0,-4.2,0.2,6.6,32.0,67.0,84.0,6.0,16.0,336.0,6001.0,999.4,2011,2011-12-21
12,22,0.0,-2.4,2.1,9.8,29.0,66.0,85.0,8.0,19.0,335.0,4386.0,1004.4,2011,2011-12-22
12,23,0.0,-3.0,1.4,9.2,39.0,73.0,90.0,7.0,15.0,320.0,6644.0,1006.9,2011,2011-12-23
12,24,0.0,-3.5,2.4,6.3,59.0,77.0,91.0,8.0,18.0,326.0,1928.0,1002.4,2011,2011-12-24
12,25,0.0,-1.9,4.4,12.0,20.0,50.0,80.0,9.0,20.0,55.0,7086.0,1013.5,2011,2011-12-25
12,26,0.0,-2.6,3.5,9.8,34.0,65.0,82.0,6.0,18.0,331.0,4757.0,1019.3,2011,2011-12-26
12,27,0.0,-0.8,4.0,11.6,47.0,74.0,95.0,8.0,19.0,323.0,6671.0,1018.5,2011,2011-12-27
12,28,0.0,-1.1,4.1,12.9,46.0,79.0,94.0,6.0,16.0,337.0,6722.0,1011.7,2011,2011-12-28
12,29,1.3,-0.3,4.7,8.3,73.0,88.0,98.0,8.0,20.0,343.0,1669.0,1004.5,2011,2011-12-29
12,30,0.0,-2.5,3.1,7.7,79.0,92.0,98.0,6.0,20.0,331.0,2798.0,996.3,2011,2011-12-30
12,31,0.0,-3.6,1.8,9.3,39.0,76.0,90.0,7.0,17.0,9.0,5215.0,1001.0,2011,2011-12-31
1,1,0.0,-1.3,3.1,10.7,33,68,88,7,16,341,6790,1005.0,2012,2012-01-01
1,2,14.4,-1.3,3.9,7.7,66,86,98,8,21,353,1478,1003.8,2012,2012-01-02
1,3,14.5,1.6,7.3,11.3,68,85,98,9,42,22,2337,1005.7,2012,2012-01-03
1,4,0.3,0.2,4.4,7.7,87,93,98,6,18,21,1986,1002.0,2012,2012-01-04
1,5,1.0,0.1,2.8,5.4,74,90,98,7,26,38,2100,988.4,2012,2012-01-05
1,6,0.0,-0.5,7.0,12.6,12,43,95,14,65,32,7345,986.8,2012,2012-01-06
1,7,0.0,-1.1,3.1,8.9,25,57,79,8,20,357,4240,999.7,2012,2012-01-07
1,8,0.0,-2.7,3.0,10.7,40,69,88,9,30,217,7271,998.9,2012,2012-01-08
1,9,0.0,-1.7,3.9,12.0,32,62,84,8,20,326,7556,1005.9,2012,2012-01-09
1,10,0.0,-2.1,3.7,11.8,29,62,80,8,28,326,6945,1010.0,2012,2012-01-10
1,11,0.0,-1.9,3.3,11.7,31,65,88,7,16,349,7536,1014.6,2012,2012-01-11
1,12,0.0,-2.5,2.8,11.2,39,73,92,6,14,342,7521,1010.5,2012,2012-01-12
1,13,0.0,-2.1,3.0,10.3,64,81,92,9,19,326,4082,1001.7,2012,2012-01-13
1,14,0.0,-3.7,1.8,10.2,23,59,82,9,21,243,7723,1003.3,2012,2012-01-14
1,15,0.0,-5.6,0.1,8.4,13,52,76,7,22,11,7952,1003.7,2012,2012-01-15
1,16,0.0,-5.8,-1.1,6.4,22,58,79,7,20,333,7632,1007.7,2012,2012-01-16
1,17,0.0,-5.5,-1.0,5.5,36,64,83,7,15,344,7468,1010.9,2012,2012-01-17
1,18,0.0,-5.6,-0.6,7.5,42,73,89,5,16,339,7099,1015.0,2012,2012-01-18
1,19,0.0,-4.1,0.0,3.5,80,90,96,5,12,66,2336,1011.1,2012,2012-01-19
1,20,0.0,-1.8,1.7,6.4,76,92,98,5,27,36,3020,997.9,2012,2012-01-20
1,21,0.0,-0.9,3.7,11.0,32,68,95,9,22,232,7960,997.8,2012,2012-01-21
1,22,0.0,-1.4,3.7,10.9,54,76,96,8,20,66,6373,993.6,2012,2012-01-22
1,23,0.0,-0.6,5.1,13.1,65,84,97,8,20,327,5359,996.1,2012,2012-01-23
1,24,0.0,-1.5,5.7,13.0,19,62,97,9,26,177,8131,996.4,2012,2012-01-24
1,25,0.0,-4.3,1.9,10.9,9,46,73,9,20,343,9315,1002.1,2012,2012-01-25
1,26,0.0,-4.7,0.2,7.4,29,58,86,9,19,250,8895,1004.4,2012,2012-01-26
1,27,0.0,-5.1,0.0,7.6,33,67,86,6,15,326,8748,1008.7,2012,2012-01-27
1,28,0.0,-4.3,1.0,7.2,26,58,82,6,16,25,7209,1008.7,2012,2012-01-28
1,29,0.0,-4.8,0.6,6.4,35,60,82,6,21,142,7749,1007.0,2012,2012-01-29
1,30,0.0,-6.3,-0.3,7.2,16,50,83,8,33,137,8412,1008.1,2012,2012-01-30
1,31,0.0,-6.7,-0.7,3.5,18,38,68,9,32,110,4122,1005.5,2012,2012-01-31
2,1,0.0,-2.0,1.2,3.2,21,29,38,20,51,31,2449,1000.4,2012,2012-02-01
2,2,0.0,-3.2,0.1,2.7,12,21,30,13,32,118,4678,1002.7,2012,2012-02-02
2,3,0.0,-6.7,-1.4,2.7,12,20,34,16,44,32,9361,1003.8,2012,2012-02-03
2,4,0.0,-4.2,-0.9,1.8,9,27,53,15,44,31,3648,1005.2,2012,2012-02-04
2,5,0.0,-10.8,-4.8,0.6,21,41,63,6,19,112,8966,1009.7,2012,2012-02-05
2,6,0.0,-11.7,-4.7,1.6,24,47,69,7,16,273,8816,1003.8,2012,2012-02-06
2,7,0.0,-2.8,-0.1,2.8,42,53,74,7,33,37,2984,999.1,2012,2012-02-07
2,8,0.0,-7.1,1.2,9.3,9,30,51,7,27,120,10242,1008.0,2012,2012-02-08
2,9,0.1,-7.8,-0.9,6.3,11,40,89,6,23,69,10172,1006.5,2012,2012-02-09
2,10,0.0,-6.0,-0.8,3.1,14,34,85,16,46,28,7781,1007.2,2012,2012-02-10
2,11,0.0,-6.1,-0.9,3.1,15,30,52,18,52,28,6033,1003.9,2012,2012-02-11
2,12,2.6,-6.1,-1.2,2.9,21,56,92,7,37,47,6557,1004.8,2012,2012-02-12
2,13,0.0,-6.5,-1.5,3.5,56,74,89,4,14,5,9188,1002.1,2012,2012-02-13
2,14,0.0,-7.6,-1.6,5.9,36,69,90,6,15,244,11384,998.9,2012,2012-02-14
2,15,0.0,-5.8,0.0,5.7,43,66,87,8,21,139,10637,991.2,2012,2012-02-15
2,16,0.0,-4.8,2.5,11.2,30,61,85,10,30,226,11642,998.4,2012,2012-02-16
2,17,0.0,-4.4,2.0,10.3,27,61,86,7,17,9,11655,1004.8,2012,2012-02-17
2,18,0.0,-3.4,2.9,11.2,31,64,88,6,16,119,11253,1004.1,2012,2012-02-18
2,19,1.5,-2.0,4.6,9.4,37,69,92,5,14,10,5814,1002.2,2012,2012-02-19
2,20,14.5,-0.4,4.3,8.0,46,74,94,11,37,40,5333,1010.3,2012,2012-02-20
2,21,0.0,-2.3,3.7,11.4,34,64,88,6,14,15,13380,1012.8,2012,2012-02-21
2,22,0.0,-2.8,5.0,14.5,20,63,90,7,21,325,13744,1010.3,2012,2012-02-22
2,23,0.0,-1.3,7.5,14.6,33,61,86,6,19,334,10738,1005.4,2012,2012-02-23
2,24,0.0,1.2,8.4,17.6,29,65,91,6,19,186,13555,1005.5,2012,2012-02-24
2,25,0.0,1.8,8.8,18.4,34,70,94,6,17,343,12802,999.2,2012,2012-02-25
2,26,0.0,-0.8,9.3,16.2,11,52,88,12,36,0,10680,995.9,2012,2012-02-26
2,27,0.0,-1.7,4.9,12.4,28,62,96,9,30,212,14217,1004.6,2012,2012-02-27
2,28,0.0,-1.9,4.8,12.3,40,76,98,5,21,233,13712,1004.7,2012,2012-02-28
2,29,0.0,-1.0,7.0,16.1,41,72,95,7,17,228,10954,1000.5,2012,2012-02-29
3,2,0.0,2.5,9.9,18.9,45,74,95,6,15,129,13787,1004.7,2012,2012-03-02
3,3,0.0,3.7,12.0,19.6,39,68,95,6,18,120,14290,1002.7,2012,2012-03-03
3,4,0.0,7.5,11.3,17.8,32,64,86,5,15,284,9072,1000.6,2012,2012-03-04
3,5,0.0,6.3,9.3,12.2,42,59,82,7,23,313,4774,997.8,2012,2012-03-05
3,6,0.0,0.7,8.5,15.7,12,39,67,11,36,142,14988,1002.3,2012,2012-03-06
3,7,0.0,-2.8,5.7,13.0,24,48,84,7,22,222,15672,1006.7,2012,2012-03-07
3,8,0.0,-1.5,7.3,14.3,17,51,85,6,16,162,15220,1003.1,2012,2012-03-08
3,9,0.0,0.8,9.1,15.9,13,38,68,8,25,207,16685,1013.8,2012,2012-03-09
3,10,0.0,-0.9,7.3,15.8,12,43,77,8,16,267,17130,1013.2,2012,2012-03-10
3,11,0.0,-1.3,8.1,17.8,18,49,80,9,29,236,15931,1003.8,2012,2012-03-11
3,13,0.0,0.6,8.6,17.8,38,71,98,7,23,230,16523,1007.8,2012,2012-03-13
3,14,0.0,0.7,9.2,17.9,39,72,98,6,18,189,16686,1008.2,2012,2012-03-14
3,15,0.0,2.4,10.4,19.8,34,69,98,6,16,172,17203,1009.3,2012,2012-03-15
3,16,0.0,2.8,11.4,20.8,25,61,96,8,25,149,17595,1009.7,2012,2012-03-16
3,17,0.0,2.7,10.0,16.9,41,78,98,8,25,136,16531,1008.8,2012,2012-03-17
3,18,5.3,7.8,11.3,15.1,70,87,98,6,19,64,7291,1005.1,2012,2012-03-18
3,19,8.1,8.2,11.5,16.4,69,92,98,8,31,162,6621,1006.4,2012,2012-03-19
3,20,0.0,6.4,12.6,19.4,31,67,96,8,19,333,18463,1013.9,2012,2012-03-20
3,21,0.0,6.8,14.3,22.0,28,56,80,8,20,57,17073,1013.4,2012,2012-03-21
3,22,0.0,7.2,14.8,22.9,28,61,96,8,20,94,18397,1010.3,2012,2012-03-22
3,23,0.0,6.1,13.2,22.0,30,66,97,7,22,171,18247,1007.0,2012,2012-03-23
3,24,0.0,5.8,14.3,22.1,32,59,95,8,21,12,16182,1004.4,2012,2012-03-24
3,25,0.0,9.0,15.7,23.6,25,48,71,10,27,89,16435,1005.6,2012,2012-03-25
3,26,0.0,8.8,15.7,23.8,19,45,78,11,27,200,20218,1007.8,2012,2012-03-26
3,27,0.0,5.6,13.5,21.4,22,53,87,8,26,229,19948,1008.1,2012,2012-03-27
3,28,0.0,5.3,15.5,25.0,22,51,85,9,26,214,20688,1004.8,2012,2012-03-28
3,29,0.0,8.1,15.4,23.6,28,61,97,8,21,174,19407,995.2,2012,2012-03-29
3,30,0.0,6.7,14.2,22.3,26,63,92,8,24,218,17733,989.4,2012,2012-03-30
3,31,0.0,6.8,13.1,20.1,39,67,97,8,25,140,16487,987.2,2012,2012-03-31
4,1,0.0,6.4,11.4,15.5,32,55,98,10,27,121,14186,992.0,2012,2012-04-01
4,2,0.0,2.8,10.5,18.1,25,54,83,9,32,204,21355,995.2,2012,2012-04-02
4,3,1.7,4.7,11.0,16.0,46,77,98,7,22,145,14458,993.5,2012,2012-04-03
4,4,7.3,11.0,14.0,18.7,64,91,98,7,29,160,12132,992.0,2012,2012-04-04
4,5,34.4,11.2,13.2,15.0,79,94,98,8,27,353,2861,991.0,2012,2012-04-05
4,6,9.5,11.4,13.8,18.9,67,93,98,10,36,163,10135,988.4,2012,2012-04-06
4,7,19.5,8.9,11.9,15.7,85,97,98,8,49,43,4941,983.1,2012,2012-04-07
4,8,0.8,1.8,8.0,11.7,64,84,98,7,28,132,6287,987.2,2012,2012-04-08
4,9,0.0,-0.1,5.3,10.0,36,72,98,9,28,215,17538,995.7,2012,2012-04-09
4,10,1.0,2.7,8.7,14.2,39,74,98,6,31,221,20891,993.6,2012,2012-04-10
4,11,42.0,6.2,7.8,9.4,92,97,98,12,30,39,1701,985.7,2012,2012-04-11
4,12,0.1,4.3,10.5,15.8,56,86,98,9,27,162,22168,986.4,2012,2012-04-12
4,13,13.2,8.3,10.7,12.8,78,91,98,9,20,11,5159,984.4,2012,2012-04-13
4,14,0.4,8.6,13.0,18.6,45,77,98,7,22,166,13344,977.4,2012,2012-04-14
4,15,6.1,10.0,11.3,12.9,82,93,98,8,18,239,5207,981.0,2012,2012-04-15
4,16,2.4,9.6,13.0,19.4,37,77,98,6,22,39,13100,986.4,2012,2012-04-16
4,17,0.0,5.4,13.0,17.9,29,51,76,9,29,188,24971,988.6,2012,2012-04-17
4,18,2.2,7.3,12.2,17.2,39,64,98,7,23,198,21404,981.9,2012,2012-04-18
4,19,12.9,7.2,10.3,16.4,63,90,98,8,26,318,11113,980.0,2012,2012-04-19
4,20,20.9,8.6,10.4,16.0,64,91,98,10,25,33,11557,981.4,2012,2012-04-20
4,21,3.3,8.0,12.4,17.9,60,87,98,9,34,337,16268,988.7,2012,2012-04-21
4,22,18.3,6.0,11.0,14.1,59,88,98,9,42,0,7164,990.3,2012,2012-04-22
4,23,8.2,5.0,10.2,14.6,65,84,98,9,32,339,12013,991.4,2012,2012-04-23
4,24,36.6,8.3,11.2,16.8,62,90,98,12,54,167,7331,985.4,2012,2012-04-24
4,25,0.0,6.5,12.9,18.9,55,80,98,10,32,185,20988,993.5,2012,2012-04-25
4,26,0.0,8.3,13.9,20.2,49,79,98,7,30,145,20791,1000.4,2012,2012-04-26
4,27,0.0,8.5,15.4,21.9,55,82,99,6,17,156,24976,1001.5,2012,2012-04-27
4,28,0.0,12.3,21.3,30.0,23,58,97,8,22,200,26513,999.1,2012,2012-04-28
4,29,0.0,12.9,19.2,24.7,41,71,98,6,20,80,16477,998.3,2012,2012-04-29
4,30,0.0,13.9,19.5,26.5,32,72,98,5,17,28,15457,997.0,2012,2012-04-30
5,1,0.1,14.1,20.6,27.1,28,63,92,7,50,223,19706,996.4,2012,2012-05-01
5,2,0.0,14.5,19.8,25.7,34,68,98,8,26,175,24552,995.0,2012,2012-05-02
5,3,0.0,12.9,18.1,24.2,30,68,94,8,26,106,25948,990.9,2012,2012-05-03
5,4,14.5,11.2,16.6,23.6,50,82,98,9,29,54,18310,989.7,2012,2012-05-04
5,5,2.5,12.4,15.7,20.5,57,86,98,8,33,189,15910,991.0,2012,2012-05-05
5,6,50.3,11.1,14.1,17.9,77,95,99,8,32,223,6505,993.5,2012,2012-05-06
5,7,0.1,11.0,15.8,21.8,53,83,98,8,35,224,22502,996.6,2012,2012-05-07
5,8,0.0,12.9,18.1,23.5,42,72,98,8,32,225,25582,999.2,2012,2012-05-08
5,9,0.0,12.7,19.2,25.6,39,68,93,6,21,206,25267,1000.2,2012,2012-05-09
5,10,0.0,13.8,21.9,29.4,26,62,98,7,21,233,27562,1003.7,2012,2012-05-10
5,11,0.0,16.1,23.2,29.6,35,63,92,6,21,212,25211,1004.3,2012,2012-05-11
5,12,28.8,16.4,22.9,29.1,48,71,97,7,33,129,21688,998.7,2012,2012-05-12
5,13,0.2,9.3,13.8,16.4,50,72,97,10,33,119,14274,1000.9,2012,2012-05-13
5,14,0.0,7.9,14.3,20.1,23,56,93,10,35,95,29554,996.2,2012,2012-05-14
5,15,0.0,7.5,15.0,21.2,36,65,95,8,28,219,28434,991.2,2012,2012-05-15
5,16,22.1,6.9,10.6,14.2,48,79,98,12,45,13,6687,993.9,2012,2012-05-16
5,17,0.1,5.8,14.0,20.0,22,55,89,9,34,178,30066,998.8,2012,2012-05-17
5,18,0.0,7.3,14.2,20.0,41,66,96,7,25,212,25846,998.7,2012,2012-05-18
5,19,0.0,9.4,17.2,24.4,31,65,95,7,25,233,29226,996.8,2012,2012-05-19
5,20,2.3,11.4,17.1,22.0,43,72,98,6,19,222,19569,994.2,2012,2012-05-20
5,21,34.8,13.1,14.4,16.7,69,93,99,9,33,338,1763,988.1,2012,2012-05-21
5,22,0.7,10.4,15.9,19.9,64,88,98,5,20,179,13539,988.1,2012,2012-05-22
5,23,0.4,13.8,19.3,25.5,61,85,98,7,26,113,22871,994.5,2012,2012-05-23
5,24,0.0,17.1,24.4,31.0,25,57,95,8,35,354,26292,996.5,2012,2012-05-24
5,25,2.4,14.4,21.0,27.2,30,62,96,9,29,183,27822,997.8,2012,2012-05-25
5,26,0.0,15.1,19.8,24.8,36,59,86,9,29,210,28225,998.5,2012,2012-05-26
5,27,0.0,14.7,20.1,25.8,33,58,88,8,32,269,26056,997.3,2012,2012-05-27
5,28,0.5,14.4,19.9,26.7,31,64,96,7,32,94,25210,994.4,2012,2012-05-28
5,29,0.1,14.2,20.7,27.3,38,67,98,7,26,182,27792,992.9,2012,2012-05-29
5,30,14.5,13.8,21.4,28.3,35,67,97,10,41,28,26881,996.9,2012,2012-05-30
5,31,1.9,15.6,21.4,27.6,45,73,98,8,26,178,25258,997.7,2012,2012-05-31
6,1,0.0,17.3,21.0,25.9,59,82,98,6,22,179,14198,994.1,2012,2012-06-01
6,2,1.4,18.7,20.5,23.9,63,84,98,6,15,160,8749,996.0,2012,2012-06-02
6,3,2.7,18.1,20.0,24.1,81,95,98,6,18,150,9253,994.6,2012,2012-06-03
6,4,38.8,13.4,17.0,19.6,87,95,98,10,31,19,4127,990.1,2012,2012-06-04
6,5,0.0,12.2,19.5,25.9,47,73,98,8,28,203,27142,992.5,2012,2012-06-05
6,6,0.0,16.5,20.1,24.6,50,74,97,5,15,149,19207,993.9,2012,2012-06-06
6,7,0.0,16.8,21.0,25.6,58,81,98,5,22,168,17761,993.1,2012,2012-06-07
6,8,0.4,17.1,21.0,25.7,62,85,98,6,19,43,16234,993.7,2012,2012-06-08
6,9,3.8,16.7,20.3,24.6,60,83,98,8,20,42,12909,993.6,2012,2012-06-09
6,10,7.8,16.3,20.1,24.9,58,80,98,9,26,34,17499,989.3,2012,2012-06-10
6,11,13.7,14.7,18.2,22.7,72,90,98,7,47,290,14688,986.0,2012,2012-06-11
6,12,28.9,12.2,17.1,23.3,43,88,98,8,32,218,12278,983.9,2012,2012-06-12
6,13,22.3,11.3,17.0,25.1,50,83,98,9,51,154,24066,992.5,2012,2012-06-13
6,14,0.1,12.5,19.6,25.7,35,71,98,6,22,187,30364,998.5,2012,2012-06-14
6,15,0.0,13.9,21.1,27.5,46,77,98,5,18,153,27753,1001.3,2012,2012-06-15
6,16,0.0,16.3,23.3,29.8,46,76,98,5,16,167,28865,1000.5,2012,2012-06-16
6,17,0.1,17.1,24.9,32.3,32,69,98,5,15,352,30060,998.8,2012,2012-06-17
6,18,0.0,18.7,26.5,33.1,27,62,91,6,19,87,30061,996.8,2012,2012-06-18
6,19,0.0,19.8,27.0,33.6,32,66,91,6,17,133,28713,995.5,2012,2012-06-19
6,20,0.0,20.8,27.1,33.2,43,68,92,7,28,174,25595,992.5,2012,2012-06-20
6,21,4.5,20.9,27.4,33.5,35,67,94,9,27,13,28422,989.2,2012,2012-06-21
6,22,0.1,20.3,26.8,32.5,30,54,88,10,37,32,29252,994.2,2012,2012-06-22
6,23,0.2,18.9,24.1,29.6,40,70,97,7,26,98,18779,999.7,2012,2012-06-23
6,24,0.0,17.7,24.8,31.1,36,69,98,6,21,127,28788,996.9,2012,2012-06-24
6,25,0.0,19.8,24.5,31.4,46,72,96,6,28,43,20976,991.9,2012,2012-06-25
6,26,0.0,16.2,22.8,29.3,29,66,98,6,21,102,28141,997.9,2012,2012-06-26
6,27,0.0,16.2,24.0,30.7,35,64,96,7,21,200,27897,998.6,2012,2012-06-27
6,28,0.0,17.6,24.5,30.8,41,69,98,6,23,175,26393,995.3,2012,2012-06-28
6,29,0.0,18.5,25.8,32.4,41,71,98,6,22,187,28097,994.5,2012,2012-06-29
6,30,0.0,20.2,26.9,33.6,47,76,98,6,21,173,26726,994.7,2012,2012-06-30
7,1,0.0,21.8,27.9,34.6,44,76,98,6,21,145,27841,993.7,2012,2012-07-01
7,2,0.0,21.9,28.2,36.3,28,67,96,7,23,63,24934,993.4,2012,2012-07-02
7,3,15.7,20.4,25.9,32.0,49,75,98,7,51,168,21808,993.0,2012,2012-07-03
7,4,0.0,19.5,25.8,32.4,38,73,98,6,24,-,24799,991.7,2012,2012-07-04
7,5,0.2,20.4,25.6,32.7,43,70,85,10,39,321,25071,990.9,2012,2012-07-05
7,6,5.0,18.2,22.7,29.6,47,80,98,8,46,357,17501,991.8,2012,2012-07-06
7,7,0.0,17.2,24.5,30.8,49,77,98,7,23,159,24956,992.5,2012,2012-07-07
7,8,0.0,19.3,25.1,31.7,47,78,99,8,30,152,26022,992.0,2012,2012-07-08
7,9,0.0,18.5,25.9,32.9,31,66,98,9,44,1,27844,991.1,2012,2012-07-09
7,10,6.3,19.5,25.1,30.6,38,67,94,9,53,323,22465,992.4,2012,2012-07-10
7,11,14.0,18.0,24.9,31.9,38,72,98,9,55,183,27488,991.7,2012,2012-07-11
7,12,0.1,16.3,23.7,29.5,43,72,98,8,29,128,27115,992.8,2012,2012-07-12
7,13,12.3,17.7,21.4,26.5,50,83,98,10,31,2,13289,991.0,2012,2012-07-13
7,14,18.6,18.9,23.0,28.4,57,81,99,9,35,328,16486,989.2,2012,2012-07-14
7,15,1.2,17.1,21.1,25.8,45,74,98,10,36,29,18475,992.1,2012,2012-07-15
7,16,0.1,14.2,21.7,27.8,28,63,98,8,25,37,29864,1001.1,2012,2012-07-16
7,17,0.0,14.6,21.7,28.0,42,72,98,6,19,256,28461,1001.8,2012,2012-07-17
7,18,0.0,16.9,23.5,30.1,37,72,98,6,19,110,28851,999.0,2012,2012-07-18
7,19,0.0,17.4,24.5,30.7,42,75,98,6,18,187,27719,993.1,2012,2012-07-19
7,20,0.0,19.5,25.3,31.5,38,68,95,8,23,166,25984,991.2,2012,2012-07-20
7,25,2.5,17.5,22.4,29.5,47,83,98,5,20,345,21262,994.2,2012,2012-07-25
7,26,0.1,17.9,23.8,29.8,50,82,98,5,18,162,23700,995.7,2012,2012-07-26
7,27,0.1,18.4,25.7,32.4,50,80,98,5,17,251,26333,994.3,2012,2012-07-27
7,28,2.4,20.7,26.1,32.6,49,80,98,6,19,347,23284,991.0,2012,2012-07-28
7,29,3.8,19.8,24.2,31.9,50,81,98,8,49,316,21722,990.2,2012,2012-07-29
7,30,21.7,18.8,24.6,31.0,38,73,98,10,46,10,23343,995.0,2012,2012-07-30
7,31,2.3,17.3,24.1,31.9,26,69,98,7,22,1,26515,996.4,2012,2012-07-31
8,1,0.0,17.7,25.2,32.0,40,72,97,6,16,232,27062,995.6,2012,2012-08-01
8,2,0.0,19.2,25.9,32.3,40,73,96,6,16,243,25467,993.8,2012,2012-08-02
8,3,0.0,19.9,26.0,33.4,33,73,98,5,15,6,25944,993.2,2012,2012-08-03
8,4,0.1,19.0,26.0,33.5,38,74,98,6,19,154,25856,993.0,2012,2012-08-04
8,5,0.0,20.1,26.0,32.6,38,72,98,6,20,133,25904,992.1,2012,2012-08-05
8,6,0.0,19.6,25.6,32.2,54,79,98,9,32,169,19121,993.4,2012,2012-08-06
8,7,0.0,19.8,25.2,31.9,42,77,99,8,26,61,23879,997.4,2012,2012-08-07
8,8,0.0,18.1,25.2,32.1,30,67,98,6,24,107,26248,998.6,2012,2012-08-08
8,9,9.0,18.2,23.1,31.6,34,75,97,10,35,55,21645,999.6,2012,2012-08-09
8,10,0.4,15.8,22.2,29.8,28,70,98,7,31,315,23806,999.3,2012,2012-08-10
8,11,0.1,14.8,21.7,29.3,39,74,98,5,25,126,20894,996.9,2012,2012-08-11
8,12,0.0,14.0,20.3,25.8,48,78,98,5,18,262,20789,995.5,2012,2012-08-12
8,13,0.0,14.4,21.9,29.0,35,73,98,6,19,117,24314,993.8,2012,2012-08-13
8,14,0.7,17.2,23.4,29.9,40,74,98,5,20,173,24099,993.8,2012,2012-08-14
8,15,0.0,17.8,24.5,30.7,45,76,98,5,19,208,22183,994.0,2012,2012-08-15
8,16,0.3,20.4,24.0,30.6,52,80,98,7,44,5,18160,994.7,2012,2012-08-16
8,17,0.0,17.6,25.0,33.0,30,66,97,7,20,71,25042,998.0,2012,2012-08-17
8,18,0.0,18.5,25.6,33.3,35,68,93,6,17,253,24212,1000.1,2012,2012-08-18
8,19,0.0,18.9,26.4,34.1,34,67,97,6,18,177,24411,1001.2,2012,2012-08-19
8,20,0.0,19.5,27.0,35.3,33,67,98,6,20,241,24323,999.7,2012,2012-08-20
8,21,0.0,19.3,27.3,35.7,33,67,98,5,17,251,23538,996.8,2012,2012-08-21
8,22,0.0,20.0,26.6,35.2,39,70,97,6,22,144,21920,995.6,2012,2012-08-22
8,23,5.1,20.2,25.8,34.0,30,73,98,6,42,310,21591,994.6,2012,2012-08-23
8,24,0.0,19.8,26.6,34.2,35,73,98,6,21,134,22320,991.9,2012,2012-08-24
8,25,0.0,20.6,26.2,33.7,36,72,98,8,27,154,21847,990.8,2012,2012-08-25
8,26,14.6,12.2,20.2,26.9,57,80,96,10,45,28,6707,991.9,2012,2012-08-26
8,27,0.0,11.4,19.6,27.9,28,66,98,8,27,149,24483,1000.7,2012,2012-08-27
8,28,0.0,13.3,21.1,29.6,32,72,98,5,21,238,22164,1000.7,2012,2012-08-28
8,29,0.0,15.3,23.3,31.8,31,69,98,6,18,120,22061,999.0,2012,2012-08-29
8,30,1.7,16.5,24.1,32.3,31,70,98,6,22,225,17774,996.3,2012,2012-08-30
8,31,25.3,15.8,18.8,21.1,69,92,98,12,39,11,3202,992.6,2012,2012-08-31
9,1,8.1,15.4,19.6,24.9,52,77,96,9,26,0,9479,996.7,2012,2012-09-01
9,2,9.4,17.0,22.3,29.3,48,78,98,8,23,59,20778,999.7,2012,2012-09-02
9,3,0.5,19.8,24.0,30.0,44,67,89,8,32,190,12789,996.7,2012,2012-09-03
9,4,7.7,19.0,23.5,30.0,40,74,98,10,32,342,14932,995.9,2012,2012-09-04
9,5,0.0,16.9,22.4,28.8,46,77,98,5,16,17,10495,995.1,2012,2012-09-05
9,6,0.0,16.3,22.9,31.1,35,72,98,6,21,182,19019,998.5,2012,2012-09-06
9,7,0.0,16.1,21.0,27.7,49,81,98,5,19,245,19859,1002.6,2012,2012-09-07
9,8,0.1,15.5,21.9,30.2,32,73,98,6,15,94,20824,1000.3,2012,2012-09-08
9,9,0.1,14.5,22.7,31.7,27,67,98,7,26,104,20974,998.1,2012,2012-09-09
9,10,0.0,16.7,23.7,31.7,29,62,90,7,16,355,18593,997.4,2012,2012-09-10
9,11,0.0,16.4,22.7,30.7,36,70,97,7,24,185,18838,996.3,2012,2012-09-11
9,12,76.0,13.6,17.8,20.6,73,94,98,11,44,1,1490,989.0,2012,2012-09-12
9,13,0.5,13.3,16.4,20.4,36,60,93,11,38,10,8967,988.2,2012,2012-09-13
9,14,0.0,12.2,19.2,27.0,31,60,96,8,29,73,19224,990.2,2012,2012-09-14
9,15,0.0,10.9,18.1,25.2,38,74,98,5,17,239,18879,995.1,2012,2012-09-15
9,16,0.0,14.0,19.2,24.7,43,70,98,6,17,149,19099,997.7,2012,2012-09-16
9,17,0.0,13.9,19.2,26.2,37,71,97,6,18,33,18749,996.5,2012,2012-09-17
9,18,0.1,12.9,19.3,26.6,43,78,98,6,17,173,18468,995.3,2012,2012-09-18
9,19,14.9,11.9,17.0,20.1,56,90,98,6,31,29,3174,993.5,2012,2012-09-19
9,20,0.1,8.8,15.3,21.8,38,76,98,8,24,192,17727,1002.6,2012,2012-09-20
9,21,0.0,9.3,16.3,22.1,39,73,98,5,27,267,16025,1002.9,2012,2012-09-21
9,22,0.0,10.4,16.6,22.6,50,80,98,5,15,354,13975,998.7,2012,2012-09-22
9,23,0.0,14.2,18.2,22.5,58,82,98,4,13,109,7745,998.7,2012,2012-09-23
9,24,28.5,13.6,17.1,20.7,81,97,98,6,58,244,3196,989.5,2012,2012-09-24
9,25,1.3,12.7,18.7,25.2,54,88,98,8,25,161,12208,990.8,2012,2012-09-25
9,26,24.3,16.1,19.4,24.7,75,94,98,6,29,160,7994,991.5,2012,2012-09-26
9,27,0.5,15.2,20.7,27.4,31,80,98,9,36,235,14322,992.1,2012,2012-09-27
9,28,0.0,12.6,18.7,25.5,40,75,98,6,17,3,14968,999.4,2012,2012-09-28
9,29,2.0,15.8,18.0,21.9,69,92,98,6,18,305,3199,997.8,2012,2012-09-29
9,30,13.1,15.6,19.0,24.9,60,89,98,6,23,110,6389,998.1,2012,2012-09-30
10,1,13.4,15.5,18.1,22.7,69,94,98,6,25,64,5153,997.5,2012,2012-10-01
10,2,0.0,14.6,18.3,25.2,56,87,98,5,23,65,10744,997.2,2012,2012-10-02
10,3,0.1,13.2,18.1,24.4,58,87,98,5,14,181,13126,998.8,2012,2012-10-03
10,4,0.0,14.1,18.5,23.9,60,88,98,7,24,254,10962,997.6,2012,2012-10-04
10,5,0.2,13.7,18.1,23.9,66,88,98,6,22,40,10095,1000.7,2012,2012-10-05
10,6,0.0,14.4,18.6,22.7,69,90,98,4,15,112,9415,1000.1,2012,2012-10-06
10,7,0.4,14.3,18.5,23.2,71,92,98,5,16,212,8563,995.0,2012,2012-10-07
10,8,0.1,10.6,15.4,20.6,45,80,98,5,21,119,12209,999.0,2012,2012-10-08
10,9,0.7,12.8,15.7,20.9,51,84,98,4,19,144,10281,993.2,2012,2012-10-09
10,10,1.9,12.2,15.1,18.5,75,92,98,5,18,116,5308,992.8,2012,2012-10-10
10,11,0.1,9.7,14.3,18.6,64,88,98,5,16,131,6710,993.6,2012,2012-10-11
10,12,1.4,9.8,15.4,20.2,63,89,98,5,13,2,7067,991.9,2012,2012-10-12
10,13,0.4,8.8,14.3,18.5,69,91,98,6,26,75,3830,994.2,2012,2012-10-13
10,14,3.1,7.2,13.5,19.5,59,89,98,6,18,322,10284,989.7,2012,2012-10-14
10,15,53.0,10.4,14.6,17.7,95,98,98,8,65,211,2163,985.5,2012,2012-10-15
10,16,6.6,10.4,14.1,18.3,62,90,98,6,17,35,10645,992.0,2012,2012-10-16
10,17,0.1,9.7,14.7,20.8,58,87,98,5,18,33,11538,1003.0,2012,2012-10-17
10,18,0.1,9.6,13.9,20.6,61,88,99,5,14,165,10936,1004.3,2012,2012-10-18
10,19,0.0,8.1,13.7,20.6,65,89,98,5,15,162,12664,1004.3,2012,2012-10-19
10,20,0.1,12.5,15.2,19.9,67,89,98,4,17,155,9162,1002.7,2012,2012-10-20
10,21,0.0,8.9,14.2,21.3,60,88,98,5,12,236,11244,1000.0,2012,2012-10-21
10,22,0.0,9.8,16.2,25.6,35,75,98,7,18,326,12877,999.6,2012,2012-10-22
10,23,0.0,7.7,15.0,24.4,22,69,97,6,17,91,13163,1000.8,2012,2012-10-23
10,24,0.0,6.9,13.2,22.3,36,72,95,6,17,114,12677,998.3,2012,2012-10-24
10,25,0.0,5.7,12.1,19.8,47,82,98,6,14,147,11470,995.1,2012,2012-10-25
10,26,24.5,7.9,12.2,15.3,78,94,98,6,14,0,2051,988.1,2012,2012-10-26
10,27,23.3,12.1,14.5,16.2,70,97,98,6,39,19,2551,970.2,2012,2012-10-27
10,28,5.1,5.9,8.7,12.7,57,77,94,15,51,359,1691,981.6,2012,2012-10-28
10,29,0.0,0.4,6.7,13.5,30,72,98,8,33,8,9991,991.3,2012,2012-10-29
10,30,0.0,-0.3,4.7,11.2,52,85,98,5,14,246,8469,995.2,2012,2012-10-30
10,31,21.3,5.7,9.6,14.0,48,80,98,10,29,26,4802,989.5,2012,2012-10-31
11,1,42.8,9.3,10.1,11.1,94,98,98,8,28,7,1455,978.0,2012,2012-11-01
11,2,0.1,7.4,11.9,18.8,58,89,98,6,19,257,9360,989.1,2012,2012-11-02
11,3,1.2,8.4,11.8,14.2,89,97,98,5,13,6,3307,996.0,2012,2012-11-03
11,4,58.3,11.7,13.0,17.1,96,98,98,8,25,198,1216,990.6,2012,2012-11-04
11,5,28.4,4.8,13.5,17.8,67,92,99,11,36,169,2845,981.7,2012,2012-11-05
11,6,1.0,4.1,10.2,18.2,50,82,99,8,29,318,9764,995.3,2012,2012-11-06
11,7,0.0,2.8,7.8,14.6,44,81,99,6,18,215,9742,1007.2,2012,2012-11-07
11,8,0.0,3.2,8.1,14.7,54,83,98,6,16,338,9401,1006.3,2012,2012-11-08
11,9,0.0,3.7,8.7,15.2,59,88,98,6,17,51,8849,1001.7,2012,2012-11-09
11,10,7.6,7.5,10.7,12.4,84,92,98,7,22,17,1364,999.2,2012,2012-11-10
11,11,143.1,12.2,14.8,17.5,98,98,98,17,62,150,171,994.6,2012,2012-11-11
11,12,13.1,13.8,14.5,15.4,98,98,98,4,16,163,719,1002.2,2012,2012-11-12
11,13,0.0,8.4,13.2,17.3,68,93,98,6,17,94,4835,1008.5,2012,2012-11-13
11,14,0.0,4.1,9.8,16.4,52,84,99,6,21,119,9037,1008.9,2012,2012-11-14
11,15,0.0,1.8,6.6,13.6,47,84,98,6,15,296,9018,1005.5,2012,2012-11-15
11,16,0.0,1.6,6.2,13.8,50,85,98,6,16,153,8883,1004.2,2012,2012-11-16
11,17,0.0,0.7,5.4,12.4,60,88,98,6,15,344,8582,1001.1,2012,2012-11-17
11,18,0.0,1.1,7.2,11.4,74,90,98,5,14,330,3805,997.9,2012,2012-11-18
11,19,4.3,5.8,10.9,15.2,77,93,98,8,22,2,2064,997.3,2012,2012-11-19
11,20,0.0,4.3,8.9,15.1,67,89,98,6,18,339,5972,999.6,2012,2012-11-20
11,21,0.0,2.7,8.8,16.1,57,86,98,6,17,321,6284,1001.4,2012,2012-11-21
11,22,0.4,4.8,10.3,13.9,74,90,98,6,22,11,1971,1004.2,2012,2012-11-22
11,23,0.0,6.4,10.5,15.3,69,90,98,5,14,321,6170,1004.2,2012,2012-11-23
11,24,0.0,5.9,10.6,14.8,77,94,98,5,14,338,4754,1005.0,2012,2012-11-24
11,25,0.0,6.8,9.6,14.1,81,97,98,4,14,29,4430,1003.0,2012,2012-11-25
11,26,1.0,8.9,10.5,11.5,95,98,98,5,12,346,1089,999.2,2012,2012-11-26
11,27,30.4,10.7,11.6,13.1,98,98,98,8,23,30,872,991.6,2012,2012-11-27
11,28,121.2,10.8,12.4,14.9,93,98,98,12,39,102,508,978.3,2012,2012-11-28
11,29,1.2,8.4,10.9,14.4,49,89,99,9,37,21,6053,973.6,2012,2012-11-29
11,30,0.4,6.2,8.3,11.2,43,71,90,9,27,2,1788,983.9,2012,2012-11-30
12,1,0.8,1.3,5.8,10.3,59,84,98,6,19,21,3688,993.3,2012,2012-12-01
12,2,3.7,1.0,4.4,6.2,88,97,98,6,27,106,1284,990.9,2012,2012-12-02
12,3,0.0,-1.8,3.3,10.7,25,69,95,9,24,219,7885,995.0,2012,2012-12-03
12,4,0.0,-0.8,2.8,6.8,52,85,98,7,19,38,1749,987.2,2012,2012-12-04
12,5,0.0,-1.3,2.9,9.2,61,88,98,6,15,150,5646,985.7,2012,2012-12-05
12,6,0.0,-1.6,3.2,9.4,35,73,98,8,23,18,7737,992.5,2012,2012-12-06
12,7,0.2,-4.3,1.0,4.4,32,63,98,8,26,10,3800,994.1,2012,2012-12-07
12,8,0.0,-3.7,3.0,7.0,25,62,99,15,54,48,1138,990.8,2012,2012-12-08
12,9,0.0,-5.2,-0.1,7.2,25,63,91,7,20,314,7256,1000.8,2012,2012-12-09
12,10,0.0,-3.9,1.9,8.9,34,66,85,9,22,332,7069,992.0,2012,2012-12-10
12,11,0.0,-3.5,1.7,8.4,30,55,76,9,22,330,4607,996.1,2012,2012-12-11
12,12,0.1,-6.7,-1.3,5.7,33,64,87,7,17,202,7248,1004.3,2012,2012-12-12
12,13,0.0,-6.1,0.0,4.6,33,65,86,6,18,337,3620,1005.7,2012,2012-12-13
12,14,12.2,0.6,2.9,4.8,64,93,98,8,20,354,963,1002.0,2012,2012-12-14
12,15,25.5,4.3,5.9,7.4,98,98,98,6,15,18,538,994.9,2012,2012-12-15
12,16,0.0,5.6,6.8,8.6,90,98,98,5,17,331,1724,996.0,2012,2012-12-16
12,17,0.0,0.6,5.6,10.3,72,94,98,6,15,334,3216,992.7,2012,2012-12-17
12,18,0.0,-1.2,3.6,10.5,63,90,99,6,15,334,6010,994.3,2012,2012-12-18
12,19,0.0,-2.0,2.6,10.0,55,84,98,7,18,343,7060,1002.6,2012,2012-12-19
12,20,0.0,-2.0,3.2,9.7,42,75,94,6,19,341,6099,1002.0,2012,2012-12-20
12,21,0.1,-1.1,2.3,6.4,81,93,99,4,12,67,3191,996.9,2012,2012-12-21
12,22,0.0,-2.9,2.4,8.0,70,92,98,5,13,4,6354,1002.2,2012,2012-12-22
12,23,0.0,-1.4,2.7,7.2,84,95,99,6,18,37,3439,1002.2,2012,2012-12-23
12,24,0.2,-0.5,5.0,9.5,79,94,98,6,17,31,5725,1005.1,2012,2012-12-24
12,25,0.0,5.1,6.6,8.1,98,98,98,5,13,344,583,1002.3,2012,2012-12-25
12,26,14.6,4.2,7.9,9.4,98,98,98,5,20,347,499,997.7,2012,2012-12-26
12,27,0.0,0.4,5.4,9.1,88,97,98,5,17,230,5742,999.9,2012,2012-12-27
12,28,0.0,-0.0,3.9,10.1,78,95,99,7,23,315,7110,1003.8,2012,2012-12-28
12,29,0.0,-0.8,4.2,11.8,38,74,95,7,21,339,7104,1009.3,2012,2012-12-29
12,30,0.0,-2.2,2.8,10.8,39,77,97,6,16,339,7166,1006.2,2012,2012-12-30
12,31,0.0,-0.1,5.1,13.4,38,73,95,9,19,315,7189,1006.9,2012,2012-12-31
1,1,0.0,-2.2,3.1,9.4,66,88,98,7,17,328,7102,1000.7,2013,2013-01-01
1,2,2.2,4.0,6.3,8.5,77,93,99,7,21,42,1827,1005.2,2013,2013-01-02
1,3,0.0,0.7,5.2,10.8,63,91,98,6,17,321,6013,1015.0,2013,2013-01-03
1,4,0.0,-0.4,3.8,10.9,69,92,99,6,15,336,4474,1010.8,2013,2013-01-04
1,5,0.0,-0.9,4.3,11.6,67,91,98,7,22,337,6239,1003.0,2013,2013-01-05
1,6,0.0,0.8,5.8,13.0,59,87,98,7,23,323,6667,1002.6,2013,2013-01-06
1,7,0.0,-0.3,5.7,14.7,51,85,98,6,18,314,7210,1004.1,2013,2013-01-07
1,8,0.0,0.9,5.2,8.1,79,93,98,4,12,343,1748,1007.6,2013,2013-01-08
1,9,0.0,1.6,6.4,10.6,63,89,99,5,12,182,4120,1003.8,2013,2013-01-09
1,10,1.2,1.8,5.3,7.9,92,98,98,4,11,292,2585,995.0,2013,2013-01-10
1,11,0.0,-0.6,4.6,10.7,60,88,98,6,18,9,6640,992.0,2013,2013-01-11
1,12,0.0,-0.7,3.1,6.9,60,83,98,5,14,317,4095,998.6,2013,2013-01-12
1,13,4.2,2.1,4.2,5.9,75,93,99,7,22,65,1311,994.8,2013,2013-01-13
1,14,18.4,1.1,3.0,4.5,98,98,99,8,24,56,902,991.8,2013,2013-01-14
1,15,5.4,2.0,4.0,5.3,88,98,98,7,21,29,1956,989.9,2013,2013-01-15
1,16,13.4,1.6,4.1,5.7,75,91,99,17,45,33,877,981.2,2013,2013-01-16
1,17,2.2,0.7,4.5,8.3,43,68,98,16,46,25,4339,982.1,2013,2013-01-17
1,18,0.0,-2.6,4.0,7.9,42,66,98,12,48,4,3417,982.9,2013,2013-01-18
1,19,1.4,-3.5,2.1,6.5,67,87,98,6,18,53,5158,984.6,2013,2013-01-19
1,20,14.0,2.7,6.0,7.8,90,98,98,7,18,3,1005,980.5,2013,2013-01-20
1,21,12.8,6.9,7.7,9.3,98,98,98,5,16,1,1577,977.0,2013,2013-01-21
1,22,25.8,3.2,5.6,7.6,96,98,99,11,33,6,1826,983.8,2013,2013-01-22
1,23,0.0,-0.0,4.7,9.7,67,92,98,8,21,348,7115,989.6,2013,2013-01-23
1,24,0.2,3.9,7.2,11.3,50,75,98,6,28,20,3180,983.3,2013,2013-01-24
1,25,0.0,-3.1,2.9,8.8,56,89,98,6,21,184,8165,990.5,2013,2013-01-25
1,26,0.0,-5.1,-0.7,5.4,56,88,98,6,13,324,8842,995.2,2013,2013-01-26
1,27,0.0,-4.5,0.4,6.8,48,88,99,5,13,238,8123,997.2,2013,2013-01-27
1,28,0.6,0.7,2.2,5.2,62,96,98,6,22,36,2034,999.2,2013,2013-01-28
1,29,0.0,-2.2,3.1,8.5,75,96,98,6,21,163,8385,1004.9,2013,2013-01-29
1,30,0.0,2.1,4.8,6.9,93,98,98,3,13,56,1984,1002.4,2013,2013-01-30
1,31,0.0,2.9,5.4,8.2,91,97,98,4,18,63,4549,1002.2,2013,2013-01-31
2,1,0.0,2.9,6.0,10.5,77,95,98,7,25,11,2262,992.6,2013,2013-02-01
2,2,28.1,5.1,6.5,8.3,44,90,99,15,55,14,579,975.9,2013,2013-02-02
2,3,0.0,-1.7,5.9,12.0,17,63,98,10,30,53,9913,991.4,2013,2013-02-03
2,4,0.0,-0.7,3.9,10.4,39,80,98,8,23,68,10073,999.0,2013,2013-02-04
2,5,0.0,0.4,4.4,7.2,75,95,98,7,18,332,2354,993.0,2013,2013-02-05
2,6,0.2,-3.1,3.3,7.6,60,96,99,12,42,11,3376,981.1,2013,2013-02-06
2,7,0.0,-2.7,1.8,8.7,48,87,99,8,19,195,10020,986.9,2013,2013-02-07
2,8,0.0,-4.4,0.7,7.6,33,76,98,7,17,149,10927,992.3,2013,2013-02-08
2,9,0.0,-4.6,-0.4,4.9,53,88,98,6,16,164,7183,996.3,2013,2013-02-09
2,10,0.0,-6.3,-0.7,5.4,38,81,99,7,21,187,11534,996.7,2013,2013-02-10
2,11,22.0,-3.1,0.6,3.0,79,98,98,12,29,12,3097,991.0,2013,2013-02-11
2,12,15.9,-1.1,2.3,7.9,72,96,98,9,22,54,7066,987.3,2013,2013-02-12
2,13,0.0,-3.3,3.9,7.8,47,75,98,9,34,23,6795,994.1,2013,2013-02-13
2,14,0.0,-1.1,5.2,11.2,47,77,98,8,23,13,9323,999.1,2013,2013-02-14
2,15,0.0,0.6,4.7,10.4,56,88,98,6,17,147,10136,998.8,2013,2013-02-15
2,16,0.0,-1.1,5.1,11.5,45,83,99,6,19,185,12777,1002.6,2013,2013-02-16
2,17,0.0,0.1,5.1,10.9,43,82,98,6,20,134,10744,1002.0,2013,2013-02-17
2,18,0.0,-2.6,3.2,10.8,42,80,99,6,20,145,11208,1000.9,2013,2013-02-18
2,19,0.0,-3.1,1.9,8.4,51,85,98,6,19,186,10635,997.9,2013,2013-02-19
2,20,0.4,-1.9,4.1,9.9,49,83,99,7,23,96,9106,996.5,2013,2013-02-20
2,21,0.0,-0.9,2.9,6.0,49,72,98,12,30,101,6560,994.9,2013,2013-02-21
2,22,0.0,-0.4,2.6,6.7,37,63,98,10,28,112,8406,987.7,2013,2013-02-22
2,23,7.7,-1.7,3.2,6.2,53,83,98,10,41,16,8020,985.6,2013,2013-02-23
2,24,6.2,1.8,4.3,6.7,98,98,98,9,31,19,2399,989.3,2013,2013-02-24
2,25,0.1,0.5,5.0,10.4,51,84,98,10,22,20,10692,999.6,2013,2013-02-25
2,26,0.6,-1.8,6.6,13.0,36,70,98,8,23,325,11848,1001.4,2013,2013-02-26
2,27,0.3,4.5,7.9,12.4,81,97,98,5,14,128,7285,1004.0,2013,2013-02-27
2,28,0.0,1.3,7.6,14.7,51,88,99,5,14,185,11629,1005.4,2013,2013-02-28
3,1,0.0,0.6,6.7,13.2,63,90,98,5,21,77,14147,1001.2,2013,2013-03-01
3,2,0.0,-0.3,6.1,12.8,55,87,98,6,17,172,14523,1000.9,2013,2013-03-02
3,3,0.0,-1.5,6.0,14.8,43,82,98,7,17,324,15724,999.9,2013,2013-03-03
3,4,0.0,-0.3,7.4,15.9,25,70,98,8,19,319,16385,1003.0,2013,2013-03-04
3,5,0.0,-1.1,7.7,14.6,27,71,98,6,21,346,12584,1004.1,2013,2013-03-05
3,6,29.7,6.3,8.9,10.4,65,95,99,9,19,1,2403,995.4,2013,2013-03-06
3,7,6.0,8.7,10.4,12.3,94,98,98,6,18,80,3274,988.0,2013,2013-03-07
3,8,0.9,9.2,10.7,12.8,87,94,98,4,10,125,3797,986.2,2013,2013-03-08
3,9,29.0,7.2,10.2,12.6,83,92,98,6,19,160,2968,984.5,2013,2013-03-09
3,10,11.8,8.8,10.2,12.3,85,92,98,6,15,268,6270,982.2,2013,2013-03-10
3,11,8.7,3.5,10.1,15.4,63,92,98,9,36,34,14254,981.2,2013,2013-03-11
3,12,8.5,6.9,9.6,14.1,78,90,98,7,22,1,8470,979.9,2013,2013-03-12
3,13,3.2,5.8,8.1,10.2,82,89,98,6,25,74,3164,978.3,2013,2013-03-13
3,14,2.2,5.1,7.7,10.5,30,53,98,22,48,30,5389,975.4,2013,2013-03-14
3,15,0.4,0.3,5.8,10.8,17,47,98,12,34,15,16333,988.2,2013,2013-03-15
3,16,0.0,-3.3,3.3,7.9,45,81,98,8,26,251,14556,1001.6,2013,2013-03-16
3,17,2.4,3.0,4.7,7.1,73,91,98,7,20,27,5340,998.1,2013,2013-03-17
3,18,66.0,3.6,5.6,7.8,86,91,96,15,41,206,920,979.0,2013,2013-03-18
3,19,0.1,1.3,7.4,12.7,67,90,98,6,18,123,15568,983.2,2013,2013-03-19
3,20,1.5,3.2,8.9,13.9,55,88,98,7,20,117,12006,989.2,2013,2013-03-20
3,21,0.2,4.5,11.0,17.3,23,62,98,9,27,225,20004,990.7,2013,2013-03-21
3,22,0.0,0.6,8.4,15.2,26,63,98,9,30,235,20236,994.2,2013,2013-03-22
3,23,4.6,1.8,7.7,13.5,41,81,98,7,18,92,10920,995.0,2013,2013-03-23
3,24,9.5,4.3,5.9,8.0,93,96,98,8,25,76,4176,992.9,2013,2013-03-24
3,25,9.7,2.5,4.1,5.6,84,97,98,9,26,72,2809,985.3,2013,2013-03-25
3,26,0.2,1.2,3.6,5.7,78,97,98,5,14,128,7763,986.3,2013,2013-03-26
3,27,0.0,0.6,3.8,6.4,77,93,98,4,17,270,8572,991.4,2013,2013-03-27
3,28,12.5,1.4,6.3,11.2,54,85,98,6,22,12,13824,994.6,2013,2013-03-28
3,29,5.3,6.0,7.5,9.4,93,97,98,5,15,0,3644,988.4,2013,2013-03-29
3,30,33.0,5.8,9.4,13.1,93,97,98,11,37,21,7163,982.0,2013,2013-03-30
3,31,16.8,6.6,8.6,11.1,85,97,98,9,28,5,5729,980.2,2013,2013-03-31
4,1,0.0,5.2,8.5,13.2,53,83,98,8,27,136,18003,987.9,2013,2013-04-01
4,2,0.0,5.5,9.1,14.0,49,78,98,8,30,124,11431,984.4,2013,2013-04-02
4,3,0.1,6.0,9.7,14.1,63,89,98,7,22,173,14778,987.5,2013,2013-04-03
4,4,3.4,7.1,9.0,12.3,77,95,98,5,22,6,8206,990.9,2013,2013-04-04
4,5,18.9,7.8,9.5,11.7,89,98,98,11,40,346,3707,984.3,2013,2013-04-05
4,6,1.0,8.0,11.2,16.3,56,87,98,6,19,152,14632,992.1,2013,2013-04-06
4,7,0.0,4.6,10.0,14.5,52,78,98,8,32,235,17379,993.9,2013,2013-04-07
4,8,0.2,6.2,8.3,11.8,51,77,98,6,20,207,13558,992.4,2013,2013-04-08
4,9,3.6,5.5,9.4,13.6,65,91,98,7,27,187,12415,991.0,2013,2013-04-09
4,10,0.2,7.4,10.5,15.6,59,92,98,5,19,225,12982,993.5,2013,2013-04-10
4,11,3.3,8.6,11.9,15.6,66,95,98,5,21,185,9005,995.8,2013,2013-04-11
4,12,13.7,10.3,12.1,15.6,88,93,98,7,18,24,4352,992.1,2013,2013-04-12
4,13,3.9,9.2,14.5,20.6,44,79,98,8,23,120,20727,1000.4,2013,2013-04-13
4,14,0.0,8.2,15.8,22.2,44,77,98,8,23,237,23238,1007.4,2013,2013-04-14
4,15,0.0,9.6,16.8,23.0,46,79,98,7,20,144,23347,1003.8,2013,2013-04-15
4,16,0.0,10.9,16.8,22.9,38,71,98,8,24,190,21264,1003.3,2013,2013-04-16
4,17,0.0,10.7,17.5,24.8,41,78,98,6,21,229,19549,1003.7,2013,2013-04-17
4,18,0.0,11.2,18.9,26.2,42,76,98,6,22,222,23054,999.9,2013,2013-04-18
4,19,0.0,14.3,19.7,26.3,41,76,98,6,44,134,18514,995.8,2013,2013-04-19
4,20,0.7,14.8,16.6,19.8,53,78,98,12,35,326,5906,997.5,2013,2013-04-20
4,21,0.3,12.9,17.6,24.7,30,66,98,10,36,121,16540,995.9,2013,2013-04-21
4,22,10.1,10.9,13.3,15.7,70,97,98,8,23,230,4422,995.9,2013,2013-04-22
4,23,0.1,10.0,14.1,20.2,48,87,98,6,21,346,18850,1004.1,2013,2013-04-23
4,24,0.0,6.5,15.3,22.4,40,77,98,7,25,220,25939,1009.6,2013,2013-04-24
4,25,0.0,8.2,17.1,24.6,38,78,98,6,19,190,25287,1006.1,2013,2013-04-25
4,26,0.2,11.7,17.9,23.5,47,77,98,7,29,231,17638,997.6,2013,2013-04-26
4,27,43.7,11.4,14.9,17.5,76,97,98,9,37,154,5381,989.8,2013,2013-04-27
4,28,16.4,13.0,16.7,21.9,63,95,98,8,37,150,15035,994.7,2013,2013-04-28
4,29,0.2,14.8,17.7,21.0,79,95,98,6,19,349,10041,1000.4,2013,2013-04-29
4,30,0.2,14.1,18.8,23.2,42,86,98,6,27,219,11898,1000.0,2013,2013-04-30
5,1,0.1,13.7,20.9,27.7,34,72,98,6,21,355,17527,999.2,2013,2013-05-01
5,2,10.1,14.9,17.5,21.4,81,97,98,6,23,116,9564,996.2,2013,2013-05-02
5,3,0.1,14.4,17.7,23.1,61,94,98,6,23,228,16485,994.5,2013,2013-05-03
5,4,0.0,14.5,19.9,25.8,41,82,99,6,21,155,23819,995.6,2013,2013-05-04
5,5,4.0,15.5,19.8,25.8,41,76,98,10,28,106,19320,998.2,2013,2013-05-05
5,6,17.3,14.4,16.8,20.1,85,97,98,9,29,350,7067,996.9,2013,2013-05-06
5,7,0.6,14.8,18.4,24.7,59,92,98,7,28,93,16723,994.6,2013,2013-05-07
5,8,2.8,12.8,18.5,25.7,44,86,98,6,30,260,23486,995.4,2013,2013-05-08
5,9,0.0,14.4,21.4,27.8,33,71,98,6,17,192,27452,994.8,2013,2013-05-09
5,10,19.2,15.1,18.6,21.8,79,95,98,6,20,3,7870,992.6,2013,2013-05-10
5,11,31.5,12.8,14.4,16.1,74,94,98,12,37,21,4096,992.4,2013,2013-05-11
5,12,4.4,10.7,15.1,22.6,40,85,98,10,44,9,19747,993.3,2013,2013-05-12
5,13,0.0,8.2,15.5,21.2,31,73,98,8,24,244,25610,996.9,2013,2013-05-13
5,14,0.0,9.7,16.5,22.3,43,76,98,7,23,175,21110,994.8,2013,2013-05-14
5,15,0.0,11.2,18.9,24.9,26,68,98,8,28,164,26394,989.5,2013,2013-05-15
5,16,59.3,13.3,15.2,17.7,60,91,98,10,28,344,1961,985.4,2013,2013-05-16
5,17,25.0,11.2,14.7,17.4,98,98,99,8,26,9,4753,985.8,2013,2013-05-17
5,18,0.1,9.8,16.1,22.3,39,81,98,8,32,178,27914,995.2,2013,2013-05-18
5,19,17.0,11.2,14.9,18.4,80,96,98,8,25,348,7670,992.7,2013,2013-05-19
5,20,12.0,9.2,13.8,21.2,56,88,98,9,41,180,20417,996.4,2013,2013-05-20
5,21,4.4,8.9,14.6,20.4,50,85,98,10,45,300,19811,994.9,2013,2013-05-21
5,22,0.1,9.2,16.4,21.8,43,79,98,6,18,349,26431,987.4,2013,2013-05-22
5,23,5.1,11.6,17.0,23.2,32,72,98,10,30,356,17252,983.2,2013,2013-05-23
5,24,32.9,8.4,10.0,13.1,75,97,98,16,47,19,8072,987.7,2013,2013-05-24
5,25,7.5,8.4,10.1,13.3,88,98,98,10,27,353,8850,990.0,2013,2013-05-25
5,26,8.0,7.2,12.0,17.9,44,91,99,8,32,335,18753,991.6,2013,2013-05-26
5,27,12.8,9.8,14.7,19.2,60,91,98,7,21,179,16479,992.2,2013,2013-05-27
5,28,0.7,13.2,15.2,18.6,73,95,98,8,20,20,8108,989.5,2013,2013-05-28
5,29,17.7,11.8,14.3,20.9,60,96,98,8,41,178,13846,984.1,2013,2013-05-29
5,30,9.4,10.9,12.3,14.0,94,98,98,5,20,256,7704,984.7,2013,2013-05-30
5,31,1.6,10.7,12.3,14.5,98,98,98,8,23,148,7562,983.4,2013,2013-05-31
6,1,0.5,8.9,15.1,20.0,62,91,98,8,29,254,20103,986.9,2013,2013-06-01
6,2,0.0,13.8,16.6,19.6,80,96,98,5,20,173,13347,990.8,2013,2013-06-02
6,3,1.3,14.1,19.1,23.9,44,77,98,8,25,354,24630,995.0,2013,2013-06-03
6,4,0.1,14.6,19.8,25.3,42,75,98,7,26,184,27176,994.5,2013,2013-06-04
6,5,11.4,14.5,18.6,26.1,45,86,98,8,44,141,24078,996.8,2013,2013-06-05
6,6,4.9,13.7,19.0,25.5,48,83,98,7,30,101,23980,998.6,2013,2013-06-06
6,7,0.0,13.3,21.1,27.7,38,77,98,6,22,233,29792,997.5,2013,2013-06-07
6,8,0.0,16.8,21.4,27.9,42,79,98,8,41,112,23551,995.1,2013,2013-06-08
6,9,3.9,15.3,19.8,26.6,53,86,98,8,57,141,20729,992.2,2013,2013-06-09
6,10,19.7,14.4,17.3,22.6,63,94,98,6,35,160,18010,990.5,2013,2013-06-10
6,11,0.3,13.3,19.4,25.4,51,84,98,6,21,196,23665,993.2,2013,2013-06-11
6,12,0.0,15.6,22.1,27.9,38,75,98,7,20,228,27606,997.5,2013,2013-06-12
6,13,0.0,15.2,22.9,29.4,29,66,98,7,22,176,30803,998.5,2013,2013-06-13
6,14,0.0,15.6,23.8,30.5,36,71,98,6,20,185,28822,996.0,2013,2013-06-14
6,15,0.0,18.1,24.8,31.0,31,69,98,6,26,203,28482,995.3,2013,2013-06-15
6,16,0.0,19.2,25.6,31.4,42,75,98,7,32,236,27168,996.4,2013,2013-06-16
6,17,0.0,19.8,26.8,32.9,43,75,98,6,19,231,27236,996.5,2013,2013-06-17
6,18,0.0,21.4,27.8,34.0,45,76,98,5,23,230,27134,995.9,2013,2013-06-18
6,19,0.0,21.3,28.0,34.7,36,73,98,6,27,170,27537,995.7,2013,2013-06-19
6,20,0.0,21.6,27.6,33.8,43,76,99,7,27,172,27745,994.4,2013,2013-06-20
6,21,0.0,20.6,26.5,31.6,36,73,98,8,35,171,27536,994.0,2013,2013-06-21
6,22,0.0,19.6,23.6,28.6,50,78,98,8,32,152,15163,994.4,2013,2013-06-22
6,23,4.9,18.4,23.2,29.3,53,83,98,8,38,164,21890,992.7,2013,2013-06-23
6,24,21.6,15.1,18.4,21.5,49,78,98,14,44,5,9322,992.8,2013,2013-06-24
6,25,0.0,14.7,19.0,24.3,44,76,98,7,33,146,19101,997.2,2013,2013-06-25
6,26,0.5,12.9,18.2,24.9,39,75,98,8,32,108,22916,1001.8,2013,2013-06-26
6,27,1.8,12.5,18.2,23.6,33,71,99,6,23,341,23826,1001.8,2013,2013-06-27
6,28,0.5,13.9,17.5,23.0,36,74,98,9,26,338,17808,999.9,2013,2013-06-28
6,29,0.0,11.6,19.0,25.4,31,69,98,-,12,348,26510,998.0,2013,2013-06-29
6,30,0.0,12.4,21.6,27.9,32,63,98,-,0,31,30586,998.3,2013,2013-06-30
7,1,0.0,16.5,21.9,27.8,35,70,98,0,0,25,20968,999.6,2013,2013-07-01
7,2,2.2,15.4,22.1,29.1,40,74,98,0,98,202,25872,998.0,2013,2013-07-02
7,3,1.0,16.4,23.2,29.6,39,75,98,3,28,213,25338,995.3,2013,2013-07-03
7,4,0.0,19.4,24.3,31.8,24,72,98,5,21,26,18453,997.0,2013,2013-07-04
7,5,0.0,19.1,25.5,32.6,33,64,98,8,26,118,28479,1001.2,2013,2013-07-05
7,6,0.0,20.6,25.7,32.6,29,66,98,6,26,80,28307,1001.8,2013,2013-07-06
7,7,0.0,18.8,25.1,31.1,41,72,98,7,25,137,23672,1002.7,2013,2013-07-07
7,8,1.3,19.4,25.7,31.4,41,71,98,6,42,298,26811,1002.5,2013,2013-07-08
7,9,11.4,19.2,25.8,32.0,36,71,98,8,42,345,27637,998.8,2013,2013-07-09
7,10,2.9,18.8,23.6,30.7,29,81,98,8,40,335,14274,994.1,2013,2013-07-10
7,11,8.7,18.6,24.5,31.7,38,76,98,8,40,52,26887,991.9,2013,2013-07-11
7,12,0.0,17.8,23.2,28.3,45,78,99,5,20,87,26451,996.5,2013,2013-07-12
7,13,4.7,18.5,23.0,29.6,45,81,98,7,43,0,25063,997.0,2013,2013-07-13
7,14,0.0,17.6,23.5,29.2,38,75,98,7,21,238,27075,998.0,2013,2013-07-14
7,15,0.0,17.5,23.9,30.2,46,79,98,6,21,167,24958,998.0,2013,2013-07-15
7,16,0.0,18.6,23.8,29.2,40,75,98,6,21,228,27512,1000.9,2013,2013-07-16
7,17,0.0,17.6,24.0,29.9,40,73,98,6,22,272,27994,1000.5,2013,2013-07-17
7,18,0.0,18.6,25.0,31.7,31,68,99,6,21,161,27082,999.0,2013,2013-07-18
7,19,0.1,18.3,25.3,32.9,28,65,98,6,18,69,26643,996.9,2013,2013-07-19
7,20,0.0,19.1,26.5,33.5,30,63,98,6,20,238,27591,995.3,2013,2013-07-20
7,21,3.6,19.7,25.1,31.8,41,75,98,8,30,32,26638,997.9,2013,2013-07-21
7,22,0.0,18.3,25.4,31.8,40,72,98,6,21,252,28130,996.3,2013,2013-07-22
7,24,0.0,19.6,24.4,31.4,47,82,98,5,25,2,16052,994.7,2013,2013-07-24
7,25,0.0,18.8,26.0,33.2,37,72,98,6,19,210,27900,995.7,2013,2013-07-25
7,26,0.0,20.2,26.9,33.8,42,76,98,7,23,164,26264,995.3,2013,2013-07-26
7,27,0.0,21.4,27.6,34.4,46,78,98,6,24,165,23897,993.5,2013,2013-07-27
7,28,0.0,22.1,27.9,34.7,55,81,98,6,25,207,24259,994.6,2013,2013-07-28
7,29,17.5,17.1,24.0,32.5,41,84,98,10,74,226,14538,995.4,2013,2013-07-29
7,30,0.1,15.8,23.3,30.4,29,74,98,6,22,263,27983,997.3,2013,2013-07-30
7,31,0.0,17.6,24.7,30.9,35,70,98,7,24,225,27741,998.6,2013,2013-07-31
8,1,0.0,18.2,25.5,32.0,40,72,98,7,20,188,27675,998.4,2013,2013-08-01
8,2,0.0,18.2,26.5,34.5,34,74,98,6,21,215,27356,997.5,2013,2013-08-02
8,3,0.0,18.9,26.8,34.4,47,80,98,5,14,156,26059,996.9,2013,2013-08-03
8,4,0.1,21.7,28.3,35.9,36,77,98,6,15,213,25988,996.8,2013,2013-08-04
8,5,0.0,21.0,28.4,36.8,29,65,98,7,21,126,26199,996.1,2013,2013-08-05
8,6,0.0,20.5,28.3,36.3,32,67,98,7,25,193,26096,994.1,2013,2013-08-06
8,7,0.0,21.6,28.0,36.0,30,73,98,6,18,156,23098,993.1,2013,2013-08-07
8,8,0.0,21.4,27.5,34.5,40,68,98,7,18,138,19519,993.8,2013,2013-08-08
8,9,1.2,21.4,25.7,33.2,39,69,96,9,36,3,12903,992.4,2013,2013-08-09
8,10,0.0,18.4,24.3,30.0,30,52,78,12,44,354,15768,995.2,2013,2013-08-10
8,11,0.0,15.2,23.5,31.4,23,61,98,7,21,252,26660,996.6,2013,2013-08-11
8,12,0.0,17.2,24.6,32.5,26,60,98,8,27,152,25696,995.8,2013,2013-08-12
8,13,58.3,16.4,23.0,32.5,42,80,98,9,57,355,21829,994.8,2013,2013-08-13
8,14,12.7,15.4,19.3,24.2,59,92,98,6,22,38,10429,999.4,2013,2013-08-14
8,15,0.1,13.8,20.9,28.2,33,72,98,6,24,104,25466,1001.3,2013,2013-08-15
8,16,0.0,14.7,21.8,29.2,34,70,98,6,17,30,25490,999.8,2013,2013-08-16
8,17,0.0,15.6,23.0,30.2,37,70,98,8,19,240,25050,997.2,2013,2013-08-17
8,18,0.0,15.5,23.6,31.2,36,71,98,6,18,260,24880,996.9,2013,2013-08-18
8,19,11.1,16.1,22.9,30.4,50,75,98,10,45,27,22718,996.1,2013,2013-08-19
8,20,2.0,16.5,20.3,24.9,42,65,98,13,39,45,8491,1000.2,2013,2013-08-20
8,21,0.0,14.3,21.4,29.0,34,71,98,5,19,138,23101,1000.7,2013,2013-08-21
8,22,0.0,14.7,21.8,29.0,38,73,98,7,20,144,24007,997.9,2013,2013-08-22
8,23,1.1,15.3,22.1,28.9,42,75,98,8,45,341,19663,995.8,2013,2013-08-23
8,24,7.8,14.7,21.3,27.8,43,80,98,5,19,356,22144,993.3,2013,2013-08-24
8,25,26.0,15.9,19.2,24.6,77,96,98,8,30,85,10694,989.7,2013,2013-08-25
8,26,2.4,15.7,19.3,24.1,65,88,98,9,26,343,14499,992.1,2013,2013-08-26
8,27,2.3,15.2,19.6,25.4,57,87,98,6,26,347,16494,992.1,2013,2013-08-27
8,28,1.0,15.1,19.5,26.2,45,88,99,5,15,340,13381,993.8,2013,2013-08-28
8,29,0.1,14.6,19.9,26.4,46,83,98,6,19,195,20309,999.9,2013,2013-08-29
8,30,0.0,14.9,20.4,26.6,43,79,99,6,17,263,22275,1000.3,2013,2013-08-30
8,31,0.0,13.9,20.7,28.2,40,76,98,6,19,152,22152,1000.0,2013,2013-08-31
9,1,1.1,14.3,19.9,27.3,43,85,98,6,22,15,14706,1000.6,2013,2013-09-01
9,2,0.4,15.1,20.4,26.7,43,78,98,6,19,181,19987,1002.7,2013,2013-09-02
9,3,0.1,13.4,20.6,28.4,47,80,98,5,13,162,22087,1003.8,2013,2013-09-03
9,4,0.0,15.7,21.7,28.6,46,80,98,6,17,137,21739,1003.3,2013,2013-09-04
9,5,0.1,15.3,21.8,29.2,46,81,98,5,15,152,19420,997.8,2013,2013-09-05
9,6,0.0,16.3,22.1,28.6,49,82,98,5,15,91,16527,995.1,2013,2013-09-06
9,7,0.0,17.9,22.8,29.4,53,82,98,5,17,225,18752,998.1,2013,2013-09-07
9,8,11.0,17.4,22.9,28.8,51,84,98,5,24,148,14207,999.3,2013,2013-09-08
9,9,30.0,16.7,21.2,28.4,55,88,98,8,36,14,17116,995.7,2013,2013-09-09
9,10,31.6,16.5,19.7,25.1,62,89,98,8,37,332,15959,994.9,2013,2013-09-10
9,11,3.3,10.9,15.6,21.0,55,84,98,9,39,27,8061,994.9,2013,2013-09-11
9,12,2.5,9.7,15.1,23.3,38,85,99,7,50,192,15547,995.5,2013,2013-09-12
9,13,0.0,11.0,15.7,22.5,48,83,98,5,14,358,12249,999.1,2013,2013-09-13
9,14,0.0,9.9,16.9,23.6,53,82,98,5,18,179,19157,998.4,2013,2013-09-14
9,15,27.6,15.4,18.2,22.7,72,92,98,5,19,23,8175,993.4,2013,2013-09-15
9,16,0.7,13.1,18.4,24.6,59,88,98,5,28,246,15801,985.9,2013,2013-09-16
9,17,4.7,11.0,16.8,22.3,31,75,98,8,42,4,18431,983.7,2013,2013-09-17
9,18,0.0,11.2,15.1,19.9,61,89,98,6,15,30,8421,987.1,2013,2013-09-18
9,19,0.0,11.5,18.7,24.8,44,75,98,6,19,100,19253,989.1,2013,2013-09-19
9,20,0.0,12.7,18.2,23.2,51,80,98,5,19,148,16015,996.9,2013,2013-09-20
9,21,0.0,11.6,18.1,25.4,41,81,98,5,15,137,16287,1002.5,2013,2013-09-21
9,22,0.0,11.8,17.3,23.4,49,83,98,6,18,220,17109,1005.9,2013,2013-09-22
9,23,0.1,10.7,17.0,24.4,55,85,98,5,14,183,18150,1001.5,2013,2013-09-23
9,24,0.2,11.5,17.8,24.2,61,90,98,5,17,176,14628,996.9,2013,2013-09-24
9,25,0.0,16.0,19.5,24.1,69,94,98,4,14,18,6758,994.9,2013,2013-09-25
9,26,0.1,15.6,19.5,24.5,69,92,98,5,16,121,8731,995.0,2013,2013-09-26
9,27,0.2,18.2,20.0,23.5,67,91,98,4,15,107,7425,995.2,2013,2013-09-27
9,28,0.0,17.9,19.8,23.0,79,94,98,4,15,69,6723,993.6,2013,2013-09-28
9,29,29.3,13.7,16.9,19.2,85,98,98,6,24,61,3183,989.3,2013,2013-09-29
9,30,1.0,9.9,13.6,16.7,80,95,98,5,22,100,5653,987.0,2013,2013-09-30
10,1,0.5,8.3,14.8,20.8,54,85,98,5,19,184,14611,990.9,2013,2013-10-01
10,2,0.1,11.0,15.2,20.3,56,80,98,5,28,262,14448,999.3,2013,2013-10-02
10,3,0.0,9.2,12.7,16.5,50,70,98,4,15,121,8899,1008.1,2013,2013-10-03
10,4,0.0,7.1,11.1,16.6,41,77,98,4,13,28,10199,1009.3,2013,2013-10-04
10,5,1.0,6.4,11.6,15.2,74,95,98,5,15,70,4073,1004.3,2013,2013-10-05
10,6,0.0,11.4,16.1,20.1,71,92,98,4,14,344,5660,1002.7,2013,2013-10-06
10,7,0.6,13.7,16.9,20.6,58,85,98,5,19,111,6671,1003.9,2013,2013-10-07
10,8,5.9,11.7,15.2,20.5,62,92,98,5,18,116,5913,1003.9,2013,2013-10-08
10,9,1.2,13.4,15.8,19.8,73,94,98,4,15,355,6217,999.4,2013,2013-10-09
10,10,4.2,14.3,15.7,17.9,98,98,98,6,39,163,1775,990.1,2013,2013-10-10
10,11,0.5,7.9,13.6,18.6,40,86,98,8,32,232,11017,993.8,2013,2013-10-11
10,12,18.5,8.1,11.8,18.4,62,93,98,7,25,334,6543,1000.3,2013,2013-10-12
10,13,0.0,7.4,13.3,20.7,41,84,98,6,18,97,12385,1003.2,2013,2013-10-13
10,14,0.0,8.2,13.2,18.2,62,89,98,4,11,328,8142,1002.6,2013,2013-10-14
10,15,0.1,10.5,14.3,18.3,70,94,98,4,16,168,6950,996.8,2013,2013-10-15
10,16,0.1,8.8,13.9,20.9,48,89,98,6,19,227,12351,990.4,2013,2013-10-16
10,17,0.0,6.4,12.4,20.4,50,85,98,6,14,354,12410,997.4,2013,2013-10-17
10,18,0.0,6.7,12.6,20.7,54,86,98,6,15,196,12738,999.6,2013,2013-10-18
10,19,0.0,7.7,13.7,20.8,51,86,98,5,15,154,11543,1004.2,2013,2013-10-19
10,20,5.6,8.8,14.1,17.4,77,94,98,5,12,34,3464,1005.9,2013,2013-10-20
10,21,0.2,13.8,16.5,21.3,78,95,98,5,19,157,7340,1004.1,2013,2013-10-21
10,22,2.2,15.4,16.4,17.9,98,98,98,3,8,35,1374,1002.8,2013,2013-10-22
10,23,3.9,16.1,17.0,18.5,74,98,98,3,17,149,1952,1001.5,2013,2013-10-23
10,24,21.6,14.2,16.8,21.0,81,97,98,6,28,160,4801,1003.4,2013,2013-10-24
10,25,0.1,13.6,17.1,21.4,86,97,98,5,17,243,8008,1004.7,2013,2013-10-25
10,26,0.3,15.7,16.9,18.9,96,98,98,3,13,187,3024,1005.4,2013,2013-10-26
10,27,4.2,15.3,16.0,16.6,98,98,98,4,12,186,1005,1002.9,2013,2013-10-27
10,28,0.8,14.7,16.9,19.2,86,95,98,4,13,0,2519,999.1,2013,2013-10-28
10,29,24.2,15.7,17.3,19.5,80,88,98,5,25,256,1976,997.7,2013,2013-10-29
10,30,0.4,12.6,16.4,20.3,77,88,96,5,19,79,4569,1001.4,2013,2013-10-30
10,31,0.0,9.4,14.0,20.1,45,80,97,6,19,121,10865,1006.6,2013,2013-10-31
11,1,0.0,10.8,13.9,19.1,53,-,98,4,14,175,8995,1004.6,2013,2013-11-01
11,2,1.0,11.7,12.8,14.3,79,-,92,4,10,59,1131,999.5,2013,2013-11-02
11,3,20.6,10.1,13.4,15.6,75,-,84,4,12,176,1538,992.0,2013,2013-11-03
11,4,17.6,10.3,12.6,15.1,73,-,90,5,13,24,3492,987.0,2013,2013-11-04
11,5,5.6,10.1,13.0,18.1,69,-,91,4,18,200,8220,980.7,2013,2013-11-05
11,6,0.0,7.9,12.0,17.3,68,-,94,5,13,317,9143,989.4,2013,2013-11-06
11,7,0.0,6.3,11.5,17.6,12,-,94,6,15,122,8862,999.1,2013,2013-11-07
11,8,2.6,10.9,13.8,16.9,57,79,92,4,12,18,3295,999.8,2013,2013-11-08
11,9,14.5,11.0,14.8,19.0,75,92,98,6,19,172,3904,993.4,2013,2013-11-09
11,10,0.0,9.5,12.1,15.2,11,70,87,8,40,56,4607,988.5,2013,2013-11-10
11,11,0.0,13.1,15.4,18.7,8,12,26,26,64,12,5031,995.0,2013,2013-11-11
11,12,0.0,7.2,13.6,19.4,21,49,84,6,24,28,6933,1003.4,2013,2013-11-12
11,13,0.0,7.3,13.0,19.3,40,63,84,5,19,314,6112,1003.3,2013,2013-11-13
11,14,9.6,5.7,10.1,13.9,48,73,93,4,16,9,4071,1000.9,2013,2013-11-14
11,15,12.4,8.3,9.7,12.2,60,77,91,11,39,36,646,1003.1,2013,2013-11-15
11,16,0.0,4.4,9.3,16.1,39,72,92,6,19,121,8933,1008.1,2013,2013-11-16
11,17,0.0,2.7,7.9,15.0,39,70,90,7,19,115,8566,1006.7,2013,2013-11-17
11,18,0.0,4.5,10.8,15.8,48,69,86,6,15,77,4996,1000.3,2013,2013-11-18
11,19,67.2,8.6,10.8,12.4,75,87,92,11,31,251,510,989.0,2013,2013-11-19
11,20,5.2,7.4,10.8,15.7,53,83,95,6,21,173,6335,984.9,2013,2013-11-20
11,21,22.4,6.8,8.2,10.2,74,87,96,8,23,110,2986,984.0,2013,2013-11-21
11,22,17.2,2.7,6.7,13.4,43,74,90,9,35,16,5273,985.3,2013,2013-11-22
11,23,21.1,7.2,9.4,11.4,56,75,93,11,31,342,925,985.3,2013,2013-11-23
11,24,0.0,4.9,8.8,12.9,58,78,90,6,15,354,3882,990.4,2013,2013-11-24
11,25,0.0,1.6,7.0,10.8,7,17,76,20,49,22,8791,999.2,2013,2013-11-25
11,26,0.0,1.1,5.3,9.4,7,8,13,17,37,26,8547,1005.0,2013,2013-11-26
11,27,0.0,-3.2,3.5,9.8,7,31,72,9,32,21,3714,1010.6,2013,2013-11-27
11,28,0.0,-3.9,1.0,8.2,14,54,78,6,15,322,7894,1013.9,2013,2013-11-28
11,29,0.0,-3.9,1.7,9.2,12,56,76,5,12,6,7910,1008.6,2013,2013-11-29
11,30,0.0,-0.6,4.1,9.1,41,59,79,7,24,36,2836,1002.1,2013,2013-11-30
12,1,0.0,-1.4,4.2,12.2,20,50,71,7,27,122,7900,1005.7,2013,2013-12-01
12,2,0.0,-1.5,3.8,11.6,23,50,71,8,24,120,7713,1010.9,2013,2013-12-02
12,3,0.0,-1.9,3.3,12.0,19,55,75,6,16,333,7565,1012.8,2013,2013-12-03
12,4,0.0,-2.9,2.3,11.3,24,60,79,6,18,327,7731,1008.1,2013,2013-12-04
12,5,0.0,-2.2,3.9,13.6,21,63,91,6,20,112,7037,1004.8,2013,2013-12-05
12,6,0.0,-2.0,3.6,10.1,62,82,98,9,19,17,5158,997.5,2013,2013-12-06
12,7,0.0,-1.6,3.5,10.7,32,72,98,8,17,338,6716,1006.8,2013,2013-12-07
12,8,0.0,1.1,5.0,11.9,51,75,90,9,19,340,4726,1011.9,2013,2013-12-08
12,9,0.0,1.2,3.9,6.4,76,86,95,6,13,347,1800,1013.7,2013,2013-12-09
12,10,0.0,1.2,5.6,14.3,55,82,96,7,16,321,6626,1017.9,2013,2013-12-10
12,11,0.0,0.7,5.1,12.8,53,83,98,7,17,323,6629,1018.7,2013,2013-12-11
12,12,0.0,-0.1,4.2,11.4,61,86,98,8,17,325,6720,1015.1,2013,2013-12-12
12,13,0.0,-1.6,3.1,12.0,61,88,98,5,13,341,6947,1009.4,2013,2013-12-13
12,14,0.0,-3.3,0.5,6.3,82,97,98,5,13,151,5821,1012.0,2013,2013-12-14
12,15,0.0,-0.6,5.2,14.2,31,76,98,7,17,323,6978,1016.6,2013,2013-12-15
12,16,0.0,-1.0,4.2,12.7,43,75,92,8,17,322,7060,1018.8,2013,2013-12-16
12,17,0.0,-2.7,3.6,13.4,41,73,93,6,17,323,7176,1016.0,2013,2013-12-17
12,18,0.0,-3.2,2.1,9.9,51,79,93,6,14,353,5970,1011.0,2013,2013-12-18
12,19,0.0,-3.1,3.5,9.2,62,81,93,6,14,353,2498,1007.5,2013,2013-12-19
12,20,0.0,6.1,8.5,11.9,62,76,86,6,16,332,2158,1011.4,2013,2013-12-20
12,21,0.3,6.9,8.8,12.2,64,87,98,4,11,17,2448,1018.2,2013,2013-12-21
12,22,0.7,7.3,7.8,8.5,97,98,98,3,8,11,660,1014.7,2013,2013-12-22
12,23,0.1,7.2,8.2,9.5,98,98,98,3,9,45,1491,1010.0,2013,2013-12-23
12,24,1.2,7.5,7.8,8.2,98,98,98,3,11,4,769,1004.1,2013,2013-12-24
12,25,44.6,7.6,9.1,10.7,98,98,98,7,26,97,351,992.2,2013,2013-12-25
12,26,57.2,9.4,11.2,13.1,86,96,98,14,61,179,422,979.8,2013,2013-12-26
12,27,0.3,3.4,9.4,13.7,59,81,98,8,27,11,2348,992.3,2013,2013-12-27
12,28,0.0,2.8,7.9,13.3,61,88,98,5,18,342,6584,998.8,2013,2013-12-28
12,29,6.7,8.0,9.1,10.6,73,94,98,8,27,63,1429,1001.2,2013,2013-12-29
12,30,0.0,3.0,7.1,10.7,64,82,96,6,18,316,3033,1009.1,2013,2013-12-30
12,31,0.0,2.1,6.7,12.0,48,77,95,6,16,316,6450,1005.5,2013,2013-12-31
1,1,0.0,0.1,4.8,10.8,55.0,84.0,98.0,6.0,14.0,316.0,6682.0,1003.7,2014,2014-01-01
1,2,2.1,0.0,4.6,7.2,73.0,94.0,98.0,5.0,12.0,358.0,1299.0,1001.9,2014,2014-01-02
1,3,0.0,2.9,6.8,11.3,72.0,91.0,98.0,6.0,16.0,317.0,4050.0,1003.8,2014,2014-01-03
1,4,90.5,2.9,7.6,11.8,97.0,98.0,98.0,9.0,30.0,0.0,516.0,999.3,2014,2014-01-04
1,5,36.9,6.6,10.0,11.2,80.0,95.0,98.0,9.0,25.0,1.0,515.0,991.0,2014,2014-01-05
1,6,0.0,4.8,9.9,15.0,58.0,85.0,98.0,5.0,14.0,334.0,6448.0,1002.7,2014,2014-01-06
1,7,0.0,5.2,8.7,12.2,86.0,97.0,99.0,4.0,13.0,62.0,2987.0,1007.8,2014,2014-01-07
1,8,0.0,2.8,7.2,9.6,98.0,98.0,98.0,5.0,13.0,314.0,1602.0,1010.1,2014,2014-01-08
1,9,0.3,3.4,6.6,8.3,94.0,98.0,98.0,4.0,15.0,336.0,990.0,1005.8,2014,2014-01-09
1,10,0.1,6.2,7.8,10.5,86.0,96.0,98.0,4.0,14.0,56.0,3571.0,1003.2,2014,2014-01-10
1,11,0.0,4.4,8.0,10.0,89.0,97.0,98.0,3.0,11.0,267.0,1542.0,1005.6,2014,2014-01-11
1,12,0.0,1.5,7.5,13.0,63.0,89.0,98.0,5.0,13.0,140.0,6353.0,1006.5,2014,2014-01-12
1,13,0.9,6.3,7.5,9.7,79.0,95.0,98.0,4.0,13.0,66.0,1921.0,1002.9,2014,2014-01-13
1,14,69.3,5.8,7.4,8.4,96.0,98.0,99.0,9.0,42.0,179.0,234.0,991.7,2014,2014-01-14
1,15,0.0,3.1,7.0,11.7,75.0,94.0,98.0,5.0,12.0,107.0,6726.0,995.3,2014,2014-01-15
1,16,2.9,4.9,6.1,7.6,96.0,98.0,98.0,4.0,13.0,19.0,1298.0,999.5,2014,2014-01-16
1,17,50.9,6.1,7.5,9.1,98.0,98.0,98.0,8.0,26.0,12.0,539.0,994.9,2014,2014-01-17
1,18,21.1,7.4,9.4,11.0,98.0,98.0,98.0,6.0,20.0,351.0,1351.0,993.2,2014,2014-01-18
1,19,16.8,8.6,11.1,12.7,89.0,97.0,98.0,10.0,31.0,144.0,1920.0,986.9,2014,2014-01-19
1,20,1.0,6.9,9.6,12.2,88.0,96.0,98.0,6.0,23.0,97.0,3460.0,984.5,2014,2014-01-20
1,21,0.0,4.9,9.5,15.8,56.0,87.0,98.0,5.0,19.0,172.0,7871.0,987.5,2014,2014-01-21
1,22,0.0,4.2,8.5,13.1,60.0,88.0,98.0,6.0,15.0,326.0,5050.0,994.8,2014,2014-01-22
1,23,0.1,3.2,7.8,11.9,75.0,92.0,98.0,5.0,13.0,18.0,4294.0,998.5,2014,2014-01-23
1,24,7.9,1.8,6.2,7.6,80.0,93.0,98.0,6.0,22.0,64.0,1940.0,991.6,2014,2014-01-24
1,25,0.0,-0.8,4.4,10.6,50.0,84.0,98.0,6.0,22.0,238.0,9269.0,994.4,2014,2014-01-25
1,26,0.0,2.0,4.8,8.1,62.0,83.0,98.0,4.0,15.0,103.0,7148.0,993.2,2014,2014-01-26
1,27,7.8,-0.3,4.6,8.1,68.0,88.0,98.0,6.0,25.0,9.0,4060.0,986.4,2014,2014-01-27
1,28,2.2,0.7,4.4,6.9,66.0,85.0,98.0,6.0,18.0,122.0,5854.0,984.0,2014,2014-01-28
1,29,1.1,-0.0,2.2,4.3,71.0,86.0,98.0,4.0,13.0,7.0,2872.0,991.2,2014,2014-01-29
1,30,75.3,2.4,5.4,7.6,91.0,98.0,98.0,11.0,27.0,7.0,819.0,995.0,2014,2014-01-30
1,31,95.0,6.9,8.1,9.5,96.0,98.0,98.0,11.0,28.0,11.0,549.0,996.2,2014,2014-01-31
2,1,69.6,8.1,9.1,9.8,98.0,98.0,98.0,10.0,24.0,40.0,507.0,994.9,2014,2014-02-01
2,2,37.4,7.0,8.5,9.6,94.0,98.0,98.0,8.0,21.0,17.0,1255.0,994.4,2014,2014-02-02
2,3,24.8,4.2,6.6,8.1,91.0,98.0,98.0,5.0,15.0,107.0,1076.0,999.3,2014,2014-02-03
2,4,23.6,5.0,6.5,8.2,96.0,98.0,98.0,9.0,19.0,17.0,1162.0,1000.4,2014,2014-02-04
2,5,3.1,6.7,7.2,7.9,98.0,98.0,98.0,6.0,15.0,323.0,1095.0,995.9,2014,2014-02-05
2,6,0.0,4.2,8.3,14.1,59.0,88.0,98.0,6.0,17.0,150.0,8783.0,996.4,2014,2014-02-06
2,7,29.7,3.4,6.9,8.7,95.0,98.0,98.0,7.0,27.0,38.0,2993.0,996.5,2014,2014-02-07
2,8,1.0,6.8,8.4,10.6,86.0,94.0,98.0,7.0,19.0,205.0,4697.0,991.2,2014,2014-02-08
2,9,25.8,1.7,6.3,8.6,82.0,97.0,98.0,9.0,32.0,356.0,884.0,986.6,2014,2014-02-09
2,10,26.8,2.9,6.0,8.6,80.0,96.0,99.0,11.0,33.0,9.0,1956.0,990.1,2014,2014-02-10
2,11,3.8,5.2,7.7,9.3,91.0,98.0,98.0,5.0,19.0,237.0,2100.0,989.4,2014,2014-02-11
2,12,0.0,2.9,7.6,13.4,61.0,88.0,99.0,7.0,17.0,150.0,10906.0,991.3,2014,2014-02-12
2,13,11.1,3.3,7.1,11.7,72.0,92.0,98.0,7.0,24.0,0.0,6843.0,992.9,2014,2014-02-13
2,14,0.0,2.2,7.6,13.9,49.0,82.0,98.0,8.0,21.0,216.0,12096.0,995.0,2014,2014-02-14
2,15,0.1,2.8,7.5,11.2,67.0,86.0,98.0,6.0,14.0,318.0,5296.0,999.8,2014,2014-02-15
2,16,7.7,8.2,9.9,12.4,81.0,95.0,99.0,6.0,32.0,176.0,1363.0,997.6,2014,2014-02-16
2,17,34.2,6.9,9.4,12.3,81.0,95.0,98.0,8.0,36.0,217.0,1825.0,997.8,2014,2014-02-17
2,18,0.0,4.5,10.1,15.2,57.0,84.0,98.0,6.0,18.0,11.0,9919.0,1003.6,2014,2014-02-18
2,19,48.4,8.9,10.1,11.6,82.0,97.0,98.0,9.0,32.0,3.0,429.0,996.9,2014,2014-02-19
2,20,6.7,7.4,9.2,11.7,71.0,87.0,97.0,10.0,37.0,11.0,3470.0,998.0,2014,2014-02-20
2,21,0.0,4.6,9.4,14.7,55.0,84.0,98.0,6.0,21.0,188.0,9929.0,994.9,2014,2014-02-21
2,22,48.0,4.5,7.3,8.8,69.0,89.0,98.0,12.0,39.0,6.0,1404.0,997.8,2014,2014-02-22
2,23,0.0,2.8,7.8,14.2,33.0,68.0,93.0,10.0,22.0,325.0,14555.0,1005.2,2014,2014-02-23
2,24,0.0,1.4,8.4,15.4,34.0,67.0,94.0,8.0,20.0,91.0,14349.0,1004.8,2014,2014-02-24
2,25,0.0,1.7,7.6,13.5,51.0,79.0,98.0,6.0,15.0,157.0,13441.0,1002.8,2014,2014-02-25
2,26,0.0,6.0,9.7,14.4,57.0,84.0,98.0,6.0,20.0,166.0,9358.0,1003.5,2014,2014-02-26
2,27,3.3,4.7,8.7,13.9,68.0,88.0,98.0,8.0,28.0,162.0,8930.0,1002.4,2014,2014-02-27
2,28,2.3,4.8,7.7,12.2,64.0,88.0,98.0,7.0,24.0,168.0,7749.0,994.2,2014,2014-02-28
3,1,21.0,6.2,7.7,9.6,82.0,91.0,98.0,15.0,37.0,351.0,2764.0,986.0,2014,2014-03-01
3,2,4.7,7.0,9.8,13.6,44.0,77.0,94.0,10.0,37.0,355.0,5337.0,983.4,2014,2014-03-02
3,3,0.0,3.7,8.7,13.0,59.0,82.0,97.0,8.0,22.0,166.0,9380.0,981.2,2014,2014-03-03
3,4,0.0,5.4,9.4,15.7,36.0,72.0,95.0,8.0,29.0,69.0,7779.0,981.6,2014,2014-03-04
3,5,0.0,3.9,9.7,16.6,38.0,67.0,89.0,10.0,23.0,227.0,11766.0,993.5,2014,2014-03-05
3,6,0.0,4.4,11.9,19.6,23.0,49.0,76.0,12.0,37.0,91.0,14871.0,1002.2,2014,2014-03-06
3,7,0.0,3.8,10.9,17.9,36.0,65.0,88.0,7.0,19.0,212.0,16334.0,1005.6,2014,2014-03-07
3,8,0.0,3.6,10.0,17.2,39.0,71.0,96.0,9.0,24.0,216.0,16166.0,1010.7,2014,2014-03-08
3,9,0.0,2.2,9.9,18.4,28.0,67.0,95.0,8.0,22.0,236.0,16841.0,1012.0,2014,2014-03-09
3,10,0.0,3.7,10.0,17.5,30.0,62.0,86.0,8.0,27.0,116.0,14653.0,1006.6,2014,2014-03-10
3,11,0.0,2.8,9.2,16.3,34.0,65.0,88.0,8.0,17.0,168.0,16386.0,1007.9,2014,2014-03-11
3,12,0.0,3.1,11.4,20.4,21.0,57.0,87.0,8.0,20.0,226.0,17835.0,1011.6,2014,2014-03-12
3,13,0.0,4.0,11.7,20.6,24.0,59.0,91.0,7.0,19.0,325.0,17143.0,1010.4,2014,2014-03-13
3,14,0.0,4.2,11.6,19.9,31.0,65.0,98.0,7.0,19.0,206.0,17140.0,1007.3,2014,2014-03-14
3,15,0.0,3.6,9.1,14.5,61.0,85.0,98.0,6.0,15.0,148.0,11416.0,1000.1,2014,2014-03-15
3,16,0.0,4.5,10.5,17.4,49.0,80.0,98.0,7.0,21.0,182.0,15751.0,998.4,2014,2014-03-16
3,17,0.0,3.8,11.4,19.2,53.0,82.0,98.0,6.0,16.0,209.0,16471.0,1001.0,2014,2014-03-17
3,18,0.0,5.7,12.7,19.8,50.0,81.0,98.0,6.0,21.0,122.0,16425.0,1001.1,2014,2014-03-18
3,19,0.0,9.5,13.8,19.6,57.0,83.0,98.0,6.0,19.0,235.0,15986.0,1002.6,2014,2014-03-19
3,20,0.0,8.7,14.4,21.3,33.0,63.0,90.0,9.0,28.0,183.0,17515.0,1007.5,2014,2014-03-20
3,21,0.0,5.4,12.2,20.0,37.0,73.0,98.0,8.0,32.0,207.0,16879.0,1002.8,2014,2014-03-21
3,22,25.1,7.7,11.9,16.5,68.0,85.0,98.0,8.0,19.0,30.0,7909.0,995.9,2014,2014-03-22
3,23,56.3,7.5,11.3,14.2,80.0,96.0,98.0,13.0,57.0,239.0,2929.0,985.2,2014,2014-03-23
3,24,1.7,5.4,8.1,12.1,52.0,83.0,98.0,10.0,56.0,344.0,9114.0,990.2,2014,2014-03-24
3,25,1.0,4.2,7.5,13.3,38.0,74.0,98.0,9.0,39.0,310.0,14422.0,993.2,2014,2014-03-25
3,26,0.0,3.0,9.6,15.0,36.0,60.0,86.0,10.0,28.0,127.0,15134.0,994.9,2014,2014-03-26
3,27,0.0,8.9,12.8,18.3,34.0,50.0,65.0,14.0,38.0,54.0,10587.0,992.8,2014,2014-03-27
3,28,0.0,7.6,14.0,20.8,29.0,51.0,82.0,8.0,21.0,218.0,19527.0,997.5,2014,2014-03-28
3,29,0.0,7.0,14.5,21.4,29.0,54.0,79.0,9.0,19.0,332.0,20595.0,1003.9,2014,2014-03-29
3,30,0.0,6.7,14.1,21.6,27.0,61.0,92.0,7.0,22.0,171.0,20600.0,1000.8,2014,2014-03-30
3,31,0.0,5.9,13.5,20.8,43.0,74.0,98.0,6.0,18.0,153.0,19989.0,997.2,2014,2014-03-31
4,1,0.0,7.5,14.7,21.0,44.0,76.0,98.0,6.0,15.0,146.0,16931.0,996.2,2014,2014-04-01
4,2,0.0,9.4,14.8,20.4,49.0,79.0,98.0,7.0,27.0,195.0,15078.0,995.9,2014,2014-04-02
4,3,0.0,10.4,13.5,16.3,68.0,85.0,98.0,4.0,14.0,59.0,7056.0,995.1,2014,2014-04-03
4,4,0.0,8.8,15.0,20.6,39.0,69.0,97.0,9.0,24.0,342.0,13598.0,990.7,2014,2014-04-04
4,5,2.5,11.2,15.2,17.8,49.0,77.0,95.0,10.0,35.0,351.0,7413.0,993.3,2014,2014-04-05
4,6,2.2,8.8,16.2,22.6,42.0,71.0,96.0,6.0,28.0,317.0,18239.0,998.7,2014,2014-04-06
4,7,0.0,10.4,17.2,24.0,37.0,66.0,91.0,8.0,21.0,234.0,21957.0,1001.3,2014,2014-04-07
4,8,4.3,9.9,16.5,23.4,38.0,69.0,95.0,9.0,29.0,183.0,17972.0,999.0,2014,2014-04-08
4,9,0.0,9.6,14.7,20.8,30.0,69.0,97.0,8.0,32.0,234.0,19599.0,1000.8,2014,2014-04-09
4,10,0.0,8.1,13.5,18.8,44.0,73.0,98.0,6.0,23.0,217.0,17703.0,1000.6,2014,2014-04-10
4,11,0.0,9.8,13.1,15.9,53.0,73.0,95.0,5.0,15.0,206.0,9123.0,1000.8,2014,2014-04-11
4,12,0.0,10.8,13.7,17.4,49.0,79.0,98.0,4.0,16.0,226.0,9800.0,999.8,2014,2014-04-12
4,13,0.3,9.1,13.6,18.8,57.0,84.0,98.0,4.0,13.0,244.0,12099.0,1000.0,2014,2014-04-13
4,14,0.0,6.8,13.3,18.1,56.0,80.0,98.0,6.0,20.0,167.0,11278.0,995.9,2014,2014-04-14
4,15,0.0,6.9,13.0,19.8,12.0,46.0,97.0,10.0,33.0,42.0,21616.0,997.4,2014,2014-04-15
4,16,0.0,5.3,12.7,20.1,14.0,27.0,62.0,12.0,39.0,24.0,23219.0,1003.0,2014,2014-04-16
4,17,0.0,4.8,13.0,21.0,13.0,34.0,75.0,9.0,37.0,154.0,25910.0,1000.2,2014,2014-04-17
4,18,1.9,5.2,13.7,20.3,22.0,51.0,90.0,8.0,37.0,354.0,20305.0,991.3,2014,2014-04-18
4,19,5.4,10.3,12.7,16.7,51.0,76.0,95.0,13.0,33.0,355.0,5636.0,990.3,2014,2014-04-19
4,20,8.8,10.1,11.8,14.6,70.0,90.0,98.0,6.0,19.0,135.0,5195.0,991.2,2014,2014-04-20
4,21,3.8,10.8,13.7,18.1,65.0,87.0,98.0,6.0,16.0,20.0,8073.0,990.9,2014,2014-04-21
4,22,0.0,8.5,15.2,21.3,51.0,82.0,98.0,7.0,30.0,194.0,22663.0,995.8,2014,2014-04-22
4,23,0.1,9.8,17.8,24.1,40.0,70.0,98.0,6.0,18.0,307.0,22851.0,998.1,2014,2014-04-23
4,24,0.0,13.2,19.0,25.0,34.0,59.0,88.0,9.0,27.0,177.0,19466.0,995.8,2014,2014-04-24
4,25,0.0,11.1,19.2,25.5,35.0,63.0,89.0,7.0,29.0,214.0,24111.0,992.5,2014,2014-04-25
4,26,21.5,12.7,18.2,25.6,40.0,74.0,95.0,8.0,32.0,119.0,21165.0,991.7,2014,2014-04-26
4,27,17.2,14.2,15.8,19.5,63.0,90.0,98.0,7.0,26.0,139.0,7285.0,988.4,2014,2014-04-27
4,28,2.9,13.6,15.5,17.5,76.0,89.0,98.0,6.0,17.0,347.0,5926.0,987.9,2014,2014-04-28
4,29,5.1,13.6,16.5,23.1,48.0,80.0,97.0,9.0,37.0,78.0,21480.0,990.2,2014,2014-04-29
4,30,3.8,11.2,15.3,22.6,48.0,82.0,98.0,8.0,32.0,353.0,17674.0,990.9,2014,2014-04-30
5,1,0.0,9.7,16.2,24.3,32.0,73.0,96.0,8.0,39.0,155.0,20693.0,992.0,2014,2014-05-01
5,2,7.9,11.2,15.1,19.1,58.0,84.0,95.0,6.0,30.0,0.0,9304.0,991.8,2014,2014-05-02
5,3,0.4,11.6,16.0,21.3,45.0,75.0,98.0,6.0,26.0,240.0,16480.0,990.4,2014,2014-05-03
5,4,0.1,9.9,16.2,22.8,24.0,60.0,96.0,9.0,35.0,178.0,28311.0,993.8,2014,2014-05-04
5,5,0.0,9.4,14.6,20.4,46.0,71.0,97.0,6.0,24.0,172.0,19742.0,1000.3,2014,2014-05-05
5,6,0.0,9.7,16.4,21.7,49.0,70.0,97.0,6.0,21.0,185.0,19114.0,1001.4,2014,2014-05-06
5,7,9.3,11.9,15.0,18.4,61.0,84.0,98.0,5.0,16.0,29.0,8312.0,999.6,2014,2014-05-07
5,8,0.0,9.8,17.0,22.9,43.0,75.0,98.0,9.0,33.0,206.0,28316.0,1000.4,2014,2014-05-08
5,9,0.0,12.4,18.1,24.4,49.0,75.0,97.0,6.0,21.0,221.0,22632.0,998.5,2014,2014-05-09
5,10,0.0,12.7,20.8,27.3,29.0,65.0,98.0,7.0,26.0,173.0,26526.0,995.7,2014,2014-05-10
5,11,41.5,10.9,17.0,21.7,64.0,80.0,91.0,10.0,63.0,308.0,10998.0,990.5,2014,2014-05-11
5,12,0.0,8.7,14.5,20.6,39.0,72.0,98.0,8.0,30.0,323.0,23782.0,995.2,2014,2014-05-12
5,13,0.5,8.8,14.2,19.9,38.0,69.0,98.0,8.0,35.0,75.0,20423.0,995.2,2014,2014-05-13
5,14,0.0,7.3,15.5,23.5,15.0,50.0,96.0,10.0,45.0,4.0,28771.0,998.2,2014,2014-05-14
5,15,0.0,7.5,17.0,23.2,16.0,33.0,71.0,10.0,36.0,0.0,24993.0,998.8,2014,2014-05-15
5,16,0.0,10.4,17.1,23.5,19.0,45.0,90.0,8.0,31.0,49.0,13659.0,995.1,2014,2014-05-16
5,17,1.6,10.4,16.3,23.2,26.0,65.0,98.0,7.0,31.0,155.0,23739.0,997.7,2014,2014-05-17
5,18,0.9,12.4,14.6,18.1,75.0,90.0,98.0,8.0,25.0,343.0,7820.0,999.4,2014,2014-05-18
5,19,1.9,12.8,16.7,22.5,49.0,80.0,98.0,8.0,30.0,80.0,20006.0,999.7,2014,2014-05-19
5,20,0.0,10.7,17.8,22.6,52.0,76.0,98.0,6.0,22.0,166.0,17090.0,1000.9,2014,2014-05-20
5,21,0.0,14.3,19.4,25.3,51.0,76.0,98.0,6.0,20.0,155.0,19277.0,1001.0,2014,2014-05-21
5,22,0.0,14.2,21.1,27.8,35.0,65.0,98.0,7.0,26.0,159.0,27221.0,998.2,2014,2014-05-22
5,23,17.5,16.2,19.3,23.5,50.0,80.0,98.0,7.0,40.0,284.0,9365.0,995.9,2014,2014-05-23
5,24,0.0,15.3,20.3,26.3,25.0,71.0,98.0,8.0,24.0,216.0,26730.0,996.7,2014,2014-05-24
5,25,0.0,13.2,21.2,28.0,34.0,65.0,93.0,6.0,18.0,158.0,28572.0,998.7,2014,2014-05-25
5,26,0.7,15.4,18.1,21.4,55.0,83.0,99.0,7.0,21.0,17.0,7429.0,996.0,2014,2014-05-26
5,27,12.0,13.3,16.0,19.7,73.0,91.0,98.0,7.0,26.0,274.0,11266.0,993.4,2014,2014-05-27
5,28,7.3,13.5,17.1,22.7,53.0,85.0,98.0,5.0,20.0,147.0,18061.0,992.7,2014,2014-05-28
5,29,0.9,13.5,18.3,24.3,49.0,78.0,98.0,6.0,35.0,161.0,25007.0,993.1,2014,2014-05-29
5,30,4.6,14.3,18.1,24.3,48.0,80.0,98.0,6.0,30.0,133.0,19549.0,995.4,2014,2014-05-30
5,31,0.0,12.4,17.5,23.0,36.0,66.0,97.0,7.0,27.0,150.0,27025.0,998.7,2014,2014-05-31
6,1,0.0,12.5,18.0,23.9,32.0,63.0,94.0,8.0,23.0,287.0,22425.0,999.0,2014,2014-06-01
6,2,0.3,13.0,17.8,23.6,41.0,73.0,97.0,7.0,27.0,256.0,20398.0,998.5,2014,2014-06-02
6,3,8.4,12.1,18.1,25.4,35.0,73.0,99.0,8.0,40.0,17.0,24890.0,996.1,2014,2014-06-03
6,4,0.0,12.5,19.7,25.4,35.0,68.0,97.0,7.0,24.0,227.0,25972.0,993.2,2014,2014-06-04
6,5,20.0,14.2,19.6,24.9,45.0,77.0,99.0,5.0,47.0,326.0,24032.0,996.5,2014,2014-06-05
6,6,0.0,14.5,21.5,27.5,45.0,74.0,99.0,5.0,17.0,191.0,28561.0,1000.2,2014,2014-06-06
6,7,0.0,16.0,23.2,30.5,28.0,66.0,99.0,5.0,13.0,0.0,29940.0,999.7,2014,2014-06-07
6,8,0.0,15.8,25.3,32.6,24.0,59.0,92.0,6.0,17.0,232.0,29789.0,1000.7,2014,2014-06-08
6,9,0.0,18.9,26.6,32.8,33.0,62.0,91.0,7.0,19.0,260.0,29219.0,1000.4,2014,2014-06-09
6,10,0.0,19.2,27.1,33.5,34.0,62.0,95.0,6.0,19.0,185.0,29526.0,999.3,2014,2014-06-10
6,11,0.0,19.3,28.1,34.3,26.0,52.0,91.0,7.0,28.0,14.0,28893.0,999.6,2014,2014-06-11
6,12,7.5,19.9,27.1,34.9,24.0,53.0,91.0,10.0,51.0,56.0,23953.0,1000.1,2014,2014-06-12
6,13,1.4,17.8,24.6,31.6,34.0,66.0,99.0,7.0,37.0,304.0,26811.0,995.4,2014,2014-06-13
6,14,5.4,16.1,21.1,27.2,49.0,77.0,99.0,9.0,31.0,20.0,16337.0,994.0,2014,2014-06-14
6,15,0.0,16.5,21.3,26.7,34.0,64.0,96.0,6.0,25.0,344.0,24622.0,996.5,2014,2014-06-15
6,16,0.0,15.8,19.8,23.6,43.0,64.0,96.0,6.0,19.0,124.0,17910.0,997.0,2014,2014-06-16
6,17,0.0,13.7,20.3,26.5,28.0,61.0,95.0,6.0,22.0,140.0,25558.0,996.5,2014,2014-06-17
6,18,0.0,16.0,21.4,27.8,29.0,57.0,91.0,7.0,33.0,354.0,25047.0,997.2,2014,2014-06-18
6,19,3.5,16.0,21.9,28.2,30.0,60.0,92.0,9.0,30.0,347.0,26059.0,995.4,2014,2014-06-19
6,20,4.9,15.3,21.7,27.9,33.0,69.0,99.0,5.0,18.0,241.0,25295.0,993.5,2014,2014-06-20
6,21,0.1,13.9,20.9,25.9,35.0,66.0,99.0,6.0,24.0,177.0,25882.0,998.0,2014,2014-06-21
6,22,0.1,17.5,22.2,26.9,47.0,74.0,99.0,4.0,16.0,89.0,18582.0,999.9,2014,2014-06-22
6,23,20.6,17.6,22.4,26.9,64.0,84.0,99.0,7.0,57.0,342.0,15069.0,999.9,2014,2014-06-23
6,24,30.4,15.6,21.0,27.2,55.0,82.0,99.0,7.0,61.0,302.0,18613.0,994.9,2014,2014-06-24
6,25,11.7,15.2,18.7,22.7,72.0,93.0,99.0,6.0,18.0,243.0,11535.0,991.3,2014,2014-06-25
6,26,0.2,14.2,20.9,26.8,41.0,73.0,99.0,6.0,20.0,90.0,29307.0,994.4,2014,2014-06-26
6,27,0.0,16.1,20.9,26.9,48.0,78.0,99.0,6.0,25.0,320.0,20565.0,998.5,2014,2014-06-27
6,28,14.2,16.4,22.2,28.2,47.0,78.0,99.0,6.0,26.0,187.0,22661.0,998.2,2014,2014-06-28
6,29,31.9,17.4,20.7,27.1,64.0,92.0,99.0,7.0,46.0,260.0,12097.0,992.8,2014,2014-06-29
6,30,5.9,15.7,19.6,25.3,45.0,74.0,99.0,8.0,33.0,30.0,18782.0,993.3,2014,2014-06-30
7,1,0.6,15.2,19.5,25.4,51.0,81.0,99.0,6.0,16.0,29.0,17706.0,1000.6,2014,2014-07-01
7,2,20.5,14.9,21.0,27.1,35.0,76.0,99.0,5.0,35.0,315.0,23540.0,1001.2,2014,2014-07-02
7,3,0.1,13.0,20.7,27.3,32.0,69.0,99.0,6.0,22.0,235.0,30915.0,1006.1,2014,2014-07-03
7,4,0.1,13.5,21.4,27.9,36.0,73.0,99.0,5.0,18.0,242.0,25065.0,1000.8,2014,2014-07-04
7,5,0.0,17.2,22.6,28.2,45.0,72.0,99.0,6.0,18.0,247.0,27030.0,994.4,2014,2014-07-05
7,6,0.0,17.7,24.6,30.8,43.0,76.0,99.0,5.0,15.0,233.0,27970.0,996.0,2014,2014-07-06
7,7,11.8,18.3,23.9,30.0,52.0,80.0,99.0,6.0,32.0,283.0,25052.0,996.2,2014,2014-07-07
7,8,28.0,15.7,19.7,25.9,71.0,93.0,99.0,7.0,56.0,232.0,12839.0,990.2,2014,2014-07-08
7,9,2.8,15.0,18.9,24.9,46.0,80.0,99.0,7.0,43.0,258.0,19385.0,988.9,2014,2014-07-09
7,10,0.3,13.1,17.7,23.9,45.0,80.0,99.0,8.0,27.0,118.0,17065.0,989.1,2014,2014-07-10
7,11,0.1,12.5,19.0,26.3,50.0,82.0,99.0,5.0,19.0,242.0,24417.0,990.4,2014,2014-07-11
7,12,10.4,14.9,20.0,27.9,53.0,85.0,99.0,8.0,31.0,255.0,21891.0,993.0,2014,2014-07-12
7,13,31.3,16.2,20.1,26.3,52.0,86.0,99.0,5.0,22.0,356.0,21771.0,994.4,2014,2014-07-13
7,14,6.7,16.6,19.9,26.5,61.0,92.0,99.0,5.0,27.0,225.0,13663.0,996.2,2014,2014-07-14
7,15,0.0,15.7,23.4,30.1,41.0,75.0,99.0,6.0,19.0,220.0,28817.0,998.7,2014,2014-07-15
7,16,4.3,17.8,25.4,31.4,41.0,70.0,99.0,7.0,25.0,41.0,29188.0,999.5,2014,2014-07-16
7,17,0.3,19.1,24.9,31.7,44.0,71.0,99.0,9.0,30.0,324.0,26534.0,1000.0,2014,2014-07-17
7,18,0.0,18.0,25.0,31.4,42.0,70.0,97.0,7.0,20.0,248.0,29108.0,999.1,2014,2014-07-18
7,19,0.0,18.1,25.5,32.0,44.0,75.0,99.0,6.0,20.0,247.0,28490.0,998.0,2014,2014-07-19
7,20,0.0,19.8,25.2,31.2,52.0,80.0,99.0,5.0,21.0,231.0,21566.0,995.4,2014,2014-07-20
7,21,13.6,16.0,20.7,24.9,70.0,93.0,99.0,7.0,34.0,142.0,5258.0,991.8,2014,2014-07-21
7,22,3.9,15.1,21.3,27.2,55.0,84.0,99.0,5.0,19.0,163.0,21821.0,991.1,2014,2014-07-22
7,23,0.6,19.4,23.7,29.9,47.0,81.0,99.0,6.0,24.0,342.0,22728.0,992.2,2014,2014-07-23
7,24,1.4,18.7,21.4,25.4,61.0,84.0,99.0,5.0,25.0,358.0,10813.0,993.7,2014,2014-07-24
7,25,0.2,18.0,22.2,28.6,45.0,80.0,99.0,5.0,18.0,322.0,18941.0,995.0,2014,2014-07-25
7,26,17.5,17.0,19.5,26.5,64.0,92.0,99.0,6.0,46.0,170.0,8053.0,994.7,2014,2014-07-26
7,27,0.0,17.4,22.1,27.7,59.0,84.0,99.0,5.0,12.0,96.0,18560.0,993.8,2014,2014-07-27
7,28,9.9,19.5,22.4,29.7,56.0,88.0,99.0,6.0,39.0,302.0,20679.0,992.6,2014,2014-07-28
7,29,8.6,18.5,20.8,25.2,76.0,94.0,99.0,8.0,23.0,96.0,12102.0,990.8,2014,2014-07-29
7,30,18.3,17.9,21.3,27.4,58.0,89.0,99.0,6.0,22.0,10.0,13876.0,987.5,2014,2014-07-30
7,31,2.9,18.6,21.4,26.3,69.0,91.0,99.0,4.0,11.0,24.0,11445.0,991.9,2014,2014-07-31
8,1,0.1,19.0,23.8,30.5,54.0,83.0,99.0,6.0,22.0,330.0,23841.0,992.0,2014,2014-08-01
8,2,1.1,19.8,24.4,30.1,48.0,82.0,99.0,6.0,17.0,162.0,23652.0,992.4,2014,2014-08-02
8,3,1.8,17.3,22.1,28.2,59.0,88.0,99.0,6.0,32.0,263.0,16940.0,994.4,2014,2014-08-03
8,4,0.1,15.5,22.2,28.4,56.0,83.0,99.0,5.0,16.0,115.0,26426.0,995.9,2014,2014-08-04
8,5,0.7,16.3,21.7,28.1,45.0,85.0,99.0,5.0,18.0,102.0,11524.0,995.7,2014,2014-08-05
8,6,0.1,14.2,22.6,29.6,39.0,72.0,99.0,8.0,26.0,232.0,26657.0,995.1,2014,2014-08-06
8,7,0.0,17.4,22.7,29.0,47.0,79.0,99.0,6.0,18.0,24.0,17610.0,995.4,2014,2014-08-07
8,8,0.0,16.3,23.6,30.4,47.0,76.0,99.0,6.0,16.0,210.0,25401.0,996.1,2014,2014-08-08
8,9,0.0,18.2,23.3,29.7,55.0,83.0,99.0,6.0,23.0,185.0,18114.0,996.5,2014,2014-08-09
8,10,0.0,17.9,24.0,29.7,59.0,84.0,99.0,6.0,19.0,186.0,19732.0,996.7,2014,2014-08-10
8,11,9.2,20.3,24.0,29.9,64.0,90.0,99.0,6.0,60.0,341.0,13662.0,994.6,2014,2014-08-11
8,12,47.3,19.1,23.4,28.4,69.0,89.0,99.0,7.0,29.0,204.0,15003.0,993.4,2014,2014-08-12
8,13,50.1,19.0,22.1,27.0,77.0,94.0,99.0,8.0,68.0,243.0,7801.0,989.3,2014,2014-08-13
8,14,7.0,14.9,19.8,25.5,57.0,91.0,99.0,7.0,32.0,3.0,14359.0,991.6,2014,2014-08-14
8,15,0.8,13.3,18.3,24.5,58.0,86.0,99.0,6.0,21.0,296.0,16307.0,995.1,2014,2014-08-15
8,16,0.1,12.4,17.2,23.7,51.0,83.0,99.0,5.0,13.0,2.0,11457.0,998.5,2014,2014-08-16
8,17,0.0,11.4,18.8,25.7,43.0,77.0,99.0,7.0,24.0,233.0,23157.0,999.2,2014,2014-08-17
8,18,0.2,13.0,19.3,25.0,59.0,86.0,99.0,5.0,17.0,11.0,15073.0,996.0,2014,2014-08-18
8,19,6.4,15.6,18.4,21.6,84.0,97.0,99.0,6.0,14.0,41.0,5145.0,995.8,2014,2014-08-19
8,20,29.4,14.9,19.8,25.0,58.0,88.0,99.0,5.0,26.0,329.0,14932.0,995.5,2014,2014-08-20
8,21,0.3,13.7,20.1,26.8,43.0,79.0,99.0,6.0,22.0,117.0,23787.0,996.0,2014,2014-08-21
8,22,0.1,16.1,21.1,27.0,55.0,81.0,99.0,6.0,20.0,232.0,20312.0,996.7,2014,2014-08-22
8,23,29.6,13.7,17.5,21.5,84.0,97.0,99.0,6.0,20.0,35.0,5713.0,995.6,2014,2014-08-23
8,24,2.7,13.6,18.8,24.9,53.0,86.0,99.0,5.0,23.0,340.0,17543.0,997.5,2014,2014-08-24
8,25,0.0,14.1,18.7,24.7,40.0,77.0,99.0,6.0,18.0,32.0,21423.0,999.5,2014,2014-08-25
8,26,1.5,15.9,17.7,20.8,67.0,91.0,99.0,4.0,14.0,24.0,4955.0,994.4,2014,2014-08-26
8,27,9.2,17.2,21.7,27.8,58.0,86.0,99.0,4.0,18.0,101.0,19486.0,992.4,2014,2014-08-27
8,28,0.1,14.8,20.0,26.2,41.0,81.0,99.0,5.0,14.0,41.0,18750.0,999.5,2014,2014-08-28
8,29,0.1,14.5,21.2,28.8,40.0,79.0,99.0,5.0,12.0,185.0,21973.0,999.1,2014,2014-08-29
8,30,0.1,15.5,22.3,29.0,38.0,75.0,99.0,5.0,13.0,333.0,16935.0,997.6,2014,2014-08-30
8,31,27.3,14.3,21.4,27.3,49.0,78.0,99.0,7.0,49.0,17.0,15528.0,993.5,2014,2014-08-31
9,1,11.7,12.5,16.4,21.9,53.0,83.0,99.0,8.0,58.0,26.0,6408.0,991.2,2014,2014-09-01
9,2,1.0,13.2,18.5,22.1,47.0,65.0,93.0,10.0,29.0,58.0,7803.0,994.2,2014,2014-09-02
9,3,1.1,16.2,21.1,27.8,48.0,79.0,99.0,7.0,26.0,19.0,14054.0,994.7,2014,2014-09-03
9,4,0.3,17.9,21.0,27.9,57.0,89.0,99.0,5.0,17.0,298.0,10817.0,996.2,2014,2014-09-04
9,5,0.0,18.4,22.2,28.5,49.0,82.0,99.0,5.0,18.0,6.0,13712.0,995.2,2014,2014-09-05
9,6,0.0,15.7,20.6,26.7,58.0,85.0,99.0,5.0,15.0,128.0,14708.0,994.1,2014,2014-09-06
9,7,1.0,15.7,21.1,27.7,50.0,82.0,99.0,5.0,17.0,220.0,18955.0,996.0,2014,2014-09-07
9,8,0.2,14.8,21.1,27.4,53.0,83.0,99.0,5.0,15.0,184.0,20074.0,998.2,2014,2014-09-08
9,9,8.7,15.5,21.6,28.1,57.0,84.0,99.0,6.0,28.0,31.0,16918.0,997.3,2014,2014-09-09
9,10,8.1,16.8,20.2,26.5,57.0,86.0,99.0,5.0,20.0,113.0,16377.0,994.7,2014,2014-09-10
9,11,1.9,13.5,17.2,22.9,52.0,91.0,99.0,5.0,20.0,107.0,9277.0,992.9,2014,2014-09-11
9,12,3.3,11.9,16.1,21.5,65.0,90.0,99.0,4.0,17.0,257.0,9854.0,994.8,2014,2014-09-12
9,13,7.0,14.0,16.4,20.3,68.0,92.0,99.0,4.0,16.0,249.0,8729.0,997.8,2014,2014-09-13
9,14,0.1,12.2,17.6,23.8,55.0,88.0,99.0,4.0,13.0,176.0,13935.0,998.1,2014,2014-09-14
9,15,0.0,13.1,18.5,25.6,52.0,86.0,99.0,5.0,16.0,225.0,15446.0,998.0,2014,2014-09-15
9,16,0.1,14.6,19.2,25.4,53.0,86.0,99.0,4.0,13.0,91.0,8775.0,998.7,2014,2014-09-16
9,17,0.0,15.4,19.6,24.5,50.0,80.0,99.0,5.0,19.0,112.0,14778.0,999.0,2014,2014-09-17
9,18,0.0,15.1,19.7,25.6,43.0,80.0,99.0,4.0,14.0,136.0,14789.0,999.9,2014,2014-09-18
9,19,0.5,13.9,18.9,24.4,60.0,87.0,99.0,4.0,13.0,114.0,11489.0,1001.6,2014,2014-09-19
9,20,0.3,15.4,19.4,25.1,70.0,92.0,99.0,4.0,16.0,213.0,8581.0,998.8,2014,2014-09-20
9,21,11.8,15.5,19.9,24.5,73.0,91.0,99.0,5.0,16.0,183.0,9040.0,995.8,2014,2014-09-21
9,22,7.3,9.9,17.8,25.7,47.0,85.0,99.0,6.0,24.0,164.0,16039.0,992.3,2014,2014-09-22
9,23,0.0,8.4,14.9,22.9,38.0,79.0,99.0,7.0,22.0,164.0,17882.0,999.8,2014,2014-09-23
9,24,0.1,10.2,16.2,22.7,41.0,80.0,99.0,6.0,30.0,226.0,15582.0,999.7,2014,2014-09-24
9,25,0.1,10.4,14.9,21.2,61.0,89.0,99.0,5.0,19.0,123.0,9911.0,1000.3,2014,2014-09-25
9,26,0.1,9.3,15.1,22.6,49.0,83.0,99.0,6.0,15.0,259.0,15364.0,1004.7,2014,2014-09-26
9,27,0.1,10.5,16.9,25.0,44.0,82.0,99.0,6.0,15.0,204.0,16184.0,1008.0,2014,2014-09-27
9,28,0.1,12.0,17.6,25.3,46.0,81.0,99.0,5.0,14.0,196.0,16654.0,1010.2,2014,2014-09-28
9,29,0.1,11.4,17.7,24.6,58.0,86.0,99.0,4.0,15.0,236.0,11429.0,1009.9,2014,2014-09-29
9,30,0.1,13.0,17.7,23.2,65.0,89.0,99.0,4.0,15.0,155.0,10247.0,1008.1,2014,2014-09-30
10,1,3.4,13.3,16.9,21.3,84.0,96.0,99.0,5.0,17.0,318.0,5480.0,1006.4,2014,2014-10-01
10,2,0.0,11.7,17.8,25.0,48.0,80.0,99.0,6.0,18.0,205.0,15012.0,1006.7,2014,2014-10-02
10,3,0.1,12.5,17.9,25.0,38.0,77.0,99.0,5.0,18.0,159.0,15292.0,1005.2,2014,2014-10-03
10,4,0.0,12.6,17.6,23.7,41.0,74.0,99.0,6.0,23.0,107.0,14494.0,1001.3,2014,2014-10-04
10,5,0.0,9.7,16.1,22.8,49.0,77.0,99.0,5.0,14.0,123.0,14775.0,999.7,2014,2014-10-05
10,6,0.0,10.6,15.5,22.8,42.0,77.0,99.0,6.0,17.0,175.0,13044.0,998.6,2014,2014-10-06
10,7,0.3,9.6,16.2,22.6,52.0,80.0,99.0,5.0,16.0,177.0,12201.0,1000.4,2014,2014-10-07
10,8,6.7,14.9,17.9,21.3,77.0,93.0,99.0,5.0,20.0,13.0,5799.0,1001.3,2014,2014-10-08
10,9,0.1,17.1,19.4,24.7,71.0,93.0,99.0,6.0,25.0,161.0,7474.0,1000.4,2014,2014-10-09
10,10,8.7,17.4,18.3,19.3,98.0,98.0,99.0,5.0,12.0,14.0,2075.0,1001.4,2014,2014-10-10
10,11,3.8,15.6,18.8,22.7,79.0,95.0,99.0,4.0,11.0,98.0,5562.0,999.3,2014,2014-10-11
10,12,0.1,13.9,19.0,24.5,63.0,90.0,99.0,4.0,18.0,177.0,10286.0,998.9,2014,2014-10-12
10,13,66.5,15.7,18.4,21.4,87.0,98.0,99.0,5.0,55.0,33.0,2311.0,996.1,2014,2014-10-13
10,14,0.1,13.1,18.2,23.8,60.0,89.0,99.0,5.0,17.0,169.0,11030.0,994.3,2014,2014-10-14
10,15,0.0,14.4,18.2,23.3,58.0,87.0,99.0,5.0,15.0,228.0,9736.0,991.5,2014,2014-10-15
10,16,0.0,15.0,17.7,20.8,80.0,94.0,99.0,4.0,12.0,154.0,5349.0,994.9,2014,2014-10-16
10,17,0.0,15.2,17.9,22.2,77.0,95.0,99.0,4.0,12.0,14.0,4921.0,997.1,2014,2014-10-17
10,18,0.0,14.0,18.7,24.9,53.0,85.0,99.0,6.0,15.0,140.0,10633.0,1005.4,2014,2014-10-18
10,19,0.0,13.3,19.0,24.2,60.0,87.0,99.0,5.0,17.0,199.0,11212.0,1006.6,2014,2014-10-19
10,20,0.0,16.7,18.7,20.8,85.0,96.0,99.0,3.0,11.0,159.0,3728.0,1002.6,2014,2014-10-20
10,21,26.1,14.1,18.6,22.5,72.0,93.0,99.0,5.0,68.0,262.0,7797.0,992.1,2014,2014-10-21
10,22,3.6,5.4,12.9,19.1,19.0,59.0,99.0,10.0,56.0,324.0,12464.0,988.9,2014,2014-10-22
10,23,0.0,4.7,10.0,17.8,38.0,78.0,99.0,6.0,20.0,220.0,7841.0,992.1,2014,2014-10-23
10,24,0.0,7.0,14.5,22.1,37.0,71.0,99.0,8.0,21.0,162.0,12316.0,996.9,2014,2014-10-24
10,25,0.0,5.4,11.7,18.0,48.0,78.0,99.0,5.0,14.0,138.0,11997.0,1004.4,2014,2014-10-25
10,26,0.0,4.7,10.4,17.8,46.0,81.0,99.0,5.0,18.0,104.0,10743.0,1008.7,2014,2014-10-26
10,27,0.0,3.3,8.9,16.4,44.0,78.0,99.0,6.0,17.0,77.0,11534.0,1010.0,2014,2014-10-27
10,28,0.0,1.3,7.6,16.3,34.0,77.0,99.0,5.0,15.0,157.0,11443.0,1006.4,2014,2014-10-28
10,29,0.0,1.9,7.7,16.0,30.0,74.0,99.0,6.0,15.0,331.0,11431.0,1003.8,2014,2014-10-29
10,30,0.0,2.8,9.8,19.2,33.0,71.0,97.0,7.0,15.0,335.0,11250.0,1007.0,2014,2014-10-30
10,31,0.0,3.4,10.0,18.3,43.0,78.0,99.0,6.0,14.0,6.0,10669.0,1009.2,2014,2014-10-31
11,1,0.0,3.1,10.9,19.3,49.0,82.0,99.0,6.0,14.0,317.0,10541.0,1007.4,2014,2014-11-01
11,2,0.0,5.3,11.8,20.7,43.0,79.0,99.0,6.0,14.0,248.0,10520.0,1004.1,2014,2014-11-02
11,3,0.0,5.5,12.1,17.9,62.0,90.0,99.0,6.0,17.0,124.0,6756.0,1001.4,2014,2014-11-03
11,4,4.4,7.9,13.9,16.5,86.0,97.0,99.0,6.0,27.0,166.0,2663.0,993.7,2014,2014-11-04
11,5,94.5,14.5,15.7,16.8,98.0,98.0,99.0,10.0,47.0,171.0,385.0,988.6,2014,2014-11-05
11,6,20.6,13.5,15.2,16.7,94.0,98.0,99.0,7.0,29.0,116.0,1326.0,992.2,2014,2014-11-06
11,7,6.8,14.0,15.3,18.0,88.0,97.0,99.0,7.0,21.0,4.0,2777.0,992.3,2014,2014-11-07
11,8,32.6,13.6,14.9,16.1,99.0,98.0,99.0,7.0,24.0,153.0,926.0,995.2,2014,2014-11-08
11,9,5.2,12.2,14.2,15.8,95.0,98.0,99.0,6.0,15.0,43.0,2249.0,997.0,2014,2014-11-09
11,10,18.9,13.4,14.4,15.9,97.0,98.0,99.0,7.0,16.0,156.0,1533.0,999.6,2014,2014-11-10
11,11,61.5,14.1,15.1,16.5,98.0,98.0,99.0,6.0,19.0,354.0,1760.0,996.9,2014,2014-11-11
11,12,33.2,13.0,14.3,17.5,82.0,96.0,99.0,9.0,26.0,46.0,2531.0,989.9,2014,2014-11-12
11,13,0.2,12.7,14.8,18.7,71.0,92.0,99.0,5.0,17.0,313.0,4329.0,991.7,2014,2014-11-13
11,14,0.0,10.0,13.9,18.9,67.0,90.0,99.0,5.0,18.0,113.0,7834.0,996.4,2014,2014-11-14
11,15,36.2,9.9,13.3,15.7,87.0,97.0,99.0,7.0,41.0,150.0,2782.0,992.7,2014,2014-11-15
11,16,6.6,8.6,13.0,17.3,67.0,90.0,99.0,7.0,21.0,227.0,6875.0,989.0,2014,2014-11-16
11,17,33.9,6.7,10.2,12.4,89.0,96.0,99.0,10.0,35.0,5.0,2489.0,991.1,2014,2014-11-17
11,18,21.0,4.3,8.1,11.2,92.0,97.0,99.0,8.0,28.0,354.0,1975.0,990.2,2014,2014-11-18
11,19,0.0,3.3,8.7,15.5,55.0,86.0,99.0,7.0,17.0,349.0,8403.0,999.9,2014,2014-11-19
11,20,0.0,3.0,8.2,14.3,59.0,88.0,99.0,5.0,14.0,337.0,6435.0,1007.5,2014,2014-11-20
11,21,0.0,2.8,8.2,14.8,56.0,86.0,99.0,6.0,14.0,327.0,8134.0,1007.1,2014,2014-11-21
11,22,0.0,2.4,6.8,13.4,63.0,89.0,99.0,5.0,12.0,338.0,7069.0,1008.5,2014,2014-11-22
11,23,0.0,2.3,6.9,14.4,60.0,89.0,99.0,6.0,13.0,211.0,7747.0,1010.0,2014,2014-11-23
11,24,0.0,1.9,7.5,13.0,70.0,91.0,99.0,5.0,12.0,317.0,6047.0,1007.4,2014,2014-11-24
11,25,0.0,4.3,8.3,14.2,60.0,85.0,99.0,5.0,14.0,73.0,5944.0,1005.1,2014,2014-11-25
11,26,0.0,5.7,8.2,10.9,61.0,82.0,98.0,4.0,14.0,144.0,2900.0,1002.3,2014,2014-11-26
11,27,0.0,6.4,8.9,11.4,68.0,86.0,99.0,2.0,9.0,49.0,2664.0,998.6,2014,2014-11-27
11,28,3.1,8.1,11.0,13.3,92.0,97.0,99.0,6.0,13.0,349.0,1270.0,998.5,2014,2014-11-28
11,29,0.0,9.4,13.2,17.8,71.0,92.0,99.0,6.0,15.0,332.0,5352.0,997.5,2014,2014-11-29
11,30,11.9,8.4,12.1,13.8,92.0,98.0,99.0,5.0,14.0,306.0,1038.0,995.6,2014,2014-11-30
12,1,27.5,6.5,11.4,14.0,91.0,98.0,99.0,8.0,32.0,101.0,872.0,987.8,2014,2014-12-01
12,2,8.3,5.2,8.2,12.4,78.0,95.0,99.0,4.0,12.0,113.0,3209.0,989.9,2014,2014-12-02
12,3,18.3,5.5,8.2,10.7,77.0,93.0,99.0,6.0,20.0,107.0,3383.0,995.8,2014,2014-12-03
12,4,21.6,7.6,8.5,9.9,96.0,98.0,99.0,5.0,17.0,32.0,1375.0,999.2,2014,2014-12-04
12,5,0.4,6.0,9.1,12.3,78.0,95.0,99.0,4.0,13.0,109.0,3253.0,998.6,2014,2014-12-05
12,6,3.2,6.1,9.0,12.5,80.0,96.0,99.0,4.0,13.0,138.0,2770.0,997.8,2014,2014-12-06
12,7,0.1,5.6,8.4,12.0,69.0,93.0,99.0,5.0,13.0,246.0,3275.0,998.8,2014,2014-12-07
12,8,0.0,3.8,7.5,12.0,68.0,91.0,99.0,5.0,14.0,343.0,6432.0,999.4,2014,2014-12-08
12,9,0.0,0.5,5.4,11.7,43.0,82.0,99.0,7.0,17.0,288.0,4892.0,1002.4,2014,2014-12-09
12,10,0.0,-1.7,4.1,10.1,36.0,74.0,95.0,6.0,14.0,225.0,6979.0,1005.7,2014,2014-12-10
12,11,0.0,-1.1,4.2,12.9,30.0,74.0,97.0,6.0,18.0,326.0,6975.0,1002.1,2014,2014-12-11
12,12,0.0,-1.5,3.4,11.5,35.0,73.0,93.0,8.0,16.0,322.0,7329.0,1003.9,2014,2014-12-12
12,13,0.0,-0.5,6.1,11.4,64.0,80.0,94.0,7.0,17.0,339.0,2771.0,1005.2,2014,2014-12-13
12,14,0.0,6.2,8.7,11.4,77.0,93.0,99.0,4.0,11.0,329.0,3218.0,1005.9,2014,2014-12-14
12,15,0.4,7.0,9.7,11.7,94.0,98.0,99.0,5.0,11.0,9.0,1580.0,1004.3,2014,2014-12-15
12,16,6.2,8.2,9.7,10.6,87.0,97.0,99.0,6.0,17.0,16.0,1305.0,996.0,2014,2014-12-16
12,17,1.3,6.9,9.7,13.5,73.0,92.0,99.0,6.0,14.0,317.0,3864.0,995.8,2014,2014-12-17
12,18,0.0,2.0,7.8,13.6,66.0,92.0,99.0,5.0,13.0,357.0,6319.0,1002.8,2014,2014-12-18
12,19,0.0,2.2,7.3,12.3,77.0,93.0,99.0,6.0,13.0,339.0,2935.0,1006.0,2014,2014-12-19
12,20,0.0,3.8,8.6,12.9,68.0,91.0,99.0,5.0,13.0,15.0,2793.0,1005.0,2014,2014-12-20
12,21,0.0,0.7,5.5,11.9,72.0,94.0,99.0,6.0,18.0,170.0,5872.0,1011.7,2014,2014-12-21
12,22,0.0,0.0,4.1,8.0,86.0,96.0,99.0,5.0,16.0,16.0,2201.0,1013.5,2014,2014-12-22
12,23,0.0,3.9,6.3,8.2,89.0,96.0,99.0,3.0,11.0,152.0,1624.0,1011.8,2014,2014-12-23
12,24,0.0,5.3,6.2,7.8,86.0,97.0,99.0,3.0,11.0,3.0,1308.0,1009.9,2014,2014-12-24
12,25,0.0,3.9,6.7,8.7,80.0,92.0,99.0,5.0,16.0,333.0,1864.0,1005.3,2014,2014-12-25
12,26,0.0,-1.1,3.9,10.2,62.0,90.0,99.0,7.0,21.0,236.0,5593.0,1006.3,2014,2014-12-26
12,27,12.0,-1.3,1.7,4.3,79.0,95.0,99.0,9.0,20.0,46.0,1638.0,995.3,2014,2014-12-27
12,28,0.0,0.9,3.2,6.9,32.0,82.0,99.0,8.0,25.0,58.0,3637.0,988.6,2014,2014-12-28
12,29,0.0,-4.0,0.8,5.0,33.0,58.0,87.0,8.0,22.0,70.0,4897.0,1007.0,2014,2014-12-29
12,30,0.0,-6.3,-1.4,2.6,46.0,72.0,93.0,5.0,16.0,303.0,6116.0,1014.0,2014,2014-12-30
12,31,0.0,-4.5,-2.1,0.9,63.0,84.0,98.0,5.0,18.0,276.0,4278.0,1016.5,2014,2014-12-31
1,1,0.0,-5.5,-0.2,6.5,46.0,81.0,99.0,6,17.0,337.0,6005.0,1018.9,2015,2015-01-01
1,2,0.0,-1.3,3.0,10.2,48.0,83.0,99.0,6,14.0,320.0,4958.0,1014.2,2015,2015-01-02
1,3,0.0,-1.0,4.8,12.2,59.0,86.0,99.0,7,22.0,110.0,5786.0,1007.6,2015,2015-01-03
1,4,0.0,0.2,7.2,16.9,15.0,59.0,99.0,10,44.0,330.0,7282.0,1004.5,2015,2015-01-04
1,5,0.0,-2.9,2.9,10.2,30.0,61.0,90.0,8,23.0,312.0,7121.0,1011.0,2015,2015-01-05
1,6,0.0,-3.4,2.8,10.2,40.0,71.0,93.0,7,16.0,342.0,7029.0,1009.5,2015,2015-01-06
1,7,0.0,-1.1,3.5,8.7,61.0,82.0,99.0,7,15.0,345.0,2523.0,1014.0,2015,2015-01-07
1,8,0.0,-0.5,3.8,9.6,59.0,86.0,99.0,6,16.0,335.0,4863.0,1016.4,2015,2015-01-08
1,9,0.0,0.7,5.1,8.3,75.0,90.0,99.0,5,12.0,299.0,1987.0,1012.9,2015,2015-01-09
1,10,0.0,0.6,6.9,10.3,77.0,92.0,99.0,6,22.0,24.0,1910.0,1003.2,2015,2015-01-10
1,11,0.0,-0.5,6.1,9.8,66.0,94.0,99.0,6,19.0,345.0,1445.0,999.1,2015,2015-01-11
1,12,0.0,-0.5,5.2,11.3,33.0,59.0,90.0,9,35.0,1.0,7318.0,1011.2,2015,2015-01-12
1,13,0.0,0.3,5.1,11.7,57.0,79.0,99.0,8,18.0,348.0,6739.0,1010.5,2015,2015-01-13
1,14,0.0,-0.7,4.2,10.2,58.0,87.0,99.0,6,18.0,324.0,4483.0,1004.5,2015,2015-01-14
1,15,0.0,0.2,5.2,8.4,81.0,92.0,99.0,6,18.0,30.0,2680.0,1004.8,2015,2015-01-15
1,16,11.5,5.8,8.0,9.9,87.0,94.0,99.0,8,18.0,340.0,1120.0,1001.3,2015,2015-01-16
1,17,18.0,8.2,10.6,12.2,98.0,99.0,99.0,11,41.0,172.0,529.0,996.2,2015,2015-01-17
1,18,0.1,1.7,6.8,12.2,67.0,91.0,99.0,7,20.0,347.0,7521.0,999.4,2015,2015-01-18
1,19,0.1,-0.3,4.3,10.7,58.0,87.0,99.0,7,17.0,322.0,7375.0,997.3,2015,2015-01-19
1,20,0.0,-0.8,4.1,11.0,46.0,84.0,99.0,7,13.0,343.0,6997.0,995.2,2015,2015-01-20
1,21,1.6,-0.7,6.1,10.5,50.0,80.0,99.0,6,17.0,65.0,3132.0,995.7,2015,2015-01-21
1,22,6.5,2.9,7.4,12.6,72.0,94.0,99.0,7,17.0,49.0,4518.0,995.3,2015,2015-01-22
1,23,0.0,2.4,10.1,17.0,32.0,63.0,99.0,12,37.0,39.0,6879.0,992.4,2015,2015-01-23
1,24,0.0,2.9,7.7,13.4,40.0,76.0,99.0,8,21.0,117.0,7693.0,994.2,2015,2015-01-24
1,25,0.0,0.2,4.6,10.3,64.0,88.0,99.0,8,23.0,218.0,7587.0,1001.1,2015,2015-01-25
1,26,0.0,-2.7,2.0,9.0,41.0,78.0,99.0,8,19.0,225.0,8854.0,1007.0,2015,2015-01-26
1,27,0.0,-3.2,1.8,8.6,45.0,80.0,98.0,6,18.0,226.0,6115.0,1001.1,2015,2015-01-27
1,28,0.0,-4.0,1.8,8.8,37.0,74.0,99.0,8,21.0,342.0,9409.0,1000.1,2015,2015-01-28
1,29,1.2,-1.9,2.0,4.6,66.0,87.0,99.0,6,17.0,13.0,1683.0,985.1,2015,2015-01-29
1,30,10.7,-1.7,3.1,6.2,56.0,92.0,99.0,10,41.0,14.0,1831.0,962.8,2015,2015-01-30
1,31,0.0,-0.9,3.4,9.1,57.0,81.0,99.0,8,15.0,9.0,7710.0,971.4,2015,2015-01-31
2,1,0.0,-2.2,2.7,7.9,51.0,77.0,99.0,8,30.0,41.0,3488.0,975.6,2015,2015-02-01
2,2,0.0,-4.2,1.2,7.2,64.0,87.0,99.0,6,15.0,348.0,9160.0,985.3,2015,2015-02-02
2,3,0.0,0.1,3.6,8.0,60.0,84.0,99.0,7,20.0,110.0,6411.0,987.8,2015,2015-02-03
2,4,0.0,1.1,6.1,12.7,34.0,66.0,88.0,9,27.0,111.0,8905.0,988.1,2015,2015-02-04
2,5,6.3,2.6,5.1,8.7,50.0,80.0,99.0,20,49.0,21.0,999.0,991.8,2015,2015-02-05
2,6,0.0,3.8,7.6,9.8,41.0,53.0,79.0,21,52.0,38.0,1925.0,991.9,2015,2015-02-06
2,7,0.0,-3.0,2.8,8.0,51.0,77.0,99.0,6,18.0,159.0,9473.0,1003.3,2015,2015-02-07
2,8,0.0,-3.8,2.7,9.6,22.0,63.0,99.0,10,61.0,8.0,11024.0,998.2,2015,2015-02-08
2,9,0.0,-4.8,0.8,7.0,43.0,67.0,97.0,8,34.0,219.0,10832.0,1005.6,2015,2015-02-09
2,10,0.0,-3.9,2.9,11.0,43.0,76.0,97.0,6,14.0,152.0,11501.0,1007.5,2015,2015-02-10
2,11,0.0,-0.8,5.2,13.5,41.0,75.0,97.0,6,14.0,198.0,11471.0,1008.6,2015,2015-02-11
2,12,0.0,-1.6,3.9,10.7,57.0,82.0,99.0,6,25.0,101.0,10804.0,1009.6,2015,2015-02-12
2,13,0.0,0.1,4.2,5.8,71.0,85.0,97.0,4,12.0,299.0,2359.0,1008.4,2015,2015-02-13
2,14,1.5,3.7,5.8,8.2,78.0,88.0,99.0,5,14.0,12.0,2492.0,1001.9,2015,2015-02-14
2,15,10.4,4.4,6.6,8.9,86.0,95.0,99.0,9,18.0,10.0,2477.0,1000.1,2015,2015-02-15
2,16,0.0,1.9,8.4,15.5,40.0,71.0,95.0,9,24.0,15.0,12235.0,1004.3,2015,2015-02-16
2,17,0.0,-0.6,6.5,14.1,35.0,69.0,94.0,8,29.0,119.0,12516.0,1012.4,2015,2015-02-17
2,18,0.0,-0.9,4.5,11.6,44.0,75.0,99.0,7,15.0,283.0,12685.0,1019.4,2015,2015-02-18
2,19,0.0,-2.8,3.2,10.8,50.0,82.0,99.0,6,17.0,183.0,12746.0,1015.8,2015,2015-02-19
2,20,0.0,-3.0,3.1,10.0,64.0,88.0,99.0,5,17.0,140.0,11046.0,1007.7,2015,2015-02-20
2,21,0.1,2.7,5.6,7.6,80.0,90.0,99.0,8,20.0,351.0,2912.0,995.0,2015,2015-02-21
2,22,4.3,6.4,9.0,13.4,56.0,77.0,92.0,13,36.0,10.0,4062.0,986.1,2015,2015-02-22
2,23,0.2,6.0,9.2,13.6,55.0,82.0,99.0,5,17.0,202.0,9030.0,987.9,2015,2015-02-23
2,24,1.5,6.9,9.2,11.5,40.0,79.0,99.0,12,51.0,68.0,3442.0,987.2,2015,2015-02-24
2,25,0.0,8.3,10.7,14.0,32.0,45.0,64.0,23,54.0,0.0,6937.0,994.2,2015,2015-02-25
2,26,0.0,5.4,9.5,13.9,34.0,58.0,87.0,5,14.0,231.0,8748.0,1000.1,2015,2015-02-26
2,27,0.0,0.8,7.3,14.2,43.0,75.0,99.0,6,17.0,256.0,13739.0,995.7,2015,2015-02-27
2,28,0.0,1.7,7.7,15.1,39.0,75.0,99.0,6,22.0,219.0,13199.0,1000.2,2015,2015-02-28
3,1,0.0,1.3,6.8,11.7,55.0,81.0,99.0,5,16.0,333.0,8605.0,1000.2,2015,2015-03-01
3,2,1.9,2.5,7.1,9.4,86.0,96.0,99.0,6,17.0,6.0,1993.0,995.5,2015,2015-03-02
3,3,0.0,0.5,7.8,15.5,27.0,70.0,99.0,7,19.0,175.0,16118.0,1004.7,2015,2015-03-03
3,4,6.3,2.5,9.4,15.1,35.0,63.0,96.0,10,49.0,48.0,9961.0,1003.9,2015,2015-03-04
3,5,0.0,7.3,10.4,14.0,19.0,27.0,40.0,27,74.0,32.0,15758.0,1004.6,2015,2015-03-05
3,6,0.0,1.4,8.1,14.7,20.0,41.0,85.0,10,35.0,73.0,16721.0,1013.0,2015,2015-03-06
3,7,0.0,-0.8,6.5,14.5,30.0,60.0,91.0,7,19.0,336.0,16521.0,1014.8,2015,2015-03-07
3,8,0.0,-0.6,7.1,15.5,26.0,59.0,93.0,6,15.0,180.0,16473.0,1011.1,2015,2015-03-08
3,9,0.0,-0.7,6.4,12.4,33.0,61.0,91.0,8,20.0,240.0,13986.0,1009.8,2015,2015-03-09
3,10,0.0,0.0,8.3,16.9,33.0,64.0,95.0,7,17.0,219.0,16719.0,1007.4,2015,2015-03-10
3,11,0.0,2.9,9.5,16.5,25.0,60.0,89.0,7,25.0,5.0,12754.0,1003.6,2015,2015-03-11
3,12,0.0,1.4,9.4,16.8,19.0,42.0,81.0,7,21.0,33.0,16860.0,1004.5,2015,2015-03-12
3,13,0.0,0.4,7.0,14.2,36.0,64.0,94.0,8,22.0,175.0,16664.0,1003.0,2015,2015-03-13
3,14,0.0,-0.5,7.8,14.0,41.0,69.0,98.0,6,19.0,188.0,15594.0,1005.0,2015,2015-03-14
3,15,0.0,4.0,9.9,15.3,39.0,60.0,99.0,8,28.0,77.0,12880.0,1010.0,2015,2015-03-15
3,16,12.2,6.8,8.4,10.6,57.0,79.0,94.0,15,35.0,9.0,2252.0,1013.1,2015,2015-03-16
3,17,0.0,5.8,11.0,16.0,52.0,76.0,93.0,7,30.0,2.0,8464.0,1010.5,2015,2015-03-17
3,18,0.0,3.9,10.5,16.8,35.0,69.0,95.0,8,21.0,111.0,17532.0,1007.2,2015,2015-03-18
3,19,0.0,3.0,10.6,17.0,39.0,71.0,98.0,6,20.0,211.0,17523.0,1006.1,2015,2015-03-19
3,20,0.0,4.8,9.7,15.3,42.0,79.0,99.0,6,26.0,174.0,12290.0,1007.1,2015,2015-03-20
3,21,0.2,7.2,9.5,12.8,58.0,82.0,99.0,4,13.0,358.0,7457.0,1002.8,2015,2015-03-21
3,22,3.2,5.6,9.2,15.6,48.0,84.0,99.0,8,20.0,28.0,6567.0,1000.5,2015,2015-03-22
3,23,0.0,3.8,11.2,17.9,37.0,67.0,95.0,7,18.0,322.0,17494.0,999.2,2015,2015-03-23
3,24,0.1,3.7,11.0,17.5,39.0,73.0,97.0,7,23.0,140.0,16521.0,996.7,2015,2015-03-24
3,25,41.8,8.0,11.0,15.1,52.0,83.0,97.0,15,34.0,342.0,3755.0,988.8,2015,2015-03-25
3,26,70.8,8.9,10.5,12.6,94.0,98.0,99.0,11,29.0,8.0,2814.0,990.1,2015,2015-03-26
3,27,5.7,8.3,12.5,18.4,33.0,65.0,99.0,12,40.0,29.0,9234.0,992.1,2015,2015-03-27
3,28,0.0,5.2,11.7,17.6,23.0,53.0,95.0,9,28.0,243.0,21425.0,998.1,2015,2015-03-28
3,29,0.0,4.3,10.1,15.5,53.0,76.0,98.0,6,20.0,200.0,14424.0,995.2,2015,2015-03-29
3,30,0.0,7.7,12.3,17.9,40.0,74.0,99.0,6,18.0,230.0,17822.0,988.1,2015,2015-03-30
3,31,0.1,6.6,11.2,15.0,74.0,91.0,99.0,8,19.0,35.0,6358.0,990.7,2015,2015-03-31
4,1,0.0,3.2,12.3,19.2,12.0,50.0,99.0,15,62.0,342.0,22439.0,994.2,2015,2015-04-01
4,2,0.0,1.1,9.3,16.1,32.0,62.0,94.0,9,32.0,182.0,17505.0,997.3,2015,2015-04-02
4,3,0.0,3.5,9.2,15.9,22.0,51.0,91.0,11,36.0,213.0,22110.0,1000.9,2015,2015-04-03
4,4,0.0,5.2,8.2,11.9,45.0,77.0,95.0,8,27.0,143.0,8292.0,996.3,2015,2015-04-04
4,5,0.0,4.0,9.8,15.8,17.0,46.0,98.0,17,48.0,17.0,22561.0,996.3,2015,2015-04-05
4,6,0.0,2.0,9.3,15.4,17.0,32.0,57.0,10,30.0,256.0,20707.0,1003.5,2015,2015-04-06
4,7,0.0,1.0,10.0,18.4,10.0,35.0,72.0,9,32.0,48.0,23949.0,1010.8,2015,2015-04-07
4,8,0.0,0.9,10.0,18.3,20.0,48.0,82.0,8,21.0,238.0,22618.0,1011.0,2015,2015-04-08
4,9,0.0,2.7,11.7,19.8,29.0,58.0,90.0,6,21.0,234.0,22824.0,1011.8,2015,2015-04-09
4,10,0.0,4.1,11.9,20.0,41.0,71.0,98.0,7,25.0,179.0,20649.0,1010.0,2015,2015-04-10
4,11,0.0,5.7,13.1,19.6,43.0,74.0,99.0,6,23.0,114.0,21138.0,1008.3,2015,2015-04-11
4,12,0.0,6.8,15.3,23.8,28.0,68.0,99.0,9,26.0,227.0,22687.0,1011.2,2015,2015-04-12
4,13,0.0,7.3,16.4,24.2,37.0,66.0,97.0,7,26.0,163.0,22636.0,1008.5,2015,2015-04-13
4,14,0.0,9.2,15.8,22.1,38.0,65.0,92.0,8,24.0,177.0,15628.0,1007.3,2015,2015-04-14
4,15,0.0,7.6,16.0,24.0,35.0,63.0,94.0,8,28.0,168.0,23122.0,1004.7,2015,2015-04-15
4,16,0.0,8.2,16.6,24.0,34.0,68.0,99.0,7,23.0,142.0,21449.0,1000.2,2015,2015-04-16
4,17,3.6,11.9,13.6,15.2,72.0,92.0,99.0,7,27.0,187.0,4034.0,997.9,2015,2015-04-17
4,18,1.0,4.3,10.6,17.9,73.0,89.0,99.0,8,35.0,96.0,7323.0,999.9,2015,2015-04-18
4,19,0.0,2.4,9.9,16.6,35.0,70.0,99.0,6,24.0,237.0,25243.0,1004.5,2015,2015-04-19
4,20,0.0,4.6,13.1,20.6,34.0,63.0,98.0,7,21.0,208.0,25149.0,1002.8,2015,2015-04-20
4,21,0.0,8.0,16.1,24.7,27.0,56.0,89.0,9,29.0,218.0,24954.0,1004.9,2015,2015-04-21
4,22,0.0,8.0,16.8,25.3,24.0,54.0,91.0,8,26.0,185.0,25334.0,1003.0,2015,2015-04-22
4,23,0.4,11.8,16.4,21.4,36.0,61.0,90.0,10,26.0,143.0,14642.0,997.9,2015,2015-04-23
4,24,11.0,9.6,14.2,19.6,49.0,80.0,99.0,9,27.0,23.0,18771.0,999.2,2015,2015-04-24
4,25,0.0,9.9,14.3,17.4,77.0,90.0,99.0,4,13.0,9.0,7095.0,1000.0,2015,2015-04-25
4,26,2.6,12.2,14.9,19.0,68.0,91.0,99.0,5,18.0,178.0,8115.0,996.3,2015,2015-04-26
4,27,43.6,12.8,14.1,16.9,92.0,98.0,99.0,7,20.0,160.0,3803.0,991.1,2015,2015-04-27
4,28,0.9,11.5,15.1,19.3,69.0,91.0,99.0,8,22.0,243.0,11153.0,988.9,2015,2015-04-28
4,29,0.0,7.6,14.4,19.6,42.0,71.0,99.0,7,27.0,218.0,19439.0,1000.5,2015,2015-04-29
4,30,0.2,11.7,14.4,17.0,60.0,79.0,98.0,5,15.0,198.0,10494.0,999.3,2015,2015-04-30
5,1,14.2,11.3,12.9,15.5,89.0,97.0,99.0,7,22.0,194.0,4406.0,995.0,2015,2015-05-01
5,2,0.1,12.5,15.9,20.0,72.0,90.0,99.0,5,18.0,130.0,13951.0,993.4,2015,2015-05-02
5,3,1.1,13.8,15.2,17.0,91.0,97.0,99.0,8,19.0,26.0,3933.0,996.6,2015,2015-05-03
5,4,0.0,14.5,17.4,20.6,76.0,93.0,99.0,5,15.0,161.0,9759.0,997.8,2015,2015-05-04
5,5,0.0,13.9,19.2,25.1,55.0,81.0,99.0,6,18.0,338.0,21459.0,996.3,2015,2015-05-05
5,6,5.3,13.5,19.7,25.3,51.0,79.0,99.0,7,24.0,2.0,19687.0,994.7,2015,2015-05-06
5,7,0.2,13.3,20.3,26.8,30.0,62.0,99.0,6,18.0,181.0,23496.0,997.8,2015,2015-05-07
5,8,0.0,13.8,21.5,28.0,28.0,54.0,86.0,9,36.0,355.0,26785.0,997.2,2015,2015-05-08
5,9,0.3,15.0,20.7,28.9,30.0,65.0,90.0,9,41.0,328.0,19433.0,998.3,2015,2015-05-09
5,10,0.0,12.7,20.4,27.7,29.0,61.0,88.0,9,31.0,196.0,26306.0,1004.2,2015,2015-05-10
5,11,0.0,13.3,20.0,27.0,37.0,64.0,98.0,8,27.0,175.0,26892.0,1006.8,2015,2015-05-11
5,12,0.0,14.6,20.4,26.2,39.0,62.0,93.0,7,32.0,228.0,22859.0,1006.2,2015,2015-05-12
5,13,0.0,13.7,19.5,26.1,35.0,63.0,96.0,6,22.0,158.0,23784.0,1000.5,2015,2015-05-13
5,14,0.0,14.3,20.2,26.3,45.0,71.0,94.0,8,26.0,11.0,21926.0,992.1,2015,2015-05-14
5,15,21.6,15.3,16.4,18.4,74.0,89.0,99.0,11,31.0,25.0,1358.0,992.6,2015,2015-05-15
5,16,0.2,15.0,20.9,27.3,43.0,72.0,99.0,8,28.0,117.0,23981.0,999.3,2015,2015-05-16
5,17,0.0,14.7,22.2,28.2,31.0,62.0,99.0,6,23.0,135.0,25446.0,1000.6,2015,2015-05-17
5,18,0.0,15.7,21.6,27.7,36.0,64.0,92.0,8,27.0,97.0,28325.0,995.0,2015,2015-05-18
5,19,0.0,14.9,21.6,27.4,37.0,69.0,97.0,7,22.0,123.0,25076.0,990.1,2015,2015-05-19
5,20,53.6,9.8,18.0,21.2,71.0,90.0,99.0,7,36.0,310.0,5846.0,991.1,2015,2015-05-20
5,21,0.8,12.2,16.6,22.0,46.0,70.0,99.0,11,35.0,13.0,17270.0,996.8,2015,2015-05-21
5,22,1.0,13.5,16.4,18.7,43.0,62.0,88.0,16,42.0,18.0,5828.0,996.1,2015,2015-05-22
5,23,8.6,13.0,15.0,17.0,56.0,86.0,99.0,9,37.0,6.0,7129.0,994.9,2015,2015-05-23
5,24,0.0,9.8,17.5,23.8,40.0,71.0,99.0,6,17.0,176.0,27457.0,996.4,2015,2015-05-24
5,25,1.4,12.5,18.4,25.4,37.0,72.0,99.0,8,31.0,111.0,26279.0,993.9,2015,2015-05-25
5,26,18.4,13.0,16.4,22.5,59.0,88.0,99.0,7,48.0,42.0,15593.0,993.5,2015,2015-05-26
5,27,1.4,12.2,16.7,22.3,43.0,76.0,99.0,8,24.0,182.0,21695.0,998.2,2015,2015-05-27
5,28,0.0,9.8,16.3,22.0,51.0,76.0,99.0,7,23.0,160.0,23528.0,1000.5,2015,2015-05-28
5,29,0.0,11.7,17.7,23.0,53.0,79.0,99.0,6,17.0,160.0,20204.0,997.9,2015,2015-05-29
5,30,3.0,12.9,19.2,25.5,49.0,79.0,99.0,7,32.0,287.0,23165.0,996.7,2015,2015-05-30
5,31,0.4,16.3,20.0,25.5,44.0,79.0,99.0,5,17.0,119.0,18237.0,999.9,2015,2015-05-31
6,1,0.0,14.4,21.2,26.9,45.0,73.0,99.0,6,19.0,144.0,25150.0,999.8,2015,2015-06-01
6,2,0.0,16.2,22.3,28.5,48.0,75.0,99.0,6,19.0,227.0,26923.0,1001.0,2015,2015-06-02
6,3,0.0,17.5,24.7,31.7,35.0,66.0,99.0,5,16.0,179.0,27592.0,1002.0,2015,2015-06-03
6,4,1.7,20.1,25.5,32.6,32.0,64.0,90.0,9,24.0,343.0,18293.0,1003.0,2015,2015-06-04
6,5,0.0,20.7,26.9,32.6,39.0,62.0,86.0,7,19.0,254.0,28571.0,1001.9,2015,2015-06-05
6,6,0.0,19.7,26.5,32.4,40.0,68.0,98.0,5,19.0,226.0,28014.0,1001.9,2015,2015-06-06
6,7,0.0,20.1,27.0,33.6,36.0,60.0,94.0,5,18.0,148.0,26749.0,1001.7,2015,2015-06-07
6,8,0.0,19.8,26.0,32.3,23.0,51.0,79.0,7,32.0,12.0,29335.0,997.7,2015,2015-06-08
6,9,3.6,18.9,25.2,31.3,30.0,55.0,90.0,8,25.0,16.0,26451.0,996.7,2015,2015-06-09
6,10,0.0,19.0,24.4,30.1,34.0,61.0,89.0,7,28.0,87.0,29765.0,999.9,2015,2015-06-10
6,11,0.0,18.1,25.1,31.7,25.0,61.0,88.0,7,22.0,169.0,29241.0,998.2,2015,2015-06-11
6,12,0.0,17.3,24.5,30.7,41.0,69.0,97.0,9,30.0,176.0,26386.0,997.2,2015,2015-06-12
6,13,0.0,19.8,24.1,30.4,43.0,78.0,98.0,7,31.0,159.0,20144.0,996.3,2015,2015-06-13
6,14,39.2,17.4,19.4,23.7,71.0,94.0,98.0,8,46.0,203.0,3527.0,994.5,2015,2015-06-14
6,15,9.8,17.1,20.3,26.8,60.0,88.0,98.0,6,45.0,137.0,17964.0,994.8,2015,2015-06-15
6,16,12.1,16.5,20.4,26.1,57.0,86.0,98.0,6,28.0,351.0,16413.0,996.7,2015,2015-06-16
6,17,6.3,16.3,20.1,25.0,54.0,77.0,98.0,8,25.0,6.0,23481.0,998.2,2015,2015-06-17
6,18,0.0,12.9,19.3,24.8,48.0,74.0,98.0,5,21.0,225.0,25231.0,997.3,2015,2015-06-18
6,19,6.4,14.8,18.7,24.4,63.0,90.0,98.0,6,24.0,40.0,15669.0,994.5,2015,2015-06-19
6,20,6.1,14.2,17.0,22.3,50.0,87.0,98.0,6,40.0,21.0,16720.0,997.3,2015,2015-06-20
6,21,0.1,13.2,17.6,23.1,50.0,80.0,98.0,6,29.0,260.0,20586.0,999.7,2015,2015-06-21
6,22,0.8,14.4,19.4,23.9,56.0,80.0,98.0,6,20.0,189.0,17447.0,997.8,2015,2015-06-22
6,23,43.1,13.3,17.3,24.4,72.0,93.0,98.0,8,32.0,340.0,10116.0,992.4,2015,2015-06-23
6,24,0.0,12.4,18.8,24.9,42.0,72.0,98.0,6,23.0,178.0,31292.0,1001.8,2015,2015-06-24
6,25,0.0,13.7,20.1,25.9,46.0,75.0,98.0,6,19.0,198.0,26936.0,1003.7,2015,2015-06-25
6,26,0.0,14.7,21.8,27.9,44.0,75.0,98.0,6,23.0,239.0,28716.0,1001.1,2015,2015-06-26
6,27,22.4,16.1,20.7,28.4,52.0,86.0,98.0,6,43.0,317.0,18004.0,999.2,2015,2015-06-27
6,28,0.0,14.8,22.8,29.0,37.0,70.0,98.0,7,24.0,189.0,28928.0,999.3,2015,2015-06-28
6,29,0.0,16.5,22.5,27.9,47.0,74.0,98.0,5,14.0,94.0,22217.0,1002.3,2015,2015-06-29
6,30,0.0,17.1,23.7,29.8,39.0,73.0,98.0,6,28.0,213.0,29028.0,1002.0,2015,2015-06-30
7,1,0.0,17.3,23.9,30.4,45.0,75.0,98.0,6,24.0,223.0,28756.0,1002.6,2015,2015-07-01
7,2,0.0,18.3,25.0,31.4,45.0,76.0,98.0,6,15.0,353.0,25997.0,1003.6,2015,2015-07-02
7,3,0.0,20.1,26.0,33.3,40.0,73.0,97.0,7,56.0,240.0,24571.0,1005.2,2015,2015-07-03
7,4,0.0,19.8,26.6,32.7,47.0,77.0,98.0,5,17.0,153.0,27951.0,1003.1,2015,2015-07-04
7,5,0.0,21.6,27.5,33.3,50.0,79.0,98.0,5,17.0,219.0,26625.0,999.8,2015,2015-07-05
7,6,0.1,22.3,27.3,33.2,57.0,84.0,98.0,5,17.0,137.0,23066.0,999.1,2015,2015-07-06
7,7,0.0,22.7,28.5,34.1,49.0,78.0,98.0,5,18.0,169.0,25439.0,996.0,2015,2015-07-07
7,8,1.1,21.2,25.9,30.9,60.0,84.0,98.0,6,24.0,138.0,15694.0,990.4,2015,2015-07-08
7,9,0.0,18.9,23.7,28.2,42.0,66.0,97.0,7,27.0,133.0,27905.0,995.5,2015,2015-07-09
7,10,0.0,16.4,22.4,27.7,39.0,68.0,98.0,7,25.0,221.0,29724.0,1000.7,2015,2015-07-10
7,11,0.0,15.9,23.6,30.5,39.0,72.0,98.0,6,21.0,160.0,29013.0,998.7,2015,2015-07-11
7,12,0.0,17.8,25.5,32.5,25.0,66.0,98.0,6,25.0,231.0,28260.0,996.6,2015,2015-07-12
7,13,0.0,19.5,25.5,31.6,35.0,65.0,97.0,6,21.0,357.0,22702.0,995.3,2015,2015-07-13
7,14,0.0,18.8,25.8,32.6,41.0,71.0,98.0,6,22.0,236.0,27602.0,997.0,2015,2015-07-14
7,15,0.0,19.9,27.1,33.7,36.0,72.0,98.0,5,16.0,151.0,27377.0,998.0,2015,2015-07-15
7,16,0.0,21.6,27.1,33.7,43.0,76.0,98.0,5,17.0,162.0,21664.0,998.9,2015,2015-07-16
7,17,0.0,21.3,27.8,34.7,47.0,76.0,98.0,6,20.0,200.0,25495.0,998.4,2015,2015-07-17
7,18,0.0,20.4,28.4,35.6,34.0,69.0,97.0,5,19.0,201.0,27954.0,996.9,2015,2015-07-18
7,19,0.0,21.8,28.2,35.0,49.0,74.0,98.0,8,31.0,222.0,24947.0,993.7,2015,2015-07-19
7,20,0.3,22.4,28.3,35.8,31.0,70.0,98.0,6,20.0,156.0,26797.0,993.3,2015,2015-07-20
7,21,0.0,21.2,29.1,37.4,30.0,64.0,90.0,6,19.0,167.0,27115.0,994.9,2015,2015-07-21
7,22,0.0,21.6,29.7,38.0,26.0,59.0,91.0,6,17.0,151.0,27846.0,993.4,2015,2015-07-22
7,23,3.8,21.2,29.1,37.5,28.0,59.0,95.0,10,52.0,324.0,27574.0,991.2,2015,2015-07-23
7,24,0.7,20.9,26.6,34.3,37.0,73.0,98.0,6,19.0,332.0,18175.0,991.4,2015,2015-07-24
7,25,64.5,18.1,24.0,30.1,56.0,81.0,98.0,8,42.0,52.0,16189.0,989.9,2015,2015-07-25
7,26,0.1,16.8,21.9,27.5,47.0,74.0,98.0,7,29.0,132.0,19327.0,993.4,2015,2015-07-26
7,27,5.4,18.3,22.5,27.8,64.0,86.0,98.0,6,18.0,112.0,15505.0,988.8,2015,2015-07-27
7,28,0.0,19.0,24.1,28.9,55.0,79.0,98.0,6,22.0,7.0,19791.0,989.7,2015,2015-07-28
7,29,9.7,18.7,22.7,27.3,66.0,87.0,98.0,8,35.0,27.0,11984.0,989.9,2015,2015-07-29
7,30,1.0,18.2,21.9,26.9,53.0,75.0,98.0,8,34.0,120.0,22140.0,993.0,2015,2015-07-30
7,31,0.0,16.0,22.2,27.3,39.0,65.0,98.0,8,24.0,160.0,27655.0,996.5,2015,2015-07-31
8,1,7.1,15.4,21.6,29.4,34.0,76.0,98.0,7,21.0,260.0,19614.0,997.3,2015,2015-08-01
8,2,5.1,18.4,22.1,27.8,59.0,87.0,98.0,4,15.0,169.0,18989.0,998.8,2015,2015-08-02
8,3,0.0,18.2,25.2,31.9,41.0,73.0,98.0,6,19.0,59.0,26729.0,998.1,2015,2015-08-03
8,4,0.0,19.6,26.5,32.5,44.0,71.0,98.0,8,40.0,0.0,25611.0,995.9,2015,2015-08-04
8,5,0.0,20.1,27.5,34.5,32.0,64.0,94.0,7,33.0,9.0,26056.0,996.7,2015,2015-08-05
8,6,0.9,20.6,27.9,35.1,34.0,69.0,94.0,6,18.0,342.0,25958.0,997.0,2015,2015-08-06
8,7,0.0,21.3,28.1,35.3,37.0,71.0,97.0,6,19.0,75.0,25518.0,997.4,2015,2015-08-07
8,8,0.0,22.1,27.2,35.3,33.0,65.0,87.0,8,39.0,327.0,16841.0,998.0,2015,2015-08-08
8,9,0.0,20.8,27.9,35.1,25.0,55.0,81.0,8,20.0,92.0,25177.0,996.5,2015,2015-08-09
8,10,0.0,19.0,26.3,34.1,20.0,54.0,84.0,9,30.0,64.0,25810.0,994.9,2015,2015-08-10
8,11,0.0,17.5,25.6,34.0,28.0,61.0,87.0,7,22.0,135.0,22221.0,995.4,2015,2015-08-11
8,12,0.0,18.8,27.0,35.2,24.0,57.0,86.0,6,17.0,329.0,24834.0,997.6,2015,2015-08-12
8,13,0.0,21.0,27.3,35.5,23.0,56.0,92.0,7,18.0,342.0,25015.0,995.6,2015,2015-08-13
8,14,0.0,20.9,27.0,34.8,30.0,62.0,91.0,6,16.0,329.0,20025.0,991.1,2015,2015-08-14
8,15,5.8,19.3,24.7,31.1,44.0,75.0,98.0,8,63.0,233.0,21609.0,990.3,2015,2015-08-15
8,16,0.5,18.9,21.9,28.6,55.0,85.0,98.0,7,42.0,29.0,15009.0,990.0,2015,2015-08-16
8,17,5.2,18.2,20.3,24.1,72.0,93.0,98.0,4,19.0,241.0,11302.0,991.0,2015,2015-08-17
8,18,6.6,16.9,21.8,28.2,53.0,82.0,98.0,7,33.0,227.0,19696.0,994.3,2015,2015-08-18
8,19,16.6,16.7,19.1,23.8,64.0,92.0,98.0,6,32.0,0.0,6476.0,997.1,2015,2015-08-19
8,20,1.1,16.0,20.9,28.2,45.0,81.0,98.0,7,42.0,110.0,21324.0,1001.0,2015,2015-08-20
8,21,0.5,14.7,19.6,25.8,51.0,83.0,98.0,6,18.0,106.0,15228.0,1004.0,2015,2015-08-21
8,22,0.2,13.0,20.0,26.4,45.0,77.0,98.0,6,18.0,240.0,20338.0,1000.6,2015,2015-08-22
8,23,0.0,17.0,21.1,26.9,46.0,75.0,96.0,5,19.0,206.0,17260.0,996.7,2015,2015-08-23
8,24,13.7,17.5,19.1,21.7,83.0,93.0,98.0,7,22.0,3.0,4228.0,996.7,2015,2015-08-24
8,25,13.6,18.3,21.5,27.3,69.0,92.0,98.0,5,31.0,35.0,11158.0,997.6,2015,2015-08-25
8,26,0.1,16.2,22.4,29.2,46.0,79.0,98.0,5,20.0,121.0,22665.0,1000.3,2015,2015-08-26
8,27,0.1,15.8,23.1,29.6,54.0,82.0,98.0,5,16.0,177.0,21248.0,999.4,2015,2015-08-27
8,28,0.0,17.5,23.3,29.9,60.0,86.0,98.0,5,14.0,156.0,18924.0,1001.7,2015,2015-08-28
8,29,0.1,17.7,24.5,33.1,40.0,77.0,98.0,5,15.0,177.0,21504.0,1003.2,2015,2015-08-29
8,30,0.0,17.3,25.2,33.2,38.0,69.0,96.0,6,18.0,326.0,22060.0,1001.7,2015,2015-08-30
8,31,0.0,17.4,23.7,30.7,56.0,80.0,98.0,6,19.0,161.0,20459.0,998.8,2015,2015-08-31
9,1,0.0,18.3,24.3,31.1,44.0,78.0,98.0,6,17.0,156.0,20783.0,994.4,2015,2015-09-01
9,2,1.9,18.7,22.0,28.9,56.0,85.0,98.0,9,34.0,124.0,11942.0,993.9,2015,2015-09-02
9,3,0.0,18.7,22.5,29.2,33.0,79.0,97.0,8,23.0,15.0,17497.0,993.5,2015,2015-09-03
9,4,10.4,16.7,21.1,27.6,52.0,83.0,98.0,7,40.0,313.0,16037.0,994.0,2015,2015-09-04
9,5,26.0,13.0,17.8,24.3,61.0,87.0,98.0,8,41.0,1.0,9598.0,993.8,2015,2015-09-05
9,6,0.0,9.8,17.1,24.5,35.0,72.0,98.0,6,19.0,188.0,22244.0,1000.1,2015,2015-09-06
9,7,0.0,10.9,16.9,23.9,32.0,71.0,98.0,5,21.0,135.0,21028.0,1003.3,2015,2015-09-07
9,8,0.0,9.7,17.3,24.2,36.0,71.0,98.0,6,19.0,168.0,21143.0,1003.4,2015,2015-09-08
9,9,0.1,12.0,17.6,24.0,39.0,72.0,98.0,5,19.0,18.0,17763.0,1000.9,2015,2015-09-09
9,10,0.0,11.1,17.6,24.7,30.0,65.0,96.0,7,32.0,119.0,18727.0,999.9,2015,2015-09-10
9,11,0.0,10.3,16.8,24.7,36.0,73.0,98.0,6,16.0,178.0,19478.0,1002.5,2015,2015-09-11
9,12,0.0,10.5,18.1,25.7,46.0,79.0,98.0,6,21.0,249.0,18630.0,1003.8,2015,2015-09-12
9,13,2.3,16.9,20.0,25.4,56.0,85.0,98.0,5,14.0,99.0,10504.0,999.4,2015,2015-09-13
9,14,119.3,16.7,19.2,24.6,77.0,96.0,98.0,9,35.0,319.0,5575.0,992.9,2015,2015-09-14
9,15,0.0,16.8,21.7,28.8,47.0,86.0,98.0,9,34.0,178.0,16159.0,993.7,2015,2015-09-15
9,16,0.0,17.8,22.4,27.5,54.0,83.0,98.0,6,20.0,264.0,12900.0,992.8,2015,2015-09-16
9,17,0.0,19.2,23.2,29.0,63.0,88.0,98.0,6,21.0,191.0,9275.0,992.3,2015,2015-09-17
9,18,16.3,17.0,22.4,29.8,53.0,87.0,98.0,7,67.0,257.0,12254.0,996.1,2015,2015-09-18
9,19,0.1,15.8,20.4,27.4,58.0,82.0,98.0,6,18.0,121.0,12073.0,997.8,2015,2015-09-19
9,20,0.0,13.4,20.4,28.1,30.0,68.0,98.0,6,18.0,173.0,18599.0,997.3,2015,2015-09-20
9,21,0.0,14.7,18.7,24.5,37.0,65.0,91.0,5,23.0,226.0,17763.0,997.8,2015,2015-09-21
9,22,0.0,12.2,17.7,24.6,38.0,70.0,97.0,5,14.0,247.0,16805.0,992.3,2015,2015-09-22
9,23,31.4,12.9,15.6,18.7,66.0,88.0,98.0,11,46.0,345.0,3628.0,990.6,2015,2015-09-23
9,24,2.1,13.5,17.3,22.7,48.0,71.0,93.0,14,42.0,15.0,6897.0,995.4,2015,2015-09-24
9,25,0.3,12.7,17.0,22.0,61.0,90.0,98.0,4,16.0,173.0,7919.0,997.7,2015,2015-09-25
9,26,0.0,14.7,17.9,22.5,58.0,88.0,98.0,4,21.0,239.0,10014.0,1000.8,2015,2015-09-26
9,27,0.0,9.8,16.3,23.1,40.0,74.0,98.0,5,18.0,170.0,15957.0,1005.7,2015,2015-09-27
9,28,0.0,7.9,14.4,22.2,27.0,67.0,98.0,6,24.0,121.0,17527.0,1009.3,2015,2015-09-28
9,29,0.0,7.1,14.8,22.2,25.0,58.0,98.0,6,19.0,126.0,16951.0,1009.9,2015,2015-09-29
9,30,0.0,7.6,12.7,19.1,42.0,67.0,89.0,6,21.0,151.0,5975.0,1010.7,2015,2015-09-30
10,1,0.0,11.1,15.1,22.3,38.0,59.0,81.0,9,30.0,31.0,12097.0,1009.9,2015,2015-10-01
10,2,0.8,11.5,16.1,21.7,44.0,70.0,95.0,6,19.0,325.0,7905.0,1007.4,2015,2015-10-02
10,3,3.8,13.9,16.6,21.9,67.0,93.0,98.0,5,19.0,278.0,7428.0,1004.4,2015,2015-10-03
10,4,45.8,11.1,15.8,19.9,82.0,96.0,98.0,8,49.0,313.0,4561.0,1001.7,2015,2015-10-04
10,5,0.0,11.1,16.5,23.5,52.0,85.0,98.0,5,17.0,331.0,13991.0,998.8,2015,2015-10-05
10,6,0.7,13.9,16.4,19.2,73.0,93.0,98.0,4,13.0,75.0,3250.0,994.1,2015,2015-10-06
10,7,0.3,14.5,17.7,24.5,58.0,88.0,98.0,5,16.0,118.0,8536.0,992.7,2015,2015-10-07
10,8,0.1,14.2,18.0,24.6,49.0,84.0,98.0,5,13.0,123.0,10076.0,997.8,2015,2015-10-08
10,9,0.1,11.5,17.0,23.6,46.0,79.0,98.0,5,14.0,148.0,13380.0,999.7,2015,2015-10-09
10,10,0.1,12.9,15.9,20.1,60.0,82.0,98.0,6,21.0,108.0,7500.0,993.1,2015,2015-10-10
10,11,0.1,12.0,16.5,22.5,42.0,70.0,97.0,7,30.0,10.0,5582.0,990.0,2015,2015-10-11
10,12,0.0,12.3,14.9,19.1,67.0,87.0,97.0,4,17.0,63.0,5756.0,997.8,2015,2015-10-12
10,13,55.4,12.7,13.9,14.7,93.0,98.0,98.0,8,19.0,345.0,1633.0,996.7,2015,2015-10-13
10,14,49.0,12.3,14.0,15.5,93.0,98.0,98.0,6,20.0,342.0,2026.0,991.4,2015,2015-10-14
10,15,5.8,11.1,13.7,18.4,73.0,94.0,98.0,6,18.0,31.0,5908.0,992.2,2015,2015-10-15
10,16,14.3,6.6,10.6,14.6,80.0,94.0,98.0,8,27.0,207.0,4937.0,998.1,2015,2015-10-16
10,17,0.0,5.5,11.0,17.6,48.0,82.0,98.0,5,18.0,341.0,11285.0,1001.6,2015,2015-10-17
10,18,0.0,10.2,13.1,18.0,56.0,84.0,98.0,5,19.0,156.0,9842.0,1000.2,2015,2015-10-18
10,19,0.8,4.9,11.4,18.2,59.0,90.0,98.0,6,26.0,296.0,7076.0,997.3,2015,2015-10-19
10,20,0.0,4.5,10.3,17.8,33.0,74.0,98.0,7,17.0,242.0,13061.0,1000.2,2015,2015-10-20
10,21,0.0,3.9,10.3,18.7,34.0,73.0,98.0,6,17.0,321.0,12749.0,1000.6,2015,2015-10-21
10,22,0.0,4.5,10.5,17.6,43.0,77.0,98.0,6,17.0,230.0,12434.0,998.1,2015,2015-10-22
10,23,0.0,5.6,11.3,19.6,40.0,78.0,98.0,6,14.0,356.0,11970.0,1004.3,2015,2015-10-23
10,24,0.0,4.0,11.3,20.1,45.0,81.0,98.0,6,14.0,324.0,12306.0,1005.2,2015,2015-10-24
10,25,0.0,5.9,12.0,19.9,48.0,79.0,97.0,6,16.0,341.0,10454.0,1005.3,2015,2015-10-25
10,26,0.0,7.8,13.7,21.8,42.0,72.0,95.0,8,26.0,77.0,11472.0,1004.6,2015,2015-10-26
10,27,0.0,5.8,12.3,20.8,42.0,80.0,98.0,6,14.0,82.0,10431.0,1003.7,2015,2015-10-27
10,28,2.6,9.9,13.2,15.6,71.0,90.0,98.0,5,15.0,28.0,3289.0,1001.3,2015,2015-10-28
10,29,36.3,12.5,14.0,15.0,98.0,98.0,98.0,8,23.0,11.0,1173.0,999.3,2015,2015-10-29
10,30,0.0,7.9,14.1,21.7,59.0,86.0,98.0,4,13.0,355.0,10680.0,1006.8,2015,2015-10-30
10,31,0.1,5.4,12.1,21.4,34.0,76.0,98.0,5,15.0,318.0,10946.0,1013.0,2015,2015-10-31
11,1,0.0,4.2,11.3,23.2,21.0,68.0,95.0,7,20.0,127.0,11227.0,1015.9,2015,2015-11-01
11,2,0.0,2.5,8.6,18.3,28.0,70.0,93.0,6,15.0,14.0,11235.0,1015.4,2015,2015-11-02
11,3,0.0,2.3,8.6,17.5,35.0,72.0,94.0,6,14.0,168.0,10501.0,1011.7,2015,2015-11-03
11,4,0.0,4.5,9.1,15.6,50.0,82.0,98.0,5,12.0,0.0,6297.0,1006.4,2015,2015-11-04
11,5,0.0,4.7,10.5,19.0,54.0,85.0,98.0,5,12.0,225.0,9429.0,1004.4,2015,2015-11-05
11,6,0.0,5.4,12.8,22.5,42.0,78.0,98.0,5,13.0,0.0,9862.0,1007.0,2015,2015-11-06
11,7,0.0,7.6,13.6,22.5,38.0,74.0,94.0,6,16.0,222.0,8817.0,1009.9,2015,2015-11-07
11,8,0.0,7.9,13.5,23.2,43.0,78.0,97.0,6,14.0,328.0,9201.0,1011.8,2015,2015-11-08
11,9,0.0,5.9,11.3,19.8,59.0,88.0,98.0,5,12.0,143.0,8614.0,1009.2,2015,2015-11-09
11,10,0.0,6.5,10.4,18.8,69.0,94.0,98.0,5,15.0,161.0,7146.0,1007.9,2015,2015-11-10
11,11,0.0,5.3,9.9,18.6,67.0,91.0,98.0,4,15.0,180.0,8661.0,1007.1,2015,2015-11-11
11,12,0.0,4.4,9.4,19.1,61.0,91.0,98.0,3,14.0,183.0,8813.0,1009.0,2015,2015-11-12
11,13,0.1,3.2,7.5,10.5,98.0,98.0,98.0,4,18.0,342.0,4094.0,1011.2,2015,2015-11-13
11,14,0.0,5.9,11.2,17.5,63.0,89.0,98.0,5,12.0,7.0,5476.0,1008.8,2015,2015-11-14
11,15,0.0,5.2,9.3,13.5,80.0,94.0,98.0,5,13.0,328.0,2596.0,1003.7,2015,2015-11-15
11,16,0.0,3.9,8.2,15.1,72.0,92.0,98.0,6,15.0,209.0,7381.0,1003.2,2015,2015-11-16
11,17,0.0,2.9,8.3,10.6,95.0,98.0,98.0,4,11.0,343.0,1441.0,1004.3,2015,2015-11-17
11,18,0.0,9.2,10.4,12.2,89.0,97.0,98.0,3,10.0,133.0,1845.0,1005.3,2015,2015-11-18
11,19,0.0,10.0,10.9,13.0,79.0,93.0,98.0,4,12.0,323.0,1891.0,1005.6,2015,2015-11-19
11,20,0.4,9.3,10.1,11.5,90.0,97.0,98.0,3,10.0,40.0,1746.0,995.3,2015,2015-11-20
11,21,5.3,4.7,8.0,11.1,88.0,95.0,98.0,8,44.0,77.0,1048.0,976.9,2015,2015-11-21
11,22,0.0,2.0,5.8,10.8,54.0,83.0,98.0,7,22.0,223.0,5353.0,987.3,2015,2015-11-22
11,23,8.0,0.3,5.0,9.7,55.0,83.0,98.0,9,31.0,64.0,4600.0,1004.3,2015,2015-11-23
11,24,0.0,-2.3,2.9,10.2,43.0,75.0,96.0,8,22.0,1.0,7760.0,1007.1,2015,2015-11-24
11,25,0.0,-2.9,2.2,5.8,59.0,83.0,98.0,5,16.0,279.0,4177.0,995.0,2015,2015-11-25
11,26,0.0,1.5,5.1,9.8,36.0,75.0,95.0,6,31.0,23.0,3293.0,990.7,2015,2015-11-26
11,27,0.0,-0.5,5.1,11.9,40.0,65.0,95.0,8,19.0,189.0,7653.0,995.5,2015,2015-11-27
11,28,0.0,-2.5,2.5,9.5,54.0,83.0,98.0,6,16.0,202.0,6616.0,998.5,2015,2015-11-28
11,29,0.0,-1.7,3.4,10.7,54.0,83.0,98.0,7,15.0,326.0,6079.0,1007.6,2015,2015-11-29
11,30,0.0,-1.4,4.9,11.4,59.0,84.0,98.0,6,13.0,345.0,5916.0,1008.8,2015,2015-11-30
12,1,0.0,4.4,7.5,13.0,65.0,86.0,98.0,5,19.0,55.0,3747.0,1008.8,2015,2015-12-01
12,2,0.0,2.4,7.7,15.2,64.0,88.0,99.0,6,14.0,203.0,6592.0,1012.7,2015,2015-12-02
12,3,0.0,2.4,7.3,13.6,75.0,93.0,98.0,6,15.0,171.0,6323.0,1015.2,2015,2015-12-03
12,4,0.0,6.8,8.1,9.2,84.0,96.0,98.0,4,12.0,330.0,704.0,1017.4,2015,2015-12-04
12,5,0.0,1.6,7.0,13.7,62.0,86.0,98.0,6,16.0,238.0,5382.0,1019.0,2015,2015-12-05
12,6,0.0,1.4,6.6,10.2,80.0,95.0,98.0,4,12.0,358.0,1869.0,1019.3,2015,2015-12-06
12,7,0.0,1.0,6.5,13.0,60.0,89.0,98.0,4,10.0,322.0,5965.0,1020.0,2015,2015-12-07
12,8,0.0,0.1,5.4,14.5,50.0,88.0,98.0,5,15.0,0.0,5528.0,1017.6,2015,2015-12-08
12,9,0.0,-0.1,5.0,11.3,70.0,90.0,98.0,6,15.0,327.0,5718.0,1016.3,2015,2015-12-09
12,10,0.0,-1.4,5.2,13.3,47.0,78.0,98.0,6,15.0,324.0,6664.0,1018.7,2015,2015-12-10
12,11,0.0,-2.2,2.7,10.8,52.0,82.0,98.0,6,13.0,234.0,6577.0,1015.0,2015,2015-12-11
12,12,0.0,-1.9,2.5,11.0,45.0,82.0,98.0,6,12.0,1.0,7642.0,1011.1,2015,2015-12-12
12,13,0.0,-2.2,3.3,9.0,71.0,89.0,98.0,7,15.0,346.0,3815.0,1009.1,2015,2015-12-13
12,14,0.0,2.5,6.7,12.5,61.0,81.0,98.0,6,17.0,352.0,2621.0,1009.0,2015,2015-12-14
12,15,0.0,1.2,5.6,11.8,72.0,91.0,98.0,6,14.0,324.0,3739.0,1011.4,2015,2015-12-15
12,16,0.0,1.3,5.5,13.3,57.0,86.0,98.0,6,15.0,317.0,5150.0,1014.0,2015,2015-12-16
12,17,0.0,1.2,6.6,13.8,47.0,79.0,97.0,5,13.0,326.0,5189.0,1013.6,2015,2015-12-17
12,18,0.0,-0.1,4.6,12.8,57.0,86.0,98.0,6,14.0,326.0,6017.0,1011.8,2015,2015-12-18
12,19,0.0,-0.0,5.0,14.0,51.0,86.0,98.0,5,13.0,322.0,6108.0,1011.4,2015,2015-12-19
12,20,0.0,-0.2,5.2,14.1,55.0,86.0,98.0,6,16.0,318.0,6009.0,1013.6,2015,2015-12-20
12,21,0.0,3.9,7.5,11.1,74.0,92.0,98.0,5,14.0,352.0,3766.0,1016.0,2015,2015-12-21
12,22,0.0,4.9,7.6,11.0,80.0,93.0,98.0,4,12.0,175.0,2513.0,1018.2,2015,2015-12-22
12,23,0.0,6.1,7.3,8.7,79.0,95.0,98.0,4,15.0,354.0,1209.0,1016.8,2015,2015-12-23
12,24,0.0,4.7,8.5,12.2,73.0,88.0,98.0,4,13.0,355.0,4459.0,1015.4,2015,2015-12-24
12,25,0.0,0.7,6.3,11.7,71.0,91.0,99.0,5,13.0,25.0,2993.0,1019.1,2015,2015-12-25
12,26,0.0,-2.5,2.5,10.5,75.0,94.0,98.0,4,12.0,223.0,6150.0,1018.3,2015,2015-12-26
12,27,0.0,-3.6,0.2,2.9,98.0,98.0,98.0,3,10.0,61.0,3578.0,1018.9,2015,2015-12-27
12,28,0.0,-3.3,0.1,2.7,98.0,98.0,99.0,-,9.0,202.0,3030.0,1016.8,2015,2015-12-28
12,29,0.0,-4.8,0.8,12.2,73.0,96.0,98.0,-,14.0,0.0,6344.0,1012.8,2015,2015-12-29
12,30,0.0,-2.0,3.6,11.3,53.0,82.0,98.0,8,19.0,142.0,6115.0,1014.8,2015,2015-12-30
12,31,0.0,-4.9,0.2,7.0,51.0,84.0,98.0,5,13.0,296.0,6017.0,1013.7,2015,2015-12-31
1,1,0.0,-4.2,1.0,8.2,44.0,76.0,97.0,5,13,319,5681,1010.9,2016,2016-01-01
1,2,5.3,-4.8,1.9,7.0,68.0,87.0,98.0,7,25,75,2495,1003.4,2016,2016-01-02
1,3,7.2,-2.3,2.4,6.6,65.0,90.0,98.0,5,19,82,4614,993.9,2016,2016-01-03
1,4,0.6,-1.7,1.1,5.5,86.0,96.0,99.0,6,13,17,2457,984.8,2016,2016-01-04
1,5,0.3,-2.3,2.2,6.0,86.0,96.0,98.0,7,17,338,1772,985.7,2016,2016-01-05
1,6,0.0,-1.6,3.0,7.4,82.0,92.0,98.0,7,14,310,2926,984.9,2016,2016-01-06
1,7,0.0,-3.1,2.3,8.9,60.0,90.0,98.0,6,15,318,5515,988.2,2016,2016-01-07
1,8,0.0,0.0,5.5,13.3,53.0,83.0,98.0,7,19,322,5547,992.9,2016,2016-01-08
1,9,22.3,5.6,6.9,8.2,84.0,94.0,98.0,4,12,350,1029,991.0,2016,2016-01-09
1,10,3.5,6.4,7.3,8.0,98.0,98.0,98.0,4,10,49,970,988.1,2016,2016-01-10
1,11,26.8,7.6,9.4,10.5,98.0,98.0,98.0,7,32,201,657,980.6,2016,2016-01-11
1,12,0.0,2.3,7.8,12.6,65.0,91.0,98.0,6,20,95,6398,985.1,2016,2016-01-12
1,13,0.0,1.6,5.2,12.0,65.0,89.0,98.0,8,18,218,6943,996.0,2016,2016-01-13
1,14,0.5,-0.6,4.3,8.4,66.0,89.0,98.0,7,16,251,2850,998.5,2016,2016-01-14
1,15,0.0,-0.9,4.0,10.4,65.0,90.0,99.0,6,17,155,6293,993.1,2016,2016-01-15
1,16,0.0,-1.9,2.7,10.1,35.0,66.0,98.0,8,19,62,7865,997.9,2016,2016-01-16
1,17,0.0,-4.2,1.1,6.5,24.0,60.0,92.0,8,30,92,7870,1000.3,2016,2016-01-17
1,18,0.0,-6.0,-0.9,6.0,27.0,61.0,86.0,7,19,172,8104,1004.4,2016,2016-01-18
1,19,0.0,-5.3,-1.1,5.7,39.0,68.0,88.0,7,17,332,7763,1002.8,2016,2016-01-19
1,20,0.0,-5.1,-0.8,6.3,39.0,73.0,93.0,5,15,340,8364,1003.3,2016,2016-01-20
1,21,0.0,-5.3,1.1,9.3,40.0,68.0,88.0,7,19,105,7973,1008.5,2016,2016-01-21
1,22,0.0,-4.2,0.7,7.5,43.0,72.0,94.0,6,15,7,7663,1016.5,2016,2016-01-22
1,23,0.0,-3.7,1.1,8.3,45.0,77.0,96.0,5,15,341,7162,1017.3,2016,2016-01-23
1,24,0.0,-4.4,0.2,8.9,53.0,83.0,98.0,6,14,316,5615,1019.4,2016,2016-01-24
1,25,0.0,-3.4,1.4,8.7,52.0,80.0,96.0,5,11,329,6376,1016.2,2016,2016-01-25
1,26,0.0,-2.1,2.6,11.3,50.0,83.0,98.0,5,11,323,6865,1014.0,2016,2016-01-26
1,27,0.0,-2.0,3.8,11.5,59.0,87.0,98.0,5,11,359,7233,1013.5,2016,2016-01-27
1,28,0.0,0.1,5.2,12.5,62.0,89.0,98.0,5,16,320,6829,1012.4,2016,2016-01-28
1,29,0.0,3.9,7.8,11.9,69.0,87.0,98.0,5,12,325,4830,1014.1,2016,2016-01-29
1,30,0.2,6.2,7.4,10.3,88.0,95.0,98.0,4,14,15,2136,1009.7,2016,2016-01-30
1,31,0.0,2.6,7.0,11.2,87.0,97.0,98.0,5,14,0,3414,999.8,2016,2016-01-31
2,1,0.0,2.0,7.4,12.4,86.0,97.0,99.0,4,15,126,3809,1006.6,2016,2016-02-01
2,2,0.2,6.7,7.8,9.0,98.0,98.0,98.0,3,13,263,1313,1008.8,2016,2016-02-02
2,3,6.8,5.8,7.8,9.8,52.0,91.0,98.0,6,66,2,696,999.6,2016,2016-02-03
2,4,0.0,-0.5,5.8,12.0,26.0,75.0,98.0,8,25,159,8949,1005.5,2016,2016-02-04
2,5,0.0,-1.2,4.7,12.6,45.0,76.0,98.0,7,18,317,9987,1010.6,2016,2016-02-05
2,6,0.0,-0.6,5.4,12.8,59.0,85.0,98.0,6,18,205,8859,1012.1,2016,2016-02-06
2,7,44.8,6.0,7.0,7.9,98.0,98.0,98.0,9,21,346,942,1002.5,2016,2016-02-07
2,8,40.9,7.1,8.5,9.7,98.0,98.0,98.0,7,21,32,800,998.5,2016,2016-02-08
2,9,30.2,7.5,8.8,10.2,98.0,98.0,98.0,5,23,145,1443,992.9,2016,2016-02-09
2,10,10.6,0.5,6.4,11.0,56.0,88.0,98.0,12,61,47,5275,979.3,2016,2016-02-10
2,11,0.0,-0.9,5.4,13.3,29.0,75.0,98.0,8,16,153,11499,991.5,2016,2016-02-11
2,12,5.9,4.1,5.4,7.8,83.0,91.0,98.0,7,18,89,4011,988.3,2016,2016-02-12
2,13,0.2,0.0,4.2,6.8,89.0,97.0,99.0,6,18,157,5578,981.0,2016,2016-02-13
2,14,14.8,1.9,5.7,8.5,85.0,94.0,98.0,11,30,359,1486,979.3,2016,2016-02-14
2,15,8.3,4.5,8.4,14.3,62.0,90.0,98.0,8,27,4,5730,989.5,2016,2016-02-15
2,16,6.8,6.1,9.1,12.6,54.0,76.0,97.0,16,39,30,5457,1006.3,2016,2016-02-16
2,17,22.7,5.3,6.5,7.6,84.0,95.0,98.0,13,44,22,1357,1003.5,2016,2016-02-17
2,18,0.1,4.1,9.4,16.2,53.0,83.0,98.0,8,19,322,10928,996.5,2016,2016-02-18
2,19,9.6,4.2,7.1,9.5,87.0,95.0,98.0,10,39,10,1816,1000.0,2016,2016-02-19
2,20,0.0,2.6,7.2,12.5,43.0,77.0,98.0,9,35,231,12286,1006.7,2016,2016-02-20
2,21,0.0,1.3,6.9,13.2,62.0,84.0,98.0,8,21,103,11595,1005.6,2016,2016-02-21
2,22,0.0,1.2,7.4,13.2,67.0,90.0,98.0,7,15,320,5443,1002.8,2016,2016-02-22
2,23,0.0,8.0,9.7,12.6,85.0,95.0,98.0,4,20,1,3427,994.4,2016,2016-02-23
2,24,0.1,2.7,8.6,14.3,23.0,62.0,98.0,10,33,3,13296,997.8,2016,2016-02-24
2,25,0.0,0.9,5.7,10.1,65.0,83.0,98.0,6,19,331,7447,995.0,2016,2016-02-25
2,26,0.0,0.8,6.2,10.7,54.0,75.0,98.0,6,20,93,6451,995.1,2016,2016-02-26
2,27,13.0,2.1,5.6,8.3,66.0,91.0,98.0,8,21,82,3330,995.1,2016,2016-02-27
2,28,57.9,6.9,8.6,11.2,79.0,94.0,98.0,18,38,359,1133,993.6,2016,2016-02-28
2,29,26.0,7.0,8.9,11.8,75.0,93.0,98.0,13,43,9,1923,990.1,2016,2016-02-29
3,1,0.4,3.4,8.9,14.5,61.0,88.0,98.0,8,22,222,14033,995.0,2016,2016-03-01
3,2,0.2,3.4,8.9,13.9,59.0,85.0,98.0,6,26,2,9452,991.6,2016,2016-03-02
3,3,43.5,3.6,5.9,8.2,59.0,80.0,98.0,22,55,1,2482,981.5,2016,2016-03-03
3,4,0.0,0.0,6.9,13.5,34.0,73.0,97.0,7,25,218,14737,988.2,2016,2016-03-04
3,5,85.5,5.1,6.6,8.0,79.0,94.0,98.0,11,35,108,1164,986.2,2016,2016-03-05
3,6,2.2,4.5,7.5,12.5,71.0,92.0,98.0,6,20,162,9233,984.4,2016,2016-03-06
3,7,6.3,2.9,5.6,9.4,78.0,93.0,98.0,10,23,21,4160,986.2,2016,2016-03-07
3,8,7.8,4.5,5.9,7.7,79.0,92.0,98.0,10,35,34,3397,994.0,2016,2016-03-08
3,9,2.0,4.6,7.7,13.2,47.0,73.0,95.0,11,32,23,8384,994.1,2016,2016-03-09
3,10,0.0,2.4,10.0,17.4,29.0,59.0,92.0,11,27,18,15687,993.5,2016,2016-03-10
3,11,0.0,6.7,10.7,15.2,41.0,65.0,92.0,8,19,331,8578,999.5,2016,2016-03-11
3,12,0.0,3.4,10.0,17.0,41.0,73.0,98.0,6,28,183,15148,1002.2,2016,2016-03-12
3,13,0.0,2.4,10.7,17.3,32.0,55.0,98.0,14,39,27,14702,1003.6,2016,2016-03-13
3,14,0.0,2.5,10.7,16.6,25.0,48.0,88.0,13,43,49,15686,1005.9,2016,2016-03-14
3,15,0.0,0.7,6.2,9.2,51.0,72.0,98.0,6,19,319,6994,1002.2,2016,2016-03-15
3,16,0.0,-0.1,7.8,12.8,35.0,60.0,95.0,13,44,123,17189,1007.6,2016,2016-03-16
3,17,0.0,3.0,9.4,15.9,34.0,58.0,91.0,8,21,32,16407,1008.0,2016,2016-03-17
3,18,0.0,1.6,9.0,17.3,37.0,70.0,98.0,7,22,240,18350,1000.5,2016,2016-03-18
3,19,0.0,1.5,9.7,18.0,38.0,74.0,98.0,7,23,171,17674,999.2,2016,2016-03-19
3,20,0.0,3.1,10.6,17.1,48.0,79.0,98.0,7,22,182,15518,999.2,2016,2016-03-20
3,21,0.1,6.2,11.7,17.9,53.0,85.0,98.0,8,29,224,12498,996.7,2016,2016-03-21
3,22,0.0,3.5,11.5,18.6,36.0,68.0,98.0,8,29,120,17379,990.3,2016,2016-03-22
3,23,0.0,1.3,10.4,15.6,26.0,47.0,82.0,16,55,38,14290,983.6,2016,2016-03-23
3,24,0.0,-1.0,8.4,16.3,32.0,62.0,93.0,10,30,185,19377,992.8,2016,2016-03-24
3,25,0.0,2.8,9.0,13.8,46.0,73.0,97.0,9,33,197,10157,1000.0,2016,2016-03-25
3,26,0.0,2.8,9.6,17.0,44.0,76.0,98.0,8,24,199,18755,1001.6,2016,2016-03-26
3,27,0.0,5.8,9.8,13.0,68.0,85.0,98.0,4,11,43,6272,999.7,2016,2016-03-27
3,28,0.0,8.0,11.7,15.4,50.0,80.0,98.0,5,19,162,9230,996.6,2016,2016-03-28
3,29,0.0,9.2,13.1,18.0,58.0,82.0,98.0,6,24,168,11947,997.9,2016,2016-03-29
3,30,0.8,11.3,13.5,17.2,74.0,87.0,98.0,7,21,48,7150,1001.5,2016,2016-03-30
3,31,0.1,10.9,13.6,17.8,70.0,91.0,98.0,6,19,93,8546,1000.8,2016,2016-03-31
4,1,0.0,10.2,13.9,18.8,70.0,88.0,98.0,5,16,161,7674,999.9,2016,2016-04-01
4,2,0.0,9.7,14.8,21.1,45.0,76.0,98.0,5,17,338,12844,1002.4,2016,2016-04-02
4,3,0.0,7.9,14.4,21.0,44.0,77.0,98.0,5,19,150,14999,1000.9,2016,2016-04-03
4,4,0.3,8.8,11.7,15.4,76.0,94.0,98.0,5,14,108,5918,998.7,2016,2016-04-04
4,5,0.0,8.3,15.0,22.6,44.0,79.0,98.0,7,19,154,18603,995.1,2016,2016-04-05
4,6,0.0,8.2,15.3,22.5,48.0,78.0,98.0,6,18,156,18956,994.0,2016,2016-04-06
4,7,0.0,10.7,17.6,24.1,32.0,61.0,98.0,8,26,137,19353,990.6,2016,2016-04-07
4,8,12.7,12.6,16.0,20.4,50.0,74.0,98.0,8,30,112,5930,985.4,2016,2016-04-08
4,9,15.9,10.7,12.9,16.2,79.0,93.0,99.0,7,17,154,7743,986.3,2016,2016-04-09
4,10,0.0,9.3,14.8,20.4,50.0,80.0,98.0,7,22,224,19607,991.2,2016,2016-04-10
4,11,0.0,9.7,14.6,20.7,60.0,84.0,98.0,8,32,193,16628,995.3,2016,2016-04-11
4,12,0.0,8.6,15.2,21.9,44.0,78.0,98.0,9,32,153,21046,995.8,2016,2016-04-12
4,13,14.8,10.3,15.8,20.9,56.0,81.0,98.0,8,25,146,19692,991.6,2016,2016-04-13
4,14,4.4,10.9,14.1,19.5,63.0,89.0,98.0,7,25,177,13724,992.2,2016,2016-04-14
4,15,0.0,11.4,15.6,20.4,49.0,79.0,98.0,7,23,162,17425,996.0,2016,2016-04-15
4,16,0.0,11.3,16.3,21.6,49.0,77.0,98.0,9,38,177,19685,995.5,2016,2016-04-16
4,17,0.0,11.4,15.9,18.6,76.0,87.0,95.0,7,25,162,6646,995.1,2016,2016-04-17
4,18,2.1,13.1,15.9,21.0,67.0,86.0,95.0,10,36,151,13485,996.5,2016,2016-04-18
4,19,0.0,9.7,15.9,21.9,35.0,65.0,97.0,13,35,161,22195,1000.1,2016,2016-04-19
4,20,0.0,10.3,15.2,21.6,37.0,67.0,98.0,7,25,229,22790,1007.3,2016,2016-04-20
4,21,0.0,7.8,15.1,22.4,39.0,71.0,98.0,7,29,171,23560,1006.4,2016,2016-04-21
4,22,0.0,9.1,14.7,21.0,39.0,75.0,98.0,5,19,207,17191,998.5,2016,2016-04-22
4,23,0.9,12.3,14.1,17.3,59.0,87.0,98.0,5,21,114,7305,989.1,2016,2016-04-23
4,24,0.7,5.0,10.3,13.5,56.0,86.0,98.0,8,30,32,6381,986.8,2016,2016-04-24
4,25,0.0,4.1,9.6,15.3,40.0,71.0,98.0,7,37,169,22839,991.4,2016,2016-04-25
4,26,6.5,6.2,9.4,14.1,62.0,87.0,98.0,8,26,27,10218,991.6,2016,2016-04-26
4,27,7.8,2.2,9.9,17.1,52.0,85.0,98.0,8,38,40,12298,990.1,2016,2016-04-27
4,28,0.0,,9.0,15.9,52.0,76.0,98.0,7,24,75,17254,998.5,2016,2016-04-28
4,29,0.0,2.9,11.9,19.2,28.0,64.0,98.0,7,24,168,26932,1001.6,2016,2016-04-29
4,30,0.0,6.4,14.4,20.6,35.0,64.0,98.0,-,21,139,24862,999.2,2016,2016-04-30
5,1,11.2,9.9,12.3,15.4,59.0,82.0,98.0,8,25,358,5016,995.7,2016,2016-05-01
5,2,0.0,11.0,16.3,22.5,36.0,60.0,89.0,11,39,39,13694,994.5,2016,2016-05-02
5,3,0.0,8.4,16.2,23.3,34.0,62.0,92.0,9,30,239,22358,995.1,2016,2016-05-03
5,4,0.0,8.9,17.4,24.5,19.0,42.0,77.0,13,49,351,24331,999.3,2016,2016-05-04
5,5,0.0,11.2,16.5,23.1,33.0,53.0,80.0,9,36,59,22165,1003.5,2016,2016-05-05
5,6,0.0,10.1,17.4,24.8,28.0,56.0,86.0,8,26,202,27140,1000.2,2016,2016-05-06
5,7,0.0,8.4,17.8,25.6,26.0,56.0,94.0,8,28,162,26585,996.4,2016,2016-05-07
5,8,0.0,9.9,17.2,24.8,32.0,63.0,91.0,8,30,160,23996,997.7,2016,2016-05-08
5,9,0.0,12.4,17.3,22.1,41.0,68.0,93.0,4,21,223,15138,1000.7,2016,2016-05-09
5,10,0.0,13.6,16.3,19.4,60.0,76.0,93.0,3,15,1,8895,998.0,2016,2016-05-10
5,11,18.6,12.1,14.5,17.8,63.0,89.0,98.0,7,21,20,3793,992.2,2016,2016-05-11
5,12,40.7,11.9,14.3,20.7,65.0,93.0,98.0,9,31,171,10829,982.5,2016,2016-05-12
5,13,0.5,11.1,14.4,17.5,68.0,91.0,98.0,4,18,231,11042,981.5,2016,2016-05-13
5,14,5.7,12.1,14.8,19.7,69.0,92.0,98.0,4,20,317,10088,987.4,2016,2016-05-14
5,15,24.3,9.8,13.2,18.7,65.0,89.0,98.0,6,23,22,15676,995.4,2016,2016-05-15
5,16,0.1,8.9,13.1,17.7,44.0,72.0,98.0,8,26,248,22225,1000.9,2016,2016-05-16
5,17,0.0,8.2,14.5,20.2,36.0,68.0,96.0,6,22,206,24149,999.5,2016,2016-05-17
5,18,0.0,9.8,15.0,18.9,53.0,76.0,97.0,-,21,164,13949,998.2,2016,2016-05-18
5,19,11.1,11.1,13.1,16.0,67.0,92.0,98.0,6,26,17,-,994.3,2016,2016-05-19
5,20,0.0,11.1,18.3,25.1,34.0,66.0,97.0,6,21,138,24617,998.1,2016,2016-05-20
5,21,0.0,11.4,18.9,25.7,40.0,67.0,97.0,6,22,244,28102,1001.0,2016,2016-05-21
5,22,0.0,12.4,20.1,26.9,41.0,67.0,94.0,-,26,159,27091,998.2,2016,2016-05-22
5,23,3.8,12.0,15.7,20.7,55.0,85.0,98.0,7,47,214,8640,992.8,2016,2016-05-23
5,24,3.3,11.2,14.7,18.9,62.0,85.0,98.0,-,-,-,17262,991.8,2016,2016-05-24
5,25,0.1,10.1,17.5,23.5,54.0,78.0,98.0,-,-,-,25712,995.2,2016,2016-05-25
5,26,0.2,13.3,20.0,26.5,46.0,76.0,98.0,-,-,-,26886,997.4,2016,2016-05-26
5,27,0.0,14.8,21.3,27.9,46.0,73.0,98.0,-,-,-,27406,998.1,2016,2016-05-27
5,28,0.0,15.2,21.7,28.2,31.0,64.0,98.0,-,-,-,27694,995.6,2016,2016-05-28
5,29,21.2,15.1,18.6,25.0,48.0,80.0,98.0,-,-,-,10815,991.6,2016,2016-05-29
5,30,10.3,14.8,16.6,21.1,77.0,95.0,98.0,-,-,-,-,992.6,2016,2016-05-30
5,31,24.2,12.4,15.5,21.1,68.0,94.0,98.0,-,45,254,10924,995.7,2016,2016-05-31
6,1,1.1,12.9,16.6,21.1,60.0,86.0,98.0,5,18,151,15322,996.1,2016,2016-06-01
6,2,19.5,13.3,16.3,22.2,69.0,94.0,98.0,5,28,8,11018,994.5,2016,2016-06-02
6,3,0.1,12.3,17.4,23.4,61.0,88.0,98.0,6,21,216,15703,993.6,2016,2016-06-03
6,4,0.2,15.2,18.4,23.2,60.0,87.0,98.0,6,17,271,15819,994.8,2016,2016-06-04
6,5,3.1,13.6,19.1,23.3,62.0,86.0,98.0,6,19,162,17414,996.8,2016,2016-06-05
6,6,1.1,15.4,20.4,27.6,39.0,82.0,98.0,5,22,29,22168,999.8,2016,2016-06-06
6,7,0.0,14.6,21.7,28.0,43.0,72.0,97.0,6,20,202,24449,1001.4,2016,2016-06-07
6,8,8.3,16.1,19.3,25.3,57.0,86.0,98.0,6,28,1,12995,998.9,2016,2016-06-08
6,9,2.3,16.3,17.7,20.6,77.0,93.0,98.0,6,15,23,7548,994.9,2016,2016-06-09
6,10,0.0,15.1,20.4,25.1,50.0,78.0,98.0,7,26,165,27121,993.8,2016,2016-06-10
6,11,17.3,15.9,18.6,22.8,77.0,95.0,98.0,5,24,158,11179,993.0,2016,2016-06-11
6,12,0.2,13.7,18.7,24.9,47.0,82.0,98.0,4,29,108,18647,990.9,2016,2016-06-12
6,13,0.6,13.9,19.4,24.9,51.0,83.0,98.0,6,27,198,21268,986.0,2016,2016-06-13
6,14,1.2,14.8,18.5,22.8,64.0,88.0,98.0,6,26,171,14806,984.1,2016,2016-06-14
6,15,14.9,15.3,19.2,24.9,55.0,85.0,98.0,10,42,161,22746,985.4,2016,2016-06-15
6,16,28.5,17.1,19.6,23.3,84.0,96.0,98.0,9,31,145,5566,988.1,2016,2016-06-16
6,17,0.8,15.8,20.8,26.0,38.0,75.0,98.0,13,34,160,27203,992.3,2016,2016-06-17
6,18,0.0,14.3,20.0,25.9,37.0,69.0,95.0,8,25,165,28283,998.6,2016,2016-06-18
6,19,1.2,13.8,18.6,26.1,37.0,74.0,97.0,9,40,337,14917,997.7,2016,2016-06-19
6,20,0.0,15.7,20.4,26.0,39.0,71.0,98.0,5,16,145,18043,999.7,2016,2016-06-20
6,21,0.0,14.9,21.5,27.6,48.0,76.0,98.0,6,20,166,26417,1003.5,2016,2016-06-21
6,22,0.0,17.8,24.9,31.6,39.0,67.0,93.0,6,19,164,28005,1003.4,2016,2016-06-22
6,23,0.0,18.4,27.0,33.8,40.0,67.0,98.0,8,26,104,29573,1001.8,2016,2016-06-23
6,24,0.0,21.8,28.9,35.0,39.0,64.0,87.0,8,22,124,29148,996.8,2016,2016-06-24
6,25,0.0,19.5,28.3,34.5,35.0,59.0,83.0,9,42,327,28758,992.0,2016,2016-06-25
6,26,4.7,18.7,23.9,30.1,45.0,71.0,97.0,8,24,7,19391,994.2,2016,2016-06-26
6,27,1.7,15.3,21.9,27.9,37.0,67.0,94.0,12,41,15,19515,996.0,2016,2016-06-27
6,28,0.0,14.0,21.7,28.4,38.0,66.0,96.0,8,25,107,29604,999.1,2016,2016-06-28
6,29,0.0,15.2,22.8,29.5,39.0,68.0,98.0,6,24,160,29394,997.6,2016,2016-06-29
6,30,5.9,17.1,24.1,30.6,41.0,70.0,98.0,9,28,117,26486,996.7,2016,2016-06-30
7,1,1.3,18.0,23.9,29.7,49.0,79.0,98.0,5,19,164,28116,998.6,2016,2016-07-01
7,2,0.3,19.0,24.1,30.8,49.0,81.0,98.0,6,28,163,22377,996.0,2016,2016-07-02
7,3,0.0,17.7,22.1,27.2,56.0,76.0,98.0,8,33,62,15910,998.0,2016,2016-07-03
7,4,0.0,16.5,22.0,28.7,32.0,69.0,98.0,6,19,343,23307,1001.3,2016,2016-07-04
7,5,4.0,16.0,23.8,30.3,39.0,69.0,98.0,6,23,223,27841,997.0,2016,2016-07-05
7,6,2.2,17.1,24.6,30.6,31.0,67.0,98.0,6,22,166,29062,995.9,2016,2016-07-06
7,7,0.0,17.9,23.6,28.8,41.0,72.0,98.0,6,22,78,25857,1000.0,2016,2016-07-07
7,8,0.0,18.5,23.9,29.4,51.0,76.0,98.0,6,26,13,19408,999.7,2016,2016-07-08
7,9,0.0,19.1,25.6,32.2,44.0,75.0,98.0,6,17,169,28775,998.2,2016,2016-07-09
7,10,0.0,20.4,26.6,33.2,37.0,70.0,96.0,7,20,136,25432,997.3,2016,2016-07-10
7,11,0.0,20.3,26.5,33.1,46.0,75.0,98.0,6,26,163,24775,995.1,2016,2016-07-11
7,12,8.2,20.2,25.3,32.2,49.0,81.0,98.0,6,62,186,23534,992.6,2016,2016-07-12
7,13,14.5,17.9,22.5,29.5,60.0,88.0,98.0,10,54,262,19379,989.3,2016,2016-07-13
7,14,4.1,14.4,19.2,24.9,39.0,75.0,98.0,8,39,355,18422,992.8,2016,2016-07-14
7,15,0.0,11.9,19.3,25.2,31.0,55.0,94.0,8,28,10,21062,998.8,2016,2016-07-15
7,16,0.0,10.9,18.8,26.2,31.0,68.0,98.0,8,28,211,26762,1000.5,2016,2016-07-16
7,17,0.0,11.4,21.0,29.8,30.0,70.0,98.0,6,23,164,29034,1000.7,2016,2016-07-17
7,18,0.0,15.4,23.4,31.0,40.0,72.0,98.0,6,19,175,28368,1000.9,2016,2016-07-18
7,19,0.0,17.8,24.4,32.1,35.0,70.0,98.0,7,22,155,27169,1000.7,2016,2016-07-19
7,20,0.0,18.4,24.5,31.2,40.0,72.0,98.0,6,21,150,27505,998.6,2016,2016-07-20
7,21,0.0,18.5,24.7,31.6,43.0,74.0,98.0,6,18,119,20937,996.8,2016,2016-07-21
7,22,0.6,18.7,24.7,31.8,45.0,75.0,98.0,7,24,203,24639,996.2,2016,2016-07-22
7,23,0.0,19.0,24.1,29.9,53.0,80.0,98.0,6,21,215,16466,997.5,2016,2016-07-23
7,24,0.1,17.8,24.2,30.6,49.0,80.0,98.0,6,22,180,20616,997.5,2016,2016-07-24
7,25,0.0,20.9,25.6,33.2,36.0,68.0,91.0,8,33,109,15334,996.2,2016,2016-07-25
7,26,0.0,20.2,25.4,32.5,39.0,71.0,98.0,7,23,183,25568,996.7,2016,2016-07-26
7,27,6.8,19.6,24.4,31.9,42.0,77.0,98.0,8,35,327,22131,996.3,2016,2016-07-27
7,28,0.5,18.1,22.2,29.3,50.0,85.0,98.0,6,25,348,15979,996.8,2016,2016-07-28
7,29,0.0,17.0,24.0,31.0,45.0,75.0,98.0,6,24,177,24848,996.2,2016,2016-07-29
7,30,12.6,18.3,25.3,32.4,50.0,76.0,98.0,8,70,331,23553,996.0,2016,2016-07-30
7,31,13.8,17.2,21.8,30.1,48.0,86.0,98.0,6,39,316,14764,994.7,2016,2016-07-31
8,1,1.3,15.1,19.5,24.6,60.0,87.0,98.0,9,35,283,6461,997.2,2016,2016-08-01
8,2,0.0,15.3,21.3,28.1,40.0,76.0,98.0,5,24,176,22957,999.3,2016,2016-08-02
8,3,0.0,16.9,23.3,29.9,40.0,76.0,98.0,5,14,110,23652,997.6,2016,2016-08-03
8,4,0.0,17.0,24.8,32.0,35.0,72.0,98.0,5,14,163,26640,994.8,2016,2016-08-04
8,5,31.8,17.3,20.9,26.1,44.0,80.0,98.0,11,-,179,8252,993.5,2016,2016-08-05
8,6,0.1,15.2,22.6,30.1,29.0,54.0,86.0,8,32,8,23822,1000.5,2016,2016-08-06
8,7,0.0,15.6,23.0,30.2,28.0,57.0,92.0,9,25,96,26941,1004.8,2016,2016-08-07
8,8,0.0,14.6,21.8,29.0,39.0,72.0,98.0,6,19,140,26668,1001.7,2016,2016-08-08
8,9,11.1,16.2,23.7,30.9,37.0,71.0,98.0,7,30,257,25308,995.8,2016,2016-08-09
8,10,22.2,13.1,17.9,22.8,44.0,84.0,98.0,8,35,4,9805,995.7,2016,2016-08-10
8,11,0.1,12.7,18.2,23.6,37.0,73.0,98.0,6,23,246,24764,1002.4,2016,2016-08-11
8,12,0.0,12.5,17.9,24.2,45.0,77.0,98.0,6,18,208,24028,1007.0,2016,2016-08-12
8,13,0.0,12.7,20.1,27.0,46.0,77.0,98.0,6,16,107,25585,1006.5,2016,2016-08-13
8,14,0.0,14.9,22.1,29.4,45.0,78.0,98.0,5,15,175,25218,1003.4,2016,2016-08-14
8,15,3.5,17.2,22.4,29.5,53.0,82.0,98.0,6,29,312,20780,1000.5,2016,2016-08-15
8,16,0.1,15.3,22.5,29.2,46.0,80.0,98.0,5,15,207,24433,995.9,2016,2016-08-16
8,17,31.1,16.1,20.8,28.5,54.0,87.0,98.0,7,-,10,18546,992.7,2016,2016-08-17
8,18,1.9,15.2,20.9,26.6,55.0,84.0,98.0,5,15,17,19214,992.9,2016,2016-08-18
8,19,1.1,16.6,22.3,27.9,55.0,85.0,98.0,5,15,169,20277,994.3,2016,2016-08-19
8,20,1.2,17.7,23.4,29.1,58.0,86.0,98.0,4,14,7,21372,996.7,2016,2016-08-20
8,21,57.6,15.4,20.9,27.1,65.0,90.0,98.0,8,55,12,12774,997.3,2016,2016-08-21
8,22,0.0,13.2,19.7,26.1,38.0,69.0,98.0,8,25,51,24710,1004.4,2016,2016-08-22
8,23,0.0,12.8,20.8,27.8,35.0,71.0,98.0,6,17,0,24459,1005.7,2016,2016-08-23
8,24,0.0,14.9,22.1,29.0,43.0,76.0,98.0,6,18,134,24050,1004.2,2016,2016-08-24
8,25,0.0,15.8,22.2,28.7,47.0,78.0,98.0,6,14,159,23620,1002.2,2016,2016-08-25
8,26,0.0,16.1,22.5,29.7,40.0,75.0,98.0,6,15,145,23373,1002.0,2016,2016-08-26
8,27,0.0,16.1,22.7,30.1,43.0,77.0,98.0,6,17,104,23068,1001.8,2016,2016-08-27
8,28,0.0,16.5,23.0,30.2,51.0,80.0,98.0,5,16,193,22568,999.5,2016,2016-08-28
8,29,0.7,17.2,23.9,30.1,54.0,78.0,98.0,6,33,104,21419,997.5,2016,2016-08-29
8,30,0.0,19.5,24.0,31.4,32.0,65.0,85.0,7,23,140,19215,1001.1,2016,2016-08-30
8,31,0.0,16.7,22.9,30.2,34.0,68.0,93.0,7,21,78,21399,1002.0,2016,2016-08-31
9,1,0.0,15.3,22.6,29.9,44.0,76.0,98.0,6,15,214,19554,1001.4,2016,2016-09-01
9,2,0.0,16.8,23.2,30.4,40.0,74.0,98.0,6,20,213,20140,1000.7,2016,2016-09-02
9,3,0.0,17.4,23.3,30.2,44.0,77.0,98.0,5,21,178,18801,999.7,2016,2016-09-03
9,4,8.6,17.5,22.9,30.0,48.0,78.0,98.0,8,39,4,18434,997.5,2016,2016-09-04
9,5,0.0,16.0,20.9,26.8,54.0,84.0,98.0,6,16,91,15811,995.8,2016,2016-09-05
9,6,0.0,13.6,18.6,24.9,60.0,82.0,98.0,6,18,57,13627,1000.7,2016,2016-09-06
9,7,0.0,12.8,21.5,30.6,35.0,68.0,96.0,8,32,56,19004,1000.8,2016,2016-09-07
9,8,0.0,14.6,22.0,30.6,35.0,70.0,97.0,7,19,90,19723,996.5,2016,2016-09-08
9,9,0.0,16.1,22.6,31.2,35.0,71.0,96.0,7,22,95,17668,996.8,2016,2016-09-09
9,10,0.0,16.6,23.4,30.6,35.0,67.0,91.0,7,28,147,17664,996.9,2016,2016-09-10
9,11,0.0,17.2,23.3,30.4,38.0,70.0,93.0,6,18,89,15957,998.3,2016,2016-09-11
9,12,0.0,17.9,24.0,32.5,31.0,66.0,95.0,7,16,148,18300,1000.0,2016,2016-09-12
9,13,0.0,17.1,23.5,31.6,32.0,67.0,93.0,6,21,77,18538,997.5,2016,2016-09-13
9,14,0.0,15.5,22.7,30.3,41.0,73.0,98.0,6,19,206,18083,996.2,2016,2016-09-14
9,15,23.8,16.4,19.4,26.5,63.0,92.0,98.0,7,27,101,9528,998.6,2016,2016-09-15
9,16,8.8,14.8,18.8,23.4,74.0,95.0,98.0,6,16,358,6606,996.7,2016,2016-09-16
9,17,20.7,15.7,18.6,24.1,55.0,89.0,98.0,6,32,6,11312,992.7,2016,2016-09-17
9,18,6.1,15.3,17.5,22.9,57.0,92.0,98.0,6,22,34,9913,993.0,2016,2016-09-18
9,19,0.0,13.1,18.5,26.4,42.0,82.0,98.0,6,19,224,15701,991.5,2016,2016-09-19
9,20,0.5,14.6,18.1,25.6,39.0,83.0,98.0,6,35,268,11777,994.8,2016,2016-09-20
9,21,0.4,13.9,16.9,21.9,48.0,76.0,98.0,5,17,67,10845,998.8,2016,2016-09-21
9,22,0.0,11.5,16.6,23.6,38.0,75.0,98.0,6,18,181,17603,1003.6,2016,2016-09-22
9,23,0.0,10.2,16.7,23.5,46.0,78.0,98.0,5,20,216,16296,1006.9,2016,2016-09-23
9,24,0.0,12.1,17.9,25.3,40.0,76.0,98.0,6,18,169,17296,1007.2,2016,2016-09-24
9,25,0.0,11.1,17.3,24.7,45.0,77.0,98.0,6,15,154,17321,1002.7,2016,2016-09-25
9,26,0.0,11.8,18.3,25.6,39.0,75.0,98.0,6,19,184,16628,1002.6,2016,2016-09-26
9,27,0.0,12.1,18.1,24.6,47.0,77.0,98.0,5,15,119,16093,1006.6,2016,2016-09-27
9,28,0.0,11.3,17.3,24.6,46.0,78.0,98.0,6,19,199,15798,1010.8,2016,2016-09-28
9,29,0.0,11.0,17.7,23.9,57.0,82.0,98.0,5,18,168,12791,1007.7,2016,2016-09-29
9,30,0.0,13.8,18.2,24.3,63.0,88.0,98.0,5,17,98,10128,1002.3,2016,2016-09-30
10,1,0.1,15.1,18.5,24.5,54.0,86.0,98.0,7,23,163,9063,998.4,2016,2016-10-01
10,2,39.0,15.6,16.6,19.2,91.0,97.0,98.0,5,16,11,2801,996.8,2016,2016-10-02
10,3,0.2,10.0,15.4,22.6,34.0,81.0,98.0,6,21,146,13637,1002.1,2016,2016-10-03
10,4,0.0,8.8,14.7,22.4,38.0,75.0,98.0,7,17,229,15503,1003.5,2016,2016-10-04
10,5,0.1,7.1,11.6,16.9,48.0,79.0,98.0,8,19,13,8345,1003.5,2016,2016-10-05
10,6,0.0,3.7,10.3,17.8,44.0,80.0,98.0,6,21,119,15473,999.3,2016,2016-10-06
10,7,0.0,5.3,12.2,19.8,42.0,78.0,98.0,5,18,89,12610,997.6,2016,2016-10-07
10,8,4.6,6.3,11.1,15.1,58.0,85.0,98.0,5,16,345,5303,1001.2,2016,2016-10-08
10,9,0.1,7.7,12.1,17.9,47.0,81.0,98.0,8,27,356,12843,1003.0,2016,2016-10-09
10,10,0.0,5.9,10.3,17.2,41.0,78.0,96.0,6,24,97,11170,1001.4,2016,2016-10-10
10,11,0.3,3.0,8.9,17.4,42.0,80.0,98.0,6,19,142,12408,996.5,2016,2016-10-11
10,12,0.0,2.2,8.5,16.4,39.0,80.0,98.0,6,20,26,14425,998.3,2016,2016-10-12
10,13,0.4,4.0,10.0,16.0,54.0,87.0,98.0,6,18,12,6524,1001.9,2016,2016-10-13
10,14,44.4,10.4,13.0,15.7,97.0,98.0,98.0,9,26,202,669,999.1,2016,2016-10-14
10,15,1.4,11.3,15.7,22.1,61.0,89.0,98.0,6,36,42,10696,997.5,2016,2016-10-15
10,16,0.2,10.2,15.1,21.3,72.0,91.0,98.0,6,17,186,12806,1004.3,2016,2016-10-16
10,17,0.5,8.6,14.6,19.5,72.0,91.0,98.0,4,11,2,7996,1006.1,2016,2016-10-17
10,18,2.0,10.3,14.5,19.3,69.0,92.0,98.0,6,19,359,7158,1003.2,2016,2016-10-18
10,19,8.7,10.6,13.5,17.2,73.0,93.0,98.0,5,19,34,4836,1000.0,2016,2016-10-19
10,20,15.8,4.8,10.0,13.2,75.0,93.0,98.0,7,22,15,2891,996.3,2016,2016-10-20
10,21,0.0,4.8,10.1,17.1,47.0,81.0,98.0,6,17,122,12620,996.2,2016,2016-10-21
10,22,0.0,4.3,10.4,17.4,41.0,79.0,98.0,6,18,29,12663,999.3,2016,2016-10-22
10,23,0.2,6.7,12.0,17.1,57.0,84.0,97.0,6,14,344,6521,1001.9,2016,2016-10-23
10,24,3.2,11.5,13.7,16.4,91.0,97.0,98.0,4,11,16,2665,1005.3,2016,2016-10-24
10,25,13.9,13.9,14.6,15.4,98.0,98.0,98.0,3,12,0,1232,1005.5,2016,2016-10-25
10,26,0.2,10.4,16.0,22.1,60.0,86.0,98.0,5,19,65,8689,1004.9,2016,2016-10-26
10,27,0.0,6.8,12.5,19.0,51.0,80.0,98.0,6,18,100,11378,1010.7,2016,2016-10-27
10,28,0.0,4.9,10.1,17.0,55.0,86.0,98.0,5,15,252,10960,1014.8,2016,2016-10-28
10,29,0.0,7.8,12.3,20.7,35.0,80.0,98.0,5,15,14,9946,1009.4,2016,2016-10-29
10,30,0.0,5.6,11.9,19.9,43.0,80.0,98.0,6,16,94,11222,1007.5,2016,2016-10-30
10,31,0.0,5.9,10.2,16.6,54.0,84.0,98.0,7,15,134,9927,1010.0,2016,2016-10-31
11,1,0.0,3.6,10.2,14.0,71.0,91.0,98.0,4,13,27,4030,1007.0,2016,2016-11-01
11,2,0.0,5.8,10.6,14.9,72.0,92.0,99.0,5,13,87,6048,998.9,2016,2016-11-02
11,3,0.0,5.1,9.6,16.0,46.0,78.0,98.0,8,21,130,10101,1001.2,2016,2016-11-03
11,4,0.0,1.7,8.2,14.6,43.0,80.0,98.0,5,15,42,9682,1003.7,2016,2016-11-04
11,5,48.8,6.9,10.0,11.8,81.0,95.0,98.0,6,18,23,720,993.0,2016,2016-11-05
11,6,8.0,8.7,11.9,14.4,98.0,98.0,98.0,4,15,297,1489,980.2,2016,2016-11-06
11,7,0.1,5.7,7.9,11.6,82.0,96.0,98.0,6,18,3,5880,987.7,2016,2016-11-07
11,8,0.0,1.5,7.2,13.4,50.0,79.0,98.0,7,25,99,9821,990.2,2016,2016-11-08
11,9,1.0,0.1,6.1,10.1,55.0,85.0,98.0,5,17,17,7436,992.5,2016,2016-11-09
11,10,0.0,1.6,5.3,8.8,73.0,94.0,98.0,4,17,350,4088,996.2,2016,2016-11-10
11,11,0.0,2.9,8.7,12.5,36.0,69.0,98.0,12,54,23,3894,994.0,2016,2016-11-11
11,12,0.0,0.7,9.0,14.6,33.0,58.0,98.0,10,55,0,6799,998.1,2016,2016-11-12
11,13,0.0,1.6,7.0,12.1,55.0,74.0,96.0,6,16,89,5018,1006.4,2016,2016-11-13
11,14,0.0,-1.6,4.3,10.2,45.0,73.0,98.0,5,15,76,8611,1013.2,2016,2016-11-14
11,15,0.0,-3.0,2.4,8.8,48.0,80.0,98.0,6,14,328,8677,1015.0,2016,2016-11-15
11,16,0.0,-0.8,4.0,8.4,57.0,85.0,98.0,4,10,126,4922,1009.7,2016,2016-11-16
11,17,0.0,2.4,6.6,9.8,65.0,86.0,98.0,6,15,216,2222,1005.1,2016,2016-11-17
11,18,10.9,7.0,9.1,11.6,90.0,97.0,98.0,4,11,328,2376,1000.8,2016,2016-11-18
11,19,36.1,9.5,11.3,12.4,98.0,98.0,98.0,5,17,181,447,995.7,2016,2016-11-19
11,20,0.0,6.4,10.9,15.9,84.0,97.0,98.0,6,14,282,4846,1000.3,2016,2016-11-20
11,21,2.6,8.4,11.4,13.3,98.0,98.0,98.0,6,14,318,1259,1001.3,2016,2016-11-21
11,22,2.3,10.7,13.2,16.5,98.0,98.0,98.0,5,15,145,3010,1003.0,2016,2016-11-22
11,23,2.4,9.3,13.0,17.6,86.0,98.0,98.0,5,14,313,3844,1005.4,2016,2016-11-23
11,24,0.2,11.0,13.2,16.6,98.0,98.0,98.0,6,14,0,2950,1003.1,2016,2016-11-24
11,25,17.5,11.0,12.2,14.1,98.0,98.0,98.0,7,24,240,1247,999.6,2016,2016-11-25
11,26,6.4,11.1,12.0,13.5,98.0,98.0,98.0,4,13,38,1773,998.3,2016,2016-11-26
11,27,0.0,6.9,10.9,12.7,98.0,98.0,98.0,3,10,343,1641,995.7,2016,2016-11-27
11,28,0.0,-1.7,6.5,10.0,55.0,80.0,98.0,8,26,112,4023,1001.0,2016,2016-11-28
11,29,0.0,-3.6,0.4,6.7,34.0,79.0,98.0,7,18,209,7647,1014.9,2016,2016-11-29
11,30,0.0,-4.2,1.1,8.5,37.0,81.0,98.0,6,15,323,7510,1015.3,2016,2016-11-30
12,1,0.0,-2.4,1.8,9.6,49.0,89.0,98.0,6,15,339,6319,1006.3,2016,2016-12-01
12,2,0.0,-1.0,4.2,9.8,75.0,95.0,98.0,9,18,8,4500,999.7,2016,2016-12-02
12,3,0.0,-0.6,4.5,9.7,58.0,91.0,98.0,5,15,332,3104,1006.3,2016,2016-12-03
12,4,0.0,-0.8,4.0,9.2,68.0,94.0,98.0,5,12,33,3491,1010.6,2016,2016-12-04
12,5,0.0,-1.2,4.3,10.8,52.0,89.0,98.0,6,12,175,4676,1012.3,2016,2016-12-05
12,6,0.0,-2.0,3.2,12.1,49.0,87.0,98.0,7,15,285,6922,1013.2,2016,2016-12-06
12,7,0.0,-2.0,2.9,11.4,40.0,83.0,98.0,6,15,339,6841,1018.9,2016,2016-12-07
12,8,0.0,-2.6,1.9,9.9,47.0,86.0,98.0,7,16,320,6798,1020.2,2016,2016-12-08
12,9,0.0,-3.0,1.8,9.6,61.0,93.0,98.0,6,14,318,5916,1016.4,2016,2016-12-09
12,10,0.0,-3.2,1.1,8.6,78.0,95.0,98.0,6,14,188,6379,1012.1,2016,2016-12-10
12,11,0.0,-2.8,4.2,7.8,91.0,97.0,98.0,8,21,352,2761,1005.2,2016,2016-12-11
12,12,0.0,0.4,5.8,14.0,58.0,90.0,98.0,8,18,332,6604,1003.8,2016,2016-12-12
12,13,0.0,-1.2,3.3,10.3,56.0,88.0,98.0,6,16,6,6506,1012.1,2016,2016-12-13
12,14,0.0,-2.4,3.2,10.0,67.0,92.0,98.0,5,15,317,5528,1010.6,2016,2016-12-14
12,15,0.0,-2.5,2.9,10.9,63.0,92.0,98.0,7,15,311,6241,1012.1,2016,2016-12-15
12,16,0.0,-4.0,1.9,9.0,57.0,89.0,98.0,6,15,82,6182,1017.4,2016,2016-12-16
12,17,0.0,-5.2,0.7,9.5,36.0,85.0,98.0,7,19,299,6623,1021.6,2016,2016-12-17
12,18,0.0,-4.3,1.0,8.7,45.0,86.0,98.0,5,14,323,6321,1017.2,2016,2016-12-18
12,19,0.0,-0.5,4.9,10.7,50.0,83.0,98.0,6,18,127,4218,1014.7,2016,2016-12-19
12,20,0.0,0.1,4.8,9.5,68.0,88.0,98.0,8,18,352,1632,1011.7,2016,2016-12-20
12,21,0.0,-1.0,5.6,15.1,36.0,79.0,98.0,8,20,333,6687,1012.0,2016,2016-12-21
12,22,0.0,-2.6,3.7,13.3,38.0,82.0,98.0,8,19,291,6580,1014.0,2016,2016-12-22
12,23,0.0,-2.3,6.3,18.1,23.0,66.0,98.0,9,18,168,6716,1014.9,2016,2016-12-23
12,24,0.0,-1.4,4.1,11.7,41.0,81.0,98.0,7,20,315,4884,1011.9,2016,2016-12-24
12,25,0.0,-0.8,5.2,15.2,33.0,82.0,98.0,7,18,302,5624,1009.2,2016,2016-12-25
12,26,0.0,-0.3,4.9,13.1,41.0,83.0,98.0,7,18,320,6169,1010.7,2016,2016-12-26
12,27,0.0,-0.5,5.9,15.2,34.0,77.0,98.0,7,23,317,6606,1013.8,2016,2016-12-27
12,28,0.0,-1.2,4.4,11.8,46.0,74.0,98.0,8,23,194,6337,1016.0,2016,2016-12-28
12,29,0.0,-2.4,3.2,7.8,63.0,90.0,98.0,5,14,188,5913,1021.9,2016,2016-12-29
12,30,0.0,-4.5,0.1,7.6,59.0,90.0,98.0,6,15,314,6399,1021.9,2016,2016-12-30
12,31,0.0,-4.3,1.9,10.6,29.0,72.0,98.0,8,18,317,6869,1015.8,2016,2016-12-31
1,1,0.0,-4.3,1.8,10.7,25,69,98,8,19,311,6991,1008.2,2017,2017-01-01
1,2,0.0,-4.7,1.8,8.0,74,93,98,8,15,128,5812,1003.8,2017,2017-01-02
1,3,0.0,-4.4,1.8,8.7,40,82,98,6,21,103,6737,1005.1,2017,2017-01-03
1,4,0.0,-5.1,0.6,6.6,53,90,98,8,25,60,5848,997.1,2017,2017-01-04
1,5,0.0,-3.1,2.4,7.6,15,43,98,15,65,339,7211,1000.0,2017,2017-01-05
1,6,0.0,-10.3,-2.7,4.7,13,40,85,9,34,67,7401,1012.9,2017,2017-01-06
1,7,0.0,-11.3,-6.3,0.3,23,60,94,6,15,253,7187,1015.8,2017,2017-01-07
1,8,0.0,-9.6,-5.0,2.4,28,65,91,6,15,315,7016,1010.8,2017,2017-01-08
1,9,0.0,-9.7,-3.2,3.3,45,78,98,6,17,87,4670,1007.5,2017,2017-01-09
1,10,0.0,-9.8,-2.7,2.2,56,79,98,6,19,88,5355,1001.9,2017,2017-01-10
1,11,0.0,-11.0,-6.0,0.5,41,77,98,7,20,198,6882,1005.5,2017,2017-01-11
1,12,2.5,-8.3,-1.0,1.9,62,81,98,7,19,338,1369,1003.4,2017,2017-01-12
1,13,11.7,0.3,2.1,4.3,78,93,98,9,39,14,1298,984.8,2017,2017-01-13
1,14,0.0,-2.4,0.6,5.5,73,94,98,6,16,28,6956,993.4,2017,2017-01-14
1,15,0.0,-4.6,0.9,7.6,30,69,98,7,20,107,7072,1001.5,2017,2017-01-15
1,16,0.0,-3.2,2.2,5.2,28,38,73,17,48,0,5470,1000.7,2017,2017-01-16
1,17,0.0,2.2,4.0,7.7,25,33,41,23,51,22,6815,1003.7,2017,2017-01-17
1,18,0.0,0.1,4.9,10.5,28,40,52,13,38,19,6360,1008.8,2017,2017-01-18
1,19,0.0,-4.7,2.1,9.3,36,63,98,8,31,115,8055,1014.3,2017,2017-01-19
1,20,0.0,-6.0,-0.7,8.1,29,79,98,7,22,107,8205,1017.2,2017,2017-01-20
1,21,0.0,-6.2,0.4,9.2,35,78,98,6,18,334,8544,1015.0,2017,2017-01-21
1,22,0.0,-4.5,1.8,11.7,24,73,98,7,22,110,8749,1012.5,2017,2017-01-22
1,23,0.0,-4.9,1.2,10.1,32,78,98,6,19,291,6793,1006.9,2017,2017-01-23
1,24,0.0,-4.5,2.6,12.4,28,-,98,7,27,105,8794,1002.9,2017,2017-01-24
1,25,0.0,-6.5,-0.4,7.6,39,80,98,4,18,150,8727,1008.3,2017,2017-01-25
1,26,0.0,-7.5,-2.2,5.5,44,81,98,6,18,89,8658,1013.7,2017,2017-01-26
1,27,0.0,-8.1,-2.4,5.3,42,82,98,6,13,321,8865,1014.5,2017,2017-01-27
1,28,0.0,-5.0,-1.0,6.0,65,91,98,6,15,157,7505,1011.3,2017,2017-01-28
1,29,0.0,-6.0,-1.2,6.1,65,91,98,6,13,185,8271,1010.3,2017,2017-01-29
1,30,0.0,-5.9,0.1,6.5,63,90,98,5,14,7,7761,1008.1,2017,2017-01-30
1,31,5.9,-2.0,2.3,4.7,83,93,98,4,15,315,1429,1005.4,2017,2017-01-31
2,1,0.0,2.4,4.1,5.4,86,92,97,3,8,35,901,1004.9,2017,2017-02-01
2,2,2.6,3.9,6.2,9.0,96,98,98,4,10,0,2606,1004.6,2017,2017-02-02
2,3,13.4,5.9,7.2,9.4,98,98,98,6,17,349,1086,997.4,2017,2017-02-03
2,4,11.1,1.4,6.0,9.1,98,98,98,7,21,156,1991,992.2,2017,2017-02-04
2,5,16.3,2.3,5.4,7.3,94,98,98,10,36,345,1408,991.1,2017,2017-02-05
2,6,28.2,6.5,9.7,14.1,46,78,98,18,44,358,3607,987.6,2017,2017-02-06
2,7,0.0,5.2,7.4,11.2,61,87,93,6,21,192,6719,998.0,2017,2017-02-07
2,8,0.0,-1.2,5.3,8.8,73,87,96,5,18,165,5177,1002.8,2017,2017-02-08
2,9,0.0,-2.4,3.0,9.8,50,82,98,9,38,68,9436,1007.0,2017,2017-02-09
2,10,0.0,2.3,5.6,10.0,52,80,94,5,23,128,5648,1006.1,2017,2017-02-10
2,11,0.7,3.3,5.7,9.3,84,89,95,4,10,338,4038,1007.8,2017,2017-02-11
2,12,0.0,0.4,5.7,11.7,65,87,98,4,16,185,9578,1011.4,2017,2017-02-12
2,13,0.0,0.4,5.2,8.5,69,89,96,4,12,67,3095,1014.3,2017,2017-02-13
2,14,0.0,-1.5,4.7,13.2,39,80,98,6,15,132,11925,1017.1,2017,2017-02-14
2,15,0.0,-1.7,5.3,14.3,41,79,98,6,15,231,12167,1017.8,2017,2017-02-15
2,16,0.0,-0.2,7.3,17.8,23,70,98,6,17,347,12545,1013.2,2017,2017-02-16
2,17,0.1,-1.7,3.5,8.6,83,92,98,6,20,107,7875,1008.6,2017,2017-02-17
2,18,0.0,-0.7,5.6,13.3,50,86,98,8,22,233,11872,1007.6,2017,2017-02-18
2,19,0.0,0.4,5.0,10.6,56,84,97,5,15,145,-,1008.4,2017,2017-02-19
2,20,0.0,0.7,5.4,12.0,61,84,98,5,19,144,11509,1006.7,2017,2017-02-20
2,21,0.0,2.1,4.8,5.6,73,80,90,4,10,19,908,1003.5,2017,2017-02-21
2,22,0.8,2.4,6.1,8.3,74,83,97,4,10,204,1990,1002.4,2017,2017-02-22
2,23,0.3,5.1,6.5,8.4,76,86,98,3,9,30,2766,999.0,2017,2017-02-23
2,24,2.2,5.1,6.7,8.1,79,85,98,6,24,98,508,993.1,2017,2017-02-24
2,25,0.0,-1.0,5.4,12.8,37,78,98,7,20,146,14432,1004.9,2017,2017-02-25
2,26,0.0,-1.7,4.9,12.4,42,79,98,6,18,209,12053,1004.1,2017,2017-02-26
2,27,0.0,1.0,6.7,13.5,37,80,98,6,23,156,13511,1000.1,2017,2017-02-27
2,28,18.4,5.6,7.0,8.5,68,83,94,8,20,1,643,990.1,2017,2017-02-28
3,1,5.6,4.7,7.9,12.6,71,89,98,9,41,1,10617,992.3,2017,2017-03-01
3,2,0.0,2.3,7.3,13.8,62,87,98,6,19,35,11513,999.4,2017,2017-03-02
3,3,0.0,2.9,9.2,15.7,54,85,98,7,21,311,9449,1001.6,2017,2017-03-03
3,4,23.4,6.7,9.0,10.7,57,71,95,9,37,158,1125,993.1,2017,2017-03-04
3,5,3.1,4.9,8.5,12.9,64,82,98,6,28,192,8017,992.2,2017,2017-03-05
3,6,0.0,5.4,8.9,13.7,62,87,98,9,23,160,12517,988.0,2017,2017-03-06
3,7,0.1,2.4,9.2,17.5,20,58,98,10,30,250,11557,990.2,2017,2017-03-07
3,8,0.0,1.6,10.1,17.4,20,47,82,9,20,244,16259,1002.6,2017,2017-03-08
3,9,0.0,2.9,10.4,17.3,31,68,97,6,15,316,12212,1000.8,2017,2017-03-09
3,10,0.0,4.4,12.1,19.6,11,45,98,15,56,13,17825,999.4,2017,2017-03-10
3,11,0.0,-0.8,8.5,16.5,20,52,95,8,23,209,17607,1003.2,2017,2017-03-11
3,12,0.0,0.2,7.6,14.3,34,71,98,7,21,152,17152,1000.3,2017,2017-03-12
3,13,0.0,-0.2,7.2,14.6,40,75,98,7,21,220,17189,1006.7,2017,2017-03-13
3,14,0.0,2.0,9.8,16.8,39,76,98,5,15,352,15395,1010.5,2017,2017-03-14
3,15,0.0,2.3,9.5,16.3,41,76,98,8,26,228,13308,1010.6,2017,2017-03-15
3,16,0.0,4.7,10.7,18.6,38,74,97,6,20,149,16663,1006.5,2017,2017-03-16
3,17,0.0,3.0,9.9,18.6,45,76,97,6,24,137,16484,1000.3,2017,2017-03-17
3,18,0.0,4.2,10.0,16.3,61,84,97,7,19,137,12309,993.5,2017,2017-03-18
3,19,0.0,5.5,12.2,16.9,68,86,96,6,16,71,9359,994.7,2017,2017-03-19
3,20,0.0,8.1,12.8,18.2,-,-,95,6,22,169,13446,996.3,2017,2017-03-20
3,21,0.0,9.4,12.0,16.2,-,-,-,4,17,77,8946,995.3,2017,2017-03-21
3,22,0.3,8.7,10.9,12.9,-,-,-,4,10,354,2431,996.6,2017,2017-03-22
3,23,0.1,7.5,13.0,18.5,-,-,-,7,24,95,13678,1000.6,2017,2017-03-23
3,24,0.0,7.2,13.5,20.4,-,-,-,6,15,193,15626,1005.4,2017,2017-03-24
3,25,0.0,7.6,14.5,22.3,-,-,-,7,19,119,19237,1002.8,2017,2017-03-25
3,26,0.3,2.6,9.8,17.0,-,-,-,7,31,93,9691,1002.2,2017,2017-03-26
3,27,0.0,0.6,9.2,17.4,-,-,-,9,25,176,20498,1007.9,2017,2017-03-27
3,28,0.0,2.6,12.0,21.9,-,-,-,8,19,156,20853,1006.2,2017,2017-03-28
3,29,0.0,4.2,14.8,24.6,-,-,-,9,26,72,20384,1005.5,2017,2017-03-29
3,30,0.0,6.7,15.2,24.4,-,-,-,9,26,102,19761,1007.6,2017,2017-03-30
3,31,0.0,8.5,15.4,23.8,-,-,-,9,29,178,19993,1004.6,2017,2017-03-31
4,1,0.0,6.8,13.4,21.0,-,-,-,8,29,145,15282,999.6,2017,2017-04-01
4,2,0.0,7.1,15.1,23.2,-,-,-,10,28,204,16275,999.7,2017,2017-04-02
4,3,0.0,6.1,17.7,25.9,-,-,-,10,42,279,21195,999.0,2017,2017-04-03
4,4,0.8,12.7,16.7,22.8,-,-,-,17,46,124,11712,998.9,2017,2017-04-04
4,5,0.1,9.2,13.6,19.6,-,-,-,7,28,154,9967,1000.1,2017,2017-04-05
4,6,1.4,10.5,14.3,19.7,-,-,-,9,30,25,15928,999.1,2017,2017-04-06
4,7,0.1,6.2,11.5,17.0,-,-,-,6,25,210,15921,1002.6,2017,2017-04-07
4,9,0.0,8.0,14.8,22.7,-,-,-,7,30,173,18888,1006.7,2017,2017-04-09
4,10,0.0,7.8,15.4,23.9,-,-,-,8,27,165,21632,1002.7,2017,2017-04-10
4,11,0.7,7.4,15.2,22.7,-,-,-,6,31,186,17118,1000.2,2017,2017-04-11
4,12,0.0,8.6,15.0,21.4,-,-,-,6,26,170,21818,1000.8,2017,2017-04-12
4,13,0.0,8.5,14.8,21.4,-,-,-,7,24,142,15309,994.5,2017,2017-04-13
4,14,2.3,9.9,17.0,24.0,-,-,-,8,26,155,19055,995.2,2017,2017-04-14
4,15,6.9,9.5,14.1,19.9,-,-,-,7,23,11,10172,996.4,2017,2017-04-15
4,16,2.1,7.8,13.8,21.7,-,-,-,7,40,198,18974,995.7,2017,2017-04-16
4,17,0.0,6.5,11.7,17.0,-,-,-,8,28,207,16356,998.0,2017,2017-04-17
4,18,1.2,3.4,8.4,13.0,-,-,-,8,29,51,7977,996.7,2017,2017-04-18
4,19,0.0,1.3,9.5,15.4,-,-,-,13,50,17,17998,1000.7,2017,2017-04-19
4,20,0.0,1.4,9.6,17.0,-,-,-,8,33,99,26237,1007.3,2017,2017-04-20
4,21,0.0,0.2,8.8,16.3,-,-,-,9,27,87,25518,1010.9,2017,2017-04-21
4,22,0.0,3.2,11.0,18.1,-,-,-,7,26,163,22757,1003.8,2017,2017-04-22
4,23,0.0,5.7,13.1,19.7,-,-,-,8,28,139,22438,1001.1,2017,2017-04-23
4,24,0.0,7.2,12.1,16.0,-,-,-,6,18,154,8363,1002.8,2017,2017-04-24
4,25,5.4,11.0,13.0,18.3,-,-,-,7,28,160,8640,996.6,2017,2017-04-25
4,26,98.6,11.5,12.9,13.9,-,-,-,12,40,163,2075,992.9,2017,2017-04-26
4,27,116.5,11.6,13.9,16.7,-,-,-,17,43,164,4508,989.7,2017,2017-04-27
4,28,7.5,7.8,12.6,17.2,34,-,97,16,42,5,13995,989.8,2017,2017-04-28
4,29,0.0,5.8,12.7,18.9,33,62,97,9,25,163,25751,998.8,2017,2017-04-29
4,30,0.0,5.8,13.5,19.9,33,67,98,7,25,145,25039,998.5,2017,2017-04-30
5,1,9.4,7.6,13.0,20.1,37,72,97,9,36,27,20041,995.7,2017,2017-05-01
5,2,0.0,8.0,12.7,18.5,59,87,97,8,26,142,18258,999.9,2017,2017-05-02
5,3,0.0,7.1,13.7,19.9,48,77,96,8,32,340,16024,1000.6,2017,2017-05-03
5,4,14.0,8.9,11.6,15.2,61,80,96,5,19,8,6178,999.2,2017,2017-05-04
5,5,0.0,8.7,14.3,20.9,-,-,-,6,24,173,20376,998.7,2017,2017-05-05
5,6,7.1,9.6,13.9,18.6,-,-,-,5,18,13,11090,996.9,2017,2017-05-06
5,7,0.1,10.5,15.4,21.6,-,-,-,5,23,153,23720,991.6,2017,2017-05-07
5,8,9.3,9.8,14.6,22.5,-,-,-,6,41,15,13624,992.8,2017,2017-05-08
5,9,7.1,10.2,14.5,20.1,-,-,-,8,40,173,19676,993.4,2017,2017-05-09
5,10,0.0,9.2,12.8,17.3,-,-,-,5,21,170,14514,996.0,2017,2017-05-10
5,11,3.2,9.8,14.1,18.5,-,-,-,6,21,119,8203,992.8,2017,2017-05-11
5,12,12.0,13.6,16.5,21.0,-,-,-,8,31,97,15972,989.6,2017,2017-05-12
5,13,0.0,13.9,17.9,24.4,-,-,-,6,21,325,19441,995.4,2017,2017-05-13
5,14,0.5,13.1,18.7,25.1,-,-,-,8,21,329,21750,1002.0,2017,2017-05-14
5,15,21.7,13.5,18.1,25.8,-,-,-,9,44,317,18607,1006.9,2017,2017-05-15
5,16,0.1,12.7,20.2,26.6,-,-,-,7,21,94,28873,1007.8,2017,2017-05-16
5,17,0.0,14.6,21.9,26.9,-,-,-,6,19,165,26186,1003.9,2017,2017-05-17
5,18,0.0,14.7,21.0,26.4,-,-,-,5,22,177,23648,999.0,2017,2017-05-18
5,19,0.1,13.3,19.2,25.7,-,-,-,9,39,144,24609,995.9,2017,2017-05-19
5,20,12.0,12.2,15.3,20.0,-,-,-,7,26,160,7483,998.2,2017,2017-05-20
5,21,0.0,11.4,19.0,26.7,-,-,-,8,17,226,21744,1000.8,2017,2017-05-21
5,22,11.9,12.8,20.1,26.4,-,-,-,9,42,145,26846,999.5,2017,2017-05-22
5,23,0.0,13.5,21.4,27.5,-,-,-,6,19,131,27171,998.1,2017,2017-05-23
5,24,0.0,16.5,21.0,27.0,-,-,-,6,21,152,19467,998.1,2017,2017-05-24
5,25,0.1,14.3,18.8,23.8,-,-,-,9,31,218,24517,1000.1,2017,2017-05-25
5,26,0.0,13.5,19.6,25.6,-,-,-,7,25,212,27762,1000.6,2017,2017-05-26
5,27,0.0,14.7,21.9,28.8,-,-,-,8,24,146,28326,1001.6,2017,2017-05-27
5,28,0.0,17.3,22.8,28.7,-,-,-,7,30,153,28358,1002.6,2017,2017-05-28
5,29,0.0,15.8,22.0,29.1,-,-,-,8,30,144,25323,998.9,2017,2017-05-29
5,30,0.0,16.4,22.5,29.2,-,-,-,7,27,160,24647,997.8,2017,2017-05-30
5,31,0.0,17.6,23.0,28.6,-,-,-,7,23,184,26284,1000.6,2017,2017-05-31
6,1,0.0,17.6,22.9,29.1,-,-,-,7,28,155,23297,1000.5,2017,2017-06-01
6,2,0.0,16.3,22.9,29.9,-,-,-,8,27,197,25423,998.4,2017,2017-06-02
6,3,0.5,15.8,23.9,31.1,-,-,-,7,25,180,26416,995.9,2017,2017-06-03
6,4,0.4,17.4,22.2,28.8,-,-,-,8,26,357,17997,993.9,2017,2017-06-04
6,5,1.1,16.8,22.1,28.2,-,-,-,7,21,38,20575,994.6,2017,2017-06-05
6,6,30.0,16.3,18.8,26.1,-,-,-,7,37,114,9483,990.9,2017,2017-06-06
6,7,2.5,11.5,17.6,23.7,-,-,-,9,40,27,18312,996.8,2017,2017-06-07
6,8,0.0,9.8,17.9,23.9,-,-,-,7,22,157,29408,1002.7,2017,2017-06-08
6,9,0.0,12.3,20.9,27.9,-,-,-,6,21,206,29195,998.3,2017,2017-06-09
6,10,0.0,15.1,22.3,29.6,-,-,-,6,20,162,27216,998.9,2017,2017-06-10
6,11,0.0,15.8,23.4,29.5,-,-,-,8,28,160,28894,1000.3,2017,2017-06-11
6,12,0.0,17.8,23.6,30.4,-,-,-,6,27,131,27560,997.4,2017,2017-06-12
6,13,0.0,17.9,24.6,31.1,-,-,-,6,24,114,27860,995.8,2017,2017-06-13
6,14,0.3,19.0,23.6,29.9,-,-,-,5,20,93,15268,996.0,2017,2017-06-14
6,15,0.0,18.2,24.6,30.9,-,-,-,6,25,96,26483,997.5,2017,2017-06-15
6,16,13.6,19.1,24.1,30.6,-,-,-,6,31,98,20077,996.4,2017,2017-06-16
6,17,0.1,16.2,23.3,29.2,-,-,-,8,28,170,27173,997.6,2017,2017-06-17
6,18,0.0,14.5,22.3,28.7,-,-,-,8,24,210,30139,1002.2,2017,2017-06-18
6,19,0.0,16.6,23.6,30.5,-,-,-,7,25,161,29549,1003.0,2017,2017-06-19
6,20,0.0,16.8,24.6,31.5,-,-,-,6,26,156,27724,999.3,2017,2017-06-20
6,21,0.0,18.6,24.9,32.0,-,-,-,6,19,11,24091,997.1,2017,2017-06-21
6,22,0.0,19.0,26.3,32.8,-,-,-,7,28,148,28050,997.2,2017,2017-06-22
6,23,0.0,20.8,27.1,32.1,-,-,-,6,24,107,24461,996.3,2017,2017-06-23
6,24,0.0,22.7,27.7,33.1,-,-,-,6,22,140,23998,995.8,2017,2017-06-24
6,25,26.1,17.0,21.9,26.4,-,-,-,-,91,318,8038,994.3,2017,2017-06-25
6,27,0.6,18.0,23.7,29.1,-,-,-,-,-,-,18607,991.8,2017,2017-06-27
6,28,64.7,14.6,20.4,28.4,-,-,-,-,-,-,10754,985.8,2017,2017-06-28
6,29,9.4,14.4,19.1,26.4,-,-,-,-,-,-,19573,985.2,2017,2017-06-29
6,30,14.9,14.0,19.8,25.6,-,-,-,-,-,-,21553,991.5,2017,2017-06-30
7,1,6.3,12.5,19.9,25.6,-,-,-,-,-,-,27938,994.4,2017,2017-07-01
7,2,0.0,14.5,21.2,27.8,-,-,-,-,-,-,22711,996.4,2017,2017-07-02
7,3,1.9,16.6,22.3,28.6,-,-,-,-,-,-,26996,1000.4,2017,2017-07-03
7,4,3.6,17.5,22.7,27.9,-,-,-,-,-,-,22094,1002.1,2017,2017-07-04
7,5,0.0,18.9,23.8,29.4,-,-,-,-,-,-,23257,1000.3,2017,2017-07-05
7,6,0.0,17.5,24.7,31.3,-,-,-,-,-,-,29052,999.8,2017,2017-07-06
7,7,1.2,17.8,24.0,31.6,-,-,-,-,-,-,22683,998.6,2017,2017-07-07
7,8,20.0,17.8,26.0,33.0,-,-,-,-,-,-,28398,997.0,2017,2017-07-08
7,10,2.6,20.7,24.8,31.2,-,-,-,-,-,-,21359,992.9,2017,2017-07-10
7,11,0.2,19.3,23.9,29.9,-,-,-,-,-,-,22836,994.3,2017,2017-07-11
7,12,0.1,17.8,24.2,29.8,-,-,-,-,-,-,26061,994.7,2017,2017-07-12
7,13,0.0,19.3,24.7,30.8,-,-,-,-,-,-,23336,995.1,2017,2017-07-13
7,14,4.2,17.3,20.9,26.8,-,-,-,-,-,-,18444,995.7,2017,2017-07-14
7,15,0.0,15.0,21.1,27.7,-,-,-,-,-,-,22793,997.5,2017,2017-07-15
7,17,0.0,13.7,22.3,28.6,-,-,-,-,-,-,28610,1002.8,2017,2017-07-17
7,18,0.0,17.1,24.2,30.7,-,-,-,-,-,-,26561,1000.4,2017,2017-07-18
7,19,0.3,16.0,22.9,30.2,-,-,-,-,-,-,23711,998.1,2017,2017-07-19
7,20,0.0,18.0,24.0,29.1,-,-,-,-,-,-,20822,994.7,2017,2017-07-20
7,21,0.0,19.5,25.6,32.6,-,-,-,-,-,-,24421,994.4,2017,2017-07-21
7,22,0.0,19.9,25.5,32.5,-,-,-,-,-,-,24460,994.8,2017,2017-07-22
7,23,3.3,19.8,24.8,31.6,-,-,-,-,-,-,19342,995.0,2017,2017-07-23
7,24,44.5,13.9,19.5,24.8,-,-,-,-,-,-,8239,987.9,2017,2017-07-24
7,25,12.6,12.4,18.4,27.3,-,-,-,-,-,-,23205,987.5,2017,2017-07-25
7,26,0.0,11.8,18.3,24.5,-,-,-,-,-,-,15469,988.1,2017,2017-07-26
7,27,0.0,14.0,21.5,28.1,-,-,-,-,-,-,23433,991.7,2017,2017-07-27
7,28,0.0,16.0,23.0,29.6,-,-,-,-,-,-,26244,994.3,2017,2017-07-28
7,29,0.0,18.4,24.7,31.2,-,-,-,-,-,-,24753,998.4,2017,2017-07-29
7,30,3.6,19.5,23.5,29.6,-,-,-,-,-,-,19663,997.6,2017,2017-07-30
7,31,0.0,18.3,25.1,32.2,-,-,-,-,-,-,26655,998.8,2017,2017-07-31
8,1,0.0,18.5,27.2,34.9,-,-,-,-,-,-,26075,998.8,2017,2017-08-01
8,2,0.0,20.6,27.3,34.5,-,-,-,-,-,-,24277,998.2,2017,2017-08-02
8,3,0.0,20.3,28.0,35.3,-,-,-,-,-,-,24885,996.2,2017,2017-08-03
8,4,0.0,21.4,28.4,35.1,-,-,-,-,-,-,25031,992.9,2017,2017-08-04
8,5,0.1,22.5,29.1,36.7,-,-,-,-,-,-,24508,992.8,2017,2017-08-05
8,6,10.9,17.8,25.6,34.8,-,-,-,-,-,-,19266,993.8,2017,2017-08-06
8,7,0.1,15.4,22.5,29.7,-,-,-,-,-,-,26106,998.8,2017,2017-08-07
8,8,0.0,16.6,23.9,31.4,33,60,78,-,-,-,24744,996.3,2017,2017-08-08
8,9,1.2,19.9,26.6,33.5,35,60,76,-,-,-,22817,994.8,2017,2017-08-09
8,10,6.6,18.6,23.7,30.6,50,71,87,-,-,-,12442,994.4,2017,2017-08-10
8,11,1.0,14.4,21.5,28.1,36,68,92,-,-,-,19961,992.8,2017,2017-08-11
8,12,0.0,13.9,20.2,26.6,36,64,89,-,-,-,23018,996.3,2017,2017-08-12
8,13,0.0,13.4,21.9,28.8,34,62,85,-,-,-,24810,999.9,2017,2017-08-13
8,14,0.0,18.2,23.3,30.1,35,63,83,-,-,-,21866,1002.0,2017,2017-08-14
8,15,0.0,17.0,24.1,31.6,38,64,88,-,-,-,24420,1001.4,2017,2017-08-15
8,16,0.0,17.2,23.9,31.1,41,69,92,-,-,-,16798,999.7,2017,2017-08-16
8,17,0.0,18.1,25.5,33.9,28,58,80,-,-,-,24268,999.3,2017,2017-08-17
8,18,0.0,19.3,25.8,33.3,31,58,83,-,-,-,23560,997.5,2017,2017-08-18
8,19,19.2,15.7,22.0,26.8,51,71,87,-,-,-,8857,995.7,2017,2017-08-19
8,20,0.0,13.7,21.5,28.4,22,48,83,-,-,-,22779,999.6,2017,2017-08-20
8,22,0.0,12.2,18.9,25.6,29,60,85,-,-,-,23688,1001.7,2017,2017-08-22
8,23,0.2,13.1,20.1,28.1,36,65,92,-,-,-,22255,999.9,2017,2017-08-23
8,24,0.1,15.1,21.6,28.5,42,71,93,5,18,144,22491,1000.9,2017,2017-08-24
8,25,0.0,17.9,23.5,30.2,45,73,96,5,18,195,20383,1001.1,2017,2017-08-25
8,26,0.0,18.0,24.4,31.3,45,75,96,5,14,123,20227,999.0,2017,2017-08-26
8,27,0.0,19.3,25.4,32.5,39,71,95,5,15,214,21446,996.4,2017,2017-08-27
8,28,18.5,15.9,23.4,32.0,31,68,97,8,60,329,16134,997.0,2017,2017-08-28
8,29,0.1,14.5,21.8,28.7,39,68,95,6,16,107,22088,998.8,2017,2017-08-29
8,30,0.0,16.3,22.5,29.5,41,69,93,5,19,349,21275,997.7,2017,2017-08-30
8,31,0.7,17.1,23.0,29.3,45,76,96,5,13,136,16403,997.0,2017,2017-08-31
9,1,29.6,15.8,19.5,23.4,78,94,99,7,30,199,6288,994.9,2017,2017-09-01
9,2,27.4,12.5,17.2,25.5,51,76,100,13,47,263,11728,991.6,2017,2017-09-02
9,3,0.4,12.5,17.3,24.1,31,61,92,8,28,348,15892,993.8,2017,2017-09-03
9,4,0.4,11.0,16.8,23.6,46,78,97,6,28,178,15743,999.9,2017,2017-09-04
9,5,0.0,15.1,19.4,25.4,47,76,97,5,19,182,16825,1001.8,2017,2017-09-05
9,6,7.2,14.7,19.9,25.1,59,85,100,4,14,16,12012,998.8,2017,2017-09-06
9,7,22.6,15.5,18.4,24.8,64,89,100,7,23,115,10526,996.1,2017,2017-09-07
9,8,0.0,13.3,18.9,24.6,43,75,99,6,24,115,19925,994.8,2017,2017-09-08
9,9,6.5,13.5,18.6,23.0,65,86,99,7,23,217,10661,988.3,2017,2017-09-09
9,10,28.5,15.8,16.8,17.8,95,98,100,8,24,350,2735,987.9,2017,2017-09-10
9,11,1.4,17.1,19.4,24.6,55,88,100,6,23,12,8110,984.4,2017,2017-09-11
9,12,33.2,8.7,13.9,17.6,66,93,100,9,44,7,3211,991.2,2017,2017-09-12
9,13,0.4,8.0,15.6,22.3,43,77,99,6,23,219,14685,1000.8,2017,2017-09-13
9,14,12.1,14.8,16.8,20.5,68,91,100,6,18,293,5575,994.8,2017,2017-09-14
9,15,4.7,12.9,15.5,19.3,55,81,100,6,19,86,6395,995.3,2017,2017-09-15
9,16,6.5,13.2,15.8,20.6,66,92,100,5,14,329,7786,992.6,2017,2017-09-16
9,17,0.0,10.8,15.2,21.6,50,81,100,7,30,184,12691,993.7,2017,2017-09-17
9,18,21.5,11.4,14.7,21.4,44,82,99,8,29,311,12856,997.2,2017,2017-09-18
9,19,12.8,10.1,11.8,13.5,73,91,100,8,32,354,3278,994.4,2017,2017-09-19
9,20,0.0,8.7,13.3,20.4,45,79,100,6,17,171,13708,998.0,2017,2017-09-20
9,21,0.0,7.5,14.3,22.2,28,65,94,8,22,208,18608,1001.1,2017,2017-09-21
9,22,0.0,8.9,15.3,22.4,45,78,100,5,15,165,13105,1003.1,2017,2017-09-22
9,23,0.0,13.6,16.8,22.4,50,83,100,4,15,129,10256,1002.8,2017,2017-09-23
9,24,22.0,13.4,14.7,16.5,85,95,100,8,22,24,3171,1002.0,2017,2017-09-24
9,25,0.8,11.8,14.8,19.1,56,85,99,5,15,7,6386,1002.7,2017,2017-09-25
9,26,0.0,9.2,15.4,23.0,39,75,99,6,26,105,14409,1003.9,2017,2017-09-26
9,27,0.0,11.5,17.6,24.8,37,69,99,6,22,82,13398,1005.6,2017,2017-09-27
9,28,0.0,9.7,16.2,24.4,33,73,100,5,17,160,15463,1008.0,2017,2017-09-28
9,29,0.0,10.1,16.0,23.1,37,67,95,6,19,155,14836,1006.5,2017,2017-09-29
9,30,0.0,10.8,15.2,21.8,35,65,90,4,14,230,11170,1003.5,2017,2017-09-30
10,1,0.0,12.2,15.0,20.3,36,64,85,4,12,268,8587,1004.3,2017,2017-10-01
10,2,0.0,10.2,15.1,21.7,35,66,91,5,18,159,14678,1005.5,2017,2017-10-02
10,3,0.1,9.0,13.2,15.9,75,88,99,4,13,15,1858,1003.6,2017,2017-10-03
10,4,0.2,8.7,15.5,22.1,50,80,100,6,21,67,12556,1006.4,2017,2017-10-04
10,5,0.0,12.4,16.2,20.4,65,87,100,5,13,112,6812,998.5,2017,2017-10-05
10,6,0.0,6.7,15.1,22.1,38,69,95,9,28,135,13013,993.5,2017,2017-10-06
10,7,0.0,4.5,11.7,20.2,36,70,91,6,17,146,15295,1001.5,2017,2017-10-07
10,8,0.0,8.3,14.0,21.0,34,70,96,6,16,111,13855,998.0,2017,2017-10-08
10,9,0.0,7.9,14.0,21.3,39,75,97,6,16,157,13062,1000.1,2017,2017-10-09
10,10,0.0,9.8,14.7,21.6,46,79,100,6,18,145,11879,1002.0,2017,2017-10-10
10,11,0.0,9.9,14.7,18.1,63,86,100,4,10,1,4488,1005.9,2017,2017-10-11
10,12,0.0,10.4,15.4,21.3,51,81,100,4,14,166,9596,1007.0,2017,2017-10-12
10,13,0.1,9.6,14.2,21.5,53,83,99,6,16,211,11355,1008.9,2017,2017-10-13
10,14,0.0,7.6,14.7,24.3,39,76,99,6,13,162,13135,1009.9,2017,2017-10-14
10,15,0.1,8.0,15.0,24.8,30,70,97,6,13,0,13346,1010.1,2017,2017-10-15
10,16,0.0,8.4,15.3,25.2,30,66,90,6,15,18,13407,1009.2,2017,2017-10-16
10,17,0.0,7.5,14.7,24.0,38,72,98,6,13,310,12395,1006.9,2017,2017-10-17
10,18,0.0,7.2,11.8,18.7,63,88,100,5,16,132,9813,1002.7,2017,2017-10-18
10,19,0.0,7.2,11.5,17.4,65,87,100,5,17,83,10034,1001.9,2017,2017-10-19
10,20,0.0,6.7,12.0,15.2,67,87,100,4,11,182,3635,1003.6,2017,2017-10-20
10,21,0.0,10.7,13.6,16.5,53,79,94,4,15,21,4272,1003.0,2017,2017-10-21
10,22,21.9,9.4,12.1,14.6,48,82,97,9,44,12,1820,995.6,2017,2017-10-22
10,23,0.0,5.2,10.9,18.1,37,67,94,7,18,256,12202,995.5,2017,2017-10-23
10,24,0.0,5.3,12.7,22.2,11,48,74,8,18,337,12495,1002.1,2017,2017-10-24
10,25,0.0,5.9,11.0,18.6,36,65,84,6,16,82,9196,1008.6,2017,2017-10-25
10,26,0.0,4.9,11.7,20.3,35,69,90,5,12,164,10669,1007.9,2017,2017-10-26
10,27,0.0,5.4,11.5,18.4,22,70,90,6,26,9,7548,1000.7,2017,2017-10-27
10,28,0.0,4.5,9.3,16.7,31,61,80,7,20,328,7135,1000.9,2017,2017-10-28
10,29,0.0,5.9,10.0,14.8,53,72,83,8,21,2,7573,989.2,2017,2017-10-29
10,30,0.0,3.1,9.3,16.9,23,61,94,7,18,101,10966,999.9,2017,2017-10-30
10,31,0.0,2.4,8.5,16.1,19,59,84,6,15,142,10717,1007.9,2017,2017-10-31
11,1,0.0,4.5,9.2,15.8,39,65,89,6,15,328,8222,1007.5,2017,2017-11-01
11,2,0.0,4.3,8.7,12.6,61,80,92,5,13,338,2956,1003.5,2017,2017-11-02
11,3,0.0,5.3,11.7,18.7,42,70,90,6,17,92,9419,1000.2,2017,2017-11-03
11,4,0.1,9.7,12.7,16.3,59,81,97,4,12,326,5928,1001.5,2017,2017-11-04
11,5,59.9,10.8,12.4,15.2,77,94,99,10,34,37,1064,994.7,2017,2017-11-05
11,6,75.9,8.9,11.0,12.7,48,64,97,23,46,21,1422,993.5,2017,2017-11-06
11,7,10.4,7.7,10.3,13.9,43,66,84,17,42,5,1352,997.0,2017,2017-11-07
11,8,0.0,5.1,10.1,16.2,44,69,91,6,17,338,9030,998.6,2017,2017-11-08
11,9,0.2,4.7,9.2,13.9,58,83,95,5,16,122,3520,1004.3,2017,2017-11-09
11,10,0.0,2.9,8.5,14.6,47,78,95,6,14,340,7708,1003.0,2017,2017-11-10
11,11,0.0,3.0,7.4,13.7,60,84,97,5,16,142,6638,997.9,2017,2017-11-11
11,12,2.0,2.7,6.9,11.1,76,93,98,6,24,9,4745,989.5,2017,2017-11-12
11,13,2.7,5.7,8.7,10.9,21,42,81,27,76,350,1203,985.1,2017,2017-11-13
11,14,0.0,0.2,6.9,14.3,20,52,80,6,19,159,9072,1000.5,2017,2017-11-14
11,15,0.0,-0.5,7.5,16.1,14,47,78,6,19,141,8850,1004.7,2017,2017-11-15
11,16,0.0,2.8,8.0,15.7,30,60,86,6,15,155,8444,1003.4,2017,2017-11-16
11,17,0.0,2.0,7.0,14.9,44,74,90,6,22,112,6341,1002.3,2017,2017-11-17
11,18,0.0,0.6,6.0,13.5,41,72,90,6,15,237,8220,1001.4,2017,2017-11-18
11,19,0.0,-0.2,5.6,12.1,11,66,93,7,35,339,6961,997.8,2017,2017-11-19
11,20,0.0,-2.3,4.0,11.7,29,57,79,7,15,61,8197,1003.5,2017,2017-11-20
11,21,0.0,2.9,6.7,12.4,44,62,86,8,18,305,6744,1002.7,2017,2017-11-21
11,22,0.0,2.7,6.8,12.7,52,76,97,6,16,330,4477,1004.0,2017,2017-11-22
11,23,0.0,2.2,6.8,13.1,48,78,96,6,14,330,3521,1004.2,2017,2017-11-23
11,24,0.0,2.0,6.8,13.1,58,80,93,6,17,314,6074,1005.2,2017,2017-11-24
11,25,20.9,5.5,8.3,9.6,81,91,97,6,16,352,600,997.2,2017,2017-11-25
11,26,3.1,-1.5,7.2,10.3,16,45,97,17,44,29,2134,1000.1,2017,2017-11-26
11,27,0.0,-2.7,2.1,9.2,18,52,77,8,17,324,7809,1008.1,2017,2017-11-27
11,28,0.0,-2.5,3.0,7.4,35,60,82,6,14,14,5086,1000.5,2017,2017-11-28
11,29,8.1,2.6,4.9,6.3,58,84,89,8,18,20,931,989.8,2017,2017-11-29
11,30,1.6,-1.2,4.2,8.5,45,83,95,8,28,22,4065,986.5,2017,2017-11-30
12,1,0.0,-3.0,2.8,8.5,37,64,90,7,17,64,5219,996.0,2017,2017-12-01
12,2,0.0,-1.6,3.9,9.7,28,45,66,9,24,63,4836,1001.0,2017,2017-12-02
12,3,0.0,-4.4,0.8,6.8,32,58,80,8,20,1,7424,1005.0,2017,2017-12-03
12,4,0.0,-5.6,-1.8,3.8,50,71,84,6,15,336,4185,1011.7,2017,2017-12-04
12,5,0.0,-4.4,1.1,9.5,30,64,81,6,19,315,6972,1016.5,2017,2017-12-05
12,6,0.0,-3.6,1.0,8.6,54,77,92,7,14,311,6435,1016.8,2017,2017-12-06
12,7,0.0,-2.2,2.3,8.3,60,81,94,6,15,326,3843,1013.0,2017,2017-12-07
12,8,2.6,-2.0,4.0,6.3,63,87,94,7,39,353,374,998.2,2017,2017-12-08
12,9,0.0,-5.5,2.0,7.0,53,71,88,8,33,42,6154,995.6,2017,2017-12-09
12,10,12.8,-4.9,-0.6,2.1,56,73,95,6,19,41,1514,996.0,2017,2017-12-10
12,11,62.5,1.4,6.2,13.0,77,95,99,9,32,206,231,984.8,2017,2017-12-11
12,12,23.6,5.5,9.3,11.6,84,93,99,8,27,241,2297,991.6,2017,2017-12-12
12,13,0.0,1.4,5.4,7.2,65,86,98,6,24,111,1436,999.4,2017,2017-12-13
12,14,0.0,1.7,4.6,6.1,80,90,97,4,12,321,1149,991.5,2017,2017-12-14
12,15,6.3,3.6,7.0,11.6,68,82,91,8,43,19,3225,982.3,2017,2017-12-15
12,16,4.6,0.3,4.0,9.5,42,74,92,10,36,39,5533,991.4,2017,2017-12-16
12,17,0.0,-2.8,2.0,8.4,36,63,81,9,22,324,6887,1003.2,2017,2017-12-17
12,18,0.0,-4.5,0.1,7.4,20,59,76,8,18,156,5481,1009.0,2017,2017-12-18
12,19,0.0,-4.7,-0.3,5.2,36,61,81,8,18,313,6638,1015.8,2017,2017-12-19
12,20,0.0,-4.2,0.5,6.8,33,63,79,7,15,332,6549,1016.9,2017,2017-12-20
12,21,0.0,-4.5,0.5,6.6,43,67,82,6,15,304,6411,1017.6,2017,2017-12-21
12,22,0.0,-3.3,1.3,7.3,45,70,86,6,16,334,4038,1014.4,2017,2017-12-22
12,23,0.0,-2.4,3.0,10.7,40,70,86,6,18,1,6068,1013.8,2017,2017-12-23
12,24,0.0,-2.1,2.5,11.5,38,71,86,6,17,324,6670,1011.6,2017,2017-12-24
12,25,0.0,-3.5,2.4,7.5,67,79,89,7,14,323,2901,1010.5,2017,2017-12-25
12,26,0.2,3.4,5.2,7.2,65,76,92,7,17,332,910,1000.1,2017,2017-12-26
12,27,54.8,5.3,7.3,9.2,88,95,99,8,30,148,590,980.2,2017,2017-12-27
12,28,3.6,2.1,5.4,8.8,51,82,94,8,28,89,1446,976.3,2017,2017-12-28
12,29,0.0,-1.8,3.2,8.0,32,66,87,8,23,161,6096,994.1,2017,2017-12-29
12,30,0.0,-3.6,0.7,6.6,52,75,89,6,15,149,4108,1001.0,2017,2017-12-30
12,31,0.0,-2.6,2.1,8.1,47,74,87,6,14,89,5910,1004.4,2017,2017-12-31
1,1,21.0,2.4,4.6,7.5,76.0,88.0,97.0,9,44.0,0.0,453,995.3,2018,2018-01-01
1,2,0.0,-0.6,3.8,10.0,57.0,84.0,97.0,6,20.0,322.0,5160,996.0,2018,2018-01-02
1,3,0.0,-2.0,2.0,6.7,61.0,76.0,88.0,8,24.0,7.0,4144,994.0,2018,2018-01-03
1,4,0.0,0.2,4.0,8.7,59.0,74.0,83.0,7,18.0,343.0,3127,992.0,2018,2018-01-04
1,5,0.0,3.0,7.2,11.7,54.0,69.0,82.0,8,21.0,334.0,3803,992.9,2018,2018-01-05
1,6,0.6,5.8,8.5,11.5,76.0,87.0,93.0,6,15.0,22.0,2216,997.1,2018,2018-01-06
1,7,3.7,5.4,9.4,11.8,74.0,85.0,95.0,7,18.0,10.0,1426,1004.7,2018,2018-01-07
1,8,7.7,9.7,10.8,12.8,77.0,86.0,94.0,10,22.0,308.0,1634,1007.9,2018,2018-01-08
1,9,29.4,8.7,10.2,12.8,83.0,94.0,98.0,10,53.0,149.0,563,1003.3,2018,2018-01-09
1,10,0.9,4.2,8.0,12.1,61.0,85.0,98.0,5,22.0,42.0,5223,998.2,2018,2018-01-10
1,11,0.0,1.1,5.2,11.9,48.0,83.0,98.0,5,15.0,323.0,4773,997.3,2018,2018-01-11
1,12,0.0,0.4,5.5,12.0,35.0,67.0,89.0,8,17.0,326.0,7246,1003.7,2018,2018-01-12
1,13,0.0,0.9,5.4,10.8,45.0,69.0,84.0,7,16.0,341.0,4802,1005.7,2018,2018-01-13
1,14,0.0,2.6,4.8,8.6,47.0,65.0,81.0,5,16.0,61.0,3600,1006.1,2018,2018-01-14
1,15,0.0,-2.1,3.0,7.2,49.0,72.0,90.0,4,14.0,239.0,6830,1006.0,2018,2018-01-15
1,16,0.6,0.5,3.2,6.0,70.0,84.0,94.0,4,13.0,149.0,2611,993.1,2018,2018-01-16
1,17,0.0,-0.4,4.8,11.0,9.0,58.0,95.0,10,50.0,302.0,6213,986.5,2018,2018-01-17
1,18,0.0,-2.5,3.1,8.8,20.0,52.0,73.0,8,33.0,43.0,8084,997.0,2018,2018-01-18
1,19,0.0,-0.1,4.3,11.7,40.0,61.0,80.0,8,18.0,92.0,6884,993.4,2018,2018-01-19
1,20,0.0,-1.3,3.6,8.7,40.0,66.0,81.0,5,18.0,293.0,5978,995.2,2018,2018-01-20
1,21,0.0,-0.6,5.1,11.1,23.0,55.0,80.0,8,23.0,185.0,8394,991.1,2018,2018-01-21
1,22,0.0,-2.2,3.0,9.2,16.0,47.0,68.0,6,15.0,89.0,8403,999.6,2018,2018-01-22
1,23,0.0,-2.1,3.8,13.0,31.0,60.0,76.0,7,15.0,301.0,8225,1007.5,2018,2018-01-23
1,24,0.0,-1.0,4.1,12.1,37.0,66.0,84.0,7,17.0,314.0,8462,1014.3,2018,2018-01-24
1,25,0.0,-2.2,4.0,8.8,60.0,77.0,87.0,6,13.0,335.0,3868,1010.6,2018,2018-01-25
1,26,0.0,2.4,6.2,9.4,63.0,81.0,96.0,5,12.0,315.0,1776,1007.1,2018,2018-01-26
1,27,0.0,1.2,5.9,11.9,56.0,82.0,95.0,5,15.0,322.0,5967,1013.6,2018,2018-01-27
1,28,0.0,-0.2,5.5,13.3,52.0,77.0,94.0,7,17.0,332.0,9244,1017.6,2018,2018-01-28
1,29,0.0,-1.5,3.1,5.9,83.0,95.0,97.0,4,12.0,171.0,4661,1015.6,2018,2018-01-29
1,30,0.1,2.2,5.5,9.8,63.0,87.0,97.0,7,18.0,335.0,2363,1011.8,2018,2018-01-30
1,31,0.6,4.5,5.4,6.4,90.0,95.0,97.0,4,12.0,190.0,1116,1005.5,2018,2018-01-31
2,1,20.8,4.8,6.0,7.4,94.0,97.0,98.0,4,14.0,356.0,683,990.9,2018,2018-02-01
2,2,14.6,3.8,5.5,7.3,72.0,88.0,98.0,6,23.0,38.0,2468,988.5,2018,2018-02-02
2,3,1.0,1.3,3.9,7.1,45.0,75.0,90.0,9,43.0,24.0,3701,987.3,2018,2018-02-03
2,4,0.3,-1.0,3.2,9.5,50.0,76.0,92.0,7,28.0,11.0,7400,999.1,2018,2018-02-04
2,5,0.0,-1.4,2.7,8.8,34.0,68.0,86.0,6,15.0,100.0,7456,1005.9,2018,2018-02-05
2,6,1.5,-3.0,3.2,9.6,34.0,68.0,87.0,6,21.0,30.0,6328,999.5,2018,2018-02-06
2,7,4.4,3.6,5.2,8.4,58.0,80.0,94.0,6,20.0,136.0,4917,990.9,2018,2018-02-07
2,8,0.1,2.8,5.7,9.6,55.0,77.0,91.0,4,10.0,126.0,5303,997.3,2018,2018-02-08
2,9,1.6,1.4,5.5,8.8,66.0,82.0,93.0,5,16.0,104.0,4709,999.1,2018,2018-02-09
2,10,0.0,-2.0,3.5,11.0,39.0,72.0,93.0,7,19.0,142.0,10904,996.5,2018,2018-02-10
2,11,0.0,-3.5,1.4,7.3,42.0,71.0,87.0,5,14.0,157.0,10398,995.9,2018,2018-02-11
2,12,1.1,0.5,3.0,6.7,33.0,77.0,92.0,7,26.0,21.0,3604,995.4,2018,2018-02-12
2,13,0.0,-2.4,3.6,8.8,22.0,43.0,74.0,10,29.0,23.0,6311,997.0,2018,2018-02-13
2,14,0.0,-4.1,1.2,8.1,19.0,57.0,78.0,6,16.0,7.0,12132,999.7,2018,2018-02-14
2,15,0.0,-4.4,0.6,6.9,25.0,59.0,79.0,6,17.0,206.0,10819,1007.4,2018,2018-02-15
2,16,0.0,-3.8,2.7,8.7,34.0,58.0,79.0,6,18.0,355.0,10789,1008.7,2018,2018-02-16
2,17,0.0,-1.0,5.5,11.3,37.0,63.0,81.0,7,21.0,137.0,10101,1005.0,2018,2018-02-17
2,18,1.0,2.4,5.3,8.5,51.0,70.0,90.0,6,28.0,112.0,5118,1003.8,2018,2018-02-18
2,19,0.0,-2.9,3.2,6.8,40.0,56.0,75.0,8,26.0,56.0,5103,1001.7,2018,2018-02-19
2,20,0.0,-2.1,2.3,6.9,39.0,61.0,80.0,6,16.0,156.0,6028,994.5,2018,2018-02-20
2,21,0.0,-2.5,4.8,12.8,16.0,50.0,79.0,9,32.0,113.0,8636,992.8,2018,2018-02-21
2,22,2.5,3.1,5.2,7.6,35.0,57.0,75.0,14,41.0,18.0,3260,992.8,2018,2018-02-22
2,23,1.6,2.0,6.2,11.9,31.0,55.0,86.0,10,29.0,101.0,6331,993.6,2018,2018-02-23
2,24,0.0,0.2,6.5,12.2,36.0,46.0,59.0,10,37.0,97.0,12744,995.3,2018,2018-02-24
2,25,0.0,-6.1,-0.6,3.9,10.0,30.0,50.0,11,40.0,76.0,12482,1000.2,2018,2018-02-25
2,26,0.0,-10.1,-3.5,-0.1,9.0,26.0,65.0,16,51.0,13.0,9744,997.2,2018,2018-02-26
2,27,0.0,-6.7,-2.3,2.0,9.0,27.0,63.0,11,32.0,357.0,12020,995.6,2018,2018-02-27
2,28,0.0,-8.9,-4.2,0.2,28.0,50.0,70.0,5,19.0,214.0,11500,1004.1,2018,2018-02-28
3,1,0.6,-4.3,-2.3,0.1,43.0,65.0,80.0,4,14.0,50.0,6012,998.2,2018,2018-03-01
3,2,3.3,-0.5,2.4,5.8,47.0,77.0,95.0,4,12.0,194.0,5259,982.3,2018,2018-03-02
3,3,0.4,1.8,3.3,5.1,75.0,88.0,96.0,6,18.0,297.0,3810,984.0,2018,2018-03-03
3,4,0.0,-1.0,5.5,12.4,47.0,72.0,95.0,6,20.0,107.0,14486,987.8,2018,2018-03-04
3,5,4.0,1.5,6.3,13.0,54.0,77.0,93.0,6,21.0,104.0,7285,982.7,2018,2018-03-05
3,6,8.4,3.6,5.4,7.4,84.0,91.0,96.0,4,16.0,75.0,4613,977.8,2018,2018-03-06
3,7,2.1,5.0,6.4,8.5,79.0,91.0,98.0,5,16.0,281.0,3721,984.4,2018,2018-03-07
3,8,0.0,0.9,7.1,13.8,49.0,77.0,97.0,9,25.0,158.0,15952,993.0,2018,2018-03-08
3,9,0.0,1.0,7.9,13.8,52.0,78.0,97.0,6,21.0,231.0,11780,999.1,2018,2018-03-09
3,10,0.1,6.2,9.0,11.9,68.0,81.0,94.0,5,12.0,53.0,4800,998.1,2018,2018-03-10
3,11,64.9,7.7,9.1,10.9,89.0,94.0,98.0,8,22.0,198.0,1442,990.7,2018,2018-03-11
3,12,6.1,8.4,9.9,13.4,72.0,92.0,99.0,8,24.0,178.0,5765,985.6,2018,2018-03-12
3,13,1.3,5.6,9.8,14.9,64.0,83.0,95.0,6,17.0,107.0,8014,990.1,2018,2018-03-13
3,14,7.8,3.9,9.9,15.4,52.0,77.0,92.0,7,20.0,156.0,13762,993.6,2018,2018-03-14
3,15,13.9,6.4,8.4,11.0,74.0,87.0,96.0,6,24.0,1.0,4246,990.8,2018,2018-03-15
3,16,12.4,6.4,8.9,13.4,65.0,86.0,97.0,8,31.0,7.0,7105,985.9,2018,2018-03-16
3,17,12.5,5.8,8.6,11.3,65.0,83.0,96.0,6,22.0,343.0,4113,980.6,2018,2018-03-17
3,18,6.8,1.7,6.8,10.8,57.0,74.0,89.0,10,42.0,86.0,5503,982.3,2018,2018-03-18
3,19,10.4,1.3,3.3,7.2,56.0,79.0,93.0,8,28.0,67.0,6348,986.4,2018,2018-03-19
3,20,0.0,0.5,4.2,10.1,42.0,60.0,84.0,6,24.0,57.0,14197,991.9,2018,2018-03-20
3,21,0.0,-1.8,5.6,12.4,10.0,30.0,66.0,12,41.0,41.0,19321,1001.4,2018,2018-03-21
3,22,0.0,-3.5,3.7,12.0,15.0,48.0,73.0,7,17.0,220.0,20069,997.4,2018,2018-03-22
3,23,0.0,-1.3,4.8,11.6,31.0,56.0,82.0,9,31.0,207.0,19492,988.1,2018,2018-03-23
3,24,0.0,-0.3,6.5,11.6,35.0,58.0,83.0,6,18.0,213.0,14122,988.5,2018,2018-03-24
3,25,0.0,1.6,7.4,13.5,24.0,51.0,77.0,6,23.0,123.0,17441,991.9,2018,2018-03-25
3,26,1.1,-0.6,7.9,14.3,34.0,57.0,83.0,6,20.0,206.0,17317,993.6,2018,2018-03-26
3,27,2.2,5.0,8.9,13.9,41.0,69.0,93.0,6,29.0,126.0,12749,996.8,2018,2018-03-27
3,28,0.6,5.6,10.5,16.6,42.0,74.0,100.0,-,22.0,159.0,-,-,2018,2018-03-28
3,29,7.1,8.2,9.8,11.7,62.0,81.0,89.0,8,19.0,304.0,2250,991.4,2018,2018-03-29
3,30,4.8,10.1,12.0,15.1,70.0,84.0,93.0,10,37.0,178.0,5024,991.0,2018,2018-03-30
3,31,17.8,7.3,10.2,14.7,62.0,82.0,90.0,8,35.0,218.0,7587,981.5,2018,2018-03-31
4,1,0.1,4.4,10.2,17.3,24.0,69.0,89.0,7,24.0,89.0,17255,988.3,2018,2018-04-01
4,3,1.4,7.2,11.2,15.6,53.0,71.0,85.0,7,19.0,98.0,8742,1001.4,2018,2018-04-03
4,4,15.0,8.3,10.2,13.1,71.0,82.0,91.0,7,19.0,305.0,3803,999.9,2018,2018-04-04
4,6,0.0,5.3,12.7,19.9,40.0,66.0,91.0,8,22.0,208.0,20556,1002.2,2018,2018-04-06
4,7,0.0,5.5,12.9,19.9,30.0,57.0,85.0,6,23.0,210.0,22140,1001.6,2018,2018-04-07
4,8,0.0,5.3,13.4,20.0,29.0,54.0,83.0,8,21.0,148.0,22173,998.7,2018,2018-04-08
4,9,4.8,9.5,14.4,22.6,22.0,59.0,85.0,10,44.0,184.0,10000,993.2,2018,2018-04-09
4,10,9.3,10.2,13.2,18.6,55.0,76.0,89.0,11,38.0,168.0,12341,992.8,2018,2018-04-10
4,11,11.3,9.9,13.9,19.5,39.0,70.0,91.0,7,21.0,357.0,13519,992.6,2018,2018-04-11
4,12,31.4,10.3,11.9,13.2,75.0,85.0,90.0,8,22.0,16.0,1872,991.6,2018,2018-04-12
4,13,9.3,7.6,13.0,18.5,40.0,70.0,91.0,9,32.0,152.0,18076,997.5,2018,2018-04-13
4,14,0.0,6.4,15.2,22.4,23.0,51.0,86.0,8,21.0,158.0,23732,1002.0,2018,2018-04-14
4,15,4.7,13.5,18.2,25.6,26.0,49.0,79.0,12,34.0,354.0,8424,994.2,2018,2018-04-15
4,16,7.8,12.8,17.4,25.1,28.0,60.0,78.0,9,45.0,83.0,16720,993.5,2018,2018-04-16
4,17,0.0,10.8,17.1,24.4,27.0,56.0,74.0,7,19.0,179.0,15776,1003.6,2018,2018-04-17
4,18,0.0,8.6,17.6,25.5,23.0,49.0,75.0,8,23.0,206.0,24755,1009.7,2018,2018-04-18
4,19,0.0,11.1,19.2,26.6,13.0,42.0,73.0,9,19.0,157.0,24689,1009.0,2018,2018-04-19
4,20,0.0,11.4,20.7,28.6,16.0,40.0,65.0,9,26.0,214.0,24717,1004.6,2018,2018-04-20
4,21,0.0,12.2,20.1,27.6,18.0,42.0,74.0,8,24.0,168.0,24644,1001.7,2018,2018-04-21
4,22,0.0,10.2,17.3,25.1,22.0,51.0,83.0,8,30.0,148.0,24250,1000.4,2018,2018-04-22
4,23,0.0,9.8,17.2,25.0,25.0,51.0,82.0,6,21.0,154.0,22812,999.2,2018,2018-04-23
4,24,0.0,11.9,19.3,26.8,21.0,50.0,78.0,7,22.0,161.0,22106,998.8,2018,2018-04-24
4,25,0.0,12.9,19.2,26.0,32.0,57.0,76.0,8,24.0,224.0,21433,997.3,2018,2018-04-25
4,26,11.2,13.9,19.0,25.0,36.0,61.0,84.0,8,29.0,63.0,22505,994.9,2018,2018-04-26
4,27,0.2,12.9,18.0,24.0,28.0,55.0,85.0,6,18.0,12.0,22611,997.3,2018,2018-04-27
4,29,0.7,12.5,20.4,27.5,26.0,55.0,83.0,6,26.0,147.0,22273,992.9,2018,2018-04-29
5,1,0.1,8.9,15.7,21.0,22.0,49.0,82.0,6,18.0,229.0,17240,995.3,2018,2018-05-01
5,2,4.9,11.9,19.3,27.2,24.0,50.0,78.0,10,33.0,340.0,19230,991.0,2018,2018-05-02
5,3,0.9,16.5,22.1,30.1,18.0,47.0,79.0,10,54.0,145.0,21734,987.8,2018,2018-05-03
5,4,7.9,15.5,17.4,22.7,50.0,68.0,82.0,10,32.0,19.0,7959,994.8,2018,2018-05-04
5,5,0.2,16.7,21.4,27.3,34.0,50.0,71.0,8,33.0,17.0,16640,997.7,2018,2018-05-05
5,6,9.7,14.3,21.7,29.5,22.0,53.0,81.0,9,50.0,349.0,24549,997.8,2018,2018-05-06
5,7,0.0,13.9,21.0,28.2,22.0,52.0,80.0,6,26.0,125.0,24283,996.4,2018,2018-05-07
5,8,0.5,14.4,19.3,26.2,29.0,55.0,72.0,9,31.0,10.0,17040,991.0,2018,2018-05-08
5,9,0.1,14.0,18.5,26.4,19.0,53.0,73.0,10,35.0,111.0,22642,989.6,2018,2018-05-09
5,10,0.0,13.1,19.6,26.7,23.0,50.0,75.0,6,18.0,289.0,23653,992.1,2018,2018-05-10
5,11,0.0,14.9,21.2,28.1,22.0,46.0,75.0,8,27.0,135.0,19221,997.1,2018,2018-05-11
5,12,0.9,14.9,21.1,28.9,25.0,51.0,79.0,8,33.0,45.0,27422,996.0,2018,2018-05-12
5,13,6.9,13.8,19.1,26.1,32.0,61.0,84.0,8,38.0,310.0,22636,992.6,2018,2018-05-13
5,14,12.8,13.2,15.8,18.5,64.0,76.0,86.0,6,39.0,162.0,6969,992.1,2018,2018-05-14
5,15,13.0,10.6,12.9,16.4,64.0,81.0,94.0,6,18.0,104.0,8926,993.9,2018,2018-05-15
5,16,6.2,9.0,14.9,20.4,48.0,73.0,94.0,6,23.0,174.0,21129,996.2,2018,2018-05-16
5,17,25.6,11.8,15.6,22.6,51.0,82.0,94.0,7,32.0,345.0,19835,998.0,2018,2018-05-17
5,18,6.0,11.1,17.4,24.4,44.0,74.0,94.0,6,40.0,28.0,24628,998.9,2018,2018-05-18
5,19,1.0,11.5,18.2,25.1,36.0,65.0,94.0,9,33.0,88.0,22802,998.8,2018,2018-05-19
5,20,0.8,13.6,19.6,26.4,34.0,59.0,83.0,10,36.0,333.0,26829,999.2,2018,2018-05-20
5,21,2.3,16.0,21.4,27.6,30.0,54.0,88.0,10,37.0,346.0,25630,996.4,2018,2018-05-21
5,22,9.0,15.1,17.4,20.6,70.0,85.0,100.0,8,21.0,344.0,6692,997.2,2018,2018-05-22
5,23,0.4,15.4,20.1,26.6,48.0,76.0,97.0,7,26.0,147.0,15249,998.0,2018,2018-05-23
5,24,2.0,17.3,21.5,29.1,40.0,71.0,88.0,10,41.0,108.0,20125,998.1,2018,2018-05-24
5,25,0.1,15.5,23.1,29.7,39.0,66.0,95.0,6,27.0,110.0,28286,997.5,2018,2018-05-25
5,26,0.0,17.1,23.3,29.2,45.0,67.0,93.0,6,22.0,6.0,25824,1000.7,2018,2018-05-26
5,27,0.0,17.7,23.5,30.0,45.0,68.0,92.0,7,32.0,293.0,22440,1000.0,2018,2018-05-27
5,28,0.0,17.5,24.0,30.3,45.0,67.0,91.0,7,21.0,229.0,23511,999.4,2018,2018-05-28
5,29,10.6,17.9,21.8,28.3,56.0,79.0,96.0,8,28.0,245.0,15528,997.9,2018,2018-05-29
5,30,0.0,15.9,23.6,29.8,42.0,71.0,100.0,5,22.0,149.0,27771,996.6,2018,2018-05-30
5,31,0.0,18.0,24.1,30.3,49.0,71.0,97.0,8,24.0,157.0,25599,996.5,2018,2018-05-31
6,1,0.0,17.6,23.5,29.8,45.0,73.0,95.0,8,26.0,163.0,24583,997.7,2018,2018-06-01
6,2,0.2,16.8,22.2,30.1,45.0,75.0,97.0,8,29.0,168.0,21663,998.7,2018,2018-06-02
6,3,0.0,15.2,23.2,29.8,39.0,66.0,95.0,6,19.0,245.0,27047,997.4,2018,2018-06-03
6,4,0.0,16.7,22.6,29.9,46.0,72.0,95.0,7,24.0,152.0,19845,992.4,2018,2018-06-04
6,5,7.4,16.8,21.3,31.3,43.0,80.0,100.0,8,59.0,109.0,20859,991.3,2018,2018-06-05
6,6,0.0,15.9,22.6,29.9,42.0,78.0,100.0,6,38.0,173.0,25896,994.7,2018,2018-06-06
6,7,5.2,18.5,21.8,26.7,63.0,85.0,100.0,6,17.0,156.0,16663,997.6,2018,2018-06-07
6,8,31.1,16.9,21.3,28.7,41.0,77.0,100.0,12,54.0,121.0,20627,994.5,2018,2018-06-08
6,9,0.0,15.6,22.9,29.6,42.0,76.0,100.0,7,26.0,235.0,23852,992.3,2018,2018-06-09
6,10,0.0,17.8,24.5,30.4,49.0,77.0,100.0,5,17.0,127.0,27772,992.4,2018,2018-06-10
6,11,3.0,18.9,24.1,30.9,52.0,80.0,100.0,9,57.0,275.0,23788,992.0,2018,2018-06-11
6,12,8.1,16.6,22.3,29.1,54.0,83.0,98.0,9,50.0,33.0,15301,988.8,2018,2018-06-12
6,13,13.4,16.7,20.7,27.2,52.0,82.0,100.0,8,37.0,14.0,22725,986.8,2018,2018-06-13
6,14,0.0,15.4,22.0,27.6,39.0,63.0,96.0,8,23.0,157.0,23285,990.9,2018,2018-06-14
6,15,0.0,14.2,21.2,27.8,33.0,66.0,100.0,8,21.0,177.0,30223,993.8,2018,2018-06-15
6,16,0.0,14.3,23.1,29.6,31.0,58.0,92.0,6,30.0,243.0,30225,994.3,2018,2018-06-16
6,17,0.0,17.0,24.4,31.0,30.0,58.0,87.0,8,21.0,180.0,30330,995.1,2018,2018-06-17
6,18,0.0,17.8,23.8,31.4,32.0,63.0,91.0,8,23.0,289.0,20262,997.8,2018,2018-06-18
6,19,0.0,17.0,25.2,31.7,32.0,56.0,89.0,8,23.0,195.0,29871,1000.8,2018,2018-06-19
6,20,0.0,18.6,25.8,32.0,34.0,57.0,86.0,6,18.0,174.0,30134,1001.0,2018,2018-06-20
6,21,0.0,18.4,25.4,31.6,43.0,64.0,89.0,7,29.0,160.0,23938,995.9,2018,2018-06-21
6,22,7.0,13.0,19.4,23.7,59.0,84.0,100.0,6,27.0,140.0,12489,997.6,2018,2018-06-22
6,23,0.0,11.9,18.3,24.1,42.0,70.0,97.0,8,25.0,202.0,25911,1002.2,2018,2018-06-23
6,24,7.5,14.7,19.7,25.4,44.0,72.0,100.0,6,21.0,224.0,24336,1000.0,2018,2018-06-24
6,25,7.5,14.5,18.9,24.4,48.0,80.0,100.0,6,21.0,123.0,24283,1000.3,2018,2018-06-25
6,26,0.1,13.0,20.1,26.4,39.0,70.0,100.0,7,22.0,169.0,30281,1000.2,2018,2018-06-26
6,27,0.9,13.7,19.9,26.6,45.0,67.0,99.0,8,31.0,146.0,23842,997.5,2018,2018-06-27
6,28,0.0,14.6,20.1,25.3,33.0,68.0,97.0,5,14.0,272.0,12123,993.2,2018,2018-06-28
6,29,0.0,15.0,21.9,29.5,42.0,75.0,97.0,5,18.0,214.0,17160,991.5,2018,2018-06-29
6,30,0.0,16.6,24.9,32.1,41.0,69.0,96.0,6,22.0,214.0,27033,991.6,2018,2018-06-30
7,1,0.0,18.1,23.2,27.4,46.0,58.0,91.0,6,23.0,97.0,21145,995.0,2018,2018-07-01
7,2,0.0,18.1,22.7,29.0,45.0,68.0,97.0,5,16.0,148.0,20444,996.0,2018,2018-07-02
7,3,5.9,17.4,23.4,30.9,52.0,76.0,98.0,7,42.0,253.0,18092,996.5,2018,2018-07-03
7,4,0.4,17.1,23.1,30.9,45.0,76.0,100.0,6,35.0,320.0,22732,996.8,2018,2018-07-04
7,5,44.9,16.3,22.5,31.1,50.0,78.0,100.0,9,45.0,167.0,20234,994.9,2018,2018-07-05
7,6,0.0,15.9,22.3,30.2,42.0,78.0,100.0,5,21.0,62.0,20200,994.9,2018,2018-07-06
7,7,0.0,17.2,23.7,30.9,37.0,72.0,99.0,6,23.0,252.0,24467,997.7,2018,2018-07-07
7,8,0.0,17.5,22.9,29.4,50.0,74.0,98.0,6,31.0,124.0,20911,999.0,2018,2018-07-08
7,9,0.0,16.2,23.1,29.8,49.0,75.0,100.0,6,23.0,246.0,26335,997.8,2018,2018-07-09
7,10,16.2,17.9,22.8,28.7,43.0,76.0,100.0,8,37.0,213.0,19624,995.2,2018,2018-07-10
7,11,1.4,17.7,21.2,26.3,60.0,83.0,100.0,6,20.0,108.0,17542,994.9,2018,2018-07-11
7,12,19.4,18.2,22.5,28.7,52.0,79.0,100.0,6,37.0,188.0,25426,996.9,2018,2018-07-12
7,13,1.0,16.9,23.6,29.7,43.0,75.0,100.0,6,18.0,9.0,28867,998.7,2018,2018-07-13
7,14,0.1,19.7,24.0,30.6,48.0,75.0,97.0,8,27.0,350.0,21388,998.3,2018,2018-07-14
7,15,23.1,17.6,23.6,31.3,41.0,74.0,98.0,8,75.0,28.0,23586,995.9,2018,2018-07-15
7,16,0.0,17.3,23.0,29.2,47.0,77.0,100.0,6,30.0,243.0,24763,993.3,2018,2018-07-16
7,17,0.2,16.5,22.8,29.3,43.0,76.0,100.0,8,26.0,215.0,23596,993.2,2018,2018-07-17
7,18,0.0,15.9,24.1,31.1,40.0,69.0,97.0,8,22.0,256.0,28730,994.9,2018,2018-07-18
7,19,0.0,17.9,25.2,32.0,39.0,71.0,97.0,6,22.0,242.0,28200,994.4,2018,2018-07-19
7,20,16.4,18.5,22.7,31.1,50.0,81.0,100.0,9,44.0,1.0,17952,994.8,2018,2018-07-20
7,21,9.2,16.9,22.4,28.4,55.0,83.0,100.0,6,70.0,246.0,16415,992.8,2018,2018-07-21
7,22,1.0,17.6,22.7,29.8,50.0,84.0,100.0,5,18.0,55.0,18727,991.8,2018,2018-07-22
7,23,0.0,17.3,23.9,31.5,31.0,74.0,100.0,7,19.0,174.0,27640,993.0,2018,2018-07-23
7,24,0.0,16.8,24.5,31.1,41.0,69.0,95.0,8,25.0,234.0,27428,994.1,2018,2018-07-24
7,25,0.0,18.0,25.5,32.3,34.0,71.0,99.0,6,26.0,235.0,27195,993.1,2018,2018-07-25
7,26,0.0,19.1,24.3,29.9,44.0,71.0,94.0,7,24.0,245.0,22856,994.3,2018,2018-07-26
7,27,0.0,16.9,24.6,31.2,41.0,72.0,98.0,6,22.0,189.0,26549,993.5,2018,2018-07-27
7,28,0.0,18.8,24.9,31.1,54.0,77.0,100.0,6,20.0,194.0,21361,992.3,2018,2018-07-28
7,29,0.0,19.5,26.8,33.9,38.0,70.0,96.0,6,17.0,148.0,25956,994.3,2018,2018-07-29
7,30,0.0,21.6,27.5,34.2,42.0,69.0,95.0,6,22.0,156.0,24041,995.1,2018,2018-07-30
7,31,0.0,22.2,28.0,34.2,45.0,71.0,97.0,8,23.0,226.0,25218,995.5,2018,2018-07-31
8,1,0.0,22.2,28.3,34.8,41.0,71.0,96.0,9,28.0,185.0,25626,996.1,2018,2018-08-01
8,2,0.0,20.9,26.0,33.7,48.0,74.0,95.0,7,52.0,354.0,20219,998.0,2018,2018-08-02
8,3,0.0,20.1,26.6,33.2,48.0,74.0,96.0,7,37.0,23.0,22847,998.2,2018,2018-08-03
8,4,0.0,21.4,27.4,34.1,41.0,69.0,97.0,7,17.0,150.0,25330,996.5,2018,2018-08-04
8,5,0.4,20.2,25.7,33.8,41.0,76.0,98.0,7,22.0,203.0,21041,996.7,2018,2018-08-05
8,6,0.0,20.2,27.2,34.3,39.0,70.0,99.0,6,22.0,178.0,24415,996.8,2018,2018-08-06
8,7,0.0,20.1,27.0,33.8,38.0,73.0,99.0,6,23.0,176.0,24761,995.7,2018,2018-08-07
8,8,0.0,20.5,25.8,33.1,55.0,81.0,100.0,6,30.0,145.0,18260,996.4,2018,2018-08-08
8,9,3.2,19.9,25.9,34.8,46.0,74.0,95.0,7,37.0,341.0,21119,997.3,2018,2018-08-09
8,10,0.2,20.2,25.6,32.4,47.0,77.0,95.0,7,36.0,316.0,19795,999.6,2018,2018-08-10
8,11,0.8,19.2,24.9,32.4,48.0,75.0,97.0,8,21.0,9.0,21248,999.5,2018,2018-08-11
8,12,0.0,18.3,24.7,32.6,37.0,70.0,100.0,7,27.0,229.0,24732,998.5,2018,2018-08-12
8,13,55.2,17.7,22.4,31.6,50.0,85.0,100.0,8,69.0,264.0,16672,994.2,2018,2018-08-13
8,14,6.2,18.4,22.0,29.1,55.0,86.0,100.0,6,38.0,111.0,19344,994.4,2018,2018-08-14
8,15,0.0,17.9,23.6,31.4,36.0,73.0,100.0,5,19.0,175.0,22976,997.6,2018,2018-08-15
8,16,0.0,16.1,23.6,31.6,29.0,66.0,96.0,7,20.0,102.0,24860,997.7,2018,2018-08-16
8,17,0.0,17.0,24.5,32.7,35.0,68.0,92.0,5,15.0,11.0,24250,996.2,2018,2018-08-17
8,18,0.0,17.9,25.6,33.7,40.0,69.0,95.0,7,26.0,349.0,23300,998.3,2018,2018-08-18
8,19,0.0,18.9,26.3,34.5,33.0,62.0,87.0,8,20.0,124.0,23490,998.9,2018,2018-08-19
8,20,0.0,19.7,26.9,35.0,30.0,56.0,83.0,9,28.0,303.0,23467,996.9,2018,2018-08-20
8,21,0.0,21.4,27.3,34.9,32.0,59.0,84.0,7,18.0,324.0,22707,997.3,2018,2018-08-21
8,22,0.3,20.6,26.7,35.3,30.0,62.0,85.0,8,23.0,140.0,22016,997.5,2018,2018-08-22
8,23,0.0,19.6,26.3,34.6,35.0,65.0,94.0,7,24.0,244.0,21840,994.5,2018,2018-08-23
8,24,38.0,18.3,22.3,31.8,49.0,84.0,100.0,8,46.0,57.0,14956,992.2,2018,2018-08-24
8,25,17.1,14.5,21.1,27.2,59.0,87.0,100.0,7,69.0,349.0,11485,990.4,2018,2018-08-25
8,26,25.6,11.8,15.2,22.9,42.0,82.0,99.0,14,60.0,0.0,9048,994.6,2018,2018-08-26
8,27,0.0,10.0,18.2,26.4,31.0,69.0,99.0,6,16.0,204.0,22994,998.4,2018,2018-08-27
8,28,0.0,13.3,21.3,30.1,31.0,70.0,97.0,6,17.0,158.0,22131,999.8,2018,2018-08-28
8,29,0.0,15.2,22.2,31.0,36.0,70.0,99.0,6,14.0,342.0,20945,997.6,2018,2018-08-29
8,30,0.0,15.8,22.1,30.0,46.0,75.0,98.0,7,31.0,1.0,18330,997.2,2018,2018-08-30
8,31,18.5,17.7,21.0,26.6,57.0,82.0,100.0,8,28.0,185.0,11110,997.9,2018,2018-08-31
9,1,15.7,16.4,19.3,23.4,68.0,87.0,100.0,8,26.0,200.0,8346,997.5,2018,2018-09-01
9,2,7.5,15.2,20.2,27.5,49.0,78.0,100.0,8,27.0,89.0,17804,998.4,2018,2018-09-02
9,3,0.0,14.1,19.5,26.9,52.0,81.0,100.0,6,20.0,208.0,15774,995.5,2018,2018-09-03
9,4,0.9,14.9,19.9,27.1,49.0,84.0,100.0,6,21.0,4.0,19243,995.4,2018,2018-09-04
9,5,0.0,14.7,21.2,28.3,49.0,80.0,100.0,6,17.0,208.0,20333,997.0,2018,2018-09-05
9,6,3.2,16.0,20.5,28.1,55.0,87.0,100.0,5,24.0,268.0,14825,994.4,2018,2018-09-06
9,7,0.6,16.2,19.9,26.7,64.0,90.0,100.0,5,24.0,321.0,13050,995.2,2018,2018-09-07
9,8,0.0,15.0,21.4,29.5,40.0,76.0,100.0,6,18.0,138.0,18811,1000.2,2018,2018-09-08
9,9,0.0,15.2,21.8,29.6,49.0,77.0,100.0,6,21.0,227.0,19570,1002.3,2018,2018-09-09
9,10,0.1,16.0,22.3,30.0,51.0,80.0,100.0,5,17.0,202.0,18893,1003.1,2018,2018-09-10
9,11,0.0,16.3,22.7,31.0,41.0,77.0,99.0,5,15.0,127.0,18371,1005.5,2018,2018-09-11
9,12,0.0,16.0,22.6,30.1,53.0,81.0,100.0,5,16.0,237.0,18648,1003.3,2018,2018-09-12
9,13,0.0,16.1,22.5,30.8,42.0,77.0,100.0,5,17.0,150.0,15364,997.1,2018,2018-09-13
9,14,9.6,15.4,22.5,30.2,47.0,76.0,100.0,6,34.0,342.0,16174,997.2,2018,2018-09-14
9,16,0.0,16.0,21.9,29.9,45.0,77.0,100.0,6,18.0,65.0,17732,1003.9,2018,2018-09-16
9,17,0.0,15.3,21.6,29.2,47.0,79.0,100.0,5,15.0,181.0,17862,1002.5,2018,2018-09-17
9,18,0.0,15.4,22.2,29.6,46.0,79.0,100.0,6,17.0,182.0,16462,1001.2,2018,2018-09-18
9,19,0.0,16.8,22.3,29.2,54.0,80.0,100.0,6,19.0,181.0,16091,1001.5,2018,2018-09-19
9,21,0.0,15.4,22.3,29.6,47.0,74.0,99.0,6,23.0,208.0,16307,997.2,2018,2018-09-21
9,23,0.3,16.4,19.6,23.3,73.0,89.0,100.0,3,15.0,28.0,5676,999.0,2018,2018-09-23
9,24,0.1,7.1,18.0,25.9,20.0,65.0,100.0,11,49.0,13.0,17949,1001.5,2018,2018-09-24
9,25,0.0,5.5,12.2,20.5,23.0,63.0,95.0,7,27.0,167.0,18165,1015.8,2018,2018-09-25
9,26,0.0,4.2,10.5,17.8,37.0,71.0,99.0,6,17.0,247.0,17748,1019.7,2018,2018-09-26
9,28,0.0,7.0,17.6,28.6,25.0,62.0,99.0,6,17.0,328.0,16512,999.4,2018,2018-09-28
9,29,0.3,11.2,17.5,24.8,38.0,61.0,90.0,8,27.0,167.0,15934,1002.2,2018,2018-09-29
9,30,0.0,7.4,13.8,20.3,41.0,63.0,95.0,5,19.0,96.0,13385,1001.6,2018,2018-09-30
10,1,16.2,5.7,11.0,14.7,61.0,89.0,100.0,8,35.0,29.0,4012,994.9,2018,2018-10-01
10,2,0.6,6.7,13.1,19.7,38.0,71.0,97.0,6,24.0,23.0,14911,1000.8,2018,2018-10-02
10,3,0.0,5.4,13.5,22.8,34.0,71.0,100.0,6,17.0,99.0,15288,1004.1,2018,2018-10-03
10,4,0.0,8.4,14.7,22.9,37.0,69.0,98.0,7,22.0,81.0,15641,1008.2,2018,2018-10-04
10,5,0.0,7.2,15.7,24.2,28.0,68.0,100.0,8,24.0,77.0,15371,1006.1,2018,2018-10-05
10,6,29.8,13.9,15.8,18.1,66.0,87.0,100.0,8,28.0,349.0,3571,1000.7,2018,2018-10-06
10,7,5.3,13.5,16.8,22.0,67.0,92.0,100.0,6,21.0,1.0,9784,997.2,2018,2018-10-07
10,8,0.0,13.5,18.1,25.0,52.0,85.0,100.0,6,16.0,236.0,12280,1001.9,2018,2018-10-08
10,9,0.0,12.1,17.8,25.2,45.0,77.0,100.0,7,26.0,44.0,13826,1004.2,2018,2018-10-09
10,10,0.0,11.8,17.5,25.3,37.0,71.0,95.0,8,22.0,98.0,13763,1004.7,2018,2018-10-10
10,11,0.0,10.0,16.7,24.6,40.0,72.0,96.0,7,19.0,158.0,13473,1004.2,2018,2018-10-11
10,12,0.0,10.6,16.9,24.4,46.0,77.0,100.0,6,16.0,312.0,12100,1007.2,2018,2018-10-12
10,13,0.0,9.7,16.5,25.4,36.0,73.0,100.0,7,23.0,87.0,13419,1006.5,2018,2018-10-13
10,14,0.0,10.2,16.0,24.2,39.0,71.0,92.0,7,18.0,168.0,12280,1003.0,2018,2018-10-14
10,15,0.0,9.8,14.5,19.5,58.0,83.0,100.0,6,16.0,3.0,3275,1003.0,2018,2018-10-15
10,16,0.0,8.6,14.9,20.5,55.0,83.0,100.0,6,14.0,310.0,5525,1003.8,2018,2018-10-16
10,17,0.7,12.7,16.3,18.9,72.0,84.0,96.0,7,19.0,333.0,3651,1002.0,2018,2018-10-17
10,18,0.0,10.3,17.1,24.9,46.0,79.0,100.0,6,15.0,342.0,11862,998.9,2018,2018-10-18
10,19,0.0,10.1,16.6,24.7,40.0,76.0,100.0,6,14.0,13.0,12011,1001.2,2018,2018-10-19
10,20,0.0,9.4,15.0,22.8,49.0,80.0,100.0,6,15.0,211.0,11601,1005.4,2018,2018-10-20
10,21,0.5,4.1,11.5,19.5,56.0,84.0,100.0,8,36.0,135.0,6463,1005.2,2018,2018-10-21
10,22,0.0,3.7,10.9,19.6,38.0,73.0,99.0,7,17.0,324.0,12365,1005.6,2018,2018-10-22
10,23,0.0,5.3,11.8,19.4,41.0,74.0,94.0,7,21.0,185.0,11399,1004.0,2018,2018-10-23
10,24,0.0,7.2,12.5,19.8,56.0,82.0,100.0,7,21.0,311.0,10922,994.7,2018,2018-10-24
10,25,0.0,7.2,12.5,14.7,75.0,90.0,100.0,5,16.0,25.0,2280,1000.5,2018,2018-10-25
10,26,0.2,12.5,13.8,16.4,78.0,94.0,100.0,5,15.0,231.0,-,996.5,2018,2018-10-26
10,27,10.2,12.6,14.7,16.9,97.0,99.0,100.0,5,20.0,171.0,-,988.2,2018,2018-10-27
10,28,29.2,11.5,15.8,17.4,90.0,99.0,100.0,14,48.0,116.0,-,985.6,2018,2018-10-28
10,29,53.7,,15.8,19.0,72.0,96.0,100.0,15,78.0,139.0,743,984.4,2018,2018-10-29
10,30,7.6,6.7,11.3,15.3,74.0,91.0,100.0,9,35.0,254.0,4865,992.7,2018,2018-10-30
10,31,0.0,6.0,11.7,17.7,61.0,84.0,100.0,8,17.0,116.0,9403,1005.2,2018,2018-10-31
11,1,50.0,11.0,13.0,15.0,81.0,96.0,100.0,8,23.0,20.0,-,1002.8,2018,2018-11-01
11,2,3.6,11.1,13.9,16.1,89.0,97.0,100.0,7,25.0,350.0,-,1002.7,2018,2018-11-02
11,3,0.0,11.2,15.9,22.5,60.0,88.0,100.0,6,21.0,18.0,7033,1003.9,2018,2018-11-03
11,4,0.0,9.4,15.6,22.8,47.0,82.0,100.0,6,17.0,313.0,7962,1000.0,2018,2018-11-04
11,5,13.4,11.4,14.0,16.8,85.0,95.0,100.0,8,20.0,247.0,2361,999.8,2018,2018-11-05
11,6,37.8,13.5,14.5,16.2,97.0,99.0,100.0,7,18.0,153.0,2179,999.7,2018,2018-11-06
11,7,0.3,10.4,14.0,18.2,81.0,95.0,100.0,6,14.0,41.0,4851,1000.0,2018,2018-11-07
11,8,0.1,7.9,12.7,19.0,69.0,92.0,100.0,6,15.0,137.0,8428,1003.3,2018,2018-11-08
11,9,0.3,7.5,11.9,17.2,77.0,94.0,100.0,4,15.0,326.0,8979,1001.8,2018,2018-11-09
11,10,0.2,10.6,11.7,13.5,89.0,98.0,100.0,3,10.0,190.0,2589,1000.6,2018,2018-11-10
11,11,1.0,9.9,12.3,14.5,90.0,98.0,100.0,5,12.0,359.0,1608,1004.0,2018,2018-11-11
11,12,0.0,7.9,13.0,18.1,75.0,95.0,100.0,4,15.0,142.0,6279,1008.6,2018,2018-11-12
11,13,0.0,7.5,12.2,14.4,91.0,99.0,100.0,3,11.0,346.0,-,1010.2,2018,2018-11-13
11,14,0.1,6.2,12.0,18.7,58.0,87.0,100.0,6,18.0,146.0,8648,1010.7,2018,2018-11-14
11,15,0.0,4.4,9.5,15.9,61.0,87.0,100.0,5,15.0,287.0,7432,1008.9,2018,2018-11-15
11,16,0.0,1.7,7.2,14.0,46.0,78.0,100.0,6,15.0,17.0,6841,1011.3,2018,2018-11-16
11,17,0.0,-0.5,5.7,13.3,40.0,70.0,94.0,7,23.0,115.0,8309,1009.8,2018,2018-11-17
11,18,0.0,-1.8,3.7,10.9,42.0,73.0,96.0,6,16.0,232.0,8332,1003.9,2018,2018-11-18
11,19,0.5,-0.2,4.4,8.8,52.0,77.0,98.0,9,32.0,104.0,5391,995.8,2018,2018-11-19
11,20,11.4,3.2,5.4,8.3,71.0,87.0,98.0,12,43.0,9.0,-,992.2,2018,2018-11-20
11,21,0.0,4.8,7.5,12.1,63.0,87.0,100.0,4,14.0,144.0,5169,997.5,2018,2018-11-21
11,22,0.0,7.1,8.5,10.2,86.0,94.0,100.0,4,11.0,337.0,-,1003.3,2018,2018-11-22
11,23,5.3,7.4,9.4,12.4,80.0,94.0,100.0,5,18.0,3.0,3545,1005.5,2018,2018-11-23
11,24,25.3,8.1,11.2,13.7,94.0,99.0,100.0,6,24.0,302.0,-,998.0,2018,2018-11-24
11,25,0.0,4.5,9.4,12.8,78.0,93.0,100.0,6,15.0,337.0,2854,990.1,2018,2018-11-25
11,26,0.0,6.7,8.9,11.4,81.0,95.0,100.0,4,10.0,135.0,3389,984.2,2018,2018-11-26
11,27,0.0,4.3,8.1,11.1,66.0,89.0,100.0,5,14.0,208.0,3179,992.0,2018,2018-11-27
11,28,0.0,-2.0,3.3,9.4,54.0,86.0,100.0,5,15.0,215.0,7408,1004.8,2018,2018-11-28
11,29,0.0,-4.2,1.0,7.3,55.0,85.0,100.0,5,11.0,317.0,6846,1010.3,2018,2018-11-29
11,30,0.0,-0.9,1.8,6.1,51.0,84.0,100.0,4,10.0,1.0,4865,1005.2,2018,2018-11-30
12,1,0.0,-0.7,4.2,10.7,52.0,79.0,96.0,5,14.0,265.0,4675,1003.9,2018,2018-12-01
12,2,0.0,1.1,5.5,8.8,61.0,82.0,94.0,5,13.0,330.0,2924,1002.1,2018,2018-12-02
12,3,0.0,3.3,7.2,11.2,70.0,88.0,100.0,5,13.0,331.0,5138,997.9,2018,2018-12-03
12,4,0.0,2.1,6.9,12.9,71.0,90.0,100.0,6,15.0,305.0,5910,999.4,2018,2018-12-04
12,5,0.0,3.6,7.8,11.3,64.0,80.0,93.0,5,16.0,119.0,2833,1009.2,2018,2018-12-05
12,6,3.2,1.4,5.4,8.9,86.0,96.0,100.0,4,13.0,10.0,2683,1007.4,2018,2018-12-06
12,7,0.1,2.0,6.6,11.5,77.0,95.0,100.0,4,13.0,13.0,5468,1003.3,2018,2018-12-07
12,8,5.6,1.7,7.6,12.1,71.0,93.0,100.0,8,27.0,218.0,5476,995.9,2018,2018-12-08
12,9,0.0,1.5,6.5,13.0,51.0,87.0,100.0,8,20.0,17.0,6162,991.9,2018,2018-12-09
12,10,0.0,-1.4,4.0,11.3,56.0,81.0,99.0,6,22.0,310.0,3699,997.7,2018,2018-12-10
12,11,0.0,-2.6,3.0,10.3,34.0,63.0,85.0,8,18.0,324.0,6993,1001.8,2018,2018-12-11
12,12,0.0,-3.5,1.4,9.0,30.0,63.0,87.0,8,19.0,215.0,6956,1003.6,2018,2018-12-12
12,13,0.1,-1.3,2.9,7.5,48.0,66.0,85.0,8,28.0,56.0,3925,1001.4,2018,2018-12-13
12,14,0.0,-4.8,1.1,8.3,38.0,70.0,92.0,7,30.0,51.0,6361,1000.9,2018,2018-12-14
12,15,0.0,-5.3,-0.5,4.9,53.0,75.0,94.0,8,23.0,240.0,6511,1004.4,2018,2018-12-15
12,16,0.0,-5.5,0.0,4.1,58.0,79.0,94.0,5,14.0,329.0,3614,1004.3,2018,2018-12-16
12,17,0.0,-2.4,2.0,9.3,44.0,74.0,91.0,6,15.0,326.0,4565,1005.7,2018,2018-12-17
12,18,0.0,-3.5,1.4,9.2,49.0,78.0,97.0,7,15.0,314.0,6478,1012.2,2018,2018-12-18
12,19,0.8,-3.9,1.9,6.2,63.0,82.0,97.0,5,17.0,6.0,3510,1008.6,2018,2018-12-19
12,20,2.3,2.4,4.4,8.2,79.0,95.0,100.0,5,15.0,5.0,3844,1006.7,2018,2018-12-20
12,21,0.0,-0.8,2.5,5.6,92.0,99.0,100.0,4,13.0,196.0,-,1009.7,2018,2018-12-21
12,22,0.0,-0.3,4.4,6.5,86.0,94.0,100.0,4,15.0,320.0,-,1005.6,2018,2018-12-22
12,23,0.2,4.9,6.9,10.6,77.0,91.0,100.0,5,17.0,114.0,-,1006.3,2018,2018-12-23
12,24,0.2,0.1,4.9,10.1,76.0,93.0,100.0,6,24.0,324.0,4547,1002.8,2018,2018-12-24
12,25,0.0,-3.4,1.8,9.6,54.0,85.0,100.0,6,17.0,328.0,6182,1013.5,2018,2018-12-25
12,26,0.0,-1.9,1.9,6.3,75.0,93.0,100.0,5,16.0,317.0,5535,1014.4,2018,2018-12-26
12,27,0.0,-3.2,-0.3,6.0,77.0,97.0,100.0,5,13.0,280.0,4601,1011.8,2018,2018-12-27
12,28,0.0,-3.0,0.5,6.6,72.0,92.0,100.0,3,9.0,347.0,4447,1009.2,2018,2018-12-28
12,29,0.0,-2.2,3.2,11.9,44.0,77.0,94.0,6,15.0,332.0,6770,1010.1,2018,2018-12-29
12,30,0.0,-2.0,3.1,10.9,50.0,78.0,96.0,6,19.0,327.0,6129,1008.2,2018,2018-12-30
12,31,0.0,-2.7,2.9,11.7,41.0,77.0,98.0,6,15.0,328.0,5991,1011.2,2018,2018-12-31
1,1,0.0,-2.6,1.0,7.4,63,87.0,100.0,8,16,192,5228,1010.6,2019,2019-01-01
1,2,0.0,-2.3,3.7,11.0,19,56.0,100.0,12,51,26,6327,1003.8,2019,2019-01-02
1,3,0.0,-3.9,1.9,6.7,23,36.0,66.0,8,33,338,6802,1010.1,2019,2019-01-03
1,4,0.0,-6.1,-1.1,4.6,40,72.0,95.0,7,25,199,6577,1013.3,2019,2019-01-04
1,5,0.0,-5.9,-1.6,5.2,39,79.0,96.0,6,18,50,5352,1006.3,2019,2019-01-05
1,6,0.0,-4.9,0.9,9.0,46,76.0,93.0,8,20,343,6855,1004.3,2019,2019-01-06
1,7,0.0,-3.4,1.9,4.9,69,82.0,97.0,5,15,349,-,1011.1,2019,2019-01-07
1,8,0.4,-3.5,1.5,4.3,85,89.0,100.0,5,18,331,-,1000.8,2019,2019-01-08
1,9,0.0,-3.6,1.4,7.1,59,84.0,98.0,6,18,351,6138,990.5,2019,2019-01-09
1,10,0.0,-5.3,1.0,8.7,30,61.0,85.0,8,20,222,7054,996.2,2019,2019-01-10
1,11,0.0,-4.9,-0.4,5.1,57,78.0,92.0,6,14,230,6921,1004.6,2019,2019-01-11
1,12,0.0,-4.5,0.3,5.2,52,78.0,95.0,5,16,354,5273,1002.4,2019,2019-01-12
1,13,0.0,-3.7,2.0,8.4,44,73.0,93.0,7,15,39,6850,993.5,2019,2019-01-13
1,14,0.0,-1.0,4.6,10.1,46,73.0,94.0,10,35,352,7223,988.0,2019,2019-01-14
1,15,0.0,-2.5,2.9,10.2,31,58.0,86.0,9,26,249,7556,1001.6,2019,2019-01-15
1,16,0.0,-1.7,3.6,10.0,55,78.0,100.0,7,17,312,6973,1003.0,2019,2019-01-16
1,17,5.8,2.9,5.1,7.4,74,90.0,100.0,5,13,358,-,998.1,2019,2019-01-17
1,18,3.0,2.0,4.8,7.3,69,86.0,100.0,6,22,107,3691,997.7,2019,2019-01-18
1,19,0.0,-2.6,1.9,5.2,60,76.0,95.0,6,17,66,4081,1001.2,2019,2019-01-19
1,20,0.0,-4.5,-0.2,6.2,56,83.0,97.0,6,14,3,8017,1000.0,2019,2019-01-20
1,21,0.0,-3.5,1.2,6.3,55,78.0,96.0,5,15,58,5043,1001.1,2019,2019-01-21
1,22,0.0,-5.1,1.2,8.0,45,72.0,96.0,6,19,109,8045,992.3,2019,2019-01-22
1,23,2.8,-1.4,0.0,2.1,-,98.0,100.0,5,26,134,2372,983.4,2019,2019-01-23
1,24,0.0,-3.9,3.3,11.0,35,66.0,100.0,8,21,96,8389,984.7,2019,2019-01-24
1,25,0.0,-4.7,0.3,6.1,48,71.0,92.0,8,19,244,8665,991.7,2019,2019-01-25
1,26,0.0,-5.5,-1.0,5.2,48,78.0,95.0,5,13,319,7320,995.3,2019,2019-01-26
1,27,7.2,-4.1,1.3,4.9,51,83.0,100.0,8,24,343,2285,986.5,2019,2019-01-27
1,28,0.7,-0.4,4.0,8.1,51,86.0,100.0,8,38,349,2716,980.7,2019,2019-01-28
1,29,0.0,-1.6,2.4,8.9,46,76.0,92.0,8,19,110,7737,989.7,2019,2019-01-29
1,30,0.0,-3.3,1.4,4.9,57,78.0,98.0,5,14,346,4557,985.8,2019,2019-01-30
1,31,0.0,-0.2,3.1,8.4,47,77.0,95.0,5,22,120,8671,987.0,2019,2019-01-31
2,1,79.7,2.0,5.5,9.9,84,98.0,100.0,10,27,18,-,984.3,2019,2019-02-01
2,2,37.8,6.4,8.7,10.8,86,98.0,100.0,9,38,164,-,981.4,2019,2019-02-02
2,3,13.4,1.3,6.4,9.9,77,94.0,100.0,7,19,6,3380,988.9,2019,2019-02-03
2,4,0.0,-1.7,4.9,12.9,30,68.0,100.0,7,25,96,10257,1007.4,2019,2019-02-04
2,5,0.0,-3.1,3.7,12.5,41,73.0,96.0,6,17,329,10509,1008.1,2019,2019-02-05
2,6,0.0,-2.7,3.7,11.6,43,73.0,95.0,7,17,2,10658,1008.4,2019,2019-02-06
2,7,0.0,-3.1,3.9,11.0,41,74.0,99.0,6,19,208,10021,1003.1,2019,2019-02-07
2,8,0.0,0.7,6.9,14.9,38,69.0,94.0,6,27,107,10470,1003.3,2019,2019-02-08
2,9,0.0,-0.7,4.8,11.0,51,81.0,97.0,5,15,113,9593,1003.8,2019,2019-02-09
2,10,10.2,3.3,5.5,7.7,71,90.0,100.0,6,25,316,-,998.7,2019,2019-02-10
2,11,0.2,0.3,5.9,9.8,50,85.0,100.0,8,25,217,6811,993.9,2019,2019-02-11
2,12,0.0,-2.4,4.3,11.0,45,73.0,95.0,7,21,288,11566,1008.4,2019,2019-02-12
2,13,0.0,-1.4,3.9,11.3,48,78.0,99.0,6,16,290,11254,1018.9,2019,2019-02-13
2,14,0.0,-1.3,4.2,12.5,48,80.0,99.0,4,16,340,9428,1018.0,2019,2019-02-14
2,15,0.0,-0.2,6.4,14.9,39,70.0,97.0,7,17,316,11676,1015.3,2019,2019-02-15
2,16,0.0,-0.9,5.9,15.1,43,76.0,97.0,5,14,333,11755,1014.0,2019,2019-02-16
2,17,0.0,-1.2,6.4,15.5,39,73.0,98.0,6,16,225,12552,1010.4,2019,2019-02-17
2,18,0.0,-0.8,5.8,14.6,47,77.0,99.0,6,18,168,12177,1007.1,2019,2019-02-18
2,19,0.0,-1.1,4.1,7.1,78,93.0,100.0,6,18,9,6506,1006.9,2019,2019-02-19
2,20,0.0,1.1,5.4,9.9,70,89.0,100.0,5,12,1,7018,1008.5,2019,2019-02-20
2,21,0.0,-0.6,6.6,14.9,46,80.0,100.0,5,14,175,11863,1010.2,2019,2019-02-21
2,22,0.0,0.0,7.1,16.1,46,79.0,100.0,7,20,228,12421,1008.0,2019,2019-02-22
2,23,0.0,-4.0,3.3,9.0,30,61.0,88.0,9,30,221,13667,1018.2,2019,2019-02-23
2,24,0.0,-5.6,1.4,8.3,38,63.0,88.0,5,14,233,11010,1020.8,2019,2019-02-24
2,25,0.0,-2.0,6.1,14.9,30,62.0,88.0,6,25,166,-,1016.4,2019,2019-02-25
2,26,-,2.3,8.6,16.9,37,68.0,89.0,6,19,326,8633,1011.1,2019,2019-02-26
2,27,-,3.3,11.6,22.0,19,57.0,96.0,10,30,156,14133,1007.2,2019,2019-02-27
2,28,-,0.7,7.6,16.3,37,71.0,98.0,6,17,159,13306,1001.9,2019,2019-02-28
3,1,-,0.4,6.7,14.2,53,78.0,96.0,6,19,187,8705,996.9,2019,2019-03-01
3,2,-,0.3,7.4,15.6,50,77.0,100.0,6,22,159,13525,998.9,2019,2019-03-02
3,3,-,2.5,9.1,16.6,40,70.0,100.0,6,19,334,13919,1001.0,2019,2019-03-03
3,4,-,1.9,5.9,9.2,88,97.0,100.0,6,27,332,5461,995.0,2019,2019-03-04
3,5,0.0,1.4,8.4,15.3,46,86.0,100.0,8,20,157,13987,995.7,2019,2019-03-05
3,6,0.0,4.2,9.7,15.4,57,83.0,100.0,8,22,156,12976,1000.5,2019,2019-03-06
3,7,0.5,7.5,10.1,12.7,81,92.0,100.0,6,23,149,-,996.1,2019,2019-03-07
3,8,0.1,8.5,11.7,16.9,46,81.0,100.0,9,30,212,14878,1000.0,2019,2019-03-08
3,9,0.0,6.3,10.7,15.4,57,79.0,100.0,8,21,344,11746,1003.6,2019,2019-03-09
3,10,0.0,5.8,9.6,12.3,75,86.0,95.0,8,24,77,4910,1000.4,2019,2019-03-10
3,11,0.0,0.6,9.4,17.1,17,57.0,97.0,12,56,357,9780,996.9,2019,2019-03-11
3,12,0.0,-2.1,6.8,15.1,17,47.0,79.0,11,41,1,17721,1004.7,2019,2019-03-12
3,13,0.0,-0.1,5.6,13.2,42,71.0,96.0,7,39,147,11662,998.3,2019,2019-03-13
3,14,0.0,-1.3,5.2,11.7,51,81.0,100.0,7,23,154,13374,996.1,2019,2019-03-14
3,15,0.0,-0.4,7.6,16.0,42,76.0,100.0,6,23,112,16366,994.3,2019,2019-03-15
3,16,0.0,1.6,9.4,16.9,54,79.0,100.0,7,18,32,13732,997.8,2019,2019-03-16
3,17,0.6,5.2,9.6,13.2,81,93.0,100.0,8,20,26,3548,997.7,2019,2019-03-17
3,18,17.8,1.7,6.5,10.1,65,89.0,100.0,13,51,2,3571,999.0,2019,2019-03-18
3,19,0.0,0.8,6.5,12.4,42,70.0,92.0,6,22,119,12362,1007.2,2019,2019-03-19
3,20,0.0,-0.4,7.1,14.0,29,57.0,91.0,7,25,142,19269,1014.0,2019,2019-03-20
3,21,0.0,0.1,8.3,16.8,25,57.0,86.0,8,21,89,19232,1014.9,2019,2019-03-21
3,22,0.0,0.7,10.7,19.4,22,54.0,88.0,7,19,200,19408,1011.9,2019,2019-03-22
3,23,0.0,3.1,13.2,22.5,25,53.0,83.0,6,21,313,19711,1007.2,2019,2019-03-23
3,24,0.0,5.7,14.3,23.2,29,58.0,91.0,8,24,163,19511,1002.5,2019,2019-03-24
3,25,2.3,4.3,12.4,20.6,37,61.0,98.0,10,57,323,18465,994.9,2019,2019-03-25
3,26,0.0,1.4,9.7,17.2,17,54.0,90.0,11,38,121,20477,1004.2,2019,2019-03-26
3,27,0.0,1.3,8.1,14.9,29,57.0,87.0,8,28,224,16721,1010.1,2019,2019-03-27
3,28,0.0,0.8,8.9,16.1,34,60.0,89.0,9,22,150,20507,1012.6,2019,2019-03-28
3,29,0.0,1.9,10.9,18.7,32,58.0,88.0,8,21,239,20612,1012.5,2019,2019-03-29
3,30,0.0,3.1,11.3,20.4,27,61.0,90.0,8,18,141,20416,1006.5,2019,2019-03-30
3,31,0.0,3.7,13.1,22.7,19,52.0,90.0,8,20,236,21196,999.9,2019,2019-03-31
4,1,0.0,8.2,15.7,23.6,26,46.0,77.0,9,36,112,20406,998.5,2019,2019-04-01
4,2,0.0,6.6,14.9,21.8,30,57.0,86.0,7,22,175,17643,996.7,2019,2019-04-02
4,3,1.8,9.1,11.9,16.6,63,85.0,97.0,8,23,3,6848,993.0,2019,2019-04-03
4,4,50.4,9.4,11.2,13.3,86,96.0,100.0,7,31,166,2107,986.2,2019,2019-04-04
4,5,30.5,8.4,10.3,14.7,75,95.0,100.0,7,37,30,7406,985.7,2019,2019-04-05
4,6,0.0,7.9,10.4,14.8,62,88.0,100.0,-,-,-,10127,990.6,2019,2019-04-06
4,7,0.0,5.0,11.0,15.5,50,83.0,100.0,-,-,-,10403,989.5,2019,2019-04-07
4,8,1.3,7.8,11.5,15.7,65,88.0,100.0,-,-,-,7307,989.8,2019,2019-04-08
4,9,0.8,8.6,12.9,18.5,59,85.0,100.0,-,21,324,11661,989.7,2019,2019-04-09
4,10,8.3,10.7,13.6,19.5,56,84.0,100.0,6,29,107,13037,989.2,2019,2019-04-10
4,11,5.6,10.3,12.1,15.4,76,92.0,100.0,4,15,113,8013,993.1,2019,2019-04-11
4,12,0.0,9.0,11.0,13.9,69,83.0,99.0,6,22,165,12683,996.4,2019,2019-04-12
4,13,0.1,8.0,10.4,13.7,67,79.0,91.0,4,12,246,9774,997.9,2019,2019-04-13
4,14,0.3,6.0,10.3,14.9,54,74.0,91.0,6,20,22,7616,997.4,2019,2019-04-14
4,15,0.0,4.9,12.5,18.9,35,66.0,97.0,7,20,215,19879,1001.6,2019,2019-04-15
4,16,0.0,4.8,12.3,18.9,38,66.0,93.0,7,22,228,22977,1002.3,2019,2019-04-16
4,17,0.0,4.9,13.9,21.2,33,66.0,99.0,7,24,222,22088,1003.1,2019,2019-04-17
4,18,0.0,7.5,15.5,21.5,31,56.0,86.0,6,22,132,21803,1007.9,2019,2019-04-18
4,19,0.0,7.7,15.2,22.0,30,57.0,89.0,8,21,136,24595,1011.1,2019,2019-04-19
4,20,0.0,6.4,16.9,24.4,24,52.0,95.0,6,28,240,24939,1008.2,2019,2019-04-20
4,21,0.0,7.7,15.7,23.3,32,57.0,89.0,-,-,-,22540,1003.2,2019,2019-04-21
4,22,0.1,6.9,14.3,20.2,39,66.0,90.0,-,-,-,21674,997.4,2019,2019-04-22
4,23,77.4,11.3,12.0,13.9,77,97.0,100.0,-,-,-,1531,992.8,2019,2019-04-23
4,24,24.8,12.1,14.3,17.9,82,97.0,100.0,-,-,-,7115,998.1,2019,2019-04-24
4,25,0.5,12.5,16.2,20.2,70,90.0,100.0,-,-,-,19285,1001.4,2019,2019-04-25
4,26,19.0,7.3,13.6,17.2,70,93.0,100.0,-,-,-,7354,998.0,2019,2019-04-26
4,27,0.0,6.5,13.0,20.1,48,77.0,100.0,-,-,-,23439,997.4,2019,2019-04-27
4,28,46.2,6.5,8.4,11.2,79,88.0,100.0,-,-,-,-,997.9,2019,2019-04-28
4,29,3.4,6.9,9.7,14.0,70,88.0,100.0,-,-,-,11870,997.2,2019,2019-04-29
4,30,0.4,6.5,11.6,17.6,56,85.0,100.0,-,-,-,13877,995.7,2019,2019-04-30
5,1,0.0,7.1,14.4,21.4,42,78.0,100.0,-,-,-,25823,995.6,2019,2019-05-01
5,2,0.1,8.9,15.1,21.5,52,79.0,100.0,-,-,-,21653,994.0,2019,2019-05-02
5,3,14.1,10.9,12.5,16.5,69,94.0,100.0,-,-,-,10177,992.2,2019,2019-05-03
5,4,7.6,10.1,11.8,14.8,86,96.0,100.0,-,-,-,7825,987.6,2019,2019-05-04
5,5,36.6,5.7,8.9,11.6,49,72.0,100.0,-,-,-,4523,987.6,2019,2019-05-05
5,6,0.0,6.5,11.6,18.4,33,67.0,93.0,-,-,-,22897,995.0,2019,2019-05-06
5,7,0.0,7.4,10.7,14.5,59,80.0,97.0,6,25,212,16168,1002.0,2019,2019-05-07
5,8,6.1,9.3,11.3,14.9,53,85.0,100.0,3,13,136,9074,997.7,2019,2019-05-08
5,9,11.9,9.7,12.3,15.6,74,92.0,100.0,5,18,146,11698,989.6,2019,2019-05-09
5,10,3.9,10.9,14.7,19.4,62,89.0,100.0,6,23,161,17228,994.5,2019,2019-05-10
5,11,23.2,10.1,15.0,18.7,68,87.0,100.0,8,45,352,10540,995.8,2019,2019-05-11
5,12,9.9,9.9,13.9,17.1,37,63.0,91.0,20,47,341,4545,997.5,2019,2019-05-12
5,13,0.6,13.2,16.2,18.8,38,46.0,72.0,17,48,352,7990,1001.4,2019,2019-05-13
5,14,0.0,8.3,12.6,17.2,36,64.0,84.0,11,34,240,18785,1001.0,2019,2019-05-14
5,15,1.8,7.5,10.3,14.3,73,88.0,100.0,4,14,158,11573,997.7,2019,2019-05-15
5,16,0.0,7.4,13.8,18.4,53,75.0,100.0,5,20,181,21660,994.9,2019,2019-05-16
5,17,0.0,11.2,14.9,19.8,44,71.0,92.0,6,32,142,25084,992.7,2019,2019-05-17
5,18,16.7,11.2,13.5,17.3,59,86.0,100.0,10,26,5,6344,991.3,2019,2019-05-18
5,19,13.0,11.9,13.8,16.4,85,96.0,100.0,6,22,25,7656,988.6,2019,2019-05-19
5,20,29.4,11.0,13.2,16.3,85,98.0,100.0,7,27,143,7335,988.4,2019,2019-05-20
5,21,1.2,12.5,13.7,15.3,93,99.0,100.0,7,18,169,6419,993.0,2019,2019-05-21
5,22,0.0,12.3,16.6,22.0,61,86.0,100.0,4,16,317,16747,996.6,2019,2019-05-22
5,23,0.0,11.4,18.2,23.8,52,81.0,100.0,6,23,148,26459,997.1,2019,2019-05-23
5,24,0.0,14.1,19.7,25.3,47,75.0,100.0,7,30,221,27087,995.1,2019,2019-05-24
5,25,0.0,14.5,19.4,24.5,51,78.0,100.0,6,32,292,20114,996.1,2019,2019-05-25
5,26,0.0,13.3,19.5,25.9,43,73.0,100.0,6,36,168,23463,996.3,2019,2019-05-26
5,27,27.9,14.0,14.9,17.1,89,98.0,100.0,6,17,163,4775,993.5,2019,2019-05-27
5,28,26.0,12.2,15.7,19.6,74,95.0,100.0,6,45,323,11738,987.8,2019,2019-05-28
5,29,12.4,11.6,14.6,18.2,66,84.0,100.0,11,52,343,10207,995.5,2019,2019-05-29
5,30,0.0,10.5,14.6,17.9,75,91.0,100.0,5,14,163,11046,1004.6,2019,2019-05-30
5,31,0.1,9.0,17.6,24.3,35,71.0,100.0,7,26,218,29822,1005.1,2019,2019-05-31
6,1,0.0,11.6,20.7,27.8,35,64.0,98.0,9,30,198,28643,1001.6,2019,2019-06-01
6,2,0.0,15.1,23.0,29.5,35,62.0,93.0,8,30,185,29162,999.0,2019,2019-06-02
6,3,0.0,16.0,23.2,29.4,43,70.0,96.0,6,21,155,27855,996.7,2019,2019-06-03
6,4,0.0,17.6,23.1,30.0,46,73.0,98.0,6,24,187,26838,994.2,2019,2019-06-04
6,5,0.0,17.0,20.2,22.7,73,87.0,100.0,5,16,194,7955,993.2,2019,2019-06-05
6,6,0.1,16.3,19.4,23.1,71,89.0,100.0,5,19,159,8156,995.9,2019,2019-06-06
6,7,0.0,15.7,21.0,27.5,47,77.0,100.0,9,27,174,23193,999.4,2019,2019-06-07
6,8,0.0,15.4,22.5,29.0,48,73.0,100.0,6,23,147,25417,1001.6,2019,2019-06-08
6,9,0.0,17.4,24.7,31.5,36,64.0,96.0,6,21,120,27916,1001.4,2019,2019-06-09
6,10,0.0,19.3,25.3,32.6,34,60.0,81.0,7,20,111,18923,994.5,2019,2019-06-10
6,11,0.0,19.9,26.0,32.0,34,62.0,84.0,8,26,139,22013,991.1,2019,2019-06-11
6,12,0.0,19.2,25.3,30.7,44,67.0,98.0,8,32,146,25237,992.1,2019,2019-06-12
6,13,0.0,17.2,24.3,31.4,25,65.0,96.0,9,37,162,28550,996.0,2019,2019-06-13
6,14,0.0,15.0,24.3,32.2,28,57.0,87.0,5,18,135,27185,998.9,2019,2019-06-14
6,15,0.1,19.4,26.0,33.4,32,60.0,94.0,8,24,125,22512,994.6,2019,2019-06-15
6,16,0.0,18.7,26.1,33.0,35,62.0,88.0,7,23,158,27723,994.1,2019,2019-06-16
6,17,0.1,17.3,24.1,31.4,33,61.0,88.0,6,33,22,20337,997.4,2019,2019-06-17
6,18,0.0,16.7,23.9,31.0,40,67.0,98.0,7,25,77,24796,996.5,2019,2019-06-18
6,19,13.7,17.5,22.7,30.3,48,80.0,100.0,6,39,337,19333,994.6,2019,2019-06-19
6,20,0.6,18.0,23.1,30.1,53,77.0,100.0,8,42,139,25243,994.0,2019,2019-06-20
6,21,0.0,17.7,23.9,30.7,42,72.0,97.0,7,19,137,24748,996.4,2019,2019-06-21
6,22,10.2,18.2,20.8,24.9,61,86.0,100.0,7,33,194,9616,997.2,2019,2019-06-22
6,23,0.0,16.4,22.9,29.3,47,78.0,100.0,6,20,168,27483,996.6,2019,2019-06-23
6,24,0.0,17.7,25.2,31.2,45,73.0,99.0,7,23,130,28873,1000.3,2019,2019-06-24
6,25,0.0,19.9,26.7,33.4,44,71.0,99.0,6,20,346,28338,1002.9,2019,2019-06-25
6,26,0.0,19.9,27.9,35.1,38,69.0,100.0,5,16,147,28715,1003.1,2019,2019-06-26
6,27,0.0,20.7,28.9,36.7,39,70.0,98.0,5,15,148,28092,998.1,2019,2019-06-27
6,28,0.0,20.8,28.3,34.2,38,59.0,94.0,8,28,141,27932,997.1,2019,2019-06-28
6,29,0.0,18.9,25.6,31.9,41,61.0,92.0,7,22,144,28657,1000.4,2019,2019-06-29
6,30,0.0,18.0,26.1,33.9,29,66.0,97.0,6,21,152,29216,1000.4,2019,2019-06-30
7,1,0.0,19.2,25.8,33.0,41,69.0,99.0,6,23,145,28192,998.6,2019,2019-07-01
7,2,2.1,19.4,25.2,33.3,39,68.0,96.0,8,38,24,23335,996.4,2019,2019-07-02
7,3,7.4,17.4,23.0,33.0,33,75.0,100.0,9,69,321,21790,997.8,2019,2019-07-03
7,4,0.0,15.8,23.5,30.5,43,73.0,98.0,6,26,114,27648,999.1,2019,2019-07-04
7,5,0.0,17.7,24.9,31.3,47,74.0,99.0,6,27,208,27510,996.4,2019,2019-07-05
7,6,6.6,18.9,24.7,31.2,54,81.0,100.0,8,34,255,19539,993.6,2019,2019-07-06
7,7,1.0,17.4,22.0,28.9,55,87.0,100.0,5,18,348,13580,991.0,2019,2019-07-07
7,8,4.7,16.9,22.7,30.2,41,77.0,100.0,6,23,328,24048,993.4,2019,2019-07-08
7,9,0.3,16.8,21.5,27.5,47,82.0,100.0,6,26,343,17730,994.2,2019,2019-07-09
7,10,0.1,15.0,21.8,27.8,38,69.0,100.0,7,26,158,26883,994.7,2019,2019-07-10
7,11,4.8,13.9,19.4,24.7,44,77.0,100.0,5,19,138,17273,996.7,2019,2019-07-11
7,12,2.4,14.5,20.5,27.4,47,81.0,100.0,6,30,251,22694,994.2,2019,2019-07-12
7,13,1.3,14.7,20.2,27.5,48,83.0,100.0,6,35,122,21789,993.1,2019,2019-07-13
7,14,0.1,13.0,20.7,28.2,33,71.0,100.0,7,27,91,26132,994.0,2019,2019-07-14
7,15,2.8,16.1,20.8,27.9,40,72.0,98.0,8,30,286,21062,994.1,2019,2019-07-15
7,16,0.0,15.0,22.0,28.9,36,66.0,95.0,8,25,215,28720,995.1,2019,2019-07-16
7,17,1.8,14.9,22.9,29.5,43,71.0,97.0,8,23,162,24399,994.1,2019,2019-07-17
7,18,0.6,17.4,22.2,27.7,51,77.0,100.0,6,23,200,22521,994.3,2019,2019-07-18
7,19,0.0,15.6,23.3,30.1,41,73.0,100.0,5,21,158,24624,997.3,2019,2019-07-19
7,20,2.9,17.1,23.8,30.5,49,75.0,99.0,7,23,169,24259,999.4,2019,2019-07-20
7,21,1.2,18.3,24.3,30.0,56,78.0,100.0,6,15,338,21796,1000.9,2019,2019-07-21
7,22,0.0,17.9,25.9,32.7,35,69.0,99.0,6,17,209,25286,1002.2,2019,2019-07-22
7,23,0.0,19.2,26.9,33.4,39,68.0,98.0,6,23,152,27007,1000.0,2019,2019-07-23
7,24,0.0,20.3,27.0,33.9,46,74.0,99.0,6,24,194,25553,997.7,2019,2019-07-24
7,25,0.0,21.4,27.8,34.7,43,73.0,100.0,6,24,190,22858,996.7,2019,2019-07-25
7,26,17.1,19.6,25.2,32.6,56,80.0,97.0,9,51,284,19222,991.8,2019,2019-07-26
7,27,0.5,18.6,22.9,27.9,63,85.0,100.0,5,23,179,13640,986.3,2019,2019-07-27
7,28,3.5,18.2,20.8,24.8,69,91.0,100.0,6,21,24,7936,981.0,2019,2019-07-28
7,29,0.2,19.3,23.9,29.6,54,84.0,100.0,5,22,240,21904,987.6,2019,2019-07-29
7,30,0.6,19.3,25.1,30.9,57,81.0,100.0,6,24,215,22703,992.0,2019,2019-07-30
7,31,0.0,19.2,25.1,32.0,47,78.0,99.0,6,18,275,20184,993.6,2019,2019-07-31
8,1,0.9,20.1,25.1,31.2,46,77.0,100.0,5,16,209,23356,995.2,2019,2019-08-01
8,2,16.3,17.7,21.5,27.1,62,87.0,100.0,8,30,322,11272,993.2,2019,2019-08-02
8,3,0.2,15.2,22.2,28.5,47,76.0,100.0,6,23,237,27656,993.9,2019,2019-08-03
8,4,0.0,16.2,22.5,28.2,46,76.0,100.0,5,22,149,25059,996.7,2019,2019-08-04
8,5,0.0,18.0,22.8,28.0,54,82.0,100.0,5,20,160,18527,997.1,2019,2019-08-05
8,6,48.7,18.6,22.9,29.1,58,86.0,100.0,8,56,291,18683,996.4,2019,2019-08-06
8,7,0.9,18.0,23.0,28.3,59,86.0,100.0,4,20,334,18979,993.6,2019,2019-08-07
8,8,34.7,18.8,23.5,30.4,57,83.0,100.0,8,39,13,21563,993.4,2019,2019-08-08
8,9,0.0,17.7,24.5,31.0,53,81.0,100.0,5,21,194,-,995.7,2019,2019-08-09
8,10,0.0,20.5,25.5,30.2,67,86.0,100.0,5,22,212,16929,996.1,2019,2019-08-10
8,11,0.0,21.7,26.7,32.0,55,82.0,100.0,6,21,114,22687,996.2,2019,2019-08-11
8,12,0.1,20.9,26.1,32.5,53,77.0,98.0,6,32,270,18551,993.5,2019,2019-08-12
8,13,0.0,18.5,24.3,31.3,45,73.0,95.0,7,28,107,19712,992.3,2019,2019-08-13
8,14,2.7,16.3,21.7,27.4,38,68.0,99.0,7,27,25,22553,996.1,2019,2019-08-14
8,15,7.1,16.1,21.2,26.8,42,70.0,95.0,8,34,347,24628,997.4,2019,2019-08-15
8,16,1.0,14.1,20.9,27.5,39,73.0,100.0,7,23,343,25155,998.2,2019,2019-08-16
8,17,0.0,15.2,21.4,27.6,48,77.0,99.0,6,22,196,22004,998.2,2019,2019-08-17
8,18,0.0,15.8,22.6,28.9,55,82.0,100.0,5,19,211,22027,997.5,2019,2019-08-18
8,19,0.0,18.3,23.7,30.1,54,82.0,100.0,5,21,164,21651,997.9,2019,2019-08-19
8,20,0.0,18.8,25.0,33.6,38,75.0,100.0,5,13,136,21701,998.6,2019,2019-08-20
8,21,11.8,18.7,23.4,32.3,48,78.0,99.0,8,39,18,15389,1000.5,2019,2019-08-21
8,22,0.0,17.3,22.4,29.0,48,81.0,100.0,4,15,94,18121,1002.5,2019,2019-08-22
8,23,0.9,19.4,23.3,29.2,58,81.0,100.0,6,26,61,15321,1002.9,2019,2019-08-23
8,24,29.1,18.3,22.4,30.4,50,83.0,99.0,8,42,19,11238,1000.7,2019,2019-08-24
8,25,0.1,17.1,23.8,31.5,41,74.0,100.0,6,17,69,23393,999.2,2019,2019-08-25
8,26,2.7,17.2,23.5,31.8,44,75.0,97.0,8,31,342,20276,999.3,2019,2019-08-26
8,27,0.1,18.1,24.4,31.2,46,75.0,97.0,6,17,89,21810,999.1,2019,2019-08-27
8,28,0.0,18.9,24.8,32.4,42,74.0,95.0,6,18,151,19752,998.4,2019,2019-08-28
8,29,0.0,19.1,24.7,31.5,46,77.0,97.0,5,18,236,17086,998.6,2019,2019-08-29
8,30,0.0,19.4,24.7,33.1,38,69.0,94.0,8,24,355,18115,1000.2,2019,2019-08-30
8,31,0.0,20.6,25.5,32.9,37,65.0,83.0,8,19,310,17169,997.2,2019,2019-08-31
9,1,4.4,19.0,24.1,32.4,40,73.0,96.0,8,39,204,18744,993.4,2019,2019-09-01
9,2,0.0,18.3,23.0,28.9,52,73.0,94.0,8,31,354,11513,995.3,2019,2019-09-02
9,3,0.0,14.4,20.4,27.0,42,73.0,100.0,6,23,169,21716,1001.8,2019,2019-09-03
9,4,0.0,12.2,19.2,27.2,41,74.0,100.0,5,13,130,21858,999.8,2019,2019-09-04
9,5,0.0,12.6,21.1,29.6,34,68.0,100.0,6,21,116,21545,994.8,2019,2019-09-05
9,6,7.5,14.1,17.6,20.1,70,87.0,100.0,7,30,34,2895,998.5,2019,2019-09-06
9,7,4.5,12.6,17.4,25.3,53,85.0,100.0,6,34,43,16358,996.8,2019,2019-09-07
9,8,23.7,12.7,15.3,17.9,77,94.0,100.0,7,39,28,3750,995.4,2019,2019-09-08
9,9,0.0,10.2,15.4,21.7,55,86.0,100.0,6,15,149,16993,995.8,2019,2019-09-09
9,10,0.0,12.4,17.5,24.9,33,76.0,100.0,6,15,315,16342,1000.0,2019,2019-09-10
9,11,0.0,10.8,18.4,26.6,37,73.0,98.0,6,24,110,19651,1003.3,2019,2019-09-11
9,12,0.0,11.6,19.8,28.1,37,73.0,100.0,6,14,232,20108,1009.4,2019,2019-09-12
9,13,0.0,13.9,20.5,27.8,43,74.0,98.0,6,16,340,19695,1011.0,2019,2019-09-13
9,14,0.0,14.7,21.3,28.3,46,77.0,99.0,6,17,171,17702,1009.5,2019,2019-09-14
9,15,0.0,15.6,21.6,27.9,52,79.0,100.0,5,19,225,18391,1005.6,2019,2019-09-15
9,16,0.0,14.8,20.8,27.8,60,85.0,100.0,5,17,129,17475,1000.1,2019,2019-09-16
9,17,0.0,17.5,21.2,24.9,75,91.0,100.0,3,19,171,7643,996.8,2019,2019-09-17
9,18,0.0,15.7,19.3,25.0,57,79.0,100.0,6,30,134,8932,999.2,2019,2019-09-18
9,19,0.0,9.9,17.2,23.7,34,65.0,100.0,6,24,126,16578,1003.5,2019,2019-09-19
9,20,0.0,8.5,14.2,20.2,41,66.0,94.0,5,17,132,-,1008.5,2019,2019-09-20
9,21,0.0,8.0,14.3,23.0,31,71.0,99.0,6,18,105,18619,1006.3,2019,2019-09-21
9,22,0.0,8.5,13.5,19.9,42,82.0,100.0,4,14,144,7569,1001.3,2019,2019-09-22
9,23,5.7,11.6,15.4,19.0,64,92.0,100.0,5,18,301,4444,995.8,2019,2019-09-23
9,24,0.0,12.8,17.3,23.9,52,82.0,100.0,7,25,174,14217,995.2,2019,2019-09-24
9,25,5.5,10.5,15.3,19.5,84,95.0,100.0,6,24,336,4512,993.6,2019,2019-09-25
9,26,0.1,9.2,16.2,23.5,46,82.0,100.0,6,21,158,17008,997.4,2019,2019-09-26
9,27,0.0,10.6,16.5,21.8,60,89.0,100.0,3,13,51,6557,999.8,2019,2019-09-27
9,28,0.6,16.1,18.8,23.6,61,88.0,100.0,4,13,138,9666,999.0,2019,2019-09-28
9,29,0.0,16.1,19.5,24.8,66,89.0,100.0,5,16,151,10764,996.6,2019,2019-09-29
9,30,0.0,15.9,19.4,25.1,58,87.0,100.0,5,22,75,13964,993.3,2019,2019-09-30
10,1,9.4,16.5,19.5,23.8,74,91.0,100.0,5,17,137,7505,993.8,2019,2019-10-01
10,2,9.4,12.2,16.5,20.8,68,94.0,100.0,5,30,2,6040,987.5,2019,2019-10-02
10,3,6.0,6.7,12.8,19.1,40,79.0,100.0,7,27,51,12402,995.2,2019,2019-10-03
10,4,0.0,5.3,10.8,16.8,49,83.0,100.0,5,14,205,8986,996.5,2019,2019-10-04
10,5,0.1,8.1,13.5,20.5,53,80.0,100.0,6,19,127,14728,993.1,2019,2019-10-05
10,6,0.0,7.8,12.8,17.2,43,78.0,100.0,5,15,344,7375,997.6,2019,2019-10-06
10,7,0.8,8.5,13.5,19.7,46,77.0,100.0,5,17,151,13020,996.7,2019,2019-10-07
10,8,0.0,6.5,11.9,18.3,53,82.0,100.0,5,15,228,12134,1002.2,2019,2019-10-08
10,9,7.3,10.9,13.2,15.3,74,91.0,100.0,5,21,5,2748,999.8,2019,2019-10-09
10,10,0.0,10.4,14.6,20.5,68,90.0,100.0,4,14,116,10627,999.5,2019,2019-10-10
10,11,0.1,8.1,14.4,22.2,40,79.0,100.0,6,21,175,14740,1005.6,2019,2019-10-11
10,12,0.0,8.2,13.8,21.1,58,88.0,100.0,5,15,132,11376,1006.3,2019,2019-10-12
10,13,0.1,8.9,14.9,19.7,74,92.0,100.0,3,15,205,8292,1006.2,2019,2019-10-13
10,14,0.0,14.1,15.9,18.6,81,94.0,100.0,3,10,26,4142,1004.1,2019,2019-10-14
10,15,7.4,14.4,15.6,17.3,86,96.0,100.0,5,34,119,2027,998.2,2019,2019-10-15
10,16,0.1,10.5,15.7,20.6,73,94.0,100.0,4,17,138,7254,998.3,2019,2019-10-16
10,17,0.2,9.0,14.3,20.2,65,91.0,100.0,4,18,279,10693,1001.4,2019,2019-10-17
10,18,0.0,11.5,15.2,19.9,73,92.0,100.0,4,14,102,6652,1000.1,2019,2019-10-18
10,19,1.9,13.9,16.3,19.9,74,93.0,100.0,5,15,110,5776,999.5,2019,2019-10-19
10,20,0.8,14.3,17.4,22.5,64,91.0,100.0,6,21,162,9908,1001.5,2019,2019-10-20
10,21,0.3,12.3,16.2,20.0,81,94.0,100.0,6,16,327,3356,1005.5,2019,2019-10-21
10,22,0.1,11.0,16.4,24.1,60,88.0,100.0,5,12,331,11605,1004.7,2019,2019-10-22
10,23,0.1,10.0,16.3,24.4,57,86.0,100.0,5,15,212,11442,1001.8,2019,2019-10-23
10,24,0.2,9.6,14.9,21.4,64,89.0,100.0,5,15,151,9707,999.4,2019,2019-10-24
10,25,0.0,10.0,16.0,23.8,34,74.0,100.0,6,17,347,10550,1002.3,2019,2019-10-25
10,26,0.0,7.9,15.0,23.5,41,75.0,99.0,6,17,187,11412,1005.0,2019,2019-10-26
10,27,0.0,7.2,13.6,22.2,51,84.0,100.0,4,14,139,10900,1002.8,2019,2019-10-27
10,28,0.5,7.1,13.2,18.7,68,88.0,100.0,4,12,351,4470,999.3,2019,2019-10-28
10,29,4.3,10.8,13.4,14.8,81,98.0,100.0,4,14,343,-,999.7,2019,2019-10-29
10,30,0.0,9.3,11.2,13.5,64,83.0,100.0,3,10,93,2816,1004.6,2019,2019-10-30
10,31,0.0,3.0,9.1,14.7,55,82.0,100.0,5,21,132,9340,1004.1,2019,2019-10-31
11,1,0.0,2.1,8.1,14.3,55,82.0,100.0,4,12,164,10004,1001.2,2019,2019-11-01
11,2,5.7,8.5,10.0,11.0,81,92.0,100.0,3,12,347,2378,992.0,2019,2019-11-02
11,3,35.2,10.6,13.5,16.6,100,100.0,100.0,7,39,132,1004,978.8,2019,2019-11-03
11,4,1.8,9.7,12.6,15.5,79,97.0,100.0,5,18,24,4960,981.4,2019,2019-11-04
11,5,19.8,10.3,13.3,16.9,87,99.0,100.0,6,24,169,3304,980.8,2019,2019-11-05
11,6,9.5,5.0,10.7,14.8,81,97.0,100.0,6,32,12,4148,986.8,2019,2019-11-06
11,7,0.0,4.9,9.8,14.8,64,90.0,100.0,5,16,195,8892,991.1,2019,2019-11-07
11,8,48.1,8.0,9.2,10.2,89,97.0,100.0,10,27,341,-,988.7,2019,2019-11-08
11,9,1.3,4.1,7.9,11.4,84,95.0,100.0,6,20,192,4244,992.0,2019,2019-11-09
11,10,0.0,2.4,7.9,14.5,48,80.0,100.0,7,18,334,9433,994.0,2019,2019-11-10
11,11,4.3,2.7,7.9,11.2,79,94.0,100.0,7,18,330,2656,997.3,2019,2019-11-11
11,12,46.1,9.2,10.3,11.9,75,93.0,100.0,13,42,28,-,985.3,2019,2019-11-12
11,13,16.1,4.0,8.5,10.5,80,95.0,100.0,9,32,0,-,983.2,2019,2019-11-13
11,14,0.0,4.6,9.2,14.7,47,81.0,98.0,6,17,78,8508,992.2,2019,2019-11-14
11,15,108.8,8.3,11.2,13.4,85,98.0,100.0,10,53,155,-,988.6,2019,2019-11-15
11,16,14.1,8.8,10.4,12.4,76,94.0,100.0,7,41,0,3765,994.8,2019,2019-11-16
11,17,88.5,8.3,11.6,13.8,95,99.0,100.0,9,40,119,-,988.8,2019,2019-11-17
11,18,5.3,2.7,8.2,13.0,65,91.0,100.0,6,28,357,6096,997.0,2019,2019-11-18
11,19,24.7,7.9,9.6,11.1,87,95.0,100.0,11,27,0,-,1000.4,2019,2019-11-19
11,20,0.1,8.8,10.9,13.8,71,89.0,100.0,6,25,344,4085,995.3,2019,2019-11-20
11,21,0.5,7.4,9.7,11.0,95,99.0,100.0,3,14,32,-,996.1,2019,2019-11-21
11,22,0.1,5.9,9.9,13.9,73,92.0,100.0,5,13,311,3680,997.2,2019,2019-11-22
11,23,34.3,8.1,10.7,12.9,90,97.0,100.0,8,24,1,752,994.0,2019,2019-11-23
11,24,9.1,11.7,13.0,14.4,84,91.0,99.0,9,21,331,-,992.4,2019,2019-11-24
11,25,0.1,5.2,12.0,19.7,45,83.0,100.0,6,15,330,7358,990.9,2019,2019-11-25
11,26,0.0,4.2,8.1,14.8,62,91.0,100.0,5,17,307,-,992.5,2019,2019-11-26
11,27,17.4,7.0,9.5,10.6,89,97.0,100.0,6,17,307,-,989.3,2019,2019-11-27
11,28,0.5,5.4,9.2,11.0,98,99.0,100.0,4,15,266,1626,987.6,2019,2019-11-28
11,29,0.1,2.7,8.1,11.8,84,97.0,100.0,4,13,332,2717,992.6,2019,2019-11-29
11,30,0.0,1.8,7.3,13.6,64,86.0,100.0,6,16,103,6207,1002.3,2019,2019-11-30
12,1,8.3,2.4,6.6,8.8,80,95.0,100.0,5,17,1,-,1004.3,2019,2019-12-01
12,2,12.0,1.6,8.6,13.6,80,94.0,100.0,5,16,54,4076,999.8,2019,2019-12-02
12,3,0.0,-1.3,2.7,9.3,47,85.0,100.0,5,18,72,6975,1009.3,2019,2019-12-03
12,4,0.0,-2.5,2.0,9.2,51,83.0,100.0,6,16,37,6998,1009.7,2019,2019-12-04
12,5,0.0,-3.1,2.0,9.7,40,80.0,100.0,6,14,345,6829,1010.2,2019,2019-12-05
12,6,0.0,-1.1,3.7,11.0,59,84.0,100.0,6,17,332,4741,1007.7,2019,2019-12-06
12,7,0.0,-0.9,3.9,10.1,73,89.0,100.0,7,15,330,5177,1003.5,2019,2019-12-07
12,8,0.0,2.3,6.4,9.7,72,89.0,98.0,4,11,334,2702,1002.9,2019,2019-12-08
12,9,0.5,1.2,5.4,8.7,82,91.0,100.0,5,16,8,1342,992.9,2019,2019-12-09
12,10,0.0,-1.9,4.9,12.0,39,72.0,100.0,7,20,29,6743,1001.1,2019,2019-12-10
12,11,0.0,-4.4,0.6,8.6,31,69.0,90.0,7,17,332,6871,1000.0,2019,2019-12-11
12,12,1.6,-4.8,0.9,4.7,68,85.0,100.0,5,17,222,1937,989.6,2019,2019-12-12
12,13,18.7,0.4,3.2,8.4,64,95.0,100.0,10,49,10,831,976.2,2019,2019-12-13
12,14,0.0,-0.9,3.5,10.7,60,85.0,100.0,7,17,358,6341,986.9,2019,2019-12-14
12,15,0.0,2.7,7.3,13.2,62,80.0,93.0,8,20,320,5372,999.0,2019,2019-12-15
12,16,0.0,6.3,9.3,13.0,80,89.0,97.0,5,13,325,3882,1004.3,2019,2019-12-16
12,17,2.1,8.4,10.4,11.9,85,96.0,100.0,6,19,108,589,1004.3,2019,2019-12-17
12,18,0.3,9.8,11.8,14.3,90,99.0,100.0,6,17,15,2344,1006.6,2019,2019-12-18
12,19,40.9,7.5,11.3,12.6,87,97.0,100.0,8,20,8,629,1003.7,2019,2019-12-19
12,20,44.1,9.4,10.5,12.5,100,100.0,100.0,8,30,133,-,992.5,2019,2019-12-20
12,21,46.9,8.6,10.9,13.4,85,99.0,100.0,10,46,161,-,977.5,2019,2019-12-21
12,22,8.8,4.0,8.3,11.8,68,93.0,100.0,10,34,15,-,973.3,2019,2019-12-22
12,23,0.0,2.0,6.1,11.3,78,93.0,100.0,6,18,307,4887,986.8,2019,2019-12-23
12,24,0.0,-0.1,4.3,9.5,63,86.0,100.0,6,18,280,4243,998.0,2019,2019-12-24
12,25,0.0,-0.7,4.3,11.1,60,84.0,100.0,6,17,305,6392,999.1,2019,2019-12-25
12,26,0.0,-1.3,5.3,12.6,44,75.0,95.0,6,19,332,6531,1005.8,2019,2019-12-26
12,27,0.0,-0.4,5.2,11.4,63,83.0,97.0,6,15,312,4689,1006.9,2019,2019-12-27
12,28,0.0,-2.8,1.8,8.0,57,87.0,100.0,7,18,209,6383,1015.4,2019,2019-12-28
12,29,0.0,-5.2,-1.0,4.4,54,83.0,100.0,5,12,17,6617,1019.2,2019,2019-12-29
12,30,0.0,-6.3,-0.2,6.8,47,79.0,99.0,6,13,303,6565,1020.0,2019,2019-12-30
12,31,0.0,-2.4,1.9,9.0,38,74.0,92.0,5,13,335,6307,1014.1,2019,2019-12-31
1,1,0.0,-1.7,3.1,11.1,47.0,78.0,96.0,6,15,335,6627,1015.4,2020,2020-01-01
1,2,0.0,-2.1,3.4,11.8,45.0,78.0,96.0,7,17,307,6664,1015.2,2020,2020-01-02
1,3,0.0,-2.6,2.2,10.0,51.0,83.0,98.0,5,14,317,4914,1011.0,2020,2020-01-03
1,4,0.0,-2.9,2.4,11.0,40.0,81.0,100.0,6,17,301,4921,1007.2,2020,2020-01-04
1,5,0.0,-1.6,4.2,11.7,42.0,71.0,98.0,7,21,217,6872,1012.3,2020,2020-01-05
1,6,0.0,-3.6,0.3,6.1,53.0,84.0,99.0,6,13,318,4850,1015.9,2020,2020-01-06
1,7,0.0,-5.4,0.4,5.5,64.0,84.0,98.0,5,15,305,4702,1011.9,2020,2020-01-07
1,8,0.0,-2.9,4.2,10.9,35.0,69.0,91.0,6,15,306,7202,1014.1,2020,2020-01-08
1,9,0.0,-2.6,4.3,10.9,42.0,74.0,97.0,4,14,134,6721,1010.2,2020,2020-01-09
1,10,0.0,-2.1,2.5,9.2,68.0,87.0,100.0,8,17,333,5874,1009.1,2020,2020-01-10
1,11,0.0,-1.5,5.0,15.4,34.0,73.0,95.0,8,16,308,7268,1011.9,2020,2020-01-11
1,12,0.0,-3.4,2.4,9.7,54.0,78.0,98.0,8,17,328,7243,1012.4,2020,2020-01-12
1,13,0.0,-3.1,2.1,9.7,48.0,78.0,99.0,6,16,337,7403,1010.3,2020,2020-01-13
1,14,0.0,-3.3,1.2,8.6,62.0,87.0,99.0,6,14,304,6312,1010.6,2020,2020-01-14
1,15,0.0,-3.6,1.1,8.2,62.0,86.0,99.0,6,15,322,6628,1013.1,2020,2020-01-15
1,16,0.0,-3.1,4.2,13.0,52.0,79.0,100.0,7,18,312,6899,1014.0,2020,2020-01-16
1,17,0.0,-0.1,6.2,12.8,50.0,74.0,100.0,7,19,319,7185,1008.0,2020,2020-01-17
1,18,0.6,0.7,5.2,9.8,80.0,92.0,100.0,6,19,337,1824,1006.5,2020,2020-01-18
1,19,0.0,-1.2,5.3,10.4,37.0,68.0,98.0,7,21,347,5390,1012.8,2020,2020-01-19
1,20,0.0,-3.1,2.4,9.7,34.0,62.0,87.0,7,21,148,7811,1025.3,2020,2020-01-20
1,21,0.0,-5.0,0.7,8.3,46.0,74.0,90.0,7,16,228,8050,1025.0,2020,2020-01-21
1,22,0.0,-3.5,0.8,8.6,48.0,77.0,95.0,6,12,331,7882,1017.6,2020,2020-01-22
1,23,0.0,-3.6,1.9,10.3,42.0,72.0,91.0,6,17,95,8272,1014.9,2020,2020-01-23
1,24,0.0,-4.4,1.6,9.4,45.0,75.0,92.0,6,13,326,7777,1011.9,2020,2020-01-24
1,25,1.1,-0.3,6.1,12.2,58.0,81.0,96.0,6,15,142,6484,1007.8,2020,2020-01-25
1,26,0.1,4.4,6.9,10.1,79.0,94.0,100.0,3,11,96,3448,1004.2,2020,2020-01-26
1,27,0.1,1.5,6.4,9.9,82.0,95.0,100.0,4,14,187,5489,1001.9,2020,2020-01-27
1,28,3.3,5.0,6.1,7.7,100.0,100.0,100.0,4,14,159,-,991.3,2020,2020-01-28
1,29,0.0,-0.9,5.0,11.0,63.0,89.0,100.0,6,16,338,7873,993.5,2020,2020-01-29
1,30,0.0,-2.9,4.4,12.3,48.0,85.0,100.0,6,17,119,8752,1002.8,2020,2020-01-30
1,31,0.0,0.0,4.6,11.0,72.0,89.0,100.0,5,14,318,8211,1003.0,2020,2020-01-31
2,1,0.0,-1.0,4.5,11.0,69.0,90.0,100.0,5,14,196,4891,1002.3,2020,2020-02-01
2,2,0.0,-0.1,6.4,9.6,83.0,94.0,100.0,4,13,27,2317,1002.4,2020,2020-02-02
2,3,0.0,5.4,8.3,10.6,79.0,91.0,100.0,4,13,138,3847,999.4,2020,2020-02-03
2,4,3.3,2.6,7.9,12.2,24.0,70.0,100.0,11,54,1,4598,989.8,2020,2020-02-04
2,5,0.0,-3.0,6.3,11.5,22.0,39.0,72.0,13,46,24,10869,1002.0,2020,2020-02-05
2,6,0.0,-2.8,3.4,11.1,25.0,52.0,82.0,9,22,336,10548,1012.1,2020,2020-02-06
2,7,0.0,-3.5,3.0,12.0,29.0,62.0,85.0,6,16,30,10552,1010.5,2020,2020-02-07
2,8,0.0,-3.8,3.2,11.6,38.0,68.0,91.0,7,22,99,10490,1012.7,2020,2020-02-08
2,9,0.0,-3.2,3.7,9.6,58.0,79.0,94.0,5,15,166,8700,1013.3,2020,2020-02-09
2,10,0.0,4.0,5.2,6.3,86.0,93.0,100.0,3,13,6,-,999.3,2020,2020-02-10
2,11,0.0,0.9,7.0,13.7,66.0,89.0,100.0,5,23,84,9635,991.5,2020,2020-02-11
2,12,0.0,-1.2,4.9,12.8,48.0,77.0,100.0,6,20,140,11256,1000.8,2020,2020-02-12
2,13,1.2,-0.8,5.8,12.2,48.0,76.0,100.0,6,18,131,9951,1002.6,2020,2020-02-13
2,14,1.2,1.0,6.5,13.8,49.0,82.0,100.0,7,21,217,11605,1001.4,2020,2020-02-14
2,15,0.0,0.7,6.5,14.0,46.0,75.0,100.0,7,19,195,10863,1011.1,2020,2020-02-15
2,16,0.0,0.6,6.2,12.4,63.0,86.0,100.0,5,13,332,7306,1012.1,2020,2020-02-16
2,17,0.1,5.3,6.7,8.3,91.0,97.0,100.0,3,11,138,-,1008.9,2020,2020-02-17
2,18,0.1,4.1,9.0,14.7,63.0,85.0,100.0,6,17,9,10065,1006.8,2020,2020-02-18
2,19,1.0,-0.4,7.3,14.2,41.0,74.0,100.0,8,51,285,9604,1003.6,2020,2020-02-19
2,20,0.1,-1.5,4.9,11.6,37.0,72.0,96.0,8,26,158,12604,1008.2,2020,2020-02-20
2,21,0.0,-1.7,4.9,11.9,51.0,76.0,98.0,6,17,321,11068,1008.7,2020,2020-02-21
2,22,0.0,-0.2,6.5,13.3,30.0,67.0,95.0,6,18,163,12834,1014.7,2020,2020-02-22
2,23,0.0,-0.6,5.9,13.3,63.0,88.0,100.0,5,16,64,9053,1008.8,2020,2020-02-23
2,24,0.0,4.5,10.0,15.7,61.0,81.0,99.0,6,18,17,4585,1002.8,2020,2020-02-24
2,25,0.0,7.5,9.1,11.2,82.0,93.0,100.0,5,18,142,3250,992.8,2020,2020-02-25
2,26,8.2,1.5,6.8,10.5,53.0,84.0,100.0,8,57,338,5864,982.5,2020,2020-02-26
2,27,0.0,-2.7,4.7,10.4,31.0,66.0,94.0,9,29,149,11742,990.9,2020,2020-02-27
2,28,0.0,-2.2,6.2,14.2,14.0,48.0,87.0,12,42,15,15193,997.9,2020,2020-02-28
2,29,0.0,-0.6,6.5,12.1,40.0,60.0,78.0,6,15,56,8029,999.6,2020,2020-02-29
3,1,28.6,5.3,6.6,7.7,69.0,94.0,100.0,8,23,0,-,990.0,2020,2020-03-01
3,2,67.8,5.0,6.6,8.6,91.0,98.0,100.0,11,40,13,2696,984.2,2020,2020-03-02
3,3,2.1,5.6,8.2,12.2,66.0,85.0,100.0,10,37,0,7507,983.0,2020,2020-03-03
3,4,0.0,0.8,6.6,11.9,46.0,75.0,98.0,7,22,135,10221,994.7,2020,2020-03-04
3,5,4.1,-0.4,5.5,10.3,51.0,79.0,99.0,6,21,281,8348,993.4,2020,2020-03-05
3,6,7.3,2.8,6.4,10.2,75.0,92.0,100.0,9,34,221,7452,984.3,2020,2020-03-06
3,7,0.1,1.0,8.1,14.0,45.0,77.0,100.0,8,23,242,12887,995.5,2020,2020-03-07
3,8,0.0,-0.9,5.8,12.5,41.0,69.0,94.0,8,25,204,16636,1003.2,2020,2020-03-08
3,9,0.0,1.8,7.1,12.0,57.0,78.0,95.0,5,18,165,12580,997.7,2020,2020-03-09
3,10,0.0,2.0,7.4,13.0,46.0,75.0,95.0,5,17,154,8449,1000.4,2020,2020-03-10
3,11,0.0,1.2,8.3,16.4,46.0,75.0,98.0,6,17,123,15963,1002.5,2020,2020-03-11
3,12,0.0,1.7,9.1,16.1,47.0,79.0,100.0,6,19,314,16138,1002.4,2020,2020-03-12
3,13,0.0,7.3,10.7,15.5,74.0,87.0,100.0,5,18,130,7983,999.0,2020,2020-03-13
3,14,1.9,4.6,8.8,11.8,53.0,80.0,97.0,7,27,310,2781,1002.8,2020,2020-03-14
3,15,0.0,0.6,7.0,14.1,30.0,68.0,97.0,6,21,133,17902,1007.9,2020,2020-03-15
3,16,0.0,-1.4,6.3,13.9,38.0,67.0,94.0,6,19,233,18245,1010.4,2020,2020-03-16
3,17,0.0,-0.6,7.6,15.5,47.0,75.0,97.0,5,15,116,17762,1013.6,2020,2020-03-17
3,18,0.0,4.3,12.8,20.7,36.0,61.0,93.0,8,21,191,18028,1010.2,2020,2020-03-18
3,19,0.0,6.0,13.1,20.4,39.0,65.0,95.0,7,21,165,18178,1007.2,2020,2020-03-19
3,20,0.0,3.1,10.9,17.3,57.0,82.0,100.0,6,22,169,16717,1004.4,2020,2020-03-20
3,21,0.0,7.3,11.2,16.4,60.0,86.0,100.0,5,27,47,13873,999.1,2020,2020-03-21
3,22,0.2,2.1,8.5,14.2,35.0,58.0,86.0,10,32,162,16338,1003.9,2020,2020-03-22
3,23,0.0,-1.7,4.2,10.1,21.0,44.0,74.0,8,28,202,20272,1010.8,2020,2020-03-23
3,24,0.0,-4.1,5.3,13.2,24.0,45.0,76.0,10,37,3,16739,1008.8,2020,2020-03-24
3,25,0.0,0.0,5.0,11.0,27.0,43.0,63.0,13,49,121,16655,1005.4,2020,2020-03-25
3,26,0.0,4.1,8.1,13.2,39.0,46.0,57.0,15,40,31,8538,999.9,2020,2020-03-26
3,27,0.0,4.4,10.5,15.8,43.0,58.0,84.0,7,28,18,6987,999.4,2020,2020-03-27
3,28,0.0,2.8,11.3,19.2,31.0,59.0,88.0,8,23,102,19189,997.2,2020,2020-03-28
3,29,0.0,3.4,12.0,19.6,33.0,61.0,89.0,8,23,201,13843,995.5,2020,2020-03-29
3,30,1.3,2.4,7.3,11.6,71.0,80.0,92.0,8,24,44,3855,1000.5,2020,2020-03-30
3,31,0.0,-1.8,4.8,11.8,24.0,54.0,88.0,8,40,143,18728,1006.0,2020,2020-03-31
4,1,0.0,-2.8,4.3,11.0,34.0,57.0,84.0,9,28,207,21255,1004.7,2020,2020-04-01
4,2,0.0,-2.2,6.0,13.6,34.0,60.0,89.0,7,25,226,21229,998.2,2020,2020-04-02
4,3,0.0,-1.1,8.0,16.8,33.0,63.0,92.0,7,23,231,20930,998.0,2020,2020-04-03
4,4,0.0,4.0,11.7,18.9,29.0,52.0,86.0,9,27,190,20751,1004.0,2020,2020-04-04
4,5,0.0,3.8,12.7,21.2,22.0,46.0,81.0,8,29,136,22066,1007.4,2020,2020-04-05
4,6,0.0,5.1,14.5,22.7,22.0,42.0,74.0,10,30,13,21658,1009.0,2020,2020-04-06
4,7,0.0,4.2,13.6,23.0,20.0,45.0,75.0,7,18,133,22242,1011.1,2020,2020-04-07
4,8,0.0,3.0,13.9,23.2,11.0,36.0,74.0,9,30,110,23222,1008.8,2020,2020-04-08
4,9,0.0,6.3,14.9,23.4,19.0,39.0,77.0,8,22,167,22646,1004.6,2020,2020-04-09
4,10,0.0,5.9,16.6,25.8,18.0,43.0,75.0,9,29,203,22213,1003.9,2020,2020-04-10
4,11,0.0,5.3,16.2,25.4,18.0,44.0,83.0,8,25,169,22200,1003.7,2020,2020-04-11
4,12,0.0,7.4,15.7,24.6,21.0,48.0,76.0,9,28,157,21132,1001.7,2020,2020-04-12
4,13,0.0,7.1,14.6,21.8,38.0,59.0,84.0,8,29,153,19605,997.0,2020,2020-04-13
4,14,0.7,3.0,11.0,18.8,49.0,69.0,86.0,9,46,70,17787,998.4,2020,2020-04-14
4,15,0.0,1.6,9.0,16.0,36.0,56.0,87.0,6,20,206,23752,1008.5,2020,2020-04-15
4,16,0.0,2.1,11.7,20.5,24.0,60.0,93.0,6,26,147,21779,1004.5,2020,2020-04-16
4,17,0.0,4.2,12.4,20.7,40.0,67.0,95.0,6,23,147,22968,1001.6,2020,2020-04-17
4,18,0.0,5.9,14.0,22.0,39.0,66.0,98.0,6,23,167,22783,999.5,2020,2020-04-18
4,19,0.0,7.6,15.7,23.1,39.0,64.0,93.0,7,24,187,21070,996.5,2020,2020-04-19
4,20,0.0,12.6,15.2,18.2,43.0,58.0,83.0,8,30,94,6250,997.3,2020,2020-04-20
4,21,0.0,6.9,14.8,21.5,22.0,42.0,61.0,9,35,116,17486,997.5,2020,2020-04-21
4,22,0.1,5.6,15.4,22.9,26.0,41.0,69.0,10,39,127,24890,1000.6,2020,2020-04-22
4,23,0.0,7.1,15.3,23.1,25.0,46.0,73.0,8,24,94,24689,1000.9,2020,2020-04-23
4,24,0.0,6.9,15.4,23.5,29.0,51.0,83.0,8,27,160,23522,996.0,2020,2020-04-24
4,25,0.0,6.4,15.6,22.5,34.0,63.0,87.0,7,30,90,22821,991.5,2020,2020-04-25
4,26,0.2,9.2,15.6,19.9,49.0,68.0,98.0,8,28,195,18375,992.7,2020,2020-04-26
4,27,0.5,10.2,16.1,22.1,47.0,73.0,98.0,6,27,145,19245,994.5,2020,2020-04-27
4,28,9.9,11.6,14.4,20.2,63.0,89.0,100.0,6,32,144,8390,993.3,2020,2020-04-28
4,29,1.1,8.9,13.8,17.9,60.0,90.0,100.0,6,24,17,10484,990.5,2020,2020-04-29
4,30,12.1,7.6,14.4,20.3,51.0,78.0,100.0,8,26,161,18686,992.8,2020,2020-04-30
5,1,2.9,9.0,14.7,20.0,54.0,81.0,100.0,8,26,172,17512,989.7,2020,2020-05-01
5,2,1.8,9.4,15.2,21.8,49.0,80.0,100.0,8,31,132,20435,990.2,2020,2020-05-02
5,3,0.1,7.0,14.5,20.4,38.0,67.0,100.0,7,24,159,24247,997.3,2020,2020-05-03
5,4,0.0,8.9,15.0,21.8,38.0,66.0,93.0,9,35,205,26949,1000.6,2020,2020-05-04
5,5,0.0,8.2,14.4,20.4,41.0,73.0,94.0,5,18,97,13715,996.8,2020,2020-05-05
5,6,0.0,8.5,14.9,21.1,41.0,65.0,91.0,8,30,157,22333,999.1,2020,2020-05-06
5,7,0.0,7.0,15.4,22.7,39.0,65.0,97.0,7,24,167,26746,1004.2,2020,2020-05-07
5,8,0.0,8.4,16.3,24.6,36.0,68.0,100.0,7,26,154,25145,1002.4,2020,2020-05-08
5,9,0.0,10.9,18.1,24.7,37.0,66.0,97.0,6,24,126,25472,997.6,2020,2020-05-09
5,10,0.0,12.3,17.5,23.5,49.0,75.0,100.0,7,23,149,18964,994.4,2020,2020-05-10
5,11,33.2,12.5,14.9,20.2,70.0,95.0,100.0,9,42,157,12956,988.7,2020,2020-05-11
5,12,7.7,9.9,13.5,22.1,64.0,92.0,100.0,6,48,85,13143,993.6,2020,2020-05-12
5,13,0.7,10.2,15.1,18.9,73.0,90.0,100.0,7,18,355,11400,994.8,2020,2020-05-13
5,14,3.5,12.4,18.9,24.1,53.0,78.0,100.0,6,25,73,23999,990.3,2020,2020-05-14
5,15,3.5,14.1,17.0,20.6,72.0,88.0,98.0,7,27,147,17037,993.2,2020,2020-05-15
5,16,1.9,12.9,15.9,21.0,55.0,83.0,100.0,5,18,76,13763,1002.0,2020,2020-05-16
5,17,3.0,13.3,19.7,26.8,44.0,75.0,100.0,6,27,85,25010,999.4,2020,2020-05-17
5,18,0.0,12.7,20.4,25.8,43.0,69.0,97.0,7,20,131,22218,1000.8,2020,2020-05-18
5,19,5.0,14.9,19.2,25.8,48.0,74.0,100.0,8,39,95,9805,997.0,2020,2020-05-19
5,20,0.0,12.8,20.4,26.8,37.0,69.0,97.0,9,30,70,23973,994.8,2020,2020-05-20
5,21,0.0,11.6,18.9,25.0,46.0,69.0,96.0,6,20,212,27343,1000.6,2020,2020-05-21
5,22,0.0,12.6,18.6,23.5,42.0,67.0,97.0,6,25,163,21437,1005.5,2020,2020-05-22
5,23,5.6,13.4,19.4,25.2,41.0,69.0,99.0,5,24,165,20977,1004.1,2020,2020-05-23
5,24,0.1,11.5,17.7,24.1,26.0,65.0,100.0,7,24,74,26330,1006.7,2020,2020-05-24
5,25,0.0,10.2,17.2,23.9,45.0,70.0,94.0,8,24,140,23376,1007.4,2020,2020-05-25
5,26,0.1,9.7,16.1,22.3,52.0,76.0,98.0,9,30,195,21646,1009.7,2020,2020-05-26
5,27,0.0,8.9,17.4,24.2,34.0,61.0,95.0,9,24,211,29551,1010.4,2020,2020-05-27
5,28,1.9,9.5,16.7,24.3,36.0,69.0,99.0,6,27,99,21891,1005.9,2020,2020-05-28
5,29,0.1,9.3,17.0,23.8,27.0,60.0,100.0,6,26,144,25258,1002.9,2020,2020-05-29
5,30,0.2,9.1,15.9,20.5,42.0,67.0,92.0,5,17,171,17246,999.8,2020,2020-05-30
5,31,1.4,11.3,16.6,21.4,43.0,69.0,100.0,5,26,188,22396,998.7,2020,2020-05-31
6,1,0.0,9.3,18.8,26.2,35.0,63.0,99.0,8,35,188,29516,998.8,2020,2020-06-01
6,2,0.1,12.2,19.4,27.2,40.0,67.0,95.0,7,31,194,26995,995.2,2020,2020-06-02
6,3,5.2,12.2,19.3,25.7,49.0,76.0,99.0,7,26,248,21720,989.8,2020,2020-06-03
6,4,69.5,13.9,15.9,19.2,83.0,96.0,100.0,11,37,167,7045,985.0,2020,2020-06-04
6,5,17.8,13.6,17.3,22.8,54.0,86.0,100.0,7,28,117,18814,982.0,2020,2020-06-05
6,6,17.2,15.2,18.0,23.6,66.0,92.0,100.0,6,21,254,14433,989.6,2020,2020-06-06
6,7,30.7,14.8,16.8,20.4,81.0,96.0,100.0,6,23,313,5602,990.3,2020,2020-06-07
6,8,27.3,14.8,16.0,18.2,92.0,98.0,100.0,8,22,3,5896,991.6,2020,2020-06-08
6,9,1.1,14.8,18.1,23.1,59.0,84.0,100.0,7,24,17,18238,991.9,2020,2020-06-09
6,10,13.0,12.0,15.3,17.7,81.0,93.0,100.0,5,23,119,8001,992.5,2020,2020-06-10
6,11,7.8,11.1,15.8,21.5,57.0,87.0,100.0,7,27,241,18806,993.1,2020,2020-06-11
6,12,0.1,10.4,18.0,23.9,60.0,81.0,100.0,6,24,242,23486,994.3,2020,2020-06-12
6,13,0.0,13.9,20.3,26.6,56.0,83.0,100.0,6,23,132,-,992.9,2020,2020-06-13
6,14,0.4,16.6,19.3,23.3,71.0,90.0,100.0,6,24,159,13819,992.3,2020,2020-06-14
6,15,8.0,16.5,17.9,20.2,87.0,98.0,100.0,4,12,147,7724,995.1,2020,2020-06-15
6,16,0.0,16.0,20.1,24.6,60.0,84.0,100.0,4,18,301,17797,993.8,2020,2020-06-16
6,17,0.0,14.2,19.6,25.3,58.0,84.0,100.0,6,28,284,22320,991.6,2020,2020-06-17
6,18,13.8,13.9,18.4,25.1,60.0,88.0,100.0,8,39,357,19365,993.3,2020,2020-06-18
6,19,2.2,14.7,18.3,23.2,68.0,89.0,100.0,7,30,19,16608,996.2,2020,2020-06-19
6,20,0.5,14.4,19.4,25.8,47.0,79.0,99.0,6,21,344,22253,997.4,2020,2020-06-20
6,21,0.0,12.9,19.4,26.1,51.0,82.0,100.0,6,19,129,20659,996.4,2020,2020-06-21
6,22,0.0,13.9,23.1,30.9,34.0,61.0,99.0,7,20,252,29344,997.4,2020,2020-06-22
6,23,0.0,17.3,24.3,30.6,35.0,57.0,92.0,8,27,231,29867,999.1,2020,2020-06-23
6,24,0.0,19.2,22.3,27.3,43.0,66.0,89.0,5,22,158,19166,1001.1,2020,2020-06-24
6,25,0.2,16.8,19.7,23.9,57.0,76.0,98.0,7,30,342,10394,1001.1,2020,2020-06-25
6,26,0.0,17.2,22.5,28.7,48.0,72.0,97.0,5,20,121,25402,998.7,2020,2020-06-26
6,27,0.0,17.6,23.4,30.2,52.0,78.0,99.0,6,24,162,23567,997.2,2020,2020-06-27
6,28,0.0,18.1,24.4,30.4,53.0,79.0,100.0,6,22,346,22953,996.2,2020,2020-06-28
6,29,1.3,17.8,22.7,29.0,59.0,82.0,100.0,6,31,23,17809,992.6,2020,2020-06-29
6,30,0.0,17.7,23.9,29.7,50.0,75.0,99.0,5,22,84,24040,993.7,2020,2020-06-30
7,1,2.8,18.8,24.0,30.3,56.0,79.0,99.0,7,31,206,20522,993.0,2020,2020-07-01
7,2,0.1,17.6,22.8,29.3,51.0,80.0,100.0,7,25,7,21960,992.3,2020,2020-07-02
7,3,0.1,16.5,22.5,28.3,49.0,71.0,95.0,7,29,143,21471,994.8,2020,2020-07-03
7,4,0.0,16.3,22.9,28.5,37.0,66.0,97.0,6,21,182,30278,998.2,2020,2020-07-04
7,5,0.0,15.8,23.8,29.9,41.0,67.0,98.0,6,24,197,28472,997.3,2020,2020-07-05
7,6,14.5,16.8,24.9,32.2,31.0,66.0,98.0,9,44,10,27342,991.1,2020,2020-07-06
7,7,0.0,13.4,19.9,26.0,29.0,66.0,98.0,7,31,101,28779,997.7,2020,2020-07-07
7,8,0.0,12.6,20.4,26.7,44.0,71.0,99.0,5,18,246,28412,999.3,2020,2020-07-08
7,9,0.0,15.3,22.9,30.4,27.0,66.0,100.0,5,18,122,28455,998.3,2020,2020-07-09
7,10,0.0,14.5,23.7,30.6,48.0,70.0,97.0,5,21,153,27947,996.0,2020,2020-07-10
7,11,18.8,13.5,20.3,25.8,57.0,86.0,100.0,7,39,286,10574,996.9,2020,2020-07-11
7,12,0.0,12.4,20.3,26.5,43.0,67.0,100.0,5,20,117,28008,1003.0,2020,2020-07-12
7,13,0.0,15.1,20.6,25.9,39.0,63.0,90.0,5,21,166,26969,1001.8,2020,2020-07-13
7,14,0.0,13.9,20.6,26.1,39.0,64.0,91.0,5,19,153,26744,997.2,2020,2020-07-14
7,15,0.4,16.2,20.6,26.5,46.0,72.0,95.0,5,19,129,19623,995.7,2020,2020-07-15
7,16,0.7,14.0,20.2,26.0,55.0,82.0,100.0,6,32,323,20366,996.0,2020,2020-07-16
7,17,32.0,15.9,18.9,24.6,59.0,88.0,100.0,6,22,22,13165,996.7,2020,2020-07-17
7,18,0.7,13.9,18.6,23.7,59.0,86.0,100.0,3,18,153,15706,997.8,2020,2020-07-18
7,19,0.0,13.4,19.7,25.7,53.0,83.0,100.0,4,19,224,20771,997.6,2020,2020-07-19
7,20,0.0,14.9,22.1,28.5,55.0,80.0,100.0,6,19,161,26287,998.5,2020,2020-07-20
7,21,0.2,17.4,23.3,30.5,51.0,82.0,100.0,5,21,160,22771,1000.0,2020,2020-07-21
7,22,0.2,17.7,23.2,31.0,52.0,78.0,100.0,9,33,341,21461,998.3,2020,2020-07-22
7,23,4.9,16.4,23.9,30.6,41.0,69.0,100.0,7,67,0,26638,994.5,2020,2020-07-23
7,24,28.1,15.9,19.7,24.6,70.0,87.0,100.0,-,65,-,9270,993.3,2020,2020-07-24
7,25,0.0,16.0,21.7,28.8,45.0,80.0,100.0,-,19,-,25535,994.6,2020,2020-07-25
7,26,9.7,15.7,21.5,28.2,55.0,83.0,100.0,-,48,-,20465,996.4,2020,2020-07-26
7,27,0.0,16.6,23.7,30.1,42.0,75.0,100.0,-,17,-,26624,998.3,2020,2020-07-27
7,28,0.0,17.4,24.6,30.8,55.0,79.0,100.0,6,32,-,25981,996.4,2020,2020-07-28
7,29,0.0,19.4,25.7,31.4,56.0,80.0,100.0,5,16,-,24334,996.4,2020,2020-07-29
7,30,0.0,21.4,27.2,33.7,47.0,75.0,96.0,5,16,172,22923,997.4,2020,2020-07-30
7,31,0.0,21.9,27.2,34.5,49.0,75.0,97.0,6,27,124,23309,995.7,2020,2020-07-31
8,1,3.9,20.3,27.7,35.0,45.0,69.0,97.0,9,50,311,23959,993.4,2020,2020-08-01
8,2,3.1,19.1,23.5,29.6,51.0,76.0,99.0,9,35,230,16808,992.7,2020,2020-08-02
8,3,20.9,17.8,21.7,27.6,57.0,87.0,100.0,6,19,56,13597,987.5,2020,2020-08-03
8,4,10.5,16.8,20.5,26.1,60.0,82.0,100.0,6,24,221,14750,987.9,2020,2020-08-04
8,5,0.3,15.6,21.0,28.2,42.0,68.0,93.0,6,32,74,16266,995.1,2020,2020-08-05
8,6,0.0,14.7,22.4,29.8,47.0,73.0,94.0,5,16,244,23780,998.3,2020,2020-08-06
8,7,0.0,17.3,25.2,32.7,31.0,65.0,96.0,6,21,114,25593,999.7,2020,2020-08-07
8,8,0.0,18.6,26.5,34.0,28.0,57.0,81.0,8,17,343,25573,999.1,2020,2020-08-08
8,9,0.0,17.4,25.8,33.4,37.0,66.0,91.0,6,18,226,24599,997.1,2020,2020-08-09
8,10,0.6,18.9,26.3,32.8,43.0,69.0,90.0,6,15,177,22919,995.9,2020,2020-08-10
8,11,4.7,19.5,24.3,31.9,49.0,79.0,95.0,6,37,119,17162,997.3,2020,2020-08-11
8,12,0.0,18.4,25.1,31.7,45.0,71.0,94.0,6,18,97,23721,997.4,2020,2020-08-12
8,13,7.8,19.1,24.6,30.9,56.0,78.0,96.0,7,30,203,21202,996.2,2020,2020-08-13
8,14,7.4,16.8,21.2,30.3,56.0,84.0,97.0,8,69,296,14811,994.6,2020,2020-08-14
8,15,0.0,16.2,23.1,29.7,43.0,73.0,97.0,6,19,218,22526,994.1,2020,2020-08-15
8,16,0.0,17.8,23.9,30.0,49.0,75.0,94.0,6,31,151,22612,993.2,2020,2020-08-16
8,17,18.9,16.4,21.1,29.4,54.0,85.0,99.0,8,51,234,16019,992.6,2020,2020-08-17
8,18,9.6,14.6,20.3,27.6,54.0,82.0,98.0,7,33,18,17404,992.6,2020,2020-08-18
8,19,0.5,15.9,21.9,27.8,50.0,77.0,97.0,5,18,163,23761,993.0,2020,2020-08-19
8,20,0.0,18.7,23.2,29.0,57.0,80.0,98.0,4,15,163,20462,995.3,2020,2020-08-20
8,21,0.0,18.4,24.3,30.0,58.0,82.0,100.0,5,21,177,19522,997.7,2020,2020-08-21
8,22,0.0,18.9,24.6,30.4,57.0,79.0,100.0,5,20,162,19354,996.0,2020,2020-08-22
8,23,4.3,18.1,23.7,30.5,45.0,70.0,95.0,8,26,96,20104,995.5,2020,2020-08-23
8,24,1.8,15.9,22.3,27.8,42.0,66.0,93.0,9,30,334,20718,995.6,2020,2020-08-24
8,25,0.0,13.2,20.6,28.0,35.0,69.0,96.0,7,24,104,22826,996.8,2020,2020-08-25
8,26,0.0,15.8,21.1,27.1,53.0,78.0,95.0,5,19,187,16700,996.5,2020,2020-08-26
8,27,0.0,16.7,22.6,30.3,44.0,77.0,97.0,5,17,43,15493,995.1,2020,2020-08-27
8,28,0.0,17.1,23.2,29.5,53.0,78.0,97.0,6,21,141,15795,990.1,2020,2020-08-28
8,29,9.1,17.9,23.2,29.5,56.0,81.0,96.0,10,66,264,14493,986.4,2020,2020-08-29
8,30,13.2,15.0,19.5,25.0,69.0,89.0,99.0,9,34,138,9894,989.2,2020,2020-08-30
8,31,18.1,13.4,17.1,22.8,72.0,88.0,97.0,7,42,130,8377,994.3,2020,2020-08-31
9,1,6.8,13.2,17.5,24.8,52.0,82.0,100.0,6,28,162,18425,994.1,2020,2020-09-01
9,2,5.1,14.0,17.7,23.8,45.0,80.0,100.0,6,17,7,14937,998.5,2020,2020-09-02
9,3,0.0,12.6,18.7,26.1,32.0,70.0,96.0,6,18,351,20799,1003.0,2020,2020-09-03
9,4,0.0,12.9,19.4,26.5,46.0,74.0,97.0,5,14,157,19353,1006.9,2020,2020-09-04
9,5,0.1,13.0,20.5,27.6,48.0,79.0,100.0,5,14,184,19746,999.9,2020,2020-09-05
9,6,0.0,15.2,21.4,28.0,55.0,81.0,100.0,6,17,140,17174,995.0,2020,2020-09-06
9,7,0.1,14.3,19.8,26.1,53.0,80.0,96.0,6,23,81,13205,999.9,2020,2020-09-07
9,8,0.1,13.4,19.6,26.7,43.0,75.0,97.0,6,15,139,19055,1006.9,2020,2020-09-08
9,9,0.0,13.0,20.2,27.8,45.0,77.0,100.0,5,19,176,18546,1004.2,2020,2020-09-09
9,10,0.1,15.1,21.6,28.9,46.0,76.0,99.0,6,19,134,16823,998.6,2020,2020-09-10
9,11,0.0,16.0,21.9,29.1,42.0,72.0,92.0,7,28,127,17327,996.7,2020,2020-09-11
9,12,0.0,15.2,22.2,30.3,37.0,70.0,95.0,8,25,114,18876,999.8,2020,2020-09-12
9,13,0.0,15.4,22.8,30.7,40.0,70.0,94.0,6,17,111,18006,1005.5,2020,2020-09-13
9,14,0.0,16.8,22.7,30.6,41.0,71.0,92.0,8,23,126,17895,1007.4,2020,2020-09-14
9,15,0.0,17.2,23.4,31.7,35.0,62.0,89.0,9,24,82,17927,1003.4,2020,2020-09-15
9,16,0.0,16.9,23.6,31.3,37.0,62.0,84.0,8,24,81,17190,998.5,2020,2020-09-16
9,17,0.0,15.7,21.7,31.0,32.0,64.0,89.0,8,32,25,12189,998.7,2020,2020-09-17
9,18,0.0,12.9,19.6,27.7,43.0,69.0,93.0,6,31,117,15928,1002.4,2020,2020-09-18
9,19,0.0,10.8,17.8,26.6,33.0,70.0,97.0,6,21,120,16564,1001.6,2020,2020-09-19
9,20,0.0,11.3,17.8,26.3,40.0,72.0,95.0,5,20,152,16037,998.4,2020,2020-09-20
9,21,0.0,12.4,18.8,26.7,45.0,75.0,95.0,6,21,111,14862,998.3,2020,2020-09-21
9,22,8.1,14.5,18.6,24.2,62.0,86.0,99.0,7,24,263,8924,996.7,2020,2020-09-22
9,23,11.6,14.0,17.4,22.5,69.0,94.0,100.0,5,17,184,8910,992.9,2020,2020-09-23
9,24,74.7,13.8,18.0,23.8,63.0,89.0,100.0,6,83,305,9855,992.6,2020,2020-09-24
9,25,9.9,9.2,16.8,22.6,61.0,88.0,100.0,-,-,-,7020,978.1,2020,2020-09-25
9,26,0.1,9.7,12.5,16.6,56.0,76.0,97.0,-,-,-,10239,980.5,2020,2020-09-26
9,27,4.9,7.0,12.8,17.6,49.0,75.0,96.0,-,-,-,12103,988.3,2020,2020-09-27
9,28,24.5,7.7,11.1,14.1,73.0,87.0,97.0,-,-,-,5742,990.7,2020,2020-09-28
9,29,0.2,5.6,12.2,19.7,51.0,83.0,100.0,-,-,-,15583,999.1,2020,2020-09-29
9,30,0.2,7.1,13.4,20.8,53.0,84.0,100.0,-,-,-,15181,997.1,2020,2020-09-30
10,1,0.0,10.4,14.6,18.1,71.0,89.0,100.0,-,-,-,5699,991.1,2020,2020-10-01
10,2,12.3,11.5,15.3,17.0,91.0,97.0,100.0,-,-,-,2975,987.2,2020,2020-10-02
10,3,17.4,11.4,16.3,19.2,94.0,97.0,100.0,-,-,-,-,983.6,2020,2020-10-03
10,4,25.7,9.1,13.8,19.7,62.0,91.0,100.0,-,-,-,8418,989.6,2020,2020-10-04
10,5,18.1,9.8,14.0,20.1,55.0,88.0,100.0,-,-,-,11776,991.9,2020,2020-10-05
10,6,0.5,7.3,13.7,19.3,60.0,85.0,100.0,-,-,-,12008,996.0,2020,2020-10-06
10,7,2.3,7.7,14.2,20.2,51.0,83.0,100.0,6,27,268,13197,995.0,2020,2020-10-07
10,8,0.2,6.7,13.2,20.4,45.0,81.0,100.0,6,19,149,14537,1004.5,2020,2020-10-08
10,9,0.1,8.3,13.8,20.5,59.0,83.0,98.0,6,18,147,12881,1004.6,2020,2020-10-09
10,10,0.1,9.1,14.0,20.4,55.0,88.0,100.0,5,21,154,11674,1000.2,2020,2020-10-10
10,11,39.5,8.2,10.0,13.8,68.0,85.0,99.0,18,44,358,1243,996.7,2020,2020-10-11
10,12,0.1,3.6,11.7,19.0,31.0,55.0,87.0,11,37,14,11032,994.2,2020,2020-10-12
10,13,0.0,3.3,9.5,16.9,38.0,68.0,93.0,9,24,222,13978,991.6,2020,2020-10-13
10,14,0.2,2.8,9.5,17.2,40.0,76.0,97.0,7,20,137,13046,992.7,2020,2020-10-14
10,15,22.6,8.4,9.7,11.7,70.0,84.0,92.0,14,38,357,-,991.6,2020,2020-10-15
10,16,0.0,6.6,10.9,16.0,52.0,79.0,98.0,5,17,201,10461,995.0,2020,2020-10-16
10,17,0.0,4.7,10.4,16.5,64.0,86.0,100.0,5,20,167,8046,998.7,2020,2020-10-17
10,18,0.1,6.4,10.8,17.7,54.0,85.0,99.0,5,15,163,9991,1003.5,2020,2020-10-18
10,19,0.1,5.9,11.2,16.8,62.0,87.0,100.0,5,16,144,8386,1007.0,2020,2020-10-19
10,20,0.0,8.0,12.2,17.3,64.0,87.0,99.0,5,17,155,8697,1007.3,2020,2020-10-20
10,21,0.0,8.9,12.4,17.3,65.0,89.0,100.0,4,20,177,8229,1006.6,2020,2020-10-21
10,22,0.0,8.2,12.0,16.2,75.0,92.0,100.0,4,16,147,7344,1006.6,2020,2020-10-22
10,23,12.2,8.0,12.7,17.1,75.0,94.0,100.0,5,16,1,6007,1003.3,2020,2020-10-23
10,24,10.1,12.7,15.0,20.1,77.0,94.0,100.0,7,19,45,6034,998.6,2020,2020-10-24
10,25,0.1,10.1,14.5,20.3,60.0,87.0,100.0,6,29,208,10984,996.5,2020,2020-10-25
10,26,14.8,12.8,14.9,17.4,76.0,92.0,100.0,6,32,209,4178,991.7,2020,2020-10-26
10,27,19.8,7.5,12.9,17.3,66.0,90.0,100.0,8,28,183,6537,992.5,2020,2020-10-27
10,28,0.2,6.3,10.3,16.3,70.0,89.0,100.0,6,14,314,8764,999.8,2020,2020-10-28
10,29,0.1,5.9,9.9,16.4,61.0,86.0,100.0,5,14,346,7185,1002.2,2020,2020-10-29
10,30,0.1,5.7,11.0,18.1,53.0,82.0,98.0,6,19,170,9735,1006.1,2020,2020-10-30
10,31,0.2,4.7,10.4,17.9,56.0,85.0,100.0,6,14,205,10256,1005.9,2020,2020-10-31
11,1,0.2,5.0,10.1,13.6,81.0,94.0,100.0,5,13,158,7491,1005.1,2020,2020-11-01
11,2,0.0,10.6,11.9,14.2,79.0,92.0,99.0,3,13,4,3188,1006.4,2020,2020-11-02
11,3,0.0,7.4,12.0,14.3,75.0,89.0,100.0,4,14,2,2504,1006.5,2020,2020-11-03
11,4,0.0,7.2,13.0,18.9,61.0,86.0,100.0,5,17,87,6439,1006.3,2020,2020-11-04
11,5,0.0,6.8,12.4,18.5,59.0,83.0,99.0,4,20,112,6485,1012.2,2020,2020-11-05
11,6,0.1,5.3,10.7,18.2,47.0,82.0,100.0,5,13,317,9495,1013.9,2020,2020-11-06
11,7,0.1,4.4,10.6,19.8,36.0,76.0,98.0,6,15,310,9500,1011.6,2020,2020-11-07
11,8,0.0,2.9,9.1,17.0,47.0,80.0,98.0,6,15,3,9000,1008.8,2020,2020-11-08
11,9,0.0,3.5,9.1,17.8,47.0,80.0,97.0,5,13,22,8547,1006.9,2020,2020-11-09
11,10,0.0,2.2,8.3,17.6,40.0,76.0,98.0,5,15,111,8741,1007.8,2020,2020-11-10
11,11,0.2,0.7,6.7,13.9,50.0,82.0,100.0,4,13,134,8677,1009.1,2020,2020-11-11
11,12,0.2,2.6,6.7,12.8,68.0,89.0,99.0,5,14,121,6376,1008.5,2020,2020-11-12
11,13,0.0,4.3,9.3,13.9,65.0,87.0,99.0,4,12,305,3936,1009.0,2020,2020-11-13
11,14,0.0,4.0,9.1,14.0,60.0,83.0,99.0,5,14,265,6111,1008.7,2020,2020-11-14
11,15,0.0,4.1,8.9,14.9,65.0,86.0,97.0,6,15,129,6858,1005.8,2020,2020-11-15
11,16,12.4,6.0,8.9,12.8,86.0,95.0,100.0,5,15,309,3013,1001.5,2020,2020-11-16
11,17,0.0,3.0,8.0,15.4,45.0,79.0,97.0,7,16,314,8283,1010.6,2020,2020-11-17
11,18,0.0,3.2,8.5,17.1,47.0,77.0,92.0,7,17,347,8098,1011.8,2020,2020-11-18
11,19,0.0,1.9,7.7,15.2,48.0,80.0,97.0,5,15,320,8045,1005.6,2020,2020-11-19
11,20,1.5,3.0,9.2,14.1,43.0,62.0,93.0,10,45,4,7575,1006.9,2020,2020-11-20
11,21,0.0,-2.8,4.8,10.6,30.0,52.0,88.0,10,48,25,8203,1016.7,2020,2020-11-21
11,22,0.0,-3.5,2.3,10.6,38.0,72.0,89.0,7,17,323,7813,1015.3,2020,2020-11-22
11,23,0.0,-2.1,3.6,10.3,43.0,72.0,91.0,6,15,1,6932,1012.4,2020,2020-11-23
11,24,0.0,-1.5,4.3,12.9,47.0,72.0,94.0,6,17,21,7414,1010.9,2020,2020-11-24
11,25,0.0,-2.7,3.2,11.8,48.0,78.0,95.0,6,15,326,7470,1008.3,2020,2020-11-25
11,26,0.0,-1.2,3.4,11.4,58.0,83.0,98.0,5,12,324,7000,1008.3,2020,2020-11-26
11,27,0.0,-1.2,3.1,11.0,58.0,87.0,99.0,6,12,330,6600,1006.7,2020,2020-11-27
11,28,0.0,-2.0,4.4,11.9,49.0,82.0,100.0,6,20,14,6615,1002.9,2020,2020-11-28
11,29,0.0,-3.7,2.7,10.7,53.0,81.0,98.0,5,14,312,6945,1002.4,2020,2020-11-29
11,30,0.0,-4.4,1.0,9.1,42.0,79.0,99.0,6,15,89,6965,1007.7,2020,2020-11-30
12,1,0.0,-5.6,1.4,7.3,46.0,74.0,98.0,5,14,342,5657,1002.0,2020,2020-12-01
12,2,14.7,-0.1,1.8,2.9,67.0,88.0,100.0,5,20,96,425,997.3,2020,2020-12-02
12,3,4.8,2.0,3.2,4.5,98.0,99.0,100.0,3,12,124,-,991.7,2020,2020-12-03
12,4,32.7,3.0,5.2,7.8,84.0,95.0,100.0,8,29,31,-,987.1,2020,2020-12-04
12,5,38.1,7.5,11.9,13.9,83.0,93.0,100.0,18,58,176,-,985.3,2020,2020-12-05
12,6,107.8,5.9,9.5,12.8,89.0,98.0,100.0,10,33,15,-,983.1,2020,2020-12-06
12,7,4.1,3.1,6.0,10.0,83.0,95.0,100.0,7,35,259,-,989.2,2020,2020-12-07
12,8,43.3,2.9,5.3,6.8,85.0,90.0,95.0,17,39,12,-,988.5,2020,2020-12-08
12,9,20.2,1.7,6.3,9.0,79.0,89.0,98.0,11,40,0,-,986.6,2020,2020-12-09
12,10,0.0,0.4,4.8,9.1,72.0,91.0,100.0,5,13,339,3383,989.4,2020,2020-12-10
12,11,0.0,-0.8,3.2,8.3,68.0,91.0,100.0,5,14,326,3729,989.3,2020,2020-12-11
12,12,0.0,-0.5,4.1,10.6,57.0,83.0,99.0,7,16,182,5373,986.2,2020,2020-12-12
12,13,0.0,-1.6,3.3,11.6,51.0,83.0,98.0,6,14,344,6367,994.6,2020,2020-12-13
12,14,0.0,-1.5,3.7,12.0,51.0,81.0,99.0,6,15,341,6352,1002.1,2020,2020-12-14
12,15,0.0,-1.3,3.5,8.5,66.0,85.0,96.0,5,15,328,2511,1004.1,2020,2020-12-15
12,16,0.0,-0.7,4.0,10.0,61.0,85.0,98.0,5,12,324,3401,1007.4,2020,2020-12-16
12,17,0.0,-0.9,4.0,11.1,67.0,88.0,100.0,7,14,338,5835,1010.1,2020,2020-12-17
12,18,0.0,2.0,6.5,13.2,61.0,82.0,95.0,8,21,330,5910,1010.7,2020,2020-12-18
12,19,0.0,-0.1,5.8,9.4,79.0,89.0,99.0,5,18,326,2049,1009.7,2020,2020-12-19
12,20,0.0,3.8,7.3,11.7,67.0,89.0,100.0,4,11,323,3088,1008.8,2020,2020-12-20
12,21,0.0,5.9,7.6,10.3,74.0,87.0,96.0,3,9,313,-,1009.7,2020,2020-12-21
12,22,0.0,6.0,6.9,8.1,94.0,98.0,100.0,2,8,19,-,1008.9,2020,2020-12-22
12,23,0.0,6.1,6.9,7.9,87.0,95.0,100.0,3,10,161,-,1007.7,2020,2020-12-23
12,24,7.8,5.9,6.9,7.8,94.0,99.0,100.0,4,17,343,-,997.3,2020,2020-12-24
12,25,14.6,2.3,5.8,7.5,66.0,89.0,100.0,11,55,355,-,994.7,2020,2020-12-25
12,26,0.0,-4.5,2.9,10.2,30.0,63.0,90.0,8,37,47,5761,1001.4,2020,2020-12-26
12,27,0.0,-5.5,-0.8,5.9,40.0,72.0,91.0,6,17,13,6343,993.8,2020,2020-12-27
12,28,47.6,-2.5,0.9,4.3,87.0,98.0,100.0,9,39,355,319,976.2,2020,2020-12-28
12,29,5.8,0.6,3.1,5.0,92.0,97.0,100.0,8,23,349,-,983.3,2020,2020-12-29
12,30,5.0,3.9,5.3,9.2,76.0,94.0,100.0,5,16,324,4781,988.2,2020,2020-12-30
12,31,0.1,-1.0,4.0,9.2,57.0,85.0,99.0,6,27,319,5006,993.2,2020,2020-12-31
1,1,12.5,1.6,4.4,6.4,80.0,90.0,98.0,8.0,23,358.0,-,995.4,2021,2021-01-01
1,2,56.4,4.0,5.1,6.1,87.0,92.0,98.0,14.0,33,340.0,-,993.4,2021,2021-01-02
1,3,2.2,0.5,5.7,10.9,75.0,89.0,98.0,8.0,21,325.0,4542,993.6,2021,2021-01-03
1,4,0.0,0.6,4.1,8.0,69.0,87.0,96.0,6.0,17,337.0,2613,994.7,2021,2021-01-04
1,5,2.7,0.3,4.6,7.5,77.0,89.0,100.0,6.0,18,29.0,2784,993.4,2021,2021-01-05
1,6,5.6,1.5,3.7,6.7,83.0,94.0,100.0,4.0,20,53.0,-,994.2,2021,2021-01-06
1,7,0.0,-0.3,3.4,8.0,63.0,90.0,100.0,6.0,16,334.0,6586,997.9,2021,2021-01-07
1,8,0.0,-4.2,1.8,9.2,37.0,70.0,92.0,9.0,33,359.0,7031,998.0,2021,2021-01-08
1,9,0.0,-5.0,-0.4,5.8,44.0,71.0,87.0,6.0,17,358.0,4849,1003.1,2021,2021-01-09
1,10,0.0,-4.9,0.7,5.0,50.0,66.0,80.0,6.0,18,41.0,2500,1002.9,2021,2021-01-10
1,11,0.0,-5.5,-1.3,4.9,42.0,68.0,87.0,6.0,17,311.0,5592,1003.9,2021,2021-01-11
1,12,0.0,-7.4,-2.4,4.4,46.0,75.0,89.0,6.0,17,337.0,4671,1000.1,2021,2021-01-12
1,13,0.0,-5.7,0.3,9.0,38.0,72.0,89.0,7.0,17,330.0,7550,998.3,2021,2021-01-13
1,14,0.0,-3.7,3.3,10.4,29.0,60.0,88.0,10.0,50,1.0,7992,995.5,2021,2021-01-14
1,15,0.0,-5.8,0.2,6.4,37.0,67.0,88.0,5.0,17,321.0,6869,1002.5,2021,2021-01-15
1,16,0.0,-6.3,-1.4,4.3,48.0,73.0,90.0,6.0,16,318.0,7555,1005.5,2021,2021-01-16
1,17,0.0,-5.5,-0.6,4.1,50.0,72.0,88.0,6.0,19,339.0,4002,1001.7,2021,2021-01-17
1,18,0.0,-6.8,-1.8,4.7,52.0,78.0,92.0,6.0,14,315.0,6882,1008.6,2021,2021-01-18
1,19,0.0,-6.1,-1.0,5.4,61.0,83.0,96.0,6.0,18,34.0,6994,1009.1,2021,2021-01-19
1,20,0.1,-3.7,1.2,4.6,71.0,84.0,96.0,5.0,14,336.0,2098,1005.8,2021,2021-01-20
1,21,10.0,-1.1,3.7,6.4,86.0,96.0,100.0,6.0,13,11.0,1310,999.7,2021,2021-01-21
1,22,82.7,5.0,6.7,10.0,98.0,99.0,100.0,9.0,34,90.0,-,987.6,2021,2021-01-22
1,23,35.8,1.2,5.7,9.9,96.0,98.0,100.0,8.0,29,189.0,-,980.1,2021,2021-01-23
1,24,0.0,-2.9,3.2,8.4,61.0,85.0,100.0,8.0,26,123.0,3568,982.2,2021,2021-01-24
1,25,0.0,-3.0,2.2,7.9,60.0,73.0,89.0,8.0,19,358.0,4711,987.0,2021,2021-01-25
1,26,0.0,-3.5,1.1,7.9,47.0,72.0,88.0,7.0,19,348.0,9017,998.3,2021,2021-01-26
1,27,0.0,-4.8,-0.2,5.0,48.0,71.0,86.0,6.0,18,344.0,5335,1001.0,2021,2021-01-27
1,28,0.0,-5.1,-0.2,5.7,57.0,77.0,95.0,7.0,16,322.0,5547,997.8,2021,2021-01-28
1,29,0.0,-2.6,1.6,7.5,66.0,80.0,92.0,7.0,17,25.0,3427,989.9,2021,2021-01-29
1,30,0.5,-2.4,3.6,8.8,69.0,89.0,100.0,7.0,25,10.0,6566,986.0,2021,2021-01-30
1,31,28.0,-1.6,4.7,9.5,69.0,89.0,100.0,9.0,32,9.0,4360,982.2,2021,2021-01-31
2,1,0.0,-1.9,2.9,9.6,53.0,82.0,98.0,5.0,13,160.0,9230,985.4,2021,2021-02-01
2,2,0.0,-1.4,4.6,10.1,60.0,85.0,99.0,6.0,14,318.0,7240,995.7,2021,2021-02-02
2,3,0.8,3.1,5.4,8.2,80.0,93.0,100.0,4.0,13,63.0,-,998.5,2021,2021-02-03
2,4,0.0,4.9,6.8,9.1,90.0,97.0,100.0,3.0,10,124.0,3248,1001.0,2021,2021-02-04
2,5,0.2,6.1,8.2,11.2,84.0,93.0,100.0,3.0,10,328.0,3249,1001.4,2021,2021-02-05
2,6,0.0,6.3,8.3,10.2,86.0,94.0,100.0,4.0,15,19.0,2620,997.3,2021,2021-02-06
2,7,53.0,7.9,9.7,11.5,84.0,97.0,100.0,10.0,52,169.0,-,982.9,2021,2021-02-07
2,8,11.7,5.4,7.6,10.8,76.0,93.0,100.0,6.0,23,247.0,6282,978.3,2021,2021-02-08
2,9,0.4,5.7,8.2,11.7,69.0,88.0,100.0,5.0,17,323.0,4656,983.4,2021,2021-02-09
2,10,25.7,6.3,7.5,9.4,87.0,96.0,100.0,7.0,20,19.0,2732,983.7,2021,2021-02-10
2,11,3.6,-2.0,4.8,8.5,68.0,86.0,100.0,7.0,23,66.0,6438,997.1,2021,2021-02-11
2,12,0.0,-2.9,-1.2,1.3,50.0,64.0,86.0,6.0,22,106.0,4613,1010.8,2021,2021-02-12
2,13,0.0,-6.1,-0.8,4.1,24.0,43.0,71.0,12.0,33,6.0,12165,1015.4,2021,2021-02-13
2,14,0.0,-7.4,0.2,6.6,19.0,44.0,80.0,8.0,25,21.0,12512,1020.9,2021,2021-02-14
2,15,0.0,-7.5,-0.9,5.3,33.0,62.0,86.0,6.0,21,209.0,12006,1020.8,2021,2021-02-15
2,16,0.0,-4.6,1.6,8.0,38.0,69.0,87.0,6.0,17,136.0,11533,1010.8,2021,2021-02-16
2,17,0.0,-1.9,2.9,10.2,46.0,76.0,93.0,6.0,17,115.0,10753,1006.3,2021,2021-02-17
2,18,0.0,2.1,5.5,9.0,65.0,80.0,92.0,6.0,15,345.0,4412,1007.6,2021,2021-02-18
2,19,0.0,4.2,6.9,11.1,59.0,80.0,91.0,5.0,16,152.0,6566,1007.8,2021,2021-02-19
2,20,0.0,4.6,8.1,13.3,54.0,75.0,90.0,6.0,18,28.0,8576,1009.1,2021,2021-02-20
2,21,0.0,5.9,8.5,13.4,56.0,78.0,91.0,4.0,14,170.0,6182,1010.9,2021,2021-02-21
2,22,0.0,4.8,8.5,13.6,56.0,80.0,99.0,4.0,18,227.0,8760,1014.6,2021,2021-02-22
2,23,0.0,1.5,7.6,13.8,68.0,88.0,100.0,5.0,13,204.0,11743,1018.6,2021,2021-02-23
2,24,0.0,1.9,13.5,24.1,19.0,52.0,99.0,9.0,23,318.0,12617,1016.7,2021,2021-02-24
2,25,0.0,5.3,13.2,22.1,28.0,53.0,87.0,8.0,20,316.0,13109,1013.4,2021,2021-02-25
2,26,0.0,2.7,10.4,19.6,35.0,64.0,85.0,6.0,15,209.0,13352,1009.6,2021,2021-02-26
2,27,0.0,2.4,10.9,19.9,36.0,59.0,85.0,9.0,31,137.0,12737,1009.5,2021,2021-02-27
2,28,0.0,-1.5,5.5,13.4,35.0,64.0,92.0,6.0,22,135.0,14792,1015.5,2021,2021-02-28
3,1,0.0,-0.6,7.2,16.8,24.0,56.0,86.0,8.0,17,127.0,14911,1014.0,2021,2021-03-01
3,2,0.0,-0.3,7.3,16.1,31.0,61.0,88.0,7.0,22,198.0,14823,1016.7,2021,2021-03-02
3,3,0.0,-0.9,6.8,15.3,38.0,68.0,93.0,6.0,20,170.0,13965,1013.9,2021,2021-03-03
3,4,0.0,0.8,6.7,12.3,49.0,83.0,99.0,5.0,21,152.0,10894,1005.8,2021,2021-03-04
3,5,7.9,4.4,9.3,14.4,55.0,80.0,96.0,8.0,31,87.0,11756,1001.0,2021,2021-03-05
3,6,0.2,-1.4,4.1,9.2,44.0,68.0,87.0,5.0,19,145.0,15579,1012.4,2021,2021-03-06
3,7,0.0,-3.2,3.0,10.0,42.0,68.0,93.0,6.0,21,196.0,15692,1007.8,2021,2021-03-07
3,8,0.0,-2.9,4.1,11.6,46.0,73.0,94.0,6.0,16,7.0,15188,1001.6,2021,2021-03-08
3,9,0.0,-1.7,6.3,12.9,37.0,61.0,91.0,5.0,20,120.0,13077,999.2,2021,2021-03-09
3,10,0.0,-1.7,5.1,12.6,40.0,63.0,85.0,9.0,25,188.0,16321,1001.9,2021,2021-03-10
3,11,0.0,,6.2,10.1,60.0,76.0,95.0,6.0,16,55.0,5797,1002.6,2021,2021-03-11
3,12,0.1,2.7,7.7,14.4,61.0,84.0,99.0,6.0,21,113.0,9802,996.6,2021,2021-03-12
3,13,0.0,2.3,8.8,15.2,50.0,78.0,96.0,9.0,32,184.0,13277,995.8,2021,2021-03-13
3,14,3.8,-1.3,5.4,10.9,60.0,86.0,96.0,10.0,53,1.0,2912,991.8,2021,2021-03-14
3,15,0.0,-2.0,4.5,11.5,46.0,76.0,98.0,6.0,20,158.0,14426,994.0,2021,2021-03-15
3,16,0.0,-0.3,7.9,14.9,16.0,41.0,86.0,14.0,48,358.0,15435,997.4,2021,2021-03-16
3,17,0.0,-2.5,5.7,13.1,26.0,51.0,82.0,8.0,26,244.0,16494,1000.2,2021,2021-03-17
3,18,0.0,-2.4,4.9,12.2,21.0,56.0,90.0,8.0,29,155.0,17420,1001.3,2021,2021-03-18
3,19,0.0,-2.7,3.5,10.6,34.0,67.0,92.0,7.0,26,114.0,16267,1000.4,2021,2021-03-19
3,20,0.0,-2.9,3.4,11.2,28.0,57.0,82.0,9.0,36,28.0,15364,1003.0,2021,2021-03-20
3,21,0.0,-3.4,3.4,9.9,23.0,42.0,79.0,8.0,21,11.0,14627,998.9,2021,2021-03-21
3,22,0.0,-4.0,5.8,14.5,22.0,51.0,79.0,9.0,28,230.0,18884,997.0,2021,2021-03-22
3,23,0.0,-1.7,6.3,14.1,32.0,57.0,84.0,10.0,32,209.0,18252,1005.4,2021,2021-03-23
3,24,0.0,-1.3,7.1,15.6,34.0,59.0,87.0,8.0,22,192.0,18825,1006.1,2021,2021-03-24
3,25,0.0,-1.3,7.7,16.3,38.0,66.0,92.0,7.0,22,209.0,18570,1005.5,2021,2021-03-25
3,26,0.0,1.7,9.6,17.5,41.0,68.0,92.0,8.0,25,158.0,17747,1007.0,2021,2021-03-26
3,27,0.0,3.9,10.5,14.6,60.0,80.0,95.0,6.0,18,119.0,7719,1008.3,2021,2021-03-27
3,28,5.2,7.8,11.3,15.6,70.0,87.0,99.0,5.0,16,30.0,7640,1013.9,2021,2021-03-28
3,29,0.0,4.8,11.6,19.0,48.0,78.0,100.0,5.0,19,165.0,18023,1015.2,2021,2021-03-29
3,30,0.0,4.7,13.0,23.1,22.0,66.0,95.0,6.0,19,211.0,-,1012.5,2021,2021-03-30
3,31,0.0,6.4,15.7,24.2,30.0,58.0,88.0,7.0,21,201.0,19924,1006.6,2021,2021-03-31
4,1,0.0,6.9,15.3,24.1,36.0,62.0,91.0,6.0,23,174.0,19782,999.7,2021,2021-04-01
4,2,0.0,7.9,15.6,23.2,37.0,65.0,90.0,8.0,22,194.0,19358,994.8,2021,2021-04-02
4,3,0.1,8.6,13.2,18.7,33.0,59.0,90.0,11.0,39,212.0,18396,995.9,2021,2021-04-03
4,4,0.0,2.8,9.4,14.9,31.0,53.0,84.0,9.0,35,202.0,21955,1001.6,2021,2021-04-04
4,5,0.0,0.1,8.0,15.3,35.0,64.0,91.0,10.0,48,194.0,19656,995.4,2021,2021-04-05
4,6,1.4,-2.9,4.9,8.5,47.0,73.0,96.0,12.0,46,109.0,12046,989.9,2021,2021-04-06
4,7,0.0,-3.9,3.3,11.0,11.0,55.0,93.0,9.0,48,318.0,14393,999.5,2021,2021-04-07
4,8,0.0,-3.5,5.5,14.0,22.0,49.0,78.0,9.0,33,183.0,23007,1008.1,2021,2021-04-08
4,9,0.0,0.8,8.9,15.1,40.0,59.0,86.0,8.0,30,167.0,17929,1009.3,2021,2021-04-09
4,10,0.0,3.5,10.3,16.1,48.0,73.0,96.0,8.0,28,171.0,12478,1005.3,2021,2021-04-10
4,11,13.4,7.8,9.0,10.9,82.0,97.0,100.0,5.0,17,107.0,4238,1003.5,2021,2021-04-11
4,12,86.1,5.4,9.9,12.0,86.0,98.0,100.0,12.0,63,358.0,2527,1000.2,2021,2021-04-12
4,13,16.5,1.3,7.6,13.1,39.0,75.0,100.0,13.0,52,23.0,11409,1003.2,2021,2021-04-13
4,14,0.0,-0.6,7.7,14.0,22.0,58.0,100.0,9.0,28,213.0,23564,1005.9,2021,2021-04-14
4,15,0.0,3.4,7.7,12.9,38.0,64.0,90.0,8.0,23,28.0,18483,1005.8,2021,2021-04-15
4,16,0.0,1.0,8.5,14.7,33.0,62.0,94.0,8.0,28,188.0,24205,1003.0,2021,2021-04-16
4,17,0.0,1.7,9.5,16.5,30.0,57.0,85.0,8.0,29,152.0,22547,999.5,2021,2021-04-17
4,18,0.1,3.0,9.3,14.2,46.0,68.0,93.0,8.0,27,215.0,15596,999.8,2021,2021-04-18
4,19,0.1,3.3,9.8,16.7,41.0,73.0,98.0,8.0,33,30.0,19286,998.8,2021,2021-04-19
4,20,1.4,3.1,10.5,18.1,37.0,75.0,99.0,8.0,37,123.0,20180,998.5,2021,2021-04-20
4,21,11.0,4.3,10.5,17.7,51.0,81.0,100.0,8.0,37,219.0,17697,1001.2,2021,2021-04-21
4,22,0.0,5.3,11.8,17.8,52.0,82.0,100.0,6.0,23,169.0,16266,1002.6,2021,2021-04-22
4,23,0.0,7.4,13.3,19.7,48.0,76.0,100.0,8.0,26,163.0,22772,1005.0,2021,2021-04-23
4,24,0.0,7.0,13.9,20.6,36.0,68.0,96.0,8.0,25,164.0,23988,1004.1,2021,2021-04-24
4,25,0.0,6.9,14.7,22.5,39.0,70.0,99.0,7.0,24,187.0,24601,999.0,2021,2021-04-25
4,26,0.8,8.5,11.9,14.7,45.0,75.0,95.0,6.0,25,107.0,6179,997.8,2021,2021-04-26
4,27,0.1,5.4,10.4,15.2,57.0,78.0,100.0,6.0,25,118.0,12541,993.1,2021,2021-04-27
4,28,0.0,5.3,13.0,20.4,46.0,72.0,100.0,8.0,23,168.0,22257,991.8,2021,2021-04-28
4,29,8.0,10.7,13.5,16.9,71.0,92.0,100.0,6.0,27,142.0,9787,993.1,2021,2021-04-29
4,30,20.5,12.4,15.0,21.1,63.0,91.0,100.0,11.0,47,152.0,16136,993.9,2021,2021-04-30
5,1,32.2,10.6,16.4,22.5,56.0,84.0,100.0,10.0,47,173.0,19317,990.4,2021,2021-05-01
5,2,31.1,7.5,12.9,20.1,61.0,88.0,100.0,18.0,46,10.0,10572,992.4,2021,2021-05-02
5,3,0.0,4.7,12.2,18.4,39.0,71.0,100.0,6.0,28,185.0,24564,1002.6,2021,2021-05-03
5,4,3.0,6.3,12.5,19.0,48.0,83.0,100.0,9.0,32,147.0,18480,998.1,2021,2021-05-04
5,5,9.5,8.3,12.6,17.1,68.0,87.0,100.0,10.0,39,162.0,9263,990.7,2021,2021-05-05
5,6,0.2,7.4,10.7,12.6,73.0,85.0,99.0,6.0,18,358.0,4786,995.5,2021,2021-05-06
5,7,10.4,7.1,13.5,19.5,62.0,85.0,100.0,6.0,25,300.0,11379,992.6,2021,2021-05-07
5,8,0.1,6.2,13.0,19.3,39.0,66.0,96.0,7.0,26,162.0,27064,1002.8,2021,2021-05-08
5,9,0.0,5.7,15.4,22.4,42.0,68.0,99.0,6.0,19,217.0,26991,1001.5,2021,2021-05-09
5,10,0.0,9.2,17.2,23.8,36.0,68.0,100.0,7.0,25,125.0,26648,999.2,2021,2021-05-10
5,11,4.3,11.2,16.8,22.5,55.0,80.0,100.0,7.0,24,27.0,13538,994.3,2021,2021-05-11
5,12,31.7,11.7,14.0,17.5,78.0,94.0,100.0,6.0,22,75.0,9563,990.0,2021,2021-05-12
5,13,13.2,9.6,12.8,19.3,62.0,92.0,100.0,6.0,32,20.0,11777,988.4,2021,2021-05-13
5,14,3.5,9.8,12.9,17.6,69.0,92.0,100.0,6.0,27,254.0,10654,991.9,2021,2021-05-14
5,15,16.2,10.4,14.2,18.2,65.0,86.0,100.0,6.0,29,326.0,14298,992.2,2021,2021-05-15
5,16,11.2,9.2,14.7,19.6,63.0,89.0,100.0,9.0,33,171.0,15922,989.8,2021,2021-05-16
5,17,21.8,9.3,13.9,19.3,53.0,82.0,100.0,8.0,-,26.0,20638,989.4,2021,2021-05-17
5,18,11.9,8.1,15.0,22.7,44.0,75.0,98.0,9.0,45,311.0,26357,994.5,2021,2021-05-18
5,19,12.0,8.0,12.1,17.8,57.0,86.0,100.0,8.0,36,47.0,14774,996.0,2021,2021-05-19
5,20,0.1,6.5,14.2,20.8,32.0,72.0,100.0,9.0,31,140.0,28410,1000.2,2021,2021-05-20
5,21,0.0,8.5,15.2,20.6,52.0,76.0,93.0,8.0,28,158.0,19314,999.4,2021,2021-05-21
5,22,12.2,12.1,14.9,19.2,62.0,85.0,100.0,9.0,28,167.0,10075,995.8,2021,2021-05-22
5,23,2.8,11.7,14.7,22.9,56.0,86.0,100.0,8.0,35,208.0,17604,998.1,2021,2021-05-23
5,24,43.8,10.5,12.5,13.5,84.0,97.0,100.0,7.0,26,31.0,2547,1000.2,2021,2021-05-24
5,25,6.2,7.6,13.2,19.7,68.0,90.0,100.0,9.0,36,210.0,12042,1000.0,2021,2021-05-25
5,26,0.0,7.7,15.6,22.0,43.0,73.0,100.0,7.0,23,151.0,25448,1000.4,2021,2021-05-26
5,27,25.8,8.7,15.3,23.2,51.0,81.0,100.0,8.0,58,321.0,21455,997.8,2021,2021-05-27
5,28,0.0,8.2,16.7,22.7,42.0,69.0,98.0,8.0,29,250.0,27216,1001.0,2021,2021-05-28
5,29,1.4,10.8,16.6,22.7,43.0,74.0,96.0,6.0,25,331.0,16624,1000.5,2021,2021-05-29
5,30,0.0,10.1,16.8,22.3,37.0,66.0,100.0,8.0,27,254.0,28822,1002.0,2021,2021-05-30
5,31,0.0,10.2,16.7,21.8,45.0,65.0,91.0,8.0,30,153.0,30066,1001.3,2021,2021-05-31
6,1,0.0,10.9,17.4,23.3,43.0,70.0,99.0,7.0,27,196.0,25667,999.6,2021,2021-06-01
6,2,0.0,11.4,18.2,25.0,39.0,68.0,99.0,8.0,31,176.0,28031,1001.7,2021,2021-06-02
6,3,0.0,12.0,19.5,26.1,46.0,68.0,94.0,6.0,22,246.0,26666,1004.4,2021,2021-06-03
6,4,0.0,14.8,21.7,27.7,47.0,69.0,96.0,8.0,30,250.0,25144,1004.1,2021,2021-06-04
6,5,16.0,16.0,21.6,28.1,42.0,71.0,100.0,9.0,47,334.0,25829,1000.7,2021,2021-06-05
6,6,2.4,16.0,19.6,25.3,54.0,84.0,100.0,6.0,29,359.0,20012,999.1,2021,2021-06-06
6,7,0.0,16.1,20.5,25.2,55.0,77.0,95.0,6.0,22,117.0,12335,999.4,2021,2021-06-07
6,8,0.0,17.2,23.4,28.9,36.0,60.0,80.0,8.0,20,136.0,26436,998.5,2021,2021-06-08
6,9,0.0,18.4,24.1,29.6,35.0,55.0,81.0,10.0,38,22.0,27344,998.2,2021,2021-06-09
6,10,1.0,15.1,22.0,28.0,37.0,63.0,97.0,8.0,36,316.0,21845,999.0,2021,2021-06-10
6,11,0.2,14.5,21.1,27.4,39.0,71.0,99.0,6.0,25,284.0,23142,998.7,2021,2021-06-11
6,12,0.0,14.8,23.1,29.4,38.0,67.0,99.0,7.0,24,210.0,27011,998.9,2021,2021-06-12
6,13,0.0,17.1,23.8,29.7,44.0,70.0,95.0,8.0,30,172.0,27021,998.8,2021,2021-06-13
6,14,0.0,16.1,21.7,27.3,49.0,70.0,98.0,7.0,28,173.0,23910,1000.5,2021,2021-06-14
6,15,0.0,16.8,22.2,27.7,46.0,69.0,94.0,6.0,25,191.0,24087,1000.1,2021,2021-06-15
6,16,0.0,15.7,23.3,30.4,30.0,68.0,99.0,6.0,27,153.0,28317,998.1,2021,2021-06-16
6,17,0.0,16.8,24.4,30.9,36.0,61.0,93.0,8.0,29,280.0,27523,998.2,2021,2021-06-17
6,18,0.5,18.1,23.8,29.8,44.0,69.0,93.0,6.0,27,2.0,21360,998.7,2021,2021-06-18
6,19,0.0,17.5,25.1,31.5,49.0,74.0,99.0,6.0,23,213.0,25294,996.3,2021,2021-06-19
6,20,0.0,19.7,25.4,30.9,58.0,76.0,100.0,6.0,27,157.0,19669,993.0,2021,2021-06-20
6,21,0.1,19.5,25.0,32.7,46.0,74.0,98.0,9.0,52,18.0,24487,990.6,2021,2021-06-21
6,22,3.9,18.6,23.9,31.4,41.0,76.0,96.0,10.0,-,326.0,24562,992.8,2021,2021-06-22
6,23,0.0,18.8,25.6,33.2,36.0,68.0,95.0,7.0,26,111.0,26891,995.8,2021,2021-06-23
6,24,5.6,18.4,24.7,32.1,49.0,74.0,100.0,9.0,46,185.0,21568,996.1,2021,2021-06-24
6,25,11.8,15.3,22.0,28.9,42.0,74.0,100.0,9.0,35,326.0,24446,996.3,2021,2021-06-25
6,26,0.1,14.9,23.3,30.3,37.0,64.0,94.0,7.0,20,177.0,29390,997.0,2021,2021-06-26
6,27,0.0,16.7,24.5,31.1,38.0,65.0,91.0,6.0,18,158.0,27971,996.5,2021,2021-06-27
6,28,0.0,17.3,25.1,32.1,40.0,69.0,96.0,6.0,24,185.0,28049,996.2,2021,2021-06-28
6,29,20.8,17.7,23.8,31.8,35.0,74.0,97.0,8.0,38,239.0,23842,992.8,2021,2021-06-29
6,30,22.6,14.8,21.6,28.7,37.0,76.0,100.0,10.0,64,340.0,25157,991.5,2021,2021-06-30
7,1,2.4,14.1,20.3,27.4,48.0,76.0,97.0,6.0,24,13.0,18030,994.0,2021,2021-07-01
7,2,0.0,16.9,22.3,28.2,37.0,69.0,97.0,7.0,20,95.0,27165,996.0,2021,2021-07-02
7,3,8.6,15.9,22.6,28.5,44.0,72.0,99.0,7.0,23,190.0,25007,995.9,2021,2021-07-03
7,4,42.1,17.3,20.5,25.7,63.0,89.0,100.0,5.0,32,308.0,16284,992.8,2021,2021-07-04
7,5,0.1,14.9,21.8,27.9,47.0,77.0,100.0,7.0,27,219.0,27167,993.2,2021,2021-07-05
7,6,0.0,16.3,23.9,30.0,47.0,74.0,100.0,6.0,28,131.0,28367,994.7,2021,2021-07-06
7,7,0.0,18.5,25.3,31.4,43.0,73.0,99.0,6.0,18,138.0,28401,995.7,2021,2021-07-07
7,8,5.4,18.2,24.7,31.5,49.0,73.0,95.0,8.0,48,225.0,16160,996.7,2021,2021-07-08
7,9,0.1,15.0,22.0,27.8,38.0,76.0,100.0,6.0,20,132.0,28570,997.5,2021,2021-07-09
7,10,0.0,17.8,24.2,30.0,40.0,67.0,94.0,6.0,21,87.0,28353,996.4,2021,2021-07-10
7,11,0.0,18.5,24.3,30.3,38.0,67.0,93.0,6.0,31,232.0,25654,993.5,2021,2021-07-11
7,12,0.0,16.8,23.8,29.9,51.0,75.0,99.0,6.0,25,175.0,24248,994.2,2021,2021-07-12
7,13,11.2,18.6,22.5,29.0,50.0,82.0,99.0,8.0,33,26.0,12746,990.9,2021,2021-07-13
7,14,0.2,14.9,20.5,25.9,46.0,79.0,98.0,8.0,36,152.0,18590,992.8,2021,2021-07-14
7,15,0.0,13.6,19.7,26.0,48.0,78.0,99.0,5.0,17,333.0,18982,995.3,2021,2021-07-15
7,16,1.0,14.6,20.5,25.9,57.0,77.0,99.0,6.0,31,353.0,12819,995.3,2021,2021-07-16
7,17,1.2,16.4,21.0,25.0,67.0,82.0,97.0,6.0,20,125.0,7539,993.0,2021,2021-07-17
7,18,0.0,17.8,23.7,33.2,38.0,74.0,99.0,6.0,37,146.0,17299,991.9,2021,2021-07-18
7,19,0.0,16.9,24.7,32.2,26.0,63.0,98.0,7.0,27,162.0,26342,993.0,2021,2021-07-19
7,20,3.0,18.5,23.6,30.2,45.0,76.0,100.0,7.0,24,163.0,24038,996.0,2021,2021-07-20
7,21,0.0,18.0,23.8,30.1,47.0,77.0,100.0,6.0,21,160.0,26496,999.2,2021,2021-07-21
7,22,0.4,17.6,22.9,29.3,49.0,76.0,98.0,6.0,19,147.0,19261,999.7,2021,2021-07-22
7,23,0.2,17.1,24.0,30.5,44.0,71.0,96.0,7.0,23,156.0,24452,996.4,2021,2021-07-23
7,24,0.0,17.7,23.8,31.0,50.0,77.0,100.0,6.0,23,159.0,21139,994.3,2021,2021-07-24
7,25,0.0,19.2,24.2,30.3,54.0,77.0,94.0,8.0,21,145.0,18794,992.7,2021,2021-07-25
7,26,2.7,17.7,23.1,30.7,51.0,79.0,99.0,9.0,34,155.0,18549,994.9,2021,2021-07-26
7,27,19.4,17.3,21.0,27.9,61.0,90.0,100.0,6.0,70,254.0,13118,998.3,2021,2021-07-27
7,28,7.9,16.1,22.4,30.1,48.0,82.0,100.0,6.0,50,203.0,21893,995.7,2021,2021-07-28
7,29,0.1,16.3,23.8,31.0,45.0,77.0,100.0,5.0,17,192.0,26417,994.6,2021,2021-07-29
7,30,0.0,17.8,23.9,30.7,54.0,80.0,100.0,8.0,58,232.0,23677,992.7,2021,2021-07-30
7,31,8.6,18.5,24.1,30.5,51.0,80.0,100.0,6.0,19,299.0,20751,990.2,2021,2021-07-31
8,1,7.7,15.2,20.7,28.5,59.0,88.0,100.0,7.0,58,316.0,13036,987.8,2021,2021-08-01
8,2,2.9,14.1,19.5,26.7,51.0,81.0,100.0,9.0,30,112.0,21484,995.2,2021,2021-08-02
8,3,14.0,14.7,21.4,27.5,50.0,76.0,100.0,7.0,38,190.0,23286,996.1,2021,2021-08-03
8,4,3.8,16.8,21.0,26.1,64.0,87.0,100.0,7.0,23,314.0,13711,993.9,2021,2021-08-04
8,5,3.0,16.9,21.0,27.3,48.0,79.0,99.0,9.0,24,163.0,22463,988.2,2021,2021-08-05
8,6,0.0,14.2,21.6,28.0,56.0,81.0,100.0,5.0,19,142.0,24656,989.8,2021,2021-08-06
8,7,0.0,18.6,23.1,28.9,59.0,85.0,100.0,6.0,23,149.0,17980,991.2,2021,2021-08-07
8,8,9.9,17.9,22.4,29.5,59.0,85.0,100.0,10.0,50,309.0,17888,993.2,2021,2021-08-08
8,9,0.0,17.1,23.3,30.0,45.0,77.0,100.0,6.0,17,122.0,23313,998.8,2021,2021-08-09
8,10,0.0,16.8,24.1,31.4,41.0,73.0,98.0,6.0,15,222.0,25043,998.5,2021,2021-08-10
8,11,0.0,17.2,25.1,32.7,38.0,71.0,99.0,6.0,15,193.0,25086,998.0,2021,2021-08-11
8,12,0.0,18.2,25.4,32.3,41.0,72.0,96.0,6.0,21,12.0,24700,1000.5,2021,2021-08-12
8,13,0.0,19.7,26.2,33.3,41.0,74.0,96.0,5.0,15,228.0,23387,1001.5,2021,2021-08-13
8,14,0.0,18.7,26.5,33.9,43.0,74.0,99.0,5.0,15,240.0,23957,1000.1,2021,2021-08-14
8,15,38.5,19.2,25.7,33.6,48.0,76.0,98.0,8.0,53,200.0,21450,995.9,2021,2021-08-15
8,16,24.5,17.6,24.2,31.4,45.0,77.0,99.0,10.0,56,351.0,20884,990.9,2021,2021-08-16
8,17,0.0,14.4,21.7,28.6,34.0,65.0,93.0,9.0,29,99.0,23625,994.2,2021,2021-08-17
8,18,0.4,15.3,20.5,27.1,39.0,72.0,98.0,5.0,19,104.0,22258,997.2,2021,2021-08-18
8,19,0.0,13.7,20.9,28.0,36.0,69.0,97.0,6.0,15,47.0,24508,997.0,2021,2021-08-19
8,20,0.0,15.3,22.0,29.2,39.0,70.0,93.0,6.0,19,200.0,22197,997.6,2021,2021-08-20
8,21,0.0,15.0,22.8,30.2,40.0,74.0,99.0,5.0,14,137.0,22955,999.3,2021,2021-08-21
8,22,0.3,17.2,23.5,29.5,49.0,76.0,98.0,7.0,40,31.0,20761,997.6,2021,2021-08-22
8,23,8.9,14.7,19.2,24.9,53.0,84.0,100.0,8.0,40,349.0,13161,997.6,2021,2021-08-23
8,24,1.1,13.8,20.1,27.8,41.0,75.0,100.0,7.0,30,30.0,21203,998.1,2021,2021-08-24
8,25,0.0,13.2,18.9,25.5,48.0,77.0,98.0,5.0,16,173.0,21412,997.5,2021,2021-08-25
8,26,5.0,11.8,18.7,25.5,52.0,80.0,100.0,6.0,23,0.0,18188,992.4,2021,2021-08-26
8,27,0.4,13.4,18.1,24.1,44.0,77.0,100.0,5.0,22,209.0,18999,993.9,2021,2021-08-27
8,28,9.7,12.7,16.8,23.8,40.0,80.0,99.0,9.0,34,8.0,17470,995.7,2021,2021-08-28
8,29,1.2,10.6,16.6,23.4,45.0,79.0,100.0,7.0,27,296.0,20031,995.4,2021,2021-08-29
8,30,0.4,11.1,15.8,22.7,58.0,89.0,100.0,5.0,15,123.0,11695,996.6,2021,2021-08-30
8,31,0.3,11.2,17.3,25.0,55.0,84.0,100.0,7.0,18,11.0,16896,999.5,2021,2021-08-31
9,1,0.0,12.2,19.0,26.5,40.0,73.0,98.0,7.0,21,192.0,22307,1002.9,2021,2021-09-01
9,2,0.0,12.3,19.1,25.6,50.0,74.0,96.0,6.0,22,197.0,19069,1005.6,2021,2021-09-02
9,3,0.0,12.9,18.9,26.4,45.0,74.0,99.0,6.0,16,224.0,20734,1001.5,2021,2021-09-03
9,4,0.0,12.8,19.6,27.2,42.0,74.0,99.0,6.0,21,220.0,20917,998.1,2021,2021-09-04
9,5,0.0,13.0,20.5,27.9,38.0,70.0,99.0,6.0,26,156.0,20823,1000.8,2021,2021-09-05
9,6,0.0,13.8,20.2,28.4,34.0,66.0,93.0,7.0,17,109.0,20822,1004.3,2021,2021-09-06
9,7,0.0,13.0,19.8,27.9,33.0,67.0,92.0,6.0,16,130.0,19964,1004.3,2021,2021-09-07
9,8,0.0,12.9,19.5,27.8,29.0,63.0,90.0,8.0,31,127.0,20170,1002.3,2021,2021-09-08
9,9,0.0,10.1,18.6,27.7,29.0,64.0,97.0,7.0,19,115.0,20694,999.6,2021,2021-09-09
9,10,0.0,10.1,18.5,27.1,37.0,70.0,98.0,6.0,25,179.0,19469,999.4,2021,2021-09-10
9,11,0.0,10.5,18.9,27.0,46.0,75.0,100.0,5.0,16,172.0,18504,998.9,2021,2021-09-11
9,12,0.0,14.5,21.0,29.0,37.0,68.0,96.0,7.0,21,161.0,17724,997.7,2021,2021-09-12
9,13,0.4,14.5,20.4,29.5,37.0,72.0,95.0,6.0,18,220.0,18364,998.0,2021,2021-09-13
9,14,0.0,13.7,20.8,29.2,41.0,73.0,99.0,6.0,22,229.0,17440,998.8,2021,2021-09-14
9,15,0.0,13.0,20.4,26.8,45.0,80.0,100.0,5.0,16,166.0,-,998.7,2021,2021-09-15
9,16,5.2,17.7,20.4,23.9,73.0,93.0,100.0,7.0,22,179.0,5486,997.3,2021,2021-09-16
9,17,46.3,16.4,19.6,25.0,61.0,88.0,100.0,5.0,35,243.0,-,993.8,2021,2021-09-17
9,18,0.1,14.8,19.2,24.7,48.0,81.0,100.0,5.0,23,131.0,16136,995.2,2021,2021-09-18
9,19,11.6,13.6,17.0,20.8,70.0,92.0,100.0,6.0,21,348.0,4083,993.9,2021,2021-09-19
9,20,0.3,12.3,16.9,23.5,52.0,79.0,100.0,5.0,21,177.0,14029,997.4,2021,2021-09-20
9,21,0.3,10.3,15.9,21.5,51.0,82.0,100.0,5.0,17,224.0,13979,1005.9,2021,2021-09-21
9,22,0.0,9.6,14.2,19.5,58.0,86.0,100.0,5.0,12,185.0,11150,1006.2,2021,2021-09-22
9,23,0.1,9.1,16.2,21.6,56.0,81.0,100.0,5.0,19,194.0,15476,1004.6,2021,2021-09-23
9,24,0.0,12.0,16.9,22.0,58.0,85.0,100.0,4.0,14,140.0,8335,1001.5,2021,2021-09-24
9,25,0.0,12.5,17.7,22.4,62.0,86.0,100.0,4.0,19,159.0,10307,1003.7,2021,2021-09-25
9,26,0.4,16.1,18.5,22.8,71.0,91.0,100.0,4.0,16,146.0,7481,1002.1,2021,2021-09-26
9,27,0.1,14.0,18.5,24.5,58.0,90.0,100.0,5.0,14,191.0,12227,999.5,2021,2021-09-27
9,28,0.1,11.9,19.0,27.0,47.0,83.0,100.0,6.0,20,178.0,15834,1001.0,2021,2021-09-28
9,29,1.4,15.1,19.6,25.8,50.0,78.0,99.0,7.0,38,44.0,13945,999.8,2021,2021-09-29
9,30,0.2,10.5,17.2,23.6,45.0,74.0,100.0,6.0,26,122.0,14184,1006.2,2021,2021-09-30
10,1,0.0,8.9,15.4,23.1,34.0,73.0,99.0,6.0,18,141.0,16801,1005.4,2021,2021-10-01
10,2,0.0,8.1,14.7,21.0,52.0,83.0,100.0,5.0,16,164.0,14206,1002.4,2021,2021-10-02
10,3,0.1,13.5,17.3,23.5,59.0,86.0,100.0,5.0,21,175.0,12733,1000.9,2021,2021-10-03
10,4,48.3,14.2,17.9,23.4,77.0,95.0,100.0,6.0,22,101.0,8859,1000.9,2021,2021-10-04
10,5,47.8,14.8,17.8,23.5,66.0,90.0,100.0,8.0,42,203.0,9732,996.3,2021,2021-10-05
10,6,11.0,11.3,15.0,18.1,52.0,81.0,100.0,12.0,38,29.0,5101,997.1,2021,2021-10-06
10,7,1.1,13.6,16.4,18.9,40.0,53.0,75.0,14.0,44,41.0,4341,998.8,2021,2021-10-07
10,8,0.4,6.4,13.5,21.6,41.0,77.0,99.0,6.0,22,29.0,8015,1003.7,2021,2021-10-08
10,9,0.1,4.9,11.3,19.9,31.0,70.0,100.0,6.0,27,92.0,15652,1006.2,2021,2021-10-09
10,10,0.0,3.6,9.6,18.6,36.0,73.0,98.0,7.0,24,95.0,11000,1004.2,2021,2021-10-10
10,11,0.0,4.9,11.0,18.3,46.0,78.0,100.0,6.0,19,181.0,15146,1002.1,2021,2021-10-11
10,12,0.0,4.9,9.8,16.2,55.0,87.0,100.0,5.0,15,118.0,7509,999.9,2021,2021-10-12
10,13,0.1,3.8,9.9,19.0,28.0,78.0,100.0,6.0,19,239.0,12003,1001.5,2021,2021-10-13
10,14,0.0,2.0,8.2,16.3,37.0,76.0,99.0,7.0,23,261.0,14616,1007.2,2021,2021-10-14
10,15,0.0,1.7,8.7,17.1,44.0,79.0,100.0,6.0,14,12.0,14235,1002.1,2021,2021-10-15
10,16,0.0,3.4,11.5,20.4,37.0,77.0,100.0,6.0,19,181.0,13826,1001.6,2021,2021-10-16
10,17,0.1,4.8,11.0,19.6,41.0,78.0,100.0,6.0,14,165.0,13902,1003.4,2021,2021-10-17
10,18,0.0,4.8,11.0,19.7,46.0,81.0,100.0,6.0,14,322.0,12280,1007.4,2021,2021-10-18
10,19,0.0,3.5,10.6,17.5,53.0,84.0,100.0,5.0,14,244.0,9042,1010.7,2021,2021-10-19
10,20,0.3,6.6,11.1,14.9,78.0,94.0,100.0,4.0,11,354.0,3383,1007.4,2021,2021-10-20
10,21,1.6,10.9,12.3,13.2,96.0,99.0,100.0,4.0,12,95.0,1217,997.9,2021,2021-10-21
10,22,0.1,8.8,13.2,19.0,71.0,93.0,100.0,6.0,18,126.0,10383,999.0,2021,2021-10-22
10,23,0.1,5.5,12.2,20.5,49.0,81.0,100.0,7.0,27,124.0,12127,1006.4,2021,2021-10-23
10,24,0.0,3.4,9.1,17.3,43.0,79.0,100.0,5.0,15,126.0,12912,1011.2,2021,2021-10-24
10,25,0.0,2.7,8.6,16.3,35.0,79.0,100.0,5.0,16,131.0,9504,1007.5,2021,2021-10-25
10,26,0.0,3.4,8.9,18.1,36.0,78.0,98.0,5.0,18,117.0,10127,1005.8,2021,2021-10-26
10,27,0.0,2.4,9.8,19.1,42.0,76.0,100.0,6.0,16,126.0,12050,1008.5,2021,2021-10-27
10,28,0.0,3.5,10.0,19.3,40.0,77.0,100.0,6.0,17,342.0,12069,1005.5,2021,2021-10-28
10,29,0.0,2.1,8.4,17.4,41.0,80.0,100.0,5.0,15,142.0,11664,1002.5,2021,2021-10-29
10,30,0.0,1.3,9.0,18.1,45.0,83.0,100.0,5.0,16,158.0,10994,1002.1,2021,2021-10-30
10,31,0.0,4.2,9.1,16.2,62.0,89.0,100.0,5.0,14,36.0,8433,1000.9,2021,2021-10-31
11,1,114.8,4.5,10.1,12.5,76.0,97.0,100.0,8.0,43,10.0,2446,990.1,2021,2021-11-01
11,2,0.1,6.7,10.9,16.6,58.0,89.0,100.0,7.0,37,23.0,10192,986.2,2021,2021-11-02
11,3,42.8,7.0,11.3,14.0,84.0,95.0,100.0,8.0,22,8.0,2389,987.4,2021,2021-11-03
11,5,0.0,2.2,8.9,17.3,43.0,78.0,99.0,8.0,24,121.0,10452,1002.6,2021,2021-11-05
11,6,0.0,1.1,7.3,15.7,43.0,75.0,99.0,6.0,28,124.0,11007,1008.9,2021,2021-11-06
11,7,0.8,2.2,8.0,14.8,49.0,80.0,99.0,6.0,18,13.0,7656,1003.1,2021,2021-11-07
11,8,17.0,3.2,8.3,12.0,76.0,92.0,100.0,5.0,31,35.0,3162,1002.0,2021,2021-11-08
11,9,0.0,1.7,7.2,14.8,50.0,83.0,100.0,5.0,21,76.0,7830,1009.9,2021,2021-11-09
11,10,0.0,3.7,8.6,16.6,47.0,83.0,99.0,6.0,15,302.0,6868,1010.3,2021,2021-11-10
11,11,0.0,5.1,10.4,18.5,54.0,85.0,100.0,6.0,14,236.0,8901,1005.9,2021,2021-11-11
11,12,0.2,5.4,10.6,16.7,67.0,91.0,100.0,5.0,17,131.0,8035,1002.3,2021,2021-11-12
11,13,2.5,10.3,11.0,12.1,92.0,97.0,100.0,4.0,14,41.0,1512,1000.6,2021,2021-11-13
11,14,31.6,8.4,11.4,15.7,70.0,91.0,100.0,8.0,23,22.0,3584,1000.5,2021,2021-11-14
11,15,0.0,5.9,9.9,15.1,59.0,88.0,100.0,5.0,16,354.0,3608,1004.1,2021,2021-11-15
11,16,0.2,5.0,9.3,12.9,61.0,85.0,100.0,4.0,11,358.0,3057,1003.4,2021,2021-11-16
11,17,1.0,7.0,10.1,13.7,70.0,91.0,100.0,4.0,12,357.0,3021,1002.4,2021,2021-11-17
11,18,0.0,3.9,7.8,15.1,60.0,89.0,100.0,5.0,18,136.0,7065,1009.2,2021,2021-11-18
11,19,0.0,2.5,6.8,13.6,62.0,90.0,100.0,6.0,13,248.0,7427,1011.6,2021,2021-11-19
11,20,0.2,1.5,6.1,13.1,70.0,92.0,100.0,5.0,12,332.0,8526,1006.5,2021,2021-11-20
11,21,0.1,1.7,5.9,8.4,89.0,98.0,100.0,4.0,14,0.0,2186,998.2,2021,2021-11-21
11,22,1.8,6.3,8.8,12.3,78.0,92.0,100.0,5.0,15,20.0,2565,997.5,2021,2021-11-22
11,23,0.0,-0.9,6.5,13.2,50.0,81.0,100.0,6.0,20,146.0,8454,1006.2,2021,2021-11-23
11,24,0.0,-1.9,3.2,11.8,36.0,79.0,100.0,5.0,13,344.0,8441,1005.7,2021,2021-11-24
11,25,0.4,-2.5,4.5,9.8,50.0,82.0,98.0,6.0,17,352.0,2686,996.1,2021,2021-11-25
11,26,26.8,5.9,7.5,9.2,83.0,98.0,100.0,5.0,17,46.0,1286,980.0,2021,2021-11-26
11,27,11.3,4.1,7.2,11.1,81.0,96.0,100.0,6.0,19,19.0,3917,978.0,2021,2021-11-27
11,28,17.7,2.2,5.8,11.1,71.0,94.0,100.0,8.0,36,138.0,6550,976.5,2021,2021-11-28
11,29,0.0,-3.0,3.0,9.6,44.0,84.0,100.0,5.0,14,346.0,5539,985.6,2021,2021-11-29
11,30,0.0,-3.9,0.9,7.1,47.0,78.0,98.0,6.0,16,90.0,7385,998.6,2021,2021-11-30
12,1,0.0,-0.9,4.8,9.3,65.0,77.0,87.0,6.0,18,41.0,6308,994.6,2021,2021-12-01
12,2,14.9,4.4,5.5,7.1,84.0,98.0,100.0,5.0,17,270.0,1967,984.4,2021,2021-12-02
12,3,0.1,-3.0,4.0,10.0,40.0,83.0,100.0,6.0,19,141.0,4600,995.3,2021,2021-12-03
12,4,0.6,-1.6,2.1,5.0,59.0,83.0,99.0,5.0,20,30.0,3120,994.2,2021,2021-12-04
12,5,11.8,2.9,4.5,6.0,67.0,87.0,100.0,8.0,28,48.0,1880,986.9,2021,2021-12-05
12,6,0.0,-2.4,3.4,11.5,30.0,71.0,92.0,8.0,19,130.0,7594,993.0,2021,2021-12-06
12,7,0.0,-3.3,0.7,7.3,45.0,76.0,93.0,6.0,16,336.0,6541,997.3,2021,2021-12-07
12,8,27.8,-4.4,1.6,4.9,72.0,89.0,100.0,11.0,30,29.0,1456,991.4,2021,2021-12-08
12,9,16.8,0.1,3.2,5.3,89.0,99.0,100.0,6.0,29,27.0,848,986.5,2021,2021-12-09
12,10,0.0,-0.4,2.8,7.6,55.0,88.0,100.0,5.0,13,8.0,4628,987.3,2021,2021-12-10
12,11,0.0,-2.5,3.0,10.0,45.0,76.0,95.0,7.0,17,298.0,6877,992.6,2021,2021-12-11
12,12,0.0,-2.3,2.8,10.7,30.0,69.0,93.0,8.0,19,334.0,6747,1005.5,2021,2021-12-12
12,13,0.0,-2.2,3.0,11.0,36.0,76.0,97.0,6.0,16,325.0,4406,1009.0,2021,2021-12-13
12,14,0.0,-1.9,2.9,9.9,50.0,83.0,99.0,6.0,15,339.0,5257,1010.3,2021,2021-12-14
12,15,0.0,-1.5,3.7,11.7,58.0,87.0,100.0,6.0,15,0.0,6152,1013.2,2021,2021-12-15
12,16,0.0,-1.6,3.6,11.1,60.0,87.0,100.0,7.0,16,322.0,6934,1014.8,2021,2021-12-16
12,17,0.0,-1.4,3.6,11.1,57.0,84.0,100.0,7.0,18,325.0,6683,1014.3,2021,2021-12-17
12,18,0.0,-2.2,2.4,9.6,62.0,86.0,100.0,6.0,15,324.0,6810,1015.8,2021,2021-12-18
12,19,0.0,-3.3,-0.5,3.7,88.0,99.0,100.0,4.0,12,346.0,4890,1007.3,2021,2021-12-19
12,20,0.0,-5.3,1.3,10.7,46.0,84.0,100.0,7.0,22,340.0,6904,1003.0,2021,2021-12-20
12,21,0.0,-1.9,2.0,5.6,59.0,82.0,91.0,5.0,15,321.0,1730,1008.5,2021,2021-12-21
12,22,0.0,-4.7,1.0,7.8,58.0,83.0,100.0,5.0,14,5.0,7010,1009.5,2021,2021-12-22
12,23,0.0,-5.0,0.0,5.3,68.0,89.0,98.0,5.0,13,340.0,4935,1006.7,2021,2021-12-23
12,24,0.0,-1.6,2.2,6.1,78.0,90.0,100.0,5.0,13,335.0,2250,998.8,2021,2021-12-24
12,25,0.0,1.1,4.4,7.5,78.0,90.0,99.0,4.0,12,319.0,3028,992.7,2021,2021-12-25
12,26,0.0,-0.5,4.7,10.5,73.0,92.0,100.0,5.0,13,1.0,3249,992.1,2021,2021-12-26
12,27,0.0,-2.3,4.3,10.4,69.0,90.0,100.0,5.0,16,267.0,4939,993.2,2021,2021-12-27
12,28,0.0,1.6,5.5,8.7,75.0,90.0,100.0,4.0,14,225.0,2513,992.2,2021,2021-12-28
12,29,0.0,-1.0,3.9,10.7,70.0,92.0,100.0,6.0,13,27.0,5830,994.3,2021,2021-12-29
12,30,0.0,0.2,5.0,13.7,55.0,84.0,99.0,6.0,14,296.0,5462,1004.0,2021,2021-12-30
12,31,0.0,-3.3,3.4,12.9,60.0,88.0,100.0,5.0,14,350.0,7147,1008.4,2021,2021-12-31
1,1,0.0,-4.1,2.6,13.6,55.0,91,100.0,5.0,15.0,205.0,6718,1009.4,2022,2022-01-01
1,2,0.0,-4.5,1.5,5.7,81.0,99,100.0,6.0,16.0,13.0,3598,1009.2,2022,2022-01-02
1,3,0.3,4.7,5.7,7.2,86.0,97,100.0,4.0,15.0,357.0,1263,1003.7,2022,2022-01-03
1,4,0.7,4.7,5.2,6.1,100.0,100,100.0,4.0,13.0,166.0,731,995.7,2022,2022-01-04
1,5,58.1,2.4,6.2,8.6,80.0,96,100.0,13.0,55.0,11.0,492,987.1,2022,2022-01-05
1,6,0.0,-2.2,3.1,9.3,53.0,82,99.0,6.0,19.0,33.0,7332,998.0,2022,2022-01-06
1,7,0.0,-4.6,-0.2,6.8,39.0,75,94.0,6.0,17.0,340.0,7910,1004.1,2022,2022-01-07
1,8,0.0,-6.5,-0.6,6.8,38.0,77,99.0,6.0,13.0,353.0,7481,998.5,2022,2022-01-08
1,9,0.0,,1.3,6.8,34.0,78,93.0,6.0,17.0,327.0,3391,990.1,2022,2022-01-09
1,10,0.0,-0.8,4.7,11.3,29.0,58,91.0,9.0,33.0,1.0,5277,995.6,2022,2022-01-10
1,11,0.0,-3.1,3.1,10.3,37.0,60,88.0,7.0,23.0,318.0,8164,1007.1,2022,2022-01-11
1,12,0.0,-5.3,0.1,7.9,29.0,63,87.0,6.0,15.0,254.0,8417,1015.5,2022,2022-01-12
1,13,0.0,-7.0,-0.2,8.1,35.0,70,92.0,6.0,14.0,328.0,7599,1020.9,2022,2022-01-13
1,14,0.0,-4.0,1.7,10.7,35.0,71,94.0,5.0,13.0,343.0,8180,1013.8,2022,2022-01-14
1,15,0.0,-2.5,4.6,13.5,47.0,76,95.0,7.0,16.0,329.0,8141,1008.7,2022,2022-01-15
1,16,0.0,-2.1,3.6,11.3,53.0,81,100.0,6.0,15.0,340.0,8114,1007.5,2022,2022-01-16
1,17,0.0,-1.9,2.8,9.8,63.0,89,100.0,7.0,18.0,318.0,6646,1009.2,2022,2022-01-17
1,18,0.0,-1.5,3.8,11.5,39.0,72,92.0,8.0,19.0,322.0,8497,1016.2,2022,2022-01-18
1,19,0.0,-3.1,1.5,9.1,56.0,83,100.0,5.0,14.0,333.0,5809,1013.7,2022,2022-01-19
1,20,0.0,-2.7,2.7,8.4,69.0,90,100.0,6.0,15.0,187.0,7386,1004.3,2022,2022-01-20
1,21,0.0,-4.9,0.5,8.2,34.0,75,100.0,7.0,21.0,230.0,8990,1008.0,2022,2022-01-21
1,22,0.0,-5.7,-0.1,7.3,56.0,80,96.0,7.0,18.0,121.0,8600,1010.3,2022,2022-01-22
1,23,0.0,-4.6,0.9,8.5,58.0,83,97.0,6.0,16.0,320.0,8529,1014.2,2022,2022-01-23
1,24,0.0,-3.5,3.1,8.9,55.0,78,95.0,6.0,15.0,144.0,8445,1016.4,2022,2022-01-24
1,25,0.0,-2.8,2.0,7.3,61.0,83,99.0,4.0,14.0,177.0,6884,1016.2,2022,2022-01-25
1,26,0.0,-4.3,0.3,7.6,66.0,90,100.0,5.0,15.0,323.0,8464,1012.3,2022,2022-01-26
1,27,0.0,-4.3,0.3,3.6,84.0,95,100.0,4.0,12.0,348.0,3378,1010.9,2022,2022-01-27
1,28,0.0,-3.2,3.0,9.6,57.0,81,98.0,7.0,23.0,235.0,9212,1009.8,2022,2022-01-28
1,29,0.0,-3.8,1.8,9.3,36.0,67,91.0,7.0,18.0,168.0,9359,1012.5,2022,2022-01-29
1,30,0.0,-2.9,2.4,10.6,48.0,74,92.0,7.0,21.0,343.0,9718,1003.3,2022,2022-01-30
1,31,0.0,,2.1,9.6,65.0,83,99.0,7.0,19.0,106.0,4041,994.0,2022,2022-01-31
2,1,0.0,-4.0,2.8,11.4,38.0,73,99.0,9.0,27.0,262.0,10320,995.7,2022,2022-02-01
2,2,0.0,-1.9,4.2,12.2,52.0,78,99.0,7.0,23.0,234.0,9414,996.3,2022,2022-02-02
2,3,0.0,-2.1,4.9,12.6,51.0,80,100.0,6.0,19.0,178.0,8729,1006.2,2022,2022-02-03
2,4,0.0,-1.7,4.5,12.4,50.0,83,100.0,5.0,17.0,242.0,8566,1001.6,2022,2022-02-04
2,5,0.0,-1.5,5.0,13.1,54.0,83,100.0,5.0,12.0,335.0,8994,1003.8,2022,2022-02-05
2,6,0.0,3.6,5.4,6.6,79.0,91,100.0,3.0,11.0,232.0,1752,1003.3,2022,2022-02-06
2,7,1.9,-2.1,5.4,12.9,20.0,64,100.0,9.0,58.0,345.0,10996,998.8,2022,2022-02-07
2,8,0.0,-4.2,2.7,11.3,27.0,60,90.0,6.0,17.0,334.0,11565,1013.4,2022,2022-02-08
2,9,0.0,-3.3,3.4,12.4,29.0,64,92.0,6.0,15.0,346.0,11791,1014.2,2022,2022-02-09
2,10,0.0,-3.8,2.0,10.4,45.0,77,97.0,6.0,14.0,324.0,7881,1011.1,2022,2022-02-10
2,11,0.0,-1.8,5.1,12.2,29.0,75,96.0,8.0,24.0,48.0,9137,1008.2,2022,2022-02-11
2,12,0.0,-3.2,3.7,11.7,25.0,51,84.0,8.0,22.0,112.0,12490,1014.8,2022,2022-02-12
2,13,0.0,-4.5,1.6,9.9,36.0,66,88.0,7.0,16.0,189.0,12271,1010.4,2022,2022-02-13
2,14,0.0,-4.5,2.1,6.4,51.0,74,91.0,5.0,14.0,14.0,4456,1003.4,2022,2022-02-14
2,15,40.5,2.8,5.1,6.7,73.0,92,100.0,10.0,31.0,7.0,1041,998.1,2022,2022-02-15
2,16,0.1,0.1,5.8,11.0,71.0,92,100.0,6.0,19.0,225.0,11309,999.7,2022,2022-02-16
2,17,1.0,3.2,5.6,7.7,88.0,97,100.0,5.0,14.0,39.0,2559,996.7,2022,2022-02-17
2,18,0.0,3.0,8.3,14.1,61.0,83,100.0,6.0,20.0,171.0,11143,999.3,2022,2022-02-18
2,19,1.6,6.6,8.2,11.1,85.0,97,100.0,4.0,16.0,40.0,3836,999.5,2022,2022-02-19
2,20,0.2,3.9,8.2,14.1,59.0,87,100.0,5.0,19.0,230.0,11746,1001.0,2022,2022-02-20
2,21,3.3,-0.9,5.5,9.9,82.0,98,100.0,6.0,21.0,138.0,2689,991.9,2022,2022-02-21
2,22,0.0,-1.7,5.7,15.0,29.0,71,100.0,9.0,33.0,229.0,14272,999.5,2022,2022-02-22
2,23,0.0,-1.6,5.7,14.6,37.0,71,96.0,6.0,15.0,131.0,14241,1008.4,2022,2022-02-23
2,24,0.0,-0.4,6.2,13.3,45.0,73,94.0,6.0,15.0,330.0,12075,1005.7,2022,2022-02-24
2,25,4.7,0.0,5.9,14.3,52.0,82,98.0,8.0,38.0,11.0,12356,1002.9,2022,2022-02-25
2,26,0.0,-1.6,6.6,13.8,23.0,53,98.0,10.0,38.0,28.0,15324,1008.5,2022,2022-02-26
2,27,0.0,-2.2,6.5,12.6,24.0,40,82.0,14.0,46.0,27.0,15017,1010.2,2022,2022-02-27
2,28,0.0,-3.0,3.5,10.0,41.0,60,84.0,9.0,34.0,119.0,14752,1011.2,2022,2022-02-28
3,1,0.0,-3.3,3.4,10.2,29.0,50,87.0,9.0,27.0,218.0,15429,1012.7,2022,2022-03-01
3,2,0.0,-4.5,3.1,10.7,37.0,67,90.0,6.0,18.0,218.0,14629,1006.9,2022,2022-03-02
3,3,0.0,-3.3,4.0,11.8,37.0,71,94.0,6.0,19.0,194.0,15248,1000.3,2022,2022-03-03
3,4,0.0,-2.4,5.2,12.0,28.0,60,89.0,7.0,28.0,131.0,14920,999.3,2022,2022-03-04
3,5,0.0,-3.6,2.9,9.9,28.0,58,87.0,7.0,29.0,149.0,15977,1001.6,2022,2022-03-05
3,6,0.0,-4.7,2.5,9.6,31.0,59,85.0,8.0,23.0,135.0,16069,1001.5,2022,2022-03-06
3,7,0.0,-5.2,1.7,9.0,38.0,65,90.0,6.0,18.0,198.0,15967,1003.2,2022,2022-03-07
3,8,0.0,-5.1,2.0,9.7,29.0,59,86.0,7.0,24.0,250.0,16870,1006.4,2022,2022-03-08
3,9,0.0,-4.3,3.5,12.3,31.0,62,88.0,6.0,19.0,197.0,16619,1007.4,2022,2022-03-09
3,10,0.0,-2.8,5.5,14.6,26.0,61,91.0,7.0,21.0,225.0,16925,1008.7,2022,2022-03-10
3,11,0.0,-3.3,4.0,7.0,44.0,66,93.0,5.0,15.0,335.0,4791,1012.6,2022,2022-03-11
3,12,0.0,-5.7,1.8,10.4,16.0,53,90.0,6.0,23.0,160.0,17614,1012.7,2022,2022-03-12
3,13,0.0,-7.1,2.1,10.5,24.0,56,89.0,6.0,24.0,210.0,18050,1011.8,2022,2022-03-13
3,14,0.0,-3.4,4.5,12.4,41.0,70,98.0,6.0,22.0,194.0,16602,1016.9,2022,2022-03-14
3,15,0.0,0.3,5.6,8.5,74.0,84,97.0,4.0,12.0,336.0,3863,1017.5,2022,2022-03-15
3,16,0.0,5.2,8.5,12.8,66.0,82,97.0,5.0,22.0,21.0,9557,1009.3,2022,2022-03-16
3,17,0.0,4.8,10.4,15.6,46.0,68,91.0,4.0,12.0,37.0,8992,1010.6,2022,2022-03-17
3,18,0.0,1.5,9.4,17.5,31.0,57,84.0,8.0,30.0,154.0,16242,1016.2,2022,2022-03-18
3,19,0.0,-0.1,7.5,15.0,25.0,53,85.0,7.0,28.0,123.0,18446,1018.0,2022,2022-03-19
3,20,0.0,-1.5,6.8,14.8,22.0,47,81.0,8.0,32.0,131.0,18301,1019.8,2022,2022-03-20
3,21,0.0,-2.8,5.6,15.1,17.0,48,79.0,7.0,28.0,124.0,19007,1019.3,2022,2022-03-21
3,22,0.0,-0.8,8.1,17.5,15.0,41,70.0,9.0,25.0,148.0,19941,1017.7,2022,2022-03-22
3,23,0.0,-0.1,11.1,21.9,14.0,38,66.0,8.0,20.0,135.0,20138,1012.7,2022,2022-03-23
3,24,0.0,2.4,11.8,21.5,20.0,44,82.0,8.0,22.0,219.0,19320,1008.8,2022,2022-03-24
3,25,0.0,1.5,11.5,21.5,21.0,50,82.0,7.0,24.0,109.0,19508,1007.8,2022,2022-03-25
3,26,0.0,3.3,12.6,22.4,20.0,45,78.0,9.0,27.0,173.0,19089,1009.3,2022,2022-03-26
3,27,0.0,3.4,12.1,22.3,15.0,50,92.0,8.0,25.0,240.0,19518,1010.7,2022,2022-03-27
3,28,0.0,1.7,9.3,18.4,35.0,70,100.0,7.0,28.0,152.0,19328,1007.4,2022,2022-03-28
3,29,0.0,2.1,9.3,15.6,55.0,83,100.0,6.0,21.0,138.0,16545,998.5,2022,2022-03-29
3,30,0.0,4.7,9.5,12.5,75.0,90,100.0,5.0,15.0,29.0,4930,988.7,2022,2022-03-30
3,31,13.8,6.8,8.7,11.0,88.0,97,100.0,6.0,22.0,19.0,4221,977.0,2022,2022-03-31
4,1,15.6,5.2,7.9,10.9,89.0,97,100.0,8.0,30.0,246.0,3087,977.8,2022,2022-04-01
4,2,12.2,4.2,5.9,8.6,68.0,92,100.0,6.0,29.0,25.0,6515,985.9,2022,2022-04-02
4,3,0.0,1.3,6.3,11.2,46.0,75,98.0,6.0,32.0,316.0,15077,998.2,2022,2022-04-03
4,4,0.3,2.6,6.7,10.8,60.0,81,96.0,6.0,24.0,170.0,10304,1001.4,2022,2022-04-04
4,5,0.0,2.0,8.7,13.3,55.0,82,100.0,5.0,18.0,130.0,15422,996.7,2022,2022-04-05
4,6,0.0,3.9,9.4,13.9,62.0,83,100.0,5.0,19.0,2.0,9831,993.6,2022,2022-04-06
4,7,0.0,3.6,10.1,15.6,60.0,83,100.0,7.0,26.0,148.0,15180,987.3,2022,2022-04-07
4,8,2.7,7.7,12.5,18.3,60.0,85,100.0,8.0,26.0,175.0,11788,986.2,2022,2022-04-08
4,9,24.4,-0.7,7.4,14.8,70.0,93,100.0,11.0,51.0,36.0,3520,988.0,2022,2022-04-09
4,10,0.0,-1.1,7.2,15.1,29.0,66,100.0,8.0,26.0,190.0,22973,1001.3,2022,2022-04-10
4,11,0.0,0.4,8.1,14.8,36.0,70,97.0,8.0,27.0,148.0,21711,1005.4,2022,2022-04-11
4,12,0.0,2.4,9.8,16.7,46.0,76,100.0,5.0,19.0,133.0,22046,1003.6,2022,2022-04-12
4,13,0.0,3.8,11.5,19.3,42.0,74,100.0,6.0,16.0,163.0,20271,1002.6,2022,2022-04-13
4,14,0.0,5.7,14.7,23.6,36.0,65,99.0,7.0,25.0,178.0,23368,1002.0,2022,2022-04-14
4,15,0.0,5.7,14.2,21.7,47.0,74,100.0,6.0,17.0,139.0,21309,1002.1,2022,2022-04-15
4,16,0.6,6.0,13.5,20.6,43.0,70,97.0,9.0,28.0,168.0,16167,1001.7,2022,2022-04-16
4,17,0.0,3.2,10.3,17.4,26.0,53,87.0,8.0,25.0,230.0,24652,1002.9,2022,2022-04-17
4,18,0.0,1.1,9.8,16.8,34.0,58,90.0,8.0,25.0,260.0,23187,998.6,2022,2022-04-18
4,19,0.0,4.2,11.1,16.4,35.0,63,90.0,8.0,32.0,179.0,20839,994.3,2022,2022-04-19
4,20,0.0,4.4,10.7,16.4,44.0,65,97.0,8.0,28.0,238.0,19160,996.6,2022,2022-04-20
4,21,1.3,2.7,10.2,14.4,44.0,71,100.0,5.0,19.0,136.0,8909,993.4,2022,2022-04-21
4,22,9.0,8.5,11.2,13.0,75.0,89,100.0,10.0,26.0,0.0,5091,985.6,2022,2022-04-22
4,23,28.2,6.1,11.0,14.9,80.0,96,100.0,5.0,20.0,27.0,6355,990.2,2022,2022-04-23
4,24,7.8,9.0,12.0,16.8,56.0,87,100.0,9.0,40.0,191.0,15696,988.2,2022,2022-04-24
4,25,0.0,8.5,11.6,14.9,77.0,92,100.0,5.0,18.0,139.0,8745,993.5,2022,2022-04-25
4,26,24.1,9.4,12.2,17.1,74.0,93,100.0,5.0,17.0,108.0,9572,996.7,2022,2022-04-26
4,27,0.2,6.0,13.5,20.0,40.0,74,100.0,7.0,23.0,247.0,26078,1000.8,2022,2022-04-27
4,28,0.0,6.7,14.5,21.0,40.0,68,100.0,6.0,19.0,201.0,26007,1005.4,2022,2022-04-28
4,29,0.0,5.4,14.9,21.5,29.0,58,100.0,6.0,22.0,178.0,26189,1005.7,2022,2022-04-29
4,30,0.0,7.6,15.2,21.6,33.0,58,85.0,8.0,26.0,221.0,25028,1001.0,2022,2022-04-30
5,1,0.2,11.3,15.2,22.0,38.0,64,85.0,12.0,46.0,36.0,19163,998.0,2022,2022-05-01
5,2,0.5,10.8,16.3,22.3,42.0,64,96.0,8.0,29.0,126.0,23240,996.1,2022,2022-05-02
5,3,0.0,9.6,16.7,23.3,32.0,60,89.0,7.0,24.0,186.0,23803,996.0,2022,2022-05-03
5,4,0.0,7.7,16.1,23.9,36.0,64,95.0,8.0,34.0,191.0,22962,999.0,2022,2022-05-04
5,5,0.0,7.9,15.3,19.8,43.0,70,99.0,6.0,18.0,266.0,16677,1002.0,2022,2022-05-05
5,6,2.2,12.1,14.2,18.3,63.0,88,100.0,5.0,23.0,35.0,8497,1002.6,2022,2022-05-06
5,7,2.6,12.5,14.8,18.8,70.0,92,100.0,5.0,14.0,350.0,9344,1001.1,2022,2022-05-07
5,8,0.3,12.9,16.9,23.5,44.0,72,90.0,8.0,39.0,121.0,14909,1001.5,2022,2022-05-08
5,9,0.0,9.8,18.2,25.5,36.0,66,95.0,6.0,34.0,160.0,23195,1003.6,2022,2022-05-09
5,10,0.0,11.7,19.4,26.2,39.0,64,93.0,7.0,23.0,171.0,26214,1001.7,2022,2022-05-10
5,11,0.0,12.1,19.8,27.6,42.0,69,95.0,7.0,31.0,178.0,25369,1000.8,2022,2022-05-11
5,12,0.0,13.4,20.5,26.7,47.0,72,94.0,6.0,20.0,137.0,25250,1001.0,2022,2022-05-12
5,13,2.6,12.8,19.9,27.3,45.0,77,100.0,6.0,27.0,354.0,21120,999.8,2022,2022-05-13
5,14,0.2,13.9,19.6,27.2,44.0,77,100.0,8.0,27.0,337.0,16402,999.6,2022,2022-05-14
5,15,0.0,13.1,21.9,29.1,36.0,64,98.0,7.0,25.0,145.0,25840,998.7,2022,2022-05-15
5,16,5.4,14.6,19.8,28.3,51.0,80,100.0,8.0,42.0,321.0,19247,999.7,2022,2022-05-16
5,17,0.1,14.2,21.1,27.7,45.0,75,100.0,6.0,27.0,251.0,26564,998.6,2022,2022-05-17
5,18,0.0,16.7,21.7,26.8,46.0,66,95.0,7.0,33.0,180.0,26433,1003.7,2022,2022-05-18
5,19,0.0,11.4,19.2,26.2,36.0,61,95.0,7.0,24.0,155.0,27268,1007.8,2022,2022-05-19
5,20,0.0,12.4,19.4,26.8,42.0,68,98.0,6.0,32.0,185.0,26966,1005.8,2022,2022-05-20
5,21,0.0,12.9,21.1,28.7,36.0,66,97.0,5.0,23.0,134.0,26397,998.5,2022,2022-05-21
5,22,4.5,15.1,22.3,28.7,49.0,74,100.0,7.0,29.0,11.0,21680,993.1,2022,2022-05-22
5,23,1.7,17.0,21.3,26.0,63.0,83,100.0,6.0,18.0,143.0,13188,989.7,2022,2022-05-23
5,24,10.7,15.6,21.2,27.4,41.0,75,99.0,8.0,45.0,253.0,22103,989.0,2022,2022-05-24
5,25,0.1,15.2,20.4,26.5,58.0,83,100.0,7.0,21.0,189.0,18064,994.6,2022,2022-05-25
5,26,0.0,16.0,21.7,28.0,46.0,77,100.0,6.0,17.0,18.0,23846,1000.9,2022,2022-05-26
5,27,0.0,15.2,22.8,29.1,49.0,73,100.0,6.0,23.0,185.0,24172,996.9,2022,2022-05-27
5,28,2.8,12.7,17.3,23.2,52.0,83,100.0,8.0,48.0,126.0,11710,993.2,2022,2022-05-28
5,29,0.0,7.2,13.9,18.2,57.0,76,100.0,6.0,28.0,133.0,11082,990.9,2022,2022-05-29
5,30,0.0,9.1,15.3,22.0,42.0,77,100.0,6.0,25.0,101.0,23292,993.2,2022,2022-05-30
5,31,0.0,12.3,19.4,26.1,44.0,72,100.0,6.0,26.0,209.0,26009,995.8,2022,2022-05-31
6,1,0.0,14.2,20.7,26.7,54.0,76,98.0,6.0,23.0,182.0,21005,996.5,2022,2022-06-01
6,2,2.2,17.4,22.4,29.1,53.0,79,100.0,6.0,24.0,155.0,22541,997.8,2022,2022-06-02
6,3,1.9,16.1,22.3,29.4,46.0,81,100.0,5.0,22.0,214.0,17193,999.4,2022,2022-06-03
6,4,0.2,15.8,23.4,30.0,51.0,78,100.0,6.0,22.0,130.0,27086,998.3,2022,2022-06-04
6,5,7.4,16.3,23.9,31.7,48.0,74,100.0,8.0,44.0,273.0,22562,995.6,2022,2022-06-05
6,6,0.0,14.8,23.5,30.5,30.0,60,94.0,7.0,22.0,183.0,28851,995.5,2022,2022-06-06
6,7,2.3,17.7,20.1,22.3,53.0,72,91.0,13.0,45.0,328.0,6259,992.8,2022,2022-06-07
6,8,0.1,14.6,21.2,27.6,39.0,64,93.0,8.0,27.0,198.0,27313,990.1,2022,2022-06-08
6,9,8.3,14.3,17.5,20.9,61.0,82,100.0,7.0,25.0,338.0,8737,990.1,2022,2022-06-09
6,10,0.0,13.8,21.3,29.9,32.0,61,86.0,6.0,24.0,37.0,16840,996.5,2022,2022-06-10
6,11,0.0,15.0,22.8,30.5,32.0,58,90.0,7.0,21.0,136.0,29252,1000.0,2022,2022-06-11
6,12,0.0,15.0,23.3,30.3,39.0,64,96.0,7.0,27.0,227.0,29033,1000.1,2022,2022-06-12
6,13,2.2,16.2,22.0,30.1,41.0,74,97.0,8.0,44.0,0.0,21714,997.0,2022,2022-06-13
6,14,0.8,16.5,22.9,29.2,34.0,63,93.0,7.0,27.0,137.0,28967,999.3,2022,2022-06-14
6,15,0.0,16.9,22.7,30.0,41.0,70,99.0,6.0,33.0,313.0,22592,999.5,2022,2022-06-15
6,16,0.0,16.1,24.0,31.0,46.0,72,100.0,6.0,23.0,173.0,25205,997.9,2022,2022-06-16
6,17,21.0,17.2,24.0,31.2,43.0,74,100.0,6.0,36.0,230.0,21521,1000.2,2022,2022-06-17
6,18,0.0,16.9,23.8,30.2,43.0,68,96.0,7.0,22.0,174.0,27860,1001.3,2022,2022-06-18
6,19,0.0,17.1,23.8,30.8,47.0,71,97.0,7.0,32.0,169.0,27152,997.0,2022,2022-06-19
6,20,1.5,15.7,23.3,29.8,47.0,74,99.0,6.0,21.0,154.0,25090,993.5,2022,2022-06-20
6,21,6.4,18.3,23.4,30.5,51.0,81,100.0,6.0,26.0,39.0,20614,993.3,2022,2022-06-21
6,22,0.8,18.4,22.7,27.2,66.0,87,100.0,5.0,18.0,127.0,15107,993.0,2022,2022-06-22
6,23,18.3,18.3,23.9,31.1,46.0,81,100.0,7.0,36.0,283.0,25142,993.5,2022,2022-06-23
6,24,0.0,17.9,24.1,29.7,48.0,78,100.0,10.0,33.0,153.0,22889,991.5,2022,2022-06-24
6,25,0.0,17.1,23.8,30.0,45.0,74,99.0,7.0,24.0,152.0,28677,993.2,2022,2022-06-25
6,26,0.0,18.6,24.7,31.3,47.0,74,99.0,6.0,20.0,162.0,26166,995.9,2022,2022-06-26
6,27,0.0,19.7,26.4,33.4,36.0,67,95.0,6.0,17.0,177.0,27215,995.8,2022,2022-06-27
6,28,0.8,19.3,26.3,34.2,35.0,65,87.0,8.0,39.0,200.0,19732,994.4,2022,2022-06-28
6,29,17.4,18.2,21.9,26.1,68.0,85,99.0,11.0,37.0,299.0,8382,992.4,2022,2022-06-29
6,30,0.0,17.4,24.6,31.4,48.0,79,99.0,6.0,26.0,231.0,27307,993.0,2022,2022-06-30
7,1,0.1,19.4,24.7,31.1,49.0,75,100.0,8.0,22.0,164.0,22054,994.4,2022,2022-07-01
7,2,0.0,17.2,25.8,32.9,35.0,63,88.0,6.0,21.0,112.0,28962,998.3,2022,2022-07-02
7,3,0.0,18.3,26.3,33.2,41.0,67,95.0,6.0,22.0,241.0,27753,997.2,2022,2022-07-03
7,4,2.9,20.2,26.6,35.0,28.0,62,88.0,10.0,58.0,234.0,23082,995.3,2022,2022-07-04
7,5,0.9,17.5,24.4,33.0,37.0,71,98.0,7.0,33.0,46.0,21830,995.7,2022,2022-07-05
7,6,0.1,16.8,24.8,31.1,35.0,63,100.0,7.0,26.0,257.0,28401,998.0,2022,2022-07-06
7,7,11.4,15.2,20.9,28.5,42.0,77,100.0,8.0,44.0,350.0,20545,998.5,2022,2022-07-07
7,8,0.0,14.0,21.7,29.4,32.0,69,100.0,5.0,18.0,249.0,29219,1001.0,2022,2022-07-08
7,9,0.0,14.3,21.8,28.8,31.0,62,97.0,6.0,22.0,237.0,28962,1001.8,2022,2022-07-09
7,10,0.1,16.3,21.7,26.7,46.0,72,91.0,6.0,18.0,122.0,17248,997.9,2022,2022-07-10
7,11,0.0,15.9,21.8,27.4,46.0,69,93.0,6.0,20.0,167.0,22164,1000.0,2022,2022-07-11
7,12,0.0,17.6,23.5,29.3,41.0,64,95.0,6.0,24.0,165.0,24922,1001.7,2022,2022-07-12
7,13,0.0,15.9,23.5,30.6,40.0,68,100.0,7.0,22.0,180.0,26531,1003.0,2022,2022-07-13
7,14,0.0,17.2,24.0,31.6,42.0,70,98.0,5.0,20.0,252.0,21619,999.5,2022,2022-07-14
7,15,2.9,16.3,25.2,33.9,28.0,64,100.0,6.0,21.0,301.0,26325,994.9,2022,2022-07-15
7,16,0.5,18.6,25.8,33.1,40.0,69,100.0,6.0,25.0,17.0,27114,996.7,2022,2022-07-16
7,17,0.0,19.3,25.9,32.3,36.0,61,94.0,6.0,27.0,131.0,27058,1001.6,2022,2022-07-17
7,18,0.0,17.1,25.2,32.6,35.0,62,94.0,6.0,22.0,152.0,26589,1002.3,2022,2022-07-18
7,19,0.0,17.8,26.4,34.2,33.0,57,87.0,6.0,21.0,326.0,27196,1000.5,2022,2022-07-19
7,20,0.0,18.5,26.9,35.5,30.0,56,89.0,6.0,21.0,112.0,26663,999.2,2022,2022-07-20
7,21,0.0,19.0,27.4,36.2,25.0,55,85.0,7.0,27.0,199.0,26479,997.1,2022,2022-07-21
7,22,0.0,19.0,28.1,37.1,27.0,55,87.0,7.0,22.0,140.0,26036,996.3,2022,2022-07-22
7,23,2.9,19.3,28.1,37.0,24.0,55,90.0,8.0,52.0,305.0,24114,995.4,2022,2022-07-23
7,24,0.4,19.5,27.9,35.4,33.0,58,87.0,7.0,21.0,11.0,25582,996.4,2022,2022-07-24
7,25,0.0,20.9,28.5,36.1,34.0,60,85.0,7.0,24.0,238.0,25764,993.0,2022,2022-07-25
7,26,28.5,17.6,24.6,31.7,45.0,70,92.0,10.0,136.0,264.0,20708,991.8,2022,2022-07-26
7,27,0.3,19.5,24.7,32.2,37.0,67,89.0,9.0,40.0,318.0,22224,992.7,2022,2022-07-27
7,28,0.0,18.7,25.3,32.4,35.0,65,94.0,7.0,23.0,125.0,25740,994.4,2022,2022-07-28
7,29,1.5,19.7,25.9,33.2,37.0,62,96.0,9.0,60.0,262.0,25033,994.1,2022,2022-07-29
7,30,5.2,18.2,23.0,30.2,42.0,79,99.0,5.0,21.0,311.0,22583,995.3,2022,2022-07-30
7,31,0.0,16.6,23.9,31.5,36.0,71,97.0,6.0,23.0,190.0,22329,996.2,2022,2022-07-31
8,1,0.8,17.6,25.2,32.8,38.0,69,98.0,7.0,31.0,33.0,24638,995.4,2022,2022-08-01
8,2,20.0,16.9,24.1,31.8,35.0,69,99.0,7.0,41.0,329.0,26538,997.5,2022,2022-08-02
8,3,0.0,17.3,24.8,32.2,36.0,68,96.0,6.0,19.0,181.0,25967,997.2,2022,2022-08-03
8,4,0.0,18.6,26.5,33.7,39.0,65,92.0,6.0,24.0,243.0,25169,995.9,2022,2022-08-04
8,5,0.0,19.0,27.5,34.7,35.0,63,97.0,8.0,24.0,159.0,24903,993.9,2022,2022-08-05
8,6,1.4,19.9,25.9,33.2,41.0,63,93.0,10.0,45.0,8.0,17710,995.3,2022,2022-08-06
8,7,5.1,19.7,24.1,31.2,40.0,73,95.0,8.0,34.0,357.0,17740,997.0,2022,2022-08-07
8,8,0.0,18.0,24.8,31.4,43.0,66,95.0,7.0,27.0,11.0,23622,997.5,2022,2022-08-08
8,9,0.0,17.1,24.2,32.3,33.0,65,95.0,5.0,18.0,138.0,25365,999.8,2022,2022-08-09
8,10,0.0,16.1,24.1,31.9,27.0,57,86.0,7.0,23.0,147.0,25752,1000.5,2022,2022-08-10
8,11,0.0,16.7,24.1,31.2,28.0,55,88.0,6.0,22.0,122.0,23381,998.3,2022,2022-08-11
8,12,3.5,16.7,20.8,28.8,33.0,63,89.0,11.0,35.0,357.0,13961,997.2,2022,2022-08-12
8,13,0.0,14.2,21.1,27.3,40.0,62,96.0,8.0,22.0,156.0,18594,994.8,2022,2022-08-13
8,14,0.0,12.5,21.7,30.7,34.0,68,100.0,6.0,21.0,160.0,23747,991.2,2022,2022-08-14
8,16,1.5,17.0,22.9,29.9,43.0,75,99.0,7.0,24.0,357.0,24283,992.1,2022,2022-08-16
8,17,3.5,17.1,23.8,30.6,52.0,79,100.0,6.0,23.0,182.0,20139,994.2,2022,2022-08-17
8,18,19.8,18.4,22.2,29.3,49.0,85,100.0,9.0,84.0,197.0,12583,993.0,2022,2022-08-18
8,19,12.0,16.8,21.0,27.4,55.0,82,100.0,9.0,48.0,27.0,13781,991.3,2022,2022-08-19
8,20,0.0,16.3,22.6,29.7,42.0,73,100.0,5.0,17.0,141.0,18052,992.5,2022,2022-08-20
8,21,0.0,15.6,22.2,30.0,39.0,72,99.0,6.0,27.0,114.0,22975,992.0,2022,2022-08-21
8,22,0.0,16.1,22.1,29.7,36.0,69,97.0,7.0,19.0,231.0,22950,990.6,2022,2022-08-22
8,23,0.0,15.7,21.3,28.5,39.0,75,97.0,5.0,16.0,175.0,16968,994.4,2022,2022-08-23
8,24,0.0,14.3,21.9,29.6,42.0,74,99.0,6.0,25.0,237.0,23026,996.9,2022,2022-08-24
8,25,0.0,17.3,24.1,30.9,43.0,69,92.0,7.0,22.0,228.0,22326,994.9,2022,2022-08-25
8,26,0.0,17.6,24.8,32.3,39.0,67,96.0,7.0,20.0,123.0,20317,991.6,2022,2022-08-26
8,27,37.9,17.6,22.8,32.1,42.0,75,98.0,9.0,48.0,2.0,15602,991.7,2022,2022-08-27
8,28,0.9,17.3,22.3,28.3,53.0,81,100.0,6.0,19.0,34.0,17727,995.0,2022,2022-08-28
8,29,0.0,17.4,22.7,28.7,49.0,81,100.0,6.0,14.0,175.0,16823,997.8,2022,2022-08-29
8,30,0.0,18.6,23.8,29.8,49.0,78,100.0,6.0,22.0,38.0,19226,997.6,2022,2022-08-30
8,31,28.5,17.0,20.3,25.7,62.0,85,98.0,10.0,44.0,280.0,16409,996.1,2022,2022-08-31
9,1,0.1,15.8,19.9,25.9,51.0,79,96.0,6.0,21.0,299.0,15113,995.8,2022,2022-09-01
9,2,0.0,14.8,19.5,25.2,44.0,74,98.0,6.0,18.0,251.0,20342,996.7,2022,2022-09-02
9,3,0.0,13.4,20.0,26.2,46.0,76,99.0,6.0,21.0,163.0,19303,997.2,2022,2022-09-03
9,4,0.1,14.4,20.7,28.0,46.0,79,100.0,5.0,17.0,210.0,21043,1000.6,2022,2022-09-04
9,5,0.0,15.0,21.6,28.5,45.0,78,100.0,6.0,23.0,226.0,19635,1002.4,2022,2022-09-05
9,6,36.8,14.7,22.1,28.8,53.0,80,100.0,6.0,66.0,334.0,18698,999.4,2022,2022-09-06
9,7,0.0,17.6,21.1,27.2,62.0,87,100.0,5.0,21.0,154.0,14389,997.4,2022,2022-09-07
9,8,1.1,17.6,20.3,24.7,72.0,91,100.0,6.0,19.0,103.0,11609,993.8,2022,2022-09-08
9,9,8.8,14.9,19.8,26.6,57.0,86,100.0,8.0,32.0,307.0,13278,994.0,2022,2022-09-09
9,10,0.0,13.0,19.2,26.9,37.0,72,100.0,7.0,28.0,30.0,18769,995.1,2022,2022-09-10
9,11,0.0,11.8,19.0,26.0,39.0,72,99.0,7.0,22.0,202.0,20023,996.4,2022,2022-09-11
9,12,0.0,12.5,18.7,25.9,46.0,79,100.0,6.0,22.0,111.0,17709,997.1,2022,2022-09-12
9,13,0.0,13.9,19.9,24.8,58.0,84,100.0,5.0,15.0,186.0,12789,995.3,2022,2022-09-13
9,14,0.1,18.0,21.0,24.9,76.0,92,100.0,5.0,21.0,29.0,7782,992.3,2022,2022-09-14
9,15,3.8,17.1,21.0,28.4,56.0,89,100.0,8.0,55.0,342.0,14437,987.4,2022,2022-09-15
9,16,9.3,14.9,19.1,25.0,61.0,88,100.0,6.0,24.0,120.0,11600,986.3,2022,2022-09-16
9,17,11.0,7.4,12.4,16.5,71.0,92,100.0,8.0,32.0,235.0,8747,990.5,2022,2022-09-17
9,18,0.2,7.1,13.7,21.5,47.0,81,100.0,7.0,25.0,170.0,19773,995.5,2022,2022-09-18
9,19,0.0,8.7,16.3,23.6,33.0,68,94.0,8.0,24.0,175.0,19862,994.5,2022,2022-09-19
9,20,1.2,5.2,14.3,22.0,31.0,68,98.0,7.0,24.0,184.0,19228,999.7,2022,2022-09-20
9,21,0.0,6.6,13.1,20.4,36.0,70,99.0,7.0,20.0,174.0,19015,1004.0,2022,2022-09-21
9,22,0.0,6.2,12.8,20.0,41.0,74,98.0,6.0,30.0,246.0,18475,1003.7,2022,2022-09-22
9,23,0.0,6.5,13.9,20.5,45.0,76,99.0,5.0,18.0,266.0,15949,1001.8,2022,2022-09-23
9,24,1.4,12.1,14.4,16.9,68.0,87,99.0,5.0,16.0,22.0,3907,998.8,2022,2022-09-24
9,25,7.3,12.8,15.8,20.2,70.0,91,100.0,7.0,25.0,12.0,12218,993.1,2022,2022-09-25
9,26,5.9,11.0,14.6,19.7,66.0,92,100.0,6.0,26.0,326.0,9558,988.4,2022,2022-09-26
9,27,4.9,8.5,13.6,19.5,62.0,90,100.0,5.0,21.0,15.0,9933,982.8,2022,2022-09-27
9,28,3.3,7.2,13.3,19.1,62.0,88,100.0,6.0,16.0,358.0,8198,983.2,2022,2022-09-28
9,29,35.6,11.0,14.8,19.8,71.0,92,100.0,6.0,31.0,293.0,8626,982.2,2022,2022-09-29
9,30,12.7,11.0,14.2,17.4,80.0,95,100.0,6.0,19.0,2.0,4801,992.0,2022,2022-09-30
10,1,0.6,11.8,15.3,20.2,65.0,90,100.0,6.0,19.0,193.0,12352,996.4,2022,2022-10-01
10,2,0.1,10.5,16.1,22.5,62.0,87,100.0,6.0,17.0,83.0,12711,1000.3,2022,2022-10-02
10,3,0.1,10.2,15.7,23.6,52.0,85,100.0,6.0,19.0,175.0,14969,1000.9,2022,2022-10-03
10,4,0.2,8.2,14.3,20.5,58.0,87,100.0,5.0,15.0,312.0,10360,1005.0,2022,2022-10-04
10,5,0.1,9.9,14.8,21.1,67.0,90,100.0,4.0,18.0,180.0,9588,1008.7,2022,2022-10-05
10,6,0.1,9.7,16.4,24.3,53.0,83,100.0,5.0,15.0,313.0,14482,1009.3,2022,2022-10-06
10,7,0.0,10.4,17.0,25.9,40.0,75,97.0,7.0,19.0,121.0,15640,1005.0,2022,2022-10-07
10,8,0.0,8.3,15.9,23.6,52.0,84,100.0,5.0,15.0,165.0,14582,1001.2,2022,2022-10-08
10,9,0.1,10.9,17.1,23.1,50.0,75,100.0,5.0,21.0,122.0,11416,1003.3,2022,2022-10-09
10,10,0.0,10.0,15.0,22.8,45.0,80,99.0,6.0,22.0,127.0,12320,1002.6,2022,2022-10-10
10,11,0.0,8.5,15.8,24.0,43.0,78,100.0,6.0,14.0,321.0,12651,1003.0,2022,2022-10-11
10,12,0.0,10.3,15.6,22.5,45.0,79,99.0,6.0,17.0,122.0,12355,1004.0,2022,2022-10-12
10,13,0.0,8.1,14.8,22.8,43.0,78,100.0,6.0,15.0,17.0,13912,1001.9,2022,2022-10-13
10,14,0.0,7.5,14.5,21.7,49.0,80,100.0,6.0,13.0,340.0,12688,998.8,2022,2022-10-14
10,15,0.0,11.5,15.2,21.4,52.0,80,99.0,5.0,15.0,163.0,11431,998.8,2022,2022-10-15
10,16,0.0,10.2,14.7,21.3,63.0,89,100.0,5.0,15.0,116.0,10408,1005.6,2022,2022-10-16
10,17,0.2,9.5,15.7,23.8,54.0,85,100.0,6.0,15.0,173.0,12851,1010.0,2022,2022-10-17
10,18,0.1,8.0,15.0,23.0,56.0,85,100.0,5.0,14.0,236.0,12763,1007.5,2022,2022-10-18
10,19,0.1,9.8,16.7,26.0,42.0,78,100.0,6.0,17.0,178.0,12956,1003.3,2022,2022-10-19
10,20,0.0,10.1,15.7,21.7,57.0,84,100.0,5.0,15.0,183.0,9992,1003.8,2022,2022-10-20
10,21,0.1,14.0,16.4,19.0,71.0,88,98.0,4.0,12.0,33.0,-,1001.9,2022,2022-10-21
10,22,10.8,12.0,15.4,18.9,88.0,98,100.0,6.0,18.0,24.0,-,1000.5,2022,2022-10-22
10,23,0.0,11.5,16.2,21.3,70.0,92,100.0,5.0,14.0,357.0,6824,1003.8,2022,2022-10-23
10,24,7.9,16.0,17.7,20.3,90.0,98,100.0,7.0,31.0,188.0,-,1001.1,2022,2022-10-24
10,25,10.2,11.5,15.8,22.0,56.0,88,100.0,5.0,23.0,29.0,10905,1001.4,2022,2022-10-25
10,26,0.1,10.8,15.5,21.7,64.0,89,100.0,5.0,15.0,224.0,10357,1004.3,2022,2022-10-26
10,27,0.1,9.3,15.4,23.9,54.0,85,100.0,6.0,15.0,319.0,11605,1008.6,2022,2022-10-27
10,28,0.0,8.4,15.1,22.9,51.0,81,99.0,5.0,15.0,332.0,11431,1008.9,2022,2022-10-28
10,29,0.1,9.5,15.1,23.0,52.0,84,99.0,5.0,12.0,348.0,11070,1006.8,2022,2022-10-29
10,30,0.0,9.8,15.3,23.5,55.0,84,99.0,5.0,13.0,336.0,10724,1004.0,2022,2022-10-30
10,31,0.1,9.5,15.1,23.1,54.0,83,98.0,5.0,11.0,326.0,10463,1003.6,2022,2022-10-31
11,1,0.1,8.0,14.1,19.5,67.0,90,100.0,4.0,12.0,18.0,8774,1004.4,2022,2022-11-01
11,2,1.6,11.3,14.9,19.3,71.0,94,100.0,4.0,13.0,195.0,7271,1005.1,2022,2022-11-02
11,3,4.4,11.4,14.6,19.2,72.0,94,100.0,4.0,16.0,169.0,6425,1000.3,2022,2022-11-03
11,4,25.5,9.1,13.6,17.2,60.0,85,100.0,11.0,50.0,161.0,6112,986.3,2022,2022-11-04
11,5,0.0,3.4,11.9,19.3,29.0,60,97.0,9.0,26.0,25.0,9850,993.7,2022,2022-11-05
11,6,0.0,3.5,9.3,16.5,38.0,71,94.0,7.0,17.0,335.0,10816,1000.0,2022,2022-11-06
11,7,0.0,2.4,9.5,17.7,42.0,78,100.0,5.0,12.0,318.0,10571,1002.7,2022,2022-11-07
11,8,0.0,3.0,8.7,16.0,54.0,84,100.0,5.0,13.0,351.0,9931,1003.6,2022,2022-11-08
11,9,0.6,5.1,10.8,15.7,62.0,86,99.0,6.0,14.0,338.0,4973,1002.5,2022,2022-11-09
11,10,14.2,6.4,11.3,17.0,67.0,94,100.0,5.0,20.0,98.0,4697,1008.2,2022,2022-11-10
11,11,0.2,4.6,9.6,15.9,65.0,90,100.0,5.0,15.0,17.0,7442,1015.4,2022,2022-11-11
11,12,0.1,3.9,9.7,17.2,54.0,86,100.0,5.0,14.0,323.0,5160,1011.9,2022,2022-11-12
11,13,3.0,3.4,10.3,17.1,48.0,79,100.0,6.0,21.0,133.0,8776,1008.2,2022,2022-11-13
11,14,3.4,5.5,10.0,14.0,77.0,93,100.0,7.0,20.0,350.0,3711,1004.7,2022,2022-11-14
11,15,0.2,5.0,9.7,14.6,70.0,92,100.0,5.0,15.0,189.0,7712,998.5,2022,2022-11-15
11,16,2.1,6.8,10.4,14.6,85.0,97,100.0,4.0,12.0,338.0,4013,986.6,2022,2022-11-16
11,17,0.2,6.4,10.2,15.0,71.0,94,100.0,5.0,14.0,340.0,6053,985.1,2022,2022-11-17
11,18,0.8,5.6,9.7,15.7,58.0,91,100.0,6.0,19.0,127.0,4566,983.0,2022,2022-11-18
11,19,0.0,3.6,8.3,14.8,53.0,84,100.0,6.0,18.0,87.0,5754,989.7,2022,2022-11-19
11,20,0.0,3.7,7.2,12.7,57.0,84,97.0,6.0,20.0,193.0,7963,993.4,2022,2022-11-20
11,21,0.5,0.4,6.5,11.6,60.0,84,100.0,6.0,23.0,14.0,8498,990.9,2022,2022-11-21
11,22,53.5,6.3,7.9,10.7,56.0,86,98.0,19.0,50.0,14.0,-,979.3,2022,2022-11-22
11,23,0.0,3.5,7.1,11.9,60.0,86,100.0,6.0,17.0,293.0,5355,986.3,2022,2022-11-23
11,24,0.0,1.7,6.0,13.4,60.0,86,100.0,7.0,17.0,335.0,7816,996.7,2022,2022-11-24
11,25,0.0,2.8,7.0,13.4,70.0,86,100.0,7.0,17.0,335.0,5456,1002.7,2022,2022-11-25
11,26,0.0,1.7,6.8,15.4,41.0,76,94.0,7.0,15.0,338.0,7047,1008.7,2022,2022-11-26
11,27,0.0,-0.3,4.5,12.3,45.0,79,97.0,7.0,18.0,351.0,8224,1010.0,2022,2022-11-27
11,28,0.3,-0.9,4.4,8.1,61.0,86,99.0,6.0,16.0,350.0,2675,1002.9,2022,2022-11-28
11,29,1.2,-0.3,4.1,8.4,69.0,91,100.0,5.0,21.0,124.0,4005,1000.7,2022,2022-11-29
11,30,0.0,0.2,4.3,9.6,60.0,83,95.0,6.0,14.0,308.0,4329,1001.4,2022,2022-11-30
12,1,3.1,3.7,7.3,13.1,51.0,78,100.0,5.0,18.0,137.0,6461,1000.9,2022,2022-12-01
12,2,4.7,3.7,5.9,8.1,80.0,96,100.0,4.0,14.0,343.0,2486,1002.6,2022,2022-12-02
12,3,5.0,3.1,7.1,9.6,88.0,97,100.0,6.0,18.0,350.0,1848,1001.4,2022,2022-12-03
12,4,26.8,6.6,8.3,9.3,95.0,99,100.0,6.0,23.0,28.0,-,998.8,2022,2022-12-04
12,5,9.4,3.8,8.5,12.1,86.0,98,100.0,5.0,19.0,346.0,2897,1000.0,2022,2022-12-05
12,6,0.0,0.5,5.7,12.1,59.0,90,100.0,5.0,15.0,155.0,7549,998.2,2022,2022-12-06
12,7,0.0,-1.4,3.8,11.2,53.0,84,100.0,6.0,18.0,0.0,7547,996.1,2022,2022-12-07
12,8,0.0,-1.1,3.5,10.3,53.0,83,97.0,7.0,16.0,5.0,6520,994.0,2022,2022-12-08
12,9,23.5,4.0,6.0,7.7,85.0,98,100.0,6.0,21.0,354.0,744,986.5,2022,2022-12-09
12,10,1.1,5.1,7.7,10.6,95.0,99,100.0,4.0,14.0,116.0,1759,981.2,2022,2022-12-10
12,11,4.0,-0.6,3.6,6.4,74.0,91,100.0,9.0,34.0,10.0,1266,985.6,2022,2022-12-11
12,12,0.0,-5.1,-0.7,4.6,56.0,86,100.0,5.0,12.0,47.0,7458,993.9,2022,2022-12-12
12,13,0.0,-3.5,0.5,3.5,57.0,81,94.0,5.0,14.0,336.0,2663,994.8,2022,2022-12-13
12,14,0.0,-2.5,1.4,5.9,51.0,81,98.0,4.0,12.0,326.0,3321,989.9,2022,2022-12-14
12,15,28.6,-3.5,2.7,7.1,72.0,91,100.0,8.0,27.0,7.0,2246,990.7,2022,2022-12-15
12,16,11.7,6.5,7.2,8.3,99.0,100,100.0,4.0,16.0,25.0,1081,987.7,2022,2022-12-16
12,17,3.7,-1.2,5.3,9.4,79.0,95,100.0,4.0,19.0,88.0,3372,1001.3,2022,2022-12-17
12,18,0.0,-3.1,1.3,7.9,60.0,88,100.0,4.0,13.0,22.0,7132,1015.6,2022,2022-12-18
12,19,0.0,-1.9,1.0,5.6,64.0,90,100.0,5.0,12.0,318.0,4323,1017.2,2022,2022-12-19
12,20,0.0,-2.7,0.9,7.2,72.0,93,100.0,5.0,12.0,332.0,5191,1011.9,2022,2022-12-20
12,21,0.0,0.1,4.3,7.2,82.0,93,100.0,5.0,14.0,15.0,3483,1004.5,2022,2022-12-21
12,22,0.0,4.2,5.7,6.9,90.0,97,100.0,4.0,12.0,237.0,1638,1000.5,2022,2022-12-22
12,23,0.0,5.5,6.7,8.8,84.0,95,100.0,4.0,11.0,269.0,1892,998.6,2022,2022-12-23
12,24,0.0,5.7,7.6,11.3,72.0,92,100.0,4.0,13.0,323.0,3120,1000.9,2022,2022-12-24
12,25,0.0,4.5,8.0,10.7,74.0,92,100.0,4.0,12.0,29.0,2580,1006.6,2022,2022-12-25
12,26,0.0,6.4,7.9,9.2,96.0,99,100.0,3.0,9.0,8.0,1397,1008.0,2022,2022-12-26
12,27,0.0,5.3,8.5,13.7,68.0,91,100.0,5.0,14.0,67.0,6308,1008.1,2022,2022-12-27
12,28,0.0,2.4,6.8,12.9,57.0,86,100.0,5.0,12.0,329.0,5656,1008.2,2022,2022-12-28
12,29,0.4,2.1,6.8,10.9,68.0,89,100.0,4.0,11.0,27.0,3276,1005.2,2022,2022-12-29
12,30,0.7,5.4,7.6,9.9,88.0,97,100.0,4.0,12.0,339.0,1591,1004.8,2022,2022-12-30
12,31,0.0,4.0,8.1,12.5,84.0,96,100.0,5.0,15.0,110.0,5477,1012.0,2022,2022-12-31
1,1,0.0,7.5,9.1,10.9,92.0,99.0,100.0,3,10,142,2233,1013.3,2023,2023-01-01
1,2,0.6,8.5,9.0,9.9,100.0,100.0,100.0,2,6,161,1188,1012.2,2023,2023-01-02
1,3,0.1,4.9,8.5,12.5,82.0,97.0,100.0,4,12,352,4296,1011.9,2023,2023-01-03
1,4,0.1,4.0,8.1,13.7,68.0,93.0,100.0,6,15,335,5480,1011.3,2023,2023-01-04
1,5,0.0,6.8,8.2,9.5,93.0,99.0,100.0,3,10,332,1785,1005.7,2023,2023-01-05
1,6,0.0,6.1,8.5,11.3,74.0,88.0,100.0,5,14,162,4956,1007.6,2023,2023-01-06
1,7,0.0,4.4,7.7,9.4,76.0,88.0,100.0,4,13,335,1832,1006.0,2023,2023-01-07
1,8,31.8,5.5,6.7,8.9,94.0,99.0,100.0,4,16,5,-,999.0,2023,2023-01-08
1,9,53.2,5.4,8.5,10.7,74.0,92.0,100.0,9,53,357,2684,986.2,2023,2023-01-09
1,10,0.0,-1.4,4.9,12.0,58.0,84.0,100.0,6,19,336,7922,997.6,2023,2023-01-10
1,11,0.4,-2.0,4.3,11.0,38.0,73.0,93.0,6,19,314,6681,1003.6,2023,2023-01-11
1,12,0.0,1.4,5.8,11.2,57.0,84.0,100.0,6,18,341,3619,1004.7,2023,2023-01-12
1,13,0.0,0.7,4.6,9.4,66.0,89.0,100.0,5,16,315,3340,1002.3,2023,2023-01-13
1,14,0.0,0.3,5.5,13.0,55.0,83.0,100.0,8,18,336,7605,1004.9,2023,2023-01-14
1,15,9.8,1.9,5.7,8.0,75.0,93.0,100.0,5,20,350,1420,996.7,2023,2023-01-15
1,16,7.8,3.9,4.9,6.5,86.0,97.0,100.0,7,22,36,2628,982.0,2023,2023-01-16
1,17,5.6,1.2,4.5,6.2,87.0,96.0,100.0,7,24,20,2036,973.6,2023,2023-01-17
1,18,0.1,1.7,4.3,7.3,89.0,98.0,100.0,4,17,353,2538,977.5,2023,2023-01-18
1,19,6.3,1.1,3.3,5.4,66.0,88.0,100.0,13,38,19,-,987.3,2023,2023-01-19
1,20,0.0,1.0,3.6,8.0,38.0,65.0,89.0,9,32,34,5052,992.3,2023,2023-01-20
1,21,0.0,2.3,5.1,8.8,30.0,44.0,69.0,11,33,31,3981,993.4,2023,2023-01-21
1,22,0.0,-0.5,4.6,8.5,43.0,60.0,88.0,10,41,14,3157,1001.2,2023,2023-01-22
1,23,7.4,5.6,7.9,10.7,45.0,68.0,89.0,18,49,4,-,1003.7,2023,2023-01-23
1,24,0.3,1.4,5.9,10.2,62.0,86.0,100.0,5,17,23,4433,1011.7,2023,2023-01-24
1,25,0.0,-1.3,4.3,10.8,54.0,83.0,100.0,5,17,109,10194,1007.8,2023,2023-01-25
1,26,0.0,-4.1,0.8,7.3,54.0,80.0,98.0,6,20,114,8755,998.9,2023,2023-01-26
1,27,0.0,-3.6,1.0,6.1,42.0,72.0,88.0,7,17,193,8928,997.9,2023,2023-01-27
1,28,0.0,-4.2,0.2,6.3,46.0,79.0,95.0,5,13,293,5953,1003.5,2023,2023-01-28
1,29,0.0,-3.9,1.0,6.9,54.0,81.0,97.0,5,15,158,9469,1008.0,2023,2023-01-29
1,30,0.0,-4.7,-0.1,6.3,64.0,86.0,97.0,6,18,337,8351,1002.5,2023,2023-01-30
1,31,0.0,-4.9,0.8,7.9,63.0,85.0,97.0,6,18,125,9682,1005.1,2023,2023-01-31
2,1,0.0,-3.3,2.6,9.9,60.0,84.0,99.0,7,15,331,8166,1004.0,2023,2023-02-01
2,2,0.0,-2.7,2.1,8.7,73.0,92.0,100.0,6,15,336,7037,1004.9,2023,2023-02-02
2,3,0.0,-2.1,3.3,11.2,53.0,86.0,100.0,6,15,321,9668,1007.1,2023,2023-02-03
2,4,0.0,-2.4,4.4,12.5,48.0,80.0,100.0,8,24,272,9844,1006.1,2023,2023-02-04
2,5,0.0,-4.0,0.7,5.0,51.0,72.0,90.0,5,19,148,5704,1016.6,2023,2023-02-05
2,6,0.0,-5.9,-1.4,3.9,56.0,76.0,91.0,5,14,219,8027,1019.5,2023,2023-02-06
2,7,0.0,-7.4,-2.2,5.2,41.0,74.0,96.0,6,17,242,11394,1021.0,2023,2023-02-07
2,8,0.0,-8.5,-2.0,5.2,41.0,67.0,90.0,6,29,122,11247,1022.3,2023,2023-02-08
2,9,0.0,-6.9,-1.4,6.1,31.0,60.0,86.0,6,17,49,11790,1020.6,2023,2023-02-09
2,10,0.0,-7.9,-1.0,8.1,31.0,66.0,88.0,6,13,337,11889,1020.2,2023,2023-02-10
2,11,0.0,-5.5,1.8,10.0,30.0,63.0,85.0,7,15,318,10818,1017.6,2023,2023-02-11
2,12,0.0,-3.1,4.4,15.0,26.0,64.0,88.0,7,22,230,11282,1017.2,2023,2023-02-12
2,13,0.0,-1.8,4.2,12.9,47.0,74.0,95.0,7,15,193,12087,1019.8,2023,2023-02-13
2,14,0.0,-2.3,4.9,14.5,44.0,75.0,97.0,6,14,337,12437,1015.6,2023,2023-02-14
2,15,0.0,-1.6,6.3,16.8,35.0,71.0,96.0,6,17,320,12653,1011.7,2023,2023-02-15
2,16,0.0,-2.6,4.4,11.9,53.0,83.0,100.0,6,14,115,10166,1012.2,2023,2023-02-16
2,17,0.0,0.5,6.3,10.4,78.0,91.0,100.0,5,15,160,4731,1012.6,2023,2023-02-17
2,18,0.3,5.4,7.1,9.4,84.0,95.0,100.0,3,10,8,2458,1010.3,2023,2023-02-18
2,19,0.3,6.0,7.9,10.3,76.0,93.0,100.0,4,20,354,3846,1006.4,2023,2023-02-19
2,20,0.1,1.7,9.1,15.0,57.0,79.0,100.0,6,19,177,11496,1007.9,2023,2023-02-20
2,21,0.0,2.4,7.5,10.0,78.0,91.0,100.0,3,9,129,3236,1004.5,2023,2023-02-21
2,22,0.0,4.3,8.4,13.8,59.0,81.0,96.0,6,14,341,10474,1000.2,2023,2023-02-22
2,23,0.0,6.0,7.8,11.3,74.0,90.0,97.0,3,9,0,3864,998.6,2023,2023-02-23
2,24,1.4,5.6,7.4,8.9,86.0,94.0,100.0,3,9,314,2164,994.5,2023,2023-02-24
2,25,0.6,5.8,8.8,12.8,74.0,93.0,100.0,5,36,100,7258,983.3,2023,2023-02-25
2,26,3.0,3.8,5.7,7.9,34.0,54.0,99.0,-,45,34,5288,989.2,2023,2023-02-26
2,27,0.0,1.5,5.2,10.5,35.0,52.0,72.0,-,39,108,11008,1001.1,2023,2023-02-27
2,28,0.0,-2.2,4.6,11.0,42.0,63.0,92.0,8,32,116,15178,1005.2,2023,2023-02-28
3,1,4.1,-2.3,6.4,14.5,42.0,72.0,97.0,9,47,41,7859,1001.1,2023,2023-03-01
3,2,0.0,0.9,6.9,14.5,49.0,76.0,95.0,5,22,138,6324,1000.0,2023,2023-03-02
3,3,0.0,0.1,6.3,13.8,51.0,79.0,99.0,6,17,328,10468,999.5,2023,2023-03-03
3,4,0.0,-0.8,6.4,14.7,46.0,77.0,99.0,8,19,227,15695,998.5,2023,2023-03-04
3,5,0.0,0.0,7.5,13.8,43.0,74.0,96.0,7,21,141,14485,994.0,2023,2023-03-05
3,6,0.3,3.4,8.0,11.0,62.0,82.0,100.0,5,14,237,6755,989.0,2023,2023-03-06
3,7,2.9,3.5,7.3,11.9,75.0,93.0,100.0,7,31,172,6275,987.1,2023,2023-03-07
3,8,0.0,1.7,8.4,13.1,72.0,88.0,100.0,6,17,124,9707,988.1,2023,2023-03-08
3,9,0.8,7.8,10.5,15.5,69.0,91.0,100.0,5,15,20,6470,987.3,2023,2023-03-09
3,10,0.0,8.5,11.9,17.1,59.0,84.0,97.0,7,28,154,11545,980.5,2023,2023-03-10
3,11,0.0,5.2,11.5,17.3,51.0,74.0,100.0,6,22,172,15456,982.1,2023,2023-03-11
3,12,0.0,2.0,8.6,14.1,39.0,60.0,91.0,5,19,117,15713,996.6,2023,2023-03-12
3,13,0.0,1.4,8.8,15.1,43.0,73.0,97.0,5,19,145,13309,999.5,2023,2023-03-13
3,14,14.8,7.8,9.6,12.0,91.0,98.0,100.0,6,19,244,3016,987.5,2023,2023-03-14
3,15,0.0,1.4,9.4,15.1,15.0,56.0,94.0,10,35,37,15439,993.1,2023,2023-03-15
3,16,0.0,-1.7,5.5,12.5,33.0,63.0,95.0,8,27,193,18222,1004.6,2023,2023-03-16
3,17,0.0,0.0,6.4,13.9,44.0,73.0,96.0,6,19,236,17373,1004.7,2023,2023-03-17
3,18,0.0,-0.3,6.8,14.3,40.0,74.0,100.0,6,18,187,16671,1001.6,2023,2023-03-18
3,19,0.0,0.8,8.2,14.7,43.0,73.0,98.0,5,17,196,14344,1002.6,2023,2023-03-19
3,20,0.0,3.6,9.3,15.7,60.0,82.0,100.0,5,15,157,10326,1001.9,2023,2023-03-20
3,21,0.0,3.0,11.5,19.7,39.0,74.0,100.0,6,23,193,18250,998.8,2023,2023-03-21
3,22,0.0,5.8,12.6,19.9,47.0,76.0,97.0,6,31,211,17286,997.6,2023,2023-03-22
3,23,0.0,5.2,11.5,19.0,48.0,79.0,99.0,6,19,199,14920,997.7,2023,2023-03-23
3,24,-,5.1,11.5,16.0,65.0,86.0,100.0,5,17,127,-,996.5,2023,2023-03-24
3,25,3.2,6.0,11.2,17.6,57.0,87.0,100.0,6,25,127,9275,993.8,2023,2023-03-25
3,26,29.2,5.5,10.3,17.7,60.0,87.0,100.0,9,28,350,12149,989.5,2023,2023-03-26
3,27,0.2,1.2,9.6,16.9,20.0,64.0,100.0,13,54,15,16756,989.5,2023,2023-03-27
3,28,0.0,-1.4,6.8,14.5,23.0,53.0,86.0,10,35,190,21273,1005.3,2023,2023-03-28
3,29,0.0,2.5,9.4,15.8,37.0,65.0,98.0,6,23,127,20135,1006.0,2023,2023-03-29
3,30,0.0,6.5,9.7,13.2,65.0,85.0,98.0,6,15,38,4632,1004.0,2023,2023-03-30
3,31,1.9,7.0,10.0,11.5,85.0,95.0,100.0,7,20,274,3146,993.6,2023,2023-03-31
4,1,0.1,3.8,10.6,17.3,52.0,82.0,100.0,6,19,160,16525,987.8,2023,2023-04-01
4,2,0.0,5.2,12.0,19.2,30.0,72.0,98.0,7,28,303,18912,992.6,2023,2023-04-02
4,3,0.0,3.7,10.1,17.1,25.0,59.0,97.0,10,39,352,21918,995.9,2023,2023-04-03
4,4,0.0,-0.1,6.5,13.3,24.0,47.0,72.0,9,26,219,22541,998.9,2023,2023-04-04
4,5,0.0,-0.6,4.8,11.6,33.0,58.0,93.0,9,26,222,22504,1001.6,2023,2023-04-05
4,6,0.0,-1.6,5.7,13.5,35.0,63.0,93.0,8,30,226,22001,1001.5,2023,2023-04-06
4,7,0.0,-0.7,8.1,15.3,41.0,66.0,97.0,7,23,182,19127,999.0,2023,2023-04-07
4,8,0.1,2.5,9.4,14.0,31.0,67.0,93.0,6,25,40,11392,1000.5,2023,2023-04-08
4,9,0.0,2.6,8.8,15.1,44.0,71.0,94.0,6,32,122,15818,1004.2,2023,2023-04-09
4,10,0.0,1.1,9.3,17.2,35.0,66.0,95.0,7,23,235,22854,1004.8,2023,2023-04-10
4,11,0.0,3.8,9.3,15.5,48.0,73.0,95.0,6,21,236,13626,998.4,2023,2023-04-11
4,12,0.6,4.6,11.8,16.2,42.0,67.0,94.0,6,20,174,12188,992.2,2023,2023-04-12
4,13,51.7,5.4,7.7,9.7,84.0,94.0,100.0,14,48,22,2292,986.5,2023,2023-04-13
4,14,3.3,5.8,9.1,13.7,61.0,81.0,99.0,9,31,222,11543,986.4,2023,2023-04-14
4,15,4.4,4.2,9.4,15.9,57.0,83.0,99.0,6,42,167,-,990.1,2023,2023-04-15
4,16,0.0,3.0,10.7,18.8,44.0,72.0,97.0,8,24,200,23355,995.1,2023,2023-04-16
4,17,0.0,5.1,14.7,23.0,30.0,54.0,92.0,7,33,116,21768,995.7,2023,2023-04-17
4,18,0.0,6.3,14.4,21.7,33.0,58.0,89.0,9,28,178,21472,996.7,2023,2023-04-18
4,19,5.8,6.3,12.6,18.5,45.0,76.0,98.0,7,33,136,13892,996.8,2023,2023-04-19
4,20,5.2,9.6,10.6,11.5,82.0,93.0,99.0,8,22,351,2776,996.7,2023,2023-04-20
4,21,2.1,8.7,13.6,20.8,47.0,77.0,95.0,9,24,153,15698,996.6,2023,2023-04-21
4,22,0.0,7.2,14.1,20.9,50.0,77.0,100.0,7,26,217,22394,996.1,2023,2023-04-22
4,23,0.1,8.8,14.4,19.9,52.0,81.0,100.0,6,25,137,15299,994.0,2023,2023-04-23
4,24,12.2,8.2,11.8,14.9,72.0,90.0,100.0,6,32,12,6268,989.9,2023,2023-04-24
4,25,5.2,4.6,9.8,15.9,52.0,87.0,100.0,8,27,234,12462,992.3,2023,2023-04-25
4,26,0.0,3.1,11.6,18.6,45.0,75.0,100.0,9,35,186,23292,997.0,2023,2023-04-26
4,27,0.0,8.0,13.4,19.9,39.0,69.0,96.0,6,26,249,22067,1000.3,2023,2023-04-27
4,28,1.0,7.5,12.1,17.8,38.0,73.0,94.0,5,13,27,11793,1000.7,2023,2023-04-28
4,29,0.0,7.1,13.7,20.6,49.0,78.0,100.0,6,19,167,20780,996.9,2023,2023-04-29
4,30,0.0,10.2,16.5,22.7,49.0,72.0,98.0,7,27,14,15043,997.5,2023,2023-04-30
5,1,3.4,9.6,14.9,20.8,39.0,70.0,96.0,7,37,151,16889,997.7,2023,2023-05-01
5,2,9.6,11.3,13.2,15.8,71.0,88.0,99.0,9,26,17,5725,998.7,2023,2023-05-02
5,3,0.2,9.8,14.4,19.3,53.0,79.0,100.0,-,28,0,11756,1002.3,2023,2023-05-03
5,4,0.0,7.6,15.5,22.2,42.0,72.0,100.0,-,22,160,26312,1002.3,2023,2023-05-04
5,5,0.1,9.0,17.0,24.4,49.0,76.0,100.0,6,21,236,25688,999.9,2023,2023-05-05
5,6,0.0,11.2,17.7,24.8,48.0,79.0,100.0,5,22,330,19931,997.3,2023,2023-05-06
5,7,0.0,12.4,18.1,25.1,51.0,75.0,96.0,7,26,9,19800,997.6,2023,2023-05-07
5,8,0.9,13.9,16.5,19.8,71.0,87.0,100.0,4,19,105,8121,1000.8,2023,2023-05-08
5,9,0.1,13.4,16.7,21.4,47.0,71.0,100.0,5,31,139,16621,999.0,2023,2023-05-09
5,10,22.9,11.3,12.5,14.3,61.0,90.0,100.0,6,24,355,-,995.4,2023,2023-05-10
5,11,25.1,10.6,11.7,13.5,76.0,89.0,100.0,14,33,16,4954,993.6,2023,2023-05-11
5,12,8.9,10.4,12.3,15.2,84.0,95.0,100.0,6,17,318,8076,997.0,2023,2023-05-12
5,13,7.5,9.2,12.5,17.0,72.0,90.0,100.0,7,21,36,-,999.8,2023,2023-05-13
5,14,8.1,9.6,12.0,14.0,76.0,90.0,100.0,7,24,14,-,994.3,2023,2023-05-14
5,15,0.0,8.5,15.2,22.0,48.0,78.0,100.0,6,20,144,25840,990.2,2023,2023-05-15
5,16,2.3,12.3,15.1,16.9,53.0,67.0,91.0,17,57,351,8138,987.8,2023,2023-05-16
5,17,0.0,8.7,15.0,18.9,53.0,73.0,99.0,6,21,30,12160,994.0,2023,2023-05-17
5,18,0.1,7.4,15.3,22.0,43.0,69.0,99.0,6,23,154,19431,999.8,2023,2023-05-18
5,19,0.0,10.2,16.5,22.1,49.0,70.0,98.0,8,35,131,19576,1000.6,2023,2023-05-19
5,20,0.0,14.9,19.3,24.6,46.0,62.0,74.0,8,35,114,13170,997.0,2023,2023-05-20
5,21,0.1,16.5,22.6,29.0,32.0,52.0,84.0,10,37,126,26814,994.0,2023,2023-05-21
5,22,0.0,14.4,22.1,29.4,30.0,57.0,88.0,7,23,132,27590,993.7,2023,2023-05-22
5,23,0.0,12.0,20.6,28.9,40.0,67.0,96.0,7,37,324,24514,993.7,2023,2023-05-23
5,24,17.1,13.0,18.7,25.0,50.0,81.0,99.0,7,24,32,15207,995.8,2023,2023-05-24
5,25,0.0,14.8,21.1,27.2,41.0,68.0,94.0,6,22,139,27797,998.9,2023,2023-05-25
5,26,3.2,15.6,21.5,28.0,46.0,72.0,98.0,8,33,32,24984,999.3,2023,2023-05-26
5,27,0.0,15.5,21.1,26.9,41.0,70.0,100.0,5,19,156,26644,999.3,2023,2023-05-27
5,28,0.0,15.9,21.0,26.6,39.0,63.0,90.0,8,31,356,24519,996.0,2023,2023-05-28
5,29,0.1,14.1,21.3,28.1,37.0,62.0,87.0,8,24,123,24706,995.8,2023,2023-05-29
5,30,6.6,15.2,20.6,27.6,36.0,63.0,86.0,9,36,355,24395,997.3,2023,2023-05-30
5,31,0.0,15.2,20.7,26.5,34.0,63.0,85.0,8,37,141,26519,998.8,2023,2023-05-31
6,1,0.0,15.6,22.1,28.6,37.0,62.0,90.0,7,24,152,27672,996.0,2023,2023-06-01
6,2,22.1,14.3,20.9,28.8,39.0,68.0,98.0,8,40,91,24125,993.9,2023,2023-06-02
6,3,10.6,14.4,19.7,25.7,46.0,76.0,99.0,8,46,317,20211,996.9,2023,2023-06-03
6,4,0.7,14.2,18.6,24.0,61.0,83.0,99.0,8,21,16,15840,998.6,2023,2023-06-04
6,5,16.9,14.8,16.5,19.5,80.0,92.0,100.0,9,32,145,8203,998.3,2023,2023-06-05
6,6,4.5,13.9,18.1,22.7,61.0,89.0,100.0,5,19,148,16805,997.4,2023,2023-06-06
6,7,0.3,13.2,20.0,26.0,53.0,78.0,100.0,8,27,322,26597,997.0,2023,2023-06-07
6,8,1.4,15.5,20.2,27.1,43.0,74.0,96.0,6,22,142,22828,994.7,2023,2023-06-08
6,9,0.2,14.1,19.9,26.9,52.0,79.0,97.0,8,41,347,23738,993.5,2023,2023-06-09
6,10,5.8,14.7,19.6,26.8,53.0,83.0,100.0,7,41,141,21358,992.9,2023,2023-06-10
6,11,2.3,14.7,20.4,27.5,50.0,82.0,100.0,6,28,222,21947,993.7,2023,2023-06-11
6,12,18.8,16.0,21.4,26.7,50.0,74.0,100.0,6,30,104,23670,993.5,2023,2023-06-12
6,13,1.3,15.0,19.6,25.0,47.0,77.0,100.0,6,17,125,21102,992.7,2023,2023-06-13
6,14,0.6,14.1,20.2,26.4,42.0,73.0,98.0,6,33,111,24257,992.9,2023,2023-06-14
6,15,0.0,15.2,20.9,26.4,46.0,69.0,93.0,7,27,327,24797,994.9,2023,2023-06-15
6,16,0.1,14.5,20.2,26.9,38.0,71.0,94.0,8,34,254,22390,995.2,2023,2023-06-16
6,17,0.0,12.4,20.7,28.0,39.0,72.0,100.0,6,22,239,27089,995.7,2023,2023-06-17
6,18,0.0,14.8,22.0,28.3,40.0,70.0,99.0,6,20,185,26355,997.0,2023,2023-06-18
6,19,0.0,16.0,23.2,29.8,36.0,69.0,99.0,5,23,225,27657,997.0,2023,2023-06-19
6,20,0.0,17.3,24.1,30.3,53.0,74.0,100.0,6,19,161,23172,997.8,2023,2023-06-20
6,21,0.0,18.4,25.2,31.6,50.0,77.0,100.0,5,17,149,25709,998.3,2023,2023-06-21
6,22,0.0,19.8,26.0,32.6,48.0,76.0,100.0,6,20,152,24828,997.9,2023,2023-06-22
6,23,0.5,20.2,24.5,31.0,39.0,63.0,95.0,10,34,34,16719,995.1,2023,2023-06-23
6,24,0.0,15.6,23.7,31.6,33.0,54.0,79.0,7,24,150,27586,998.5,2023,2023-06-24
6,25,0.0,14.3,23.1,30.0,36.0,62.0,94.0,7,26,244,29330,997.5,2023,2023-06-25
6,26,0.0,16.6,24.6,31.0,41.0,65.0,98.0,6,21,241,28425,996.1,2023,2023-06-26
6,27,0.0,17.9,22.9,29.5,50.0,76.0,96.0,5,20,13,15349,994.6,2023,2023-06-27
6,28,0.0,16.6,21.0,26.5,44.0,71.0,97.0,6,23,50,20405,996.7,2023,2023-06-28
6,29,0.0,15.3,21.8,28.2,42.0,65.0,92.0,7,27,300,26145,997.4,2023,2023-06-29
6,30,0.0,14.5,21.2,27.4,40.0,71.0,97.0,7,27,172,18285,993.4,2023,2023-06-30
7,1,8.0,16.1,20.5,26.7,57.0,86.0,100.0,7,31,25,17617,990.0,2023,2023-07-01
7,2,40.2,14.9,22.1,27.9,58.0,83.0,100.0,-,-,-,20403,991.6,2023,2023-07-02
7,3,7.9,17.2,20.4,23.9,74.0,93.0,100.0,-,-,-,8347,994.9,2023,2023-07-03
7,4,0.3,15.7,22.7,29.2,44.0,73.0,100.0,5,18,339,28158,995.3,2023,2023-07-04
7,5,20.6,15.7,21.6,27.6,47.0,76.0,98.0,9,44,328,24008,995.2,2023,2023-07-05
7,6,0.1,16.7,21.2,25.3,56.0,78.0,98.0,5,19,97,14893,997.7,2023,2023-07-06
7,7,0.0,15.6,22.6,28.7,41.0,69.0,95.0,6,19,237,28710,1001.4,2023,2023-07-07
7,8,0.0,16.5,23.5,30.0,43.0,71.0,99.0,6,27,220,26628,1001.5,2023,2023-07-08
7,9,0.0,17.8,25.1,32.2,45.0,74.0,97.0,5,18,202,27754,1001.1,2023,2023-07-09
7,10,0.0,18.5,26.4,33.0,47.0,74.0,97.0,6,16,143,27069,1000.0,2023,2023-07-10
7,11,0.0,20.9,26.3,31.7,59.0,78.0,100.0,6,27,161,22672,997.8,2023,2023-07-11
7,12,18.9,18.4,23.2,28.9,55.0,83.0,100.0,7,71,302,17859,996.7,2023,2023-07-12
7,13,6.3,16.7,22.7,29.4,57.0,84.0,100.0,5,28,303,17573,995.5,2023,2023-07-13
7,14,0.0,16.3,23.6,30.4,37.0,70.0,100.0,6,23,122,28034,997.6,2023,2023-07-14
7,15,0.0,16.8,24.6,30.9,48.0,73.0,100.0,6,19,169,27722,996.6,2023,2023-07-15
7,16,0.0,19.9,25.9,32.1,55.0,81.0,99.0,5,18,187,25570,996.2,2023,2023-07-16
7,17,0.0,21.3,27.5,33.0,52.0,79.0,100.0,5,24,187,26168,996.6,2023,2023-07-17
7,18,2.4,19.6,26.2,33.9,46.0,78.0,99.0,7,67,14,23373,997.2,2023,2023-07-18
7,19,2.6,19.2,24.4,31.2,57.0,79.0,99.0,8,51,14,19452,992.5,2023,2023-07-19
7,20,0.0,19.0,25.3,32.4,39.0,69.0,96.0,6,20,129,27285,990.4,2023,2023-07-20
7,21,15.8,18.5,22.4,28.2,56.0,84.0,100.0,6,32,337,16681,990.9,2023,2023-07-21
7,22,0.0,16.2,22.2,28.5,48.0,78.0,99.0,6,24,132,20396,994.9,2023,2023-07-22
7,23,0.0,16.7,23.5,29.8,53.0,78.0,100.0,6,19,234,25165,996.3,2023,2023-07-23
7,24,20.4,17.2,22.5,28.0,68.0,88.0,100.0,8,59,272,12859,992.0,2023,2023-07-24
7,25,17.3,16.4,20.9,26.0,56.0,85.0,100.0,8,43,318,15958,983.9,2023,2023-07-25
7,26,8.5,12.4,18.2,25.8,47.0,82.0,100.0,6,24,142,17628,990.9,2023,2023-07-26
7,27,0.2,11.2,18.6,24.8,41.0,76.0,100.0,7,24,174,23937,996.9,2023,2023-07-27
7,28,0.0,14.7,21.4,26.8,58.0,79.0,98.0,4,19,131,19509,994.7,2023,2023-07-28
7,29,7.8,17.7,22.9,28.9,56.0,84.0,100.0,6,20,154,21535,994.1,2023,2023-07-29
7,30,12.6,17.9,22.3,28.5,55.0,82.0,100.0,8,22,317,23432,993.6,2023,2023-07-30
7,31,0.0,17.2,23.1,29.0,48.0,76.0,98.0,6,17,113,21478,993.4,2023,2023-07-31
8,1,10.2,15.6,20.5,25.4,73.0,92.0,100.0,5,21,6,11408,987.3,2023,2023-08-01
8,2,0.0,16.0,22.0,27.5,51.0,80.0,100.0,5,15,330,18668,988.5,2023,2023-08-02
8,3,72.5,18.6,22.4,28.4,68.0,89.0,100.0,9,55,267,16455,987.3,2023,2023-08-03
8,4,6.8,16.5,19.9,26.4,70.0,93.0,100.0,8,49,10,9053,989.4,2023,2023-08-04
8,5,13.7,15.2,17.3,20.8,76.0,93.0,100.0,8,35,13,6202,987.8,2023,2023-08-05
8,6,0.3,12.7,17.6,23.9,64.0,88.0,100.0,5,26,248,16819,988.0,2023,2023-08-06
8,7,0.2,11.5,18.4,25.5,33.0,74.0,100.0,5,17,122,25489,993.6,2023,2023-08-07
8,8,0.0,11.4,18.5,24.7,42.0,76.0,100.0,6,23,261,20178,998.8,2023,2023-08-08
8,9,0.0,14.7,19.7,24.9,60.0,84.0,100.0,4,12,14,14286,997.8,2023,2023-08-09
8,10,0.0,15.5,21.0,27.2,46.0,76.0,99.0,5,15,242,20807,1000.2,2023,2023-08-10
8,11,0.0,14.8,21.7,28.6,49.0,77.0,100.0,6,15,234,25300,1002.7,2023,2023-08-11
8,12,0.0,15.3,22.5,29.2,51.0,80.0,100.0,5,16,122,24534,1001.4,2023,2023-08-12
8,13,0.0,17.5,24.5,32.1,45.0,77.0,100.0,5,14,30,24397,998.9,2023,2023-08-13
8,14,0.0,17.2,24.5,31.7,45.0,74.0,96.0,5,14,13,23988,998.7,2023,2023-08-14
8,15,0.0,18.3,24.9,32.0,39.0,69.0,94.0,7,19,25,23831,997.8,2023,2023-08-15
8,16,0.2,19.2,25.1,31.6,43.0,70.0,97.0,7,22,184,21930,997.8,2023,2023-08-16
8,17,0.0,18.2,24.2,32.3,47.0,75.0,100.0,6,18,320,22126,996.9,2023,2023-08-17
8,18,0.0,18.7,24.7,32.1,47.0,76.0,96.0,6,18,126,20139,996.8,2023,2023-08-18
8,19,0.0,19.1,25.4,32.6,51.0,77.0,98.0,6,20,140,23088,997.7,2023,2023-08-19
8,20,0.0,20.2,26.5,33.9,43.0,74.0,97.0,6,16,116,23101,999.8,2023,2023-08-20
8,21,0.0,20.0,27.2,35.5,41.0,72.0,96.0,6,19,218,22900,1000.1,2023,2023-08-21
8,22,0.3,19.7,26.8,35.7,31.0,69.0,97.0,6,14,178,22867,998.1,2023,2023-08-22
8,23,0.0,18.9,27.1,36.2,31.0,67.0,94.0,7,18,0,20712,996.3,2023,2023-08-23
8,24,0.0,20.4,27.5,36.0,38.0,70.0,93.0,6,18,299,21090,995.8,2023,2023-08-24
8,25,0.0,20.4,26.4,34.3,43.0,72.0,95.0,6,23,200,21476,993.8,2023,2023-08-25
8,26,0.0,18.6,25.8,32.5,47.0,75.0,96.0,7,22,133,21160,991.8,2023,2023-08-26
8,27,0.0,20.1,24.8,31.3,56.0,81.0,98.0,6,23,11,12100,988.8,2023,2023-08-27
8,28,23.2,16.3,20.1,23.5,72.0,92.0,100.0,8,30,283,3633,983.5,2023,2023-08-28
8,29,0.5,16.0,18.5,22.0,59.0,86.0,99.0,7,34,133,9511,983.5,2023,2023-08-29
8,30,5.6,13.2,16.2,19.0,83.0,96.0,100.0,5,22,296,6492,988.6,2023,2023-08-30
8,31,2.4,13.2,17.7,23.5,56.0,89.0,100.0,5,19,258,14947,996.1,2023,2023-08-31
9,1,0.0,14.6,19.9,26.7,57.0,87.0,100.0,5,16,136,-,1000.0,2023,2023-09-01
9,2,0.0,16.4,21.5,27.7,58.0,85.0,100.0,5,19,179,20018,1001.6,2023,2023-09-02
9,3,0.1,16.4,21.9,28.5,58.0,85.0,100.0,5,14,7,16501,1002.8,2023,2023-09-03
9,4,0.0,16.2,21.9,27.2,59.0,77.0,99.0,6,21,239,19106,1003.9,2023,2023-09-04
9,5,0.0,12.8,20.3,28.3,35.0,68.0,98.0,6,22,144,21747,1003.3,2023,2023-09-05
9,6,0.0,12.3,20.6,29.5,35.0,69.0,98.0,6,17,127,21382,1002.3,2023,2023-09-06
9,7,0.0,14.8,21.4,29.8,36.0,70.0,92.0,7,22,124,20650,1002.0,2023,2023-09-07
9,8,0.0,15.6,21.9,30.7,32.0,66.0,91.0,8,22,22,20371,1000.7,2023,2023-09-08
9,9,0.0,15.2,22.1,30.7,35.0,68.0,92.0,7,23,135,20163,999.9,2023,2023-09-09
9,10,0.0,14.8,22.2,30.7,36.0,67.0,94.0,7,18,111,19980,999.2,2023,2023-09-10
9,11,0.0,14.8,22.0,30.8,39.0,70.0,96.0,6,22,227,19861,996.3,2023,2023-09-11
9,12,0.0,13.5,20.9,28.3,52.0,81.0,100.0,5,17,212,17571,996.3,2023,2023-09-12
9,13,0.1,17.4,21.1,25.7,61.0,86.0,100.0,4,18,32,10419,997.5,2023,2023-09-13
9,14,1.5,17.0,20.3,26.0,55.0,88.0,100.0,5,20,104,8374,999.5,2023,2023-09-14
9,15,0.0,14.7,20.1,27.5,46.0,79.0,99.0,7,25,138,17233,1000.0,2023,2023-09-15
9,16,0.0,14.0,19.7,27.4,48.0,80.0,100.0,6,22,207,16337,1000.1,2023,2023-09-16
9,17,0.1,14.4,19.8,26.1,62.0,89.0,100.0,5,17,234,11977,1000.5,2023,2023-09-17
9,18,5.2,18.5,20.5,23.6,82.0,94.0,100.0,4,23,236,5003,996.8,2023,2023-09-18
9,19,0.0,16.9,20.8,27.3,65.0,85.0,100.0,8,27,123,13042,995.6,2023,2023-09-19
9,20,6.5,14.6,20.2,26.9,56.0,85.0,100.0,6,21,308,12791,996.8,2023,2023-09-20
9,21,8.9,15.2,19.1,24.5,65.0,93.0,100.0,7,30,99,11029,991.6,2023,2023-09-21
9,22,9.8,15.8,18.7,22.0,82.0,97.0,100.0,5,35,299,5916,989.0,2023,2023-09-22
9,23,19.3,12.5,17.6,24.8,61.0,90.0,100.0,7,41,40,10380,993.2,2023,2023-09-23
9,24,0.1,10.7,16.9,23.4,43.0,75.0,100.0,7,27,185,17985,1001.2,2023,2023-09-24
9,25,0.0,10.4,18.2,26.7,36.0,74.0,100.0,6,20,262,17395,1002.8,2023,2023-09-25
9,26,0.0,13.2,20.2,28.4,40.0,71.0,95.0,8,25,118,17098,1002.5,2023,2023-09-26
9,27,0.0,14.8,20.7,28.7,30.0,62.0,87.0,10,33,41,17117,1001.5,2023,2023-09-27
9,28,0.0,14.0,20.1,28.4,33.0,63.0,85.0,8,24,106,17160,1001.0,2023,2023-09-28
9,29,0.0,13.4,19.5,27.8,31.0,65.0,88.0,8,19,328,16849,1002.4,2023,2023-09-29
9,30,0.0,11.9,19.5,27.2,42.0,73.0,99.0,5,15,44,15174,1003.2,2023,2023-09-30
10,1,0.0,13.4,19.3,26.7,45.0,75.0,98.0,6,18,2,15275,1005.6,2023,2023-10-01
10,2,0.7,11.8,18.2,25.8,56.0,85.0,100.0,4,14,211,15057,1006.2,2023,2023-10-02
10,3,0.1,11.9,18.7,25.5,57.0,86.0,100.0,4,16,166,13555,1003.3,2023,2023-10-03
10,4,0.0,12.4,17.2,21.3,73.0,90.0,100.0,6,20,353,3479,1006.2,2023,2023-10-04
10,5,0.1,11.2,17.2,24.4,42.0,77.0,100.0,5,14,12,14524,1005.4,2023,2023-10-05
10,6,0.0,11.7,17.1,25.3,35.0,74.0,99.0,7,22,140,15490,1006.2,2023,2023-10-06
10,7,0.0,10.7,17.5,24.5,46.0,76.0,99.0,6,15,342,15188,1004.9,2023,2023-10-07
10,8,0.0,12.0,17.9,25.3,56.0,84.0,100.0,4,15,123,12404,1003.9,2023,2023-10-08
10,9,0.0,12.5,18.6,25.7,53.0,83.0,100.0,5,16,143,13779,1002.3,2023,2023-10-09
10,10,0.0,13.0,18.0,24.0,68.0,88.0,100.0,5,15,336,8788,1002.2,2023,2023-10-10
10,11,0.1,10.8,17.8,26.4,46.0,81.0,100.0,5,15,142,13875,1003.0,2023,2023-10-11
10,12,0.0,12.0,17.8,23.7,63.0,86.0,100.0,4,13,5,7416,1002.5,2023,2023-10-12
10,13,0.0,14.1,18.4,22.5,72.0,89.0,100.0,4,11,141,6771,1002.1,2023,2023-10-13
10,14,0.6,12.7,17.9,23.2,67.0,89.0,100.0,5,14,182,8505,995.8,2023,2023-10-14
10,15,0.2,5.7,13.3,17.7,69.0,89.0,100.0,6,31,110,4329,995.2,2023,2023-10-15
10,16,0.0,3.0,9.0,16.2,35.0,74.0,99.0,6,19,138,12247,1003.2,2023,2023-10-16
10,17,0.0,1.5,7.9,16.2,44.0,80.0,100.0,-,-,-,13106,1001.3,2023,2023-10-17
10,18,3.6,2.8,9.0,13.3,58.0,88.0,100.0,-,-,-,-,998.1,2023,2023-10-18
10,19,19.6,10.4,13.9,17.2,89.0,99.0,100.0,5,14,14,2927,986.7,2023,2023-10-19
10,20,30.9,14.6,16.9,19.3,100.0,100.0,100.0,5,19,204,2029,977.8,2023,2023-10-20
10,21,25.6,12.9,16.5,21.9,62.0,91.0,100.0,6,23,49,9654,984.6,2023,2023-10-21
10,22,1.8,10.4,14.6,20.8,56.0,89.0,100.0,6,24,270,12092,994.2,2023,2023-10-22
10,23,1.9,10.4,15.1,20.7,54.0,86.0,100.0,6,19,161,10988,998.8,2023,2023-10-23
10,24,138.1,13.5,15.1,17.5,97.0,99.0,100.0,9,50,198,546,989.9,2023,2023-10-24
10,25,0.0,10.6,14.1,18.3,71.0,94.0,100.0,6,18,195,8254,986.4,2023,2023-10-25
10,26,12.7,9.3,14.1,17.8,74.0,93.0,100.0,5,14,336,5921,983.6,2023,2023-10-26
10,27,44.9,12.3,15.4,20.6,72.0,95.0,100.0,6,37,279,9023,977.3,2023,2023-10-27
10,28,0.2,9.8,14.1,20.0,64.0,90.0,100.0,5,17,133,11041,988.7,2023,2023-10-28
10,29,0.7,9.0,12.7,16.0,84.0,96.0,100.0,5,16,357,3071,996.2,2023,2023-10-29
10,30,60.5,11.1,14.7,17.5,97.0,99.0,100.0,7,59,165,1148,992.1,2023,2023-10-30
10,31,5.9,6.4,13.1,18.9,60.0,91.0,100.0,9,36,188,7118,987.7,2023,2023-10-31
11,1,0.1,4.4,11.4,17.4,69.0,90.0,100.0,5,15,0,8106,995.2,2023,2023-11-01
11,2,76.4,8.4,12.7,17.3,91.0,99.0,100.0,12,58,175,1093,981.2,2023,2023-11-02
11,3,-,3.6,9.9,15.1,70.0,96.0,100.0,8,44,237,4426,971.7,2023,2023-11-03
11,4,12.4,3.6,9.3,14.8,59.0,85.0,100.0,7,20,13,10694,979.8,2023,2023-11-04
11,5,22.2,7.7,10.5,15.5,72.0,92.0,100.0,8,35,303,8328,975.8,2023,2023-11-05
11,6,2.0,7.1,11.2,16.3,75.0,92.0,100.0,6,20,0,9256,993.4,2023,2023-11-06
11,7,0.3,3.9,10.4,17.5,66.0,88.0,100.0,7,16,358,9601,997.9,2023,2023-11-07
11,8,0.0,2.9,8.6,16.1,54.0,85.0,100.0,6,17,346,10008,1001.8,2023,2023-11-08
11,9,2.6,3.7,8.6,13.3,71.0,91.0,100.0,5,13,14,7001,999.6,2023,2023-11-09
11,10,8.2,7.6,9.6,13.4,71.0,94.0,100.0,6,34,353,5694,988.2,2023,2023-11-10
11,11,0.7,3.0,7.9,13.3,63.0,88.0,100.0,6,26,0,8418,989.0,2023,2023-11-11
11,12,0.1,2.0,6.8,13.3,60.0,86.0,100.0,6,17,338,6195,993.9,2023,2023-11-12
11,13,0.0,1.3,6.9,13.5,63.0,89.0,100.0,6,14,349,7465,999.1,2023,2023-11-13
11,14,0.0,3.4,8.9,14.5,64.0,89.0,100.0,5,17,112,7453,996.4,2023,2023-11-14
11,15,0.0,3.9,8.7,16.6,67.0,90.0,100.0,6,17,262,9277,996.8,2023,2023-11-15
11,16,0.0,2.6,9.0,15.7,54.0,82.0,100.0,6,17,342,6191,998.6,2023,2023-11-16
11,17,0.0,1.5,8.5,16.8,46.0,80.0,100.0,6,18,29,9102,994.7,2023,2023-11-17
11,18,0.0,-0.2,6.0,14.1,40.0,75.0,95.0,6,16,36,8312,1005.0,2023,2023-11-18
11,19,0.0,0.4,6.1,13.5,41.0,78.0,99.0,6,15,340,7488,1002.2,2023,2023-11-19
11,20,0.0,1.8,7.0,11.9,69.0,89.0,99.0,6,15,334,4537,997.8,2023,2023-11-20
11,21,1.8,4.1,8.4,12.5,76.0,89.0,98.0,6,20,120,2185,992.2,2023,2023-11-21
11,22,0.0,1.7,7.5,17.0,33.0,74.0,96.0,8,40,40,8697,998.9,2023,2023-11-22
11,23,0.0,-0.2,4.6,12.2,45.0,80.0,96.0,6,18,303,8568,1003.1,2023,2023-11-23
11,24,0.0,-0.5,5.3,11.5,28.0,82.0,98.0,7,41,2,7027,987.1,2023,2023-11-24
11,25,0.0,-4.6,4.3,10.0,19.0,43.0,79.0,12,67,10,8754,987.0,2023,2023-11-25
11,26,0.0,-4.8,2.2,10.7,25.0,62.0,85.0,8,22,338,8444,995.2,2023,2023-11-26
11,27,0.7,-2.5,4.1,10.1,32.0,66.0,96.0,6,17,348,6033,993.0,2023,2023-11-27
11,28,0.5,0.1,4.5,9.2,72.0,91.0,100.0,5,17,308,5537,979.5,2023,2023-11-28
11,29,0.1,-3.3,3.5,9.8,38.0,71.0,97.0,6,16,320,7967,990.9,2023,2023-11-29
11,30,19.9,3.4,4.5,5.5,61.0,92.0,100.0,6,21,2,1200,988.8,2023,2023-11-30
12,1,39.7,4.6,7.8,12.0,98.0,99.0,100.0,6,17,0,661,982.4,2023,2023-12-01
12,2,11.0,5.0,9.7,14.0,57.0,85.0,100.0,11,59,17,3727,979.8,2023,2023-12-02
12,3,0.0,-3.9,2.0,7.6,49.0,80.0,99.0,6,32,115,7825,1003.8,2023,2023-12-03
12,4,0.0,-4.2,0.4,4.2,59.0,86.0,100.0,5,16,1,3552,1005.6,2023,2023-12-04
12,5,0.0,0.5,4.3,8.2,65.0,84.0,100.0,5,15,318,3162,995.7,2023,2023-12-05
12,6,0.0,-0.7,3.7,8.9,70.0,90.0,100.0,5,13,318,3934,996.2,2023,2023-12-06
12,7,0.0,-1.8,3.0,10.4,54.0,85.0,100.0,6,13,331,7473,1002.4,2023,2023-12-07
12,8,0.0,-2.4,3.3,8.0,64.0,85.0,99.0,5,15,334,3913,1000.7,2023,2023-12-08
12,9,1.0,-0.4,4.2,9.7,65.0,88.0,100.0,5,14,316,6256,999.5,2023,2023-12-09
12,10,0.6,-0.4,3.6,9.4,72.0,93.0,100.0,5,14,337,7021,998.2,2023,2023-12-10
12,11,0.0,0.8,4.8,10.6,67.0,90.0,100.0,7,16,351,2964,997.0,2023,2023-12-11
12,12,0.0,1.3,6.7,11.8,75.0,88.0,100.0,6,17,331,3749,995.0,2023,2023-12-12
12,13,20.7,5.6,7.0,8.5,98.0,100.0,100.0,5,21,44,984,985.8,2023,2023-12-13
12,14,0.1,0.2,5.3,12.4,70.0,91.0,100.0,7,16,332,6569,994.9,2023,2023-12-14
12,15,0.0,0.4,5.3,13.4,51.0,79.0,96.0,7,17,347,7033,1011.0,2023,2023-12-15
12,16,0.0,-2.7,2.5,9.1,52.0,80.0,98.0,7,15,349,7124,1021.9,2023,2023-12-16
12,17,0.0,-1.2,3.9,11.4,49.0,77.0,95.0,7,17,335,7120,1021.6,2023,2023-12-17
12,18,0.0,-0.8,5.1,14.2,44.0,77.0,94.0,5,14,327,7091,1016.2,2023,2023-12-18
12,19,0.0,0.2,5.5,15.1,47.0,76.0,95.0,6,15,329,7274,1007.1,2023,2023-12-19
12,20,0.0,-1.7,3.6,9.1,70.0,85.0,96.0,7,15,331,2594,997.8,2023,2023-12-20
12,21,0.0,-0.7,3.9,10.2,54.0,79.0,97.0,6,18,322,5365,991.4,2023,2023-12-21
12,22,0.0,0.2,5.5,11.8,61.0,85.0,100.0,8,36,327,6818,984.2,2023,2023-12-22
12,23,0.0,0.1,4.8,12.3,74.0,90.0,100.0,7,21,341,6293,989.7,2023,2023-12-23
12,24,0.0,2.4,7.8,14.7,70.0,85.0,95.0,8,18,332,4533,996.7,2023,2023-12-24
12,25,0.0,4.3,8.5,12.2,78.0,92.0,100.0,4,13,30,2641,1001.1,2023,2023-12-25
12,26,0.0,6.9,7.9,9.6,94.0,99.0,100.0,3,12,344,1334,1003.2,2023,2023-12-26
12,27,0.0,4.4,7.7,11.2,69.0,92.0,100.0,5,15,341,1891,1009.0,2023,2023-12-27
12,28,0.0,5.3,7.4,10.1,70.0,91.0,100.0,4,13,13,1776,1009.3,2023,2023-12-28
12,29,0.0,-0.3,5.6,11.0,69.0,92.0,100.0,5,13,348,6302,1005.4,2023,2023-12-29
12,30,0.0,1.0,4.9,11.8,69.0,92.0,100.0,5,15,354,5920,1004.1,2023,2023-12-30
12,31,13.9,2.0,6.5,8.6,88.0,97.0,100.0,5,17,317,1580,998.2,2023,2023-12-31
1,1,5.7,0.5,6.0,10.9,67.0,92.0,100.0,6,19,323,4844,995.8,2024,2024-01-01
1,2,0.1,-1.2,3.7,9.2,68.0,91.0,100.0,5,18,190,5689,997.6,2024,2024-01-02
1,3,0.0,2.1,6.1,8.8,86.0,96.0,100.0,3,12,48,2710,991.9,2024,2024-01-03
1,4,0.0,1.1,5.1,9.2,81.0,96.0,100.0,5,15,128,4364,992.6,2024,2024-01-04
1,5,22.2,4.8,7.7,9.9,73.0,88.0,100.0,10,21,351,2182,992.1,2024,2024-01-05
1,6,71.4,7.6,8.5,10.6,61.0,92.0,100.0,14,-,-,892,983.3,2024,2024-01-06
1,7,2.3,7.5,9.7,11.7,51.0,67.0,84.0,17,48,12,2651,983.6,2024,2024-01-07
1,8,0.0,0.4,5.9,9.2,58.0,79.0,95.0,5,15,150,5695,994.7,2024,2024-01-08
1,9,0.0,-3.2,1.7,8.2,52.0,78.0,98.0,5,14,309,7694,1006.8,2024,2024-01-09
1,10,0.0,-4.5,0.0,6.7,44.0,75.0,95.0,6,19,150,6480,1011.6,2024,2024-01-10
1,11,0.0,-5.1,0.1,7.7,50.0,79.0,97.0,6,16,328,8016,1007.8,2024,2024-01-11
1,12,0.0,-4.4,0.6,7.8,46.0,77.0,95.0,7,15,148,7949,1007.7,2024,2024-01-12
1,13,0.0,-6.0,-1.3,5.7,59.0,85.0,98.0,5,15,206,8018,1005.6,2024,2024-01-13
1,14,0.0,-3.7,1.6,6.9,70.0,88.0,99.0,6,16,344,4475,996.5,2024,2024-01-14
1,15,0.0,-2.3,2.0,8.5,62.0,87.0,100.0,5,15,0,7228,985.8,2024,2024-01-15
1,16,0.0,-4.1,1.4,8.6,40.0,77.0,98.0,7,18,343,8411,993.6,2024,2024-01-16
1,17,11.5,-0.1,3.2,4.8,66.0,87.0,100.0,6,16,345,1373,988.7,2024,2024-01-17
1,18,11.4,4.5,5.8,6.7,100.0,100.0,100.0,5,19,237,1817,981.3,2024,2024-01-18
1,19,4.7,-0.2,3.8,6.9,39.0,82.0,100.0,9,39,35,2040,994.5,2024,2024-01-19
1,20,0.0,-5.5,0.2,6.6,33.0,59.0,92.0,8,26,32,9205,1012.9,2024,2024-01-20
1,21,0.0,-5.5,0.4,8.8,27.0,67.0,91.0,8,16,321,8428,1016.8,2024,2024-01-21
1,22,0.0,-5.2,0.9,6.4,38.0,67.0,86.0,6,16,325,7084,1013.5,2024,2024-01-22
1,23,0.0,-2.2,3.2,10.7,43.0,71.0,92.0,8,18,358,8823,1012.5,2024,2024-01-23
1,24,0.0,-1.8,3.2,8.8,70.0,88.0,100.0,6,14,121,5890,1012.0,2024,2024-01-24
1,25,0.0,-0.3,6.0,13.5,61.0,83.0,100.0,7,18,239,6477,1008.2,2024,2024-01-25
1,26,0.0,-1.3,4.6,12.6,60.0,88.0,100.0,5,17,324,8470,1009.0,2024,2024-01-26
1,27,0.0,-1.6,4.9,14.7,44.0,82.0,100.0,7,24,344,9205,1013.2,2024,2024-01-27
1,28,0.0,-1.8,4.3,12.4,37.0,74.0,95.0,7,19,318,9690,1019.5,2024,2024-01-28
1,29,0.0,-3.1,3.0,11.5,50.0,78.0,94.0,6,17,323,9787,1019.4,2024,2024-01-29
1,30,0.0,-3.1,3.4,12.2,42.0,73.0,96.0,7,19,318,10008,1018.7,2024,2024-01-30
1,31,0.0,-3.4,2.9,11.7,44.0,76.0,93.0,6,13,346,8901,1016.5,2024,2024-01-31
2,1,0.0,-2.9,2.0,8.1,58.0,82.0,93.0,5,14,345,4016,1011.4,2024,2024-02-01
2,2,0.0,-0.8,5.1,13.4,45.0,74.0,92.0,6,15,326,9650,1011.7,2024,2024-02-02
2,3,0.0,-0.4,4.6,12.0,54.0,81.0,96.0,5,14,343,7909,1009.2,2024,2024-02-03
2,4,0.0,-1.0,4.5,12.4,57.0,84.0,100.0,6,15,169,9385,1007.2,2024,2024-02-04
2,5,0.0,0.4,7.8,13.2,68.0,88.0,100.0,-,-,-,4827,1006.9,2024,2024-02-05
2,6,0.0,6.0,8.2,11.6,73.0,91.0,100.0,-,-,-,3914,1004.6,2024,2024-02-06
2,7,0.0,5.9,7.2,9.7,83.0,96.0,100.0,3,10,333,2626,997.3,2024,2024-02-07
2,8,0.0,4.0,7.7,10.9,78.0,93.0,100.0,4,12,131,5238,992.7,2024,2024-02-08
2,9,27.0,7.0,8.2,9.3,99.0,100.0,100.0,4,13,119,899,986.7,2024,2024-02-09
2,10,17.2,8.5,9.6,10.7,96.0,99.0,100.0,6,20,8,1372,979.5,2024,2024-02-10
2,11,10.0,7.8,9.4,12.5,80.0,96.0,100.0,6,18,352,4817,976.2,2024,2024-02-11
2,12,1.2,4.3,8.2,12.0,61.0,89.0,100.0,5,14,353,3688,988.0,2024,2024-02-12
2,13,0.0,1.0,8.3,15.5,42.0,75.0,99.0,8,24,225,12171,999.7,2024,2024-02-13
2,14,0.1,1.5,6.6,14.3,41.0,76.0,99.0,6,16,128,11750,1007.1,2024,2024-02-14
2,15,0.0,1.8,7.1,14.3,55.0,85.0,99.0,6,14,182,11279,1006.2,2024,2024-02-15
2,16,0.0,1.0,6.4,14.4,57.0,86.0,100.0,5,14,214,11980,1004.6,2024,2024-02-16
2,17,0.0,0.7,8.4,15.8,54.0,84.0,100.0,5,15,178,11030,1009.8,2024,2024-02-17
2,18,0.0,5.8,10.5,15.7,59.0,82.0,99.0,5,17,117,6440,1012.4,2024,2024-02-18
2,19,2.7,4.4,9.0,14.3,70.0,91.0,100.0,5,22,170,7092,1006.8,2024,2024-02-19
2,20,-,3.9,9.5,16.1,45.0,78.0,100.0,7,44,232,11703,1007.2,2024,2024-02-20
2,21,0.0,2.1,8.8,15.2,40.0,76.0,98.0,6,18,172,12557,1006.0,2024,2024-02-21
2,22,11.3,7.3,8.2,9.9,89.0,98.0,100.0,4,11,28,2000,995.3,2024,2024-02-22
2,23,89.2,6.2,7.5,8.4,99.0,100.0,100.0,8,34,4,623,983.8,2024,2024-02-23
2,24,0.0,5.0,7.9,12.9,64.0,89.0,100.0,8,22,6,11029,990.9,2024,2024-02-24
2,25,3.2,5.0,7.5,11.8,75.0,90.0,100.0,7,24,307,7567,993.2,2024,2024-02-25
2,26,1.0,1.8,7.2,10.3,77.0,90.0,100.0,8,30,353,5241,991.3,2024,2024-02-26
2,27,24.0,7.2,8.5,9.9,80.0,90.0,95.0,18,38,0,1593,994.6,2024,2024-02-27
2,28,9.6,8.9,11.3,15.4,70.0,86.0,98.0,11,25,354,4793,999.7,2024,2024-02-28
2,29,1.0,9.2,12.5,17.9,54.0,78.0,92.0,7,24,116,7706,996.2,2024,2024-02-29
3,1,8.6,8.4,10.1,11.5,87.0,94.0,100.0,8,18,35,2217,990.3,2024,2024-03-01
3,2,2.0,7.9,9.7,12.4,82.0,93.0,100.0,5,19,142,6308,992.5,2024,2024-03-02
3,3,0.6,6.1,9.8,14.5,72.0,93.0,100.0,5,18,357,7125,991.8,2024,2024-03-03
3,4,5.0,6.7,11.3,17.4,50.0,80.0,94.0,10,27,14,8533,990.1,2024,2024-03-04
3,5,0.8,3.3,11.0,17.6,50.0,81.0,100.0,5,24,283,14713,993.2,2024,2024-03-05
3,6,13.0,7.1,8.8,11.4,73.0,90.0,99.0,10,27,0,4831,998.2,2024,2024-03-06
3,7,0.1,6.1,8.4,12.7,68.0,88.0,100.0,6,28,113,8657,999.7,2024,2024-03-07
3,8,1.9,5.6,6.4,7.3,78.0,87.0,94.0,6,18,357,3594,1000.3,2024,2024-03-08
3,9,5.5,5.3,7.7,12.2,81.0,92.0,100.0,8,23,40,5199,994.7,2024,2024-03-09
3,10,31.9,7.0,8.8,11.2,93.0,99.0,100.0,8,33,147,1156,988.2,2024,2024-03-10
3,11,0.1,4.8,9.0,12.4,74.0,92.0,100.0,5,15,219,8482,988.1,2024,2024-03-11
3,12,0.0,6.3,10.0,15.6,66.0,90.0,100.0,6,15,148,13554,994.3,2024,2024-03-12
3,13,0.0,4.4,10.1,17.2,38.0,76.0,99.0,7,21,238,17798,998.9,2024,2024-03-13
3,14,0.0,2.5,9.2,16.1,54.0,83.0,100.0,6,20,231,14265,1000.2,2024,2024-03-14
3,15,0.1,5.2,10.4,14.4,71.0,89.0,100.0,5,16,144,10539,1000.0,2024,2024-03-15
3,16,0.0,6.7,11.7,17.2,61.0,85.0,100.0,5,16,151,13060,1001.3,2024,2024-03-16
3,17,0.0,4.6,11.3,17.4,62.0,87.0,100.0,6,20,217,14219,1003.0,2024,2024-03-17
3,18,0.1,8.1,11.2,14.5,70.0,92.0,100.0,4,12,242,5440,997.7,2024,2024-03-18
3,19,0.1,4.8,11.2,17.3,60.0,86.0,100.0,6,18,181,14127,1000.4,2024,2024-03-19
3,20,0.0,6.1,11.4,17.0,59.0,80.0,100.0,5,27,234,16408,1004.1,2024,2024-03-20
3,21,0.1,5.5,10.6,16.7,68.0,89.0,100.0,6,14,322,9289,1003.7,2024,2024-03-21
3,22,0.1,7.1,13.2,20.4,38.0,70.0,98.0,8,30,205,18785,1000.9,2024,2024-03-22
3,23,7.6,6.0,11.3,16.3,49.0,84.0,98.0,8,31,326,8404,992.1,2024,2024-03-23
3,24,0.0,2.0,8.1,14.6,41.0,73.0,94.0,7,30,18,17382,990.5,2024,2024-03-24
3,25,0.0,0.9,8.5,15.3,35.0,68.0,95.0,8,26,212,20150,991.2,2024,2024-03-25
3,26,15.2,4.1,8.6,13.6,56.0,83.0,100.0,9,23,7,7170,986.7,2024,2024-03-26
3,27,45.2,6.0,9.5,12.4,96.0,99.0,100.0,9,28,189,1602,978.2,2024,2024-03-27
3,28,12.6,5.6,7.8,10.7,83.0,96.0,100.0,6,24,42,5052,985.3,2024,2024-03-28
3,29,2.6,7.5,11.4,16.6,75.0,94.0,100.0,6,18,13,6506,995.7,2024,2024-03-29
3,30,0.0,12.3,14.4,18.3,61.0,83.0,96.0,6,18,318,8066,992.3,2024,2024-03-30
3,31,11.4,11.7,13.2,15.3,81.0,96.0,100.0,9,36,162,3449,990.7,2024,2024-03-31
4,1,32.6,8.8,11.9,13.8,94.0,99.0,100.0,7,35,175,2018,987.7,2024,2024-04-01
4,2,0.6,4.5,11.0,16.9,57.0,83.0,100.0,6,39,209,15833,995.2,2024,2024-04-02
4,3,2.2,7.4,11.0,14.6,70.0,89.0,98.0,6,19,232,8128,998.3,2024,2024-04-03
4,4,0.0,6.2,12.6,18.1,59.0,85.0,100.0,6,22,147,15201,1001.3,2024,2024-04-04
4,5,0.0,8.2,14.2,18.8,65.0,87.0,100.0,5,17,176,15592,1004.5,2024,2024-04-05
4,6,0.0,10.5,15.2,21.1,61.0,88.0,100.0,4,15,167,17276,1004.5,2024,2024-04-06
4,7,0.0,9.5,16.2,23.4,61.0,86.0,100.0,5,17,135,20897,1001.8,2024,2024-04-07
4,8,0.1,10.7,16.5,23.2,61.0,84.0,100.0,5,17,159,19035,998.9,2024,2024-04-08
4,9,0.0,10.2,16.3,22.5,54.0,82.0,100.0,6,22,143,18567,997.0,2024,2024-04-09
4,10,0.1,11.4,15.4,18.6,52.0,73.0,97.0,14,53,8,5506,1000.6,2024,2024-04-10
4,11,0.0,7.3,16.4,24.4,40.0,68.0,98.0,6,19,337,21278,1008.5,2024,2024-04-11
4,12,0.0,8.8,17.9,25.3,42.0,70.0,97.0,6,17,237,22166,1009.3,2024,2024-04-12
4,13,0.0,12.0,19.8,27.6,38.0,67.0,94.0,6,22,218,22131,1007.2,2024,2024-04-13
4,14,0.0,12.0,19.7,26.8,48.0,74.0,98.0,6,26,156,22126,1002.9,2024,2024-04-14
4,15,0.0,12.5,17.5,22.9,55.0,80.0,99.0,7,24,125,15918,992.8,2024,2024-04-15
4,16,27.6,4.2,11.1,20.4,56.0,88.0,98.0,10,65,12,8554,984.7,2024,2024-04-16
4,17,0.0,2.9,8.8,14.9,45.0,74.0,98.0,8,35,327,14793,988.4,2024,2024-04-17
4,18,0.0,3.8,8.8,13.6,47.0,73.0,92.0,8,42,2,12987,993.7,2024,2024-04-18
4,19,0.0,1.7,8.5,14.9,44.0,72.0,98.0,9,32,239,15631,996.4,2024,2024-04-19
4,20,0.0,4.2,10.0,16.8,33.0,65.0,89.0,10,43,135,19622,993.3,2024,2024-04-20
4,21,0.0,1.6,9.5,14.9,32.0,54.0,80.0,9,30,246,19883,996.8,2024,2024-04-21
4,22,27.2,4.4,7.6,13.3,42.0,74.0,96.0,10,38,120,9750,997.8,2024,2024-04-22
4,23,9.6,4.4,8.2,12.8,57.0,79.0,94.0,12,33,5,10206,992.1,2024,2024-04-23
4,24,0.0,4.9,8.2,14.2,57.0,84.0,97.0,9,35,7,10758,989.6,2024,2024-04-24
4,25,0.0,5.0,8.9,14.9,46.0,76.0,98.0,6,31,129,21201,991.7,2024,2024-04-25
4,26,0.0,3.3,10.1,15.4,50.0,78.0,99.0,6,22,238,18417,995.3,2024,2024-04-26
4,27,0.0,6.3,11.2,17.0,60.0,87.0,100.0,7,23,136,13778,1000.0,2024,2024-04-27
4,28,0.0,9.2,14.7,21.7,43.0,73.0,94.0,7,20,102,20673,1002.2,2024,2024-04-28
4,29,0.0,7.2,18.3,27.0,21.0,57.0,96.0,6,18,345,25896,1002.1,2024,2024-04-29
4,30,0.0,12.8,21.4,27.9,32.0,54.0,84.0,7,23,116,24047,998.4,2024,2024-04-30
5,1,26.7,13.0,16.8,24.6,46.0,78.0,100.0,7,24,5,13536,992.3,2024,2024-05-01
5,2,35.1,8.9,12.7,15.3,86.0,98.0,100.0,8,40,190,4585,990.9,2024,2024-05-02
5,3,4.0,8.0,11.6,14.1,74.0,94.0,100.0,4,11,154,8885,993.9,2024,2024-05-03
5,4,0.0,9.9,15.5,21.9,46.0,81.0,100.0,5,21,244,17605,996.9,2024,2024-05-04
5,5,0.0,10.7,16.0,20.8,61.0,84.0,100.0,6,21,169,16858,996.5,2024,2024-05-05
5,6,1.1,11.7,15.4,19.3,74.0,91.0,100.0,4,22,220,10306,995.6,2024,2024-05-06
5,7,12.3,12.1,13.8,15.5,94.0,98.0,100.0,5,16,118,5410,996.2,2024,2024-05-07
5,8,2.2,12.5,16.0,20.7,55.0,83.0,100.0,6,30,42,13795,998.9,2024,2024-05-08
5,9,0.0,12.4,17.9,23.2,49.0,70.0,90.0,6,22,161,24688,1000.6,2024,2024-05-09
5,10,0.0,12.0,18.2,24.2,36.0,62.0,88.0,6,21,186,25822,1000.6,2024,2024-05-10
5,11,0.0,11.3,18.5,24.6,38.0,64.0,92.0,7,23,251,26187,1000.1,2024,2024-05-11
5,12,0.0,12.1,19.2,25.5,39.0,68.0,93.0,6,26,171,22891,998.6,2024,2024-05-12
5,13,1.2,14.1,16.6,19.6,68.0,85.0,99.0,6,24,329,9939,997.3,2024,2024-05-13
5,14,18.1,12.1,16.1,22.4,58.0,86.0,99.0,7,31,124,15185,994.1,2024,2024-05-14
5,15,16.4,13.2,14.3,15.7,89.0,95.0,99.0,10,30,345,4241,994.2,2024,2024-05-15
5,16,120.4,12.1,14.2,17.4,83.0,96.0,100.0,11,49,303,4819,990.6,2024,2024-05-16
5,17,7.4,11.6,14.5,20.2,63.0,92.0,100.0,6,24,300,14229,992.7,2024,2024-05-17
5,18,0.0,11.8,17.0,23.1,47.0,79.0,99.0,8,22,175,23561,995.2,2024,2024-05-18
5,19,0.0,10.5,17.8,23.9,50.0,80.0,100.0,6,22,121,24061,993.6,2024,2024-05-19
5,20,1.3,13.4,19.2,24.3,50.0,80.0,100.0,6,26,347,25604,992.0,2024,2024-05-20
5,21,36.2,15.3,16.5,19.1,86.0,97.0,100.0,7,22,338,5607,988.9,2024,2024-05-21
5,22,21.5,12.2,16.0,22.0,70.0,92.0,100.0,8,31,37,17772,993.6,2024,2024-05-22
5,23,10.0,10.9,16.0,22.4,53.0,85.0,100.0,7,27,173,19297,997.7,2024,2024-05-23
5,24,4.2,11.0,16.6,21.6,57.0,82.0,100.0,6,24,153,22707,999.9,2024,2024-05-24
5,25,2.0,12.5,17.8,24.1,40.0,74.0,100.0,8,23,270,21168,998.2,2024,2024-05-25
5,26,3.6,11.0,18.7,25.7,37.0,73.0,96.0,8,26,135,27621,998.9,2024,2024-05-26
5,27,0.0,12.7,19.5,26.3,49.0,76.0,98.0,5,21,120,25239,998.8,2024,2024-05-27
5,28,1.0,11.7,17.3,23.1,57.0,85.0,100.0,7,25,20,11633,996.9,2024,2024-05-28
5,29,0.0,11.2,18.5,24.5,45.0,73.0,100.0,6,20,217,25653,995.1,2024,2024-05-29
5,30,3.8,14.9,16.9,19.3,81.0,91.0,99.0,5,18,27,8419,989.3,2024,2024-05-30
5,31,75.0,11.5,15.0,20.8,66.0,92.0,100.0,9,36,46,11432,986.4,2024,2024-05-31
6,1,0.0,9.6,15.9,21.1,57.0,81.0,100.0,4,14,357,17120,994.2,2024,2024-06-01
6,2,5.5,12.0,18.5,23.9,58.0,80.0,99.0,7,25,167,21934,996.5,2024,2024-06-02
6,3,2.7,14.5,17.8,22.9,61.0,86.0,100.0,5,18,125,18295,994.7,2024,2024-06-03
6,4,3.8,14.8,18.4,22.4,71.0,90.0,100.0,5,20,155,14950,995.9,2024,2024-06-04
6,5,0.0,14.9,20.1,25.7,56.0,85.0,100.0,6,27,166,21197,996.8,2024,2024-06-05
6,6,0.0,15.7,21.5,26.8,60.0,83.0,100.0,6,23,178,22328,998.2,2024,2024-06-06
6,7,3.0,16.2,22.8,27.9,56.0,81.0,100.0,6,18,150,23777,997.1,2024,2024-06-07
6,8,0.0,19.5,23.1,28.3,55.0,82.0,99.0,6,22,180,21650,993.7,2024,2024-06-08
6,9,2.2,18.7,22.0,27.3,70.0,87.0,96.0,7,28,253,12626,989.4,2024,2024-06-09
6,10,62.5,15.1,19.6,25.7,58.0,86.0,100.0,9,53,333,20790,985.6,2024,2024-06-10
6,11,24.4,15.0,17.6,21.5,70.0,90.0,100.0,6,26,121,12089,991.6,2024,2024-06-11
6,12,32.2,12.4,15.5,19.6,78.0,94.0,100.0,8,22,5,6691,995.0,2024,2024-06-12
6,13,0.2,11.0,16.0,21.4,55.0,82.0,100.0,6,24,127,19926,997.2,2024,2024-06-13
6,14,0.0,10.8,17.4,23.1,58.0,81.0,100.0,6,23,234,20983,998.0,2024,2024-06-14
6,15,2.4,13.3,18.9,24.3,61.0,86.0,99.0,5,22,349,16782,993.8,2024,2024-06-15
6,16,11.1,15.2,19.3,26.0,64.0,89.0,100.0,7,30,314,18950,993.0,2024,2024-06-16
6,17,0.0,13.9,21.3,28.1,47.0,77.0,100.0,6,20,196,28420,997.0,2024,2024-06-17
6,18,0.0,15.8,22.6,29.3,52.0,77.0,100.0,6,28,220,26207,998.6,2024,2024-06-18
6,19,0.0,17.4,24.1,30.3,50.0,79.0,99.0,6,20,143,26393,997.6,2024,2024-06-19
6,20,0.0,19.7,24.8,31.3,52.0,81.0,100.0,5,16,38,21420,999.1,2024,2024-06-20
6,21,0.0,19.5,25.0,31.0,58.0,79.0,98.0,6,17,162,17169,995.0,2024,2024-06-21
6,22,0.0,18.7,23.7,29.3,48.0,78.0,97.0,6,25,156,27656,990.3,2024,2024-06-22
6,23,0.0,18.4,23.0,27.7,52.0,71.0,89.0,6,23,145,15793,992.5,2024,2024-06-23
6,24,0.1,18.6,23.5,28.6,42.0,68.0,93.0,6,34,40,18687,994.1,2024,2024-06-24
6,25,1.7,18.5,22.5,28.3,54.0,75.0,96.0,8,40,119,18365,994.0,2024,2024-06-25
6,26,0.4,16.8,20.7,27.7,57.0,84.0,97.0,6,32,109,16665,992.9,2024,2024-06-26
6,27,0.0,15.9,22.3,28.7,53.0,81.0,100.0,5,21,200,25061,992.4,2024,2024-06-27
6,28,0.0,17.7,24.5,30.7,55.0,81.0,100.0,5,28,267,27964,996.5,2024,2024-06-28
6,29,0.0,19.0,25.9,32.3,46.0,78.0,100.0,5,17,151,23153,996.9,2024,2024-06-29
6,30,4.0,20.6,23.8,28.6,64.0,84.0,96.0,6,27,136,15413,991.8,2024,2024-06-30
7,1,66.3,15.3,20.0,27.5,72.0,93.0,100.0,8,54,227,11328,992.0,2024,2024-07-01
7,2,0.9,13.6,20.9,25.8,54.0,76.0,100.0,8,21,250,17572,990.6,2024,2024-07-02
7,3,3.1,15.4,19.9,25.1,44.0,73.0,99.0,7,26,321,19434,990.1,2024,2024-07-03
7,4,0.1,14.5,20.4,26.1,45.0,76.0,100.0,5,34,243,25884,992.1,2024,2024-07-04
7,5,0.0,14.8,21.7,27.7,52.0,77.0,100.0,6,23,276,26624,995.9,2024,2024-07-05
7,6,4.2,17.2,22.5,28.0,54.0,82.0,100.0,6,22,311,21436,993.5,2024,2024-07-06
7,7,3.9,19.3,21.9,26.5,72.0,88.0,100.0,8,26,9,12421,994.1,2024,2024-07-07
7,8,0.1,18.1,25.0,30.8,50.0,71.0,91.0,6,17,343,27466,995.5,2024,2024-07-08
7,9,0.0,19.8,27.4,33.3,48.0,71.0,91.0,6,18,336,27397,995.9,2024,2024-07-09
7,10,0.0,22.8,28.2,34.3,45.0,70.0,87.0,7,17,117,26201,994.6,2024,2024-07-10
7,11,0.0,20.8,28.0,34.9,43.0,72.0,96.0,5,20,211,24660,993.9,2024,2024-07-11
7,12,17.9,17.9,24.8,32.3,59.0,83.0,100.0,8,95,297,18202,991.6,2024,2024-07-12
7,13,0.0,20.5,25.8,31.4,54.0,76.0,94.0,7,22,242,25060,990.1,2024,2024-07-13
7,14,0.0,19.9,25.5,31.1,48.0,76.0,96.0,7,22,142,22654,992.1,2024,2024-07-14
7,15,0.0,18.4,25.4,32.7,40.0,73.0,98.0,5,14,284,27632,993.5,2024,2024-07-15
7,16,0.2,18.5,25.9,32.5,48.0,74.0,98.0,6,20,240,27032,992.5,2024,2024-07-16
7,17,0.0,19.7,27.1,33.5,43.0,71.0,100.0,6,20,27,26431,995.0,2024,2024-07-17
7,18,0.0,21.8,27.5,33.3,42.0,68.0,88.0,6,26,335,27347,997.6,2024,2024-07-18
7,19,6.2,20.5,27.2,34.7,39.0,67.0,96.0,8,36,116,24811,995.3,2024,2024-07-19
7,20,0.1,19.4,23.5,29.2,57.0,81.0,100.0,5,25,261,17579,991.3,2024,2024-07-20
7,21,0.0,18.5,24.0,30.2,56.0,80.0,100.0,5,20,160,20285,990.5,2024,2024-07-21
7,22,4.7,19.7,25.0,32.7,42.0,75.0,98.0,9,51,256,24130,993.1,2024,2024-07-22
7,23,1.4,18.8,24.2,30.6,51.0,79.0,100.0,6,28,301,15633,996.2,2024,2024-07-23
7,24,0.0,18.3,24.2,30.1,51.0,74.0,95.0,7,23,358,20913,994.3,2024,2024-07-24
7,25,0.0,17.6,23.7,28.9,42.0,67.0,95.0,7,24,158,24747,993.6,2024,2024-07-25
7,26,0.0,18.1,23.9,30.2,49.0,74.0,96.0,6,25,239,23852,994.2,2024,2024-07-26
7,27,0.0,18.9,25.3,31.8,50.0,78.0,99.0,6,21,235,25173,996.4,2024,2024-07-27
7,28,8.4,20.4,25.4,33.2,52.0,82.0,100.0,7,44,327,23115,998.5,2024,2024-07-28
7,29,0.1,19.2,24.9,31.1,45.0,75.0,100.0,5,21,123,26209,999.2,2024,2024-07-29
7,30,0.0,18.1,24.3,30.4,47.0,75.0,99.0,6,19,281,24349,998.2,2024,2024-07-30
7,31,0.0,18.1,25.3,31.9,53.0,79.0,100.0,6,19,173,24284,994.7,2024,2024-07-31
8,1,17.4,19.2,24.6,32.0,52.0,83.0,100.0,7,43,39,20311,991.7,2024,2024-08-01
8,2,2.7,17.7,22.4,30.0,50.0,82.0,100.0,8,53,342,22757,990.1,2024,2024-08-02
8,3,0.0,17.2,23.7,31.1,42.0,74.0,96.0,6,15,99,19440,990.4,2024,2024-08-03
8,4,0.6,18.3,23.4,30.4,43.0,76.0,96.0,6,26,7,20002,992.9,2024,2024-08-04
8,5,0.5,17.8,24.0,30.2,45.0,77.0,100.0,5,21,14,20100,992.9,2024,2024-08-05
8,6,0.0,18.0,24.3,30.3,51.0,78.0,100.0,5,24,153,24074,992.5,2024,2024-08-06
8,7,2.1,17.8,24.1,31.5,46.0,75.0,97.0,7,21,345,21897,992.6,2024,2024-08-07
8,8,0.0,17.3,24.5,31.5,43.0,71.0,96.0,7,24,233,24608,994.4,2024,2024-08-08
8,9,0.1,18.1,25.2,32.2,45.0,74.0,99.0,6,20,186,24067,996.5,2024,2024-08-09
8,10,0.0,19.5,26.6,33.6,36.0,71.0,98.0,7,19,112,24628,999.4,2024,2024-08-10
8,11,0.0,19.5,26.9,34.5,37.0,71.0,96.0,6,18,148,24459,998.4,2024,2024-08-11
8,12,0.0,20.7,27.6,35.0,38.0,70.0,94.0,7,21,231,24489,993.4,2024,2024-08-12
8,13,0.0,20.0,27.3,34.8,43.0,73.0,99.0,6,23,239,24029,990.9,2024,2024-08-13
8,14,0.0,21.1,27.9,35.9,32.0,63.0,96.0,9,42,341,23634,992.1,2024,2024-08-14
8,15,0.0,18.1,25.9,33.6,40.0,68.0,94.0,6,24,146,23168,995.9,2024,2024-08-15
8,16,0.0,19.2,26.3,34.0,42.0,73.0,100.0,5,22,241,20397,995.5,2024,2024-08-16
8,17,0.0,20.3,26.3,34.1,35.0,72.0,97.0,8,25,332,23121,991.9,2024,2024-08-17
8,18,23.5,19.3,23.0,31.1,55.0,82.0,98.0,8,65,128,16590,988.4,2024,2024-08-18
8,19,7.9,19.4,21.1,24.0,80.0,92.0,99.0,5,15,314,6323,990.7,2024,2024-08-19
8,20,0.3,19.9,23.8,29.4,58.0,81.0,99.0,7,26,354,15990,991.7,2024,2024-08-20
8,21,4.8,19.9,24.8,31.6,42.0,76.0,99.0,6,26,313,16355,992.4,2024,2024-08-21
8,22,0.1,19.0,23.6,29.3,46.0,76.0,96.0,6,18,342,19969,994.8,2024,2024-08-22
8,23,0.0,17.7,24.1,30.6,52.0,80.0,100.0,5,19,142,21837,995.5,2024,2024-08-23
8,24,0.0,19.4,25.0,31.9,54.0,81.0,100.0,6,24,178,22040,996.7,2024,2024-08-24
8,25,0.0,19.0,25.5,32.3,51.0,79.0,100.0,6,16,136,21893,994.8,2024,2024-08-25
8,26,0.0,18.9,25.6,31.7,44.0,65.0,93.0,8,52,323,17366,995.0,2024,2024-08-26
8,27,0.0,18.8,24.5,32.1,40.0,70.0,91.0,6,19,77,19173,997.5,2024,2024-08-27
8,28,0.0,18.0,25.4,33.0,42.0,69.0,95.0,6,24,114,20886,997.9,2024,2024-08-28
8,29,0.0,18.5,25.8,33.9,39.0,69.0,95.0,6,21,239,21331,997.2,2024,2024-08-29
8,30,0.0,19.3,26.7,34.0,39.0,64.0,94.0,7,19,254,20394,997.2,2024,2024-08-30
8,31,0.0,19.6,26.5,34.7,34.0,63.0,89.0,7,19,260,20587,997.5,2024,2024-08-31
9,1,0.0,19.6,26.1,34.1,29.0,61.0,87.0,7,16,346,19785,995.2,2024,2024-09-01
9,2,0.9,17.9,24.8,33.5,32.0,66.0,95.0,7,27,344,17853,994.0,2024,2024-09-02
9,3,0.0,17.5,24.3,32.6,37.0,69.0,97.0,6,19,159,19486,996.3,2024,2024-09-03
9,4,0.0,16.7,23.9,32.9,37.0,70.0,97.0,7,21,194,20096,994.7,2024,2024-09-04
9,5,22.5,17.5,21.1,25.6,65.0,82.0,100.0,8,52,160,7210,992.4,2024,2024-09-05
9,6,1.2,16.3,19.4,24.3,70.0,91.0,100.0,5,13,125,10233,995.2,2024,2024-09-06
9,7,0.0,15.2,21.5,27.8,57.0,82.0,100.0,6,22,166,19014,997.5,2024,2024-09-07
9,8,52.3,17.9,20.9,25.4,73.0,94.0,100.0,5,32,140,6516,993.8,2024,2024-09-08
9,9,22.1,14.4,19.4,26.2,63.0,91.0,100.0,6,20,136,13147,984.8,2024,2024-09-09
9,10,0.1,12.9,19.7,27.2,44.0,79.0,100.0,6,18,256,18742,990.5,2024,2024-09-10
9,11,30.5,15.7,18.5,23.6,60.0,88.0,100.0,6,26,345,5607,990.4,2024,2024-09-11
9,12,31.2,10.8,14.2,18.0,63.0,88.0,100.0,16,50,13,3463,986.5,2024,2024-09-12
9,13,0.0,11.4,14.1,18.4,49.0,67.0,92.0,9,33,29,12213,989.0,2024,2024-09-13
9,14,0.0,7.4,12.5,18.4,49.0,81.0,99.0,4,15,345,6871,993.8,2024,2024-09-14
9,15,0.1,7.7,11.7,15.8,76.0,92.0,99.0,6,22,154,3367,994.8,2024,2024-09-15
9,16,2.7,7.3,13.6,18.5,54.0,83.0,100.0,5,17,309,9618,994.0,2024,2024-09-16
9,17,0.3,8.0,14.6,22.3,41.0,78.0,100.0,5,28,30,14770,999.0,2024,2024-09-17
9,18,0.0,7.3,16.1,24.4,43.0,72.0,98.0,7,25,137,15780,1000.3,2024,2024-09-18
9,19,0.0,11.2,18.9,25.3,40.0,61.0,90.0,8,31,5,10563,998.5,2024,2024-09-19
9,20,0.0,13.9,19.1,26.2,41.0,68.0,89.0,6,20,143,14771,1001.4,2024,2024-09-20
9,21,0.0,12.9,18.7,25.8,40.0,70.0,95.0,6,22,146,17891,1002.6,2024,2024-09-21
9,22,0.0,12.2,17.7,25.0,40.0,71.0,96.0,6,17,346,15318,999.2,2024,2024-09-22
9,23,25.3,10.3,16.5,22.3,60.0,86.0,100.0,6,30,32,12248,994.9,2024,2024-09-23
9,24,19.1,13.0,16.4,21.5,73.0,93.0,100.0,8,31,168,10209,992.1,2024,2024-09-24
9,25,0.2,12.3,16.6,22.6,61.0,89.0,100.0,6,22,192,12346,995.4,2024,2024-09-25
9,26,2.9,14.3,16.7,19.0,89.0,98.0,100.0,5,15,1,3323,992.1,2024,2024-09-26
9,27,29.4,16.7,19.1,23.8,82.0,97.0,100.0,6,26,141,6986,988.7,2024,2024-09-27
9,28,1.4,9.0,14.8,23.8,56.0,88.0,100.0,8,46,347,10249,994.0,2024,2024-09-28
9,29,0.1,6.9,13.8,20.2,43.0,77.0,100.0,6,23,181,17189,1005.1,2024,2024-09-29
9,30,0.1,8.5,12.4,18.4,55.0,81.0,100.0,4,19,164,11710,1003.0,2024,2024-09-30
10,1,2.0,9.2,13.2,16.4,73.0,91.0,100.0,4,14,1,6718,997.9,2024,2024-10-01
10,2,33.5,12.6,14.0,16.1,96.0,99.0,100.0,5,16,357,1965,989.2,2024,2024-10-02
10,3,52.2,9.6,11.2,12.9,88.0,94.0,100.0,15,44,6,2142,988.5,2024,2024-10-03
10,4,26.7,9.7,10.6,11.5,80.0,88.0,96.0,17,39,333,2571,991.3,2024,2024-10-04
10,5,0.3,6.2,11.5,17.5,65.0,91.0,100.0,4,15,167,8805,995.1,2024,2024-10-05
10,6,0.1,5.2,11.3,18.6,58.0,85.0,100.0,6,22,188,13651,995.1,2024,2024-10-06
10,7,1.4,6.7,12.9,18.1,67.0,91.0,100.0,5,18,17,9413,998.1,2024,2024-10-07
10,8,71.8,12.8,15.3,18.1,100.0,100.0,100.0,12,53,153,998,992.0,2024,2024-10-08
10,9,4.0,14.6,15.7,18.7,82.0,98.0,100.0,6,22,214,5138,987.8,2024,2024-10-09
10,10,31.2,10.5,15.2,17.9,83.0,98.0,100.0,5,22,219,2000,983.7,2024,2024-10-10
10,11,-,6.6,13.9,22.1,40.0,80.0,100.0,6,20,23,14609,993.7,2024,2024-10-11
10,12,0.1,8.1,13.3,20.2,50.0,83.0,100.0,5,14,150,13442,1000.3,2024,2024-10-12
10,13,0.1,10.2,13.6,18.9,71.0,91.0,100.0,5,14,123,7856,999.6,2024,2024-10-13
10,14,0.2,10.0,13.5,17.6,77.0,94.0,100.0,5,16,357,4370,1002.0,2024,2024-10-14
10,15,0.0,9.6,14.5,20.4,65.0,90.0,100.0,5,14,114,9044,1002.7,2024,2024-10-15
10,16,4.6,10.7,15.2,19.6,65.0,90.0,100.0,3,13,31,5866,1004.3,2024,2024-10-16
10,17,2.2,13.5,15.5,18.2,86.0,97.0,100.0,5,16,0,4108,1003.3,2024,2024-10-17
10,18,88.3,14.8,15.3,16.2,95.0,99.0,100.0,8,28,329,1066,999.7,2024,2024-10-18
10,19,4.0,14.2,16.2,20.4,82.0,96.0,100.0,5,17,338,4967,1000.3,2024,2024-10-19
10,20,0.0,10.5,16.0,22.6,52.0,86.0,100.0,5,18,129,11818,1006.5,2024,2024-10-20
10,21,0.1,8.8,14.6,21.4,59.0,87.0,100.0,4,15,177,11850,1010.7,2024,2024-10-21
10,22,0.1,9.8,14.8,21.9,66.0,92.0,100.0,5,14,167,10329,1010.1,2024,2024-10-22
10,23,21.4,12.5,14.9,16.5,91.0,98.0,100.0,8,29,344,1824,1011.1,2024,2024-10-23
10,24,4.5,11.6,14.1,17.3,82.0,97.0,100.0,4,19,119,4638,1010.3,2024,2024-10-24
10,25,0.0,12.3,15.0,20.3,69.0,92.0,100.0,4,12,313,7855,1006.4,2024,2024-10-25
10,26,5.8,13.3,15.0,17.0,98.0,100.0,100.0,4,12,12,3174,1004.7,2024,2024-10-26
10,27,0.0,11.8,15.7,18.9,81.0,95.0,100.0,3,8,29,4305,1005.8,2024,2024-10-27
10,28,0.1,10.4,15.4,19.7,74.0,94.0,100.0,4,10,8,6232,1007.5,2024,2024-10-28
10,29,0.1,9.6,15.0,22.6,58.0,86.0,100.0,6,15,4,10742,1006.5,2024,2024-10-29
10,30,0.0,10.2,15.8,24.3,41.0,76.0,95.0,7,19,327,11207,1005.6,2024,2024-10-30
10,31,0.0,7.7,14.3,22.8,45.0,78.0,99.0,5,14,329,11209,1006.8,2024,2024-10-31
11,1,0.1,6.7,12.8,20.5,57.0,86.0,100.0,5,14,213,10629,1005.6,2024,2024-11-01
11,2,0.2,7.2,12.9,22.4,47.0,85.0,100.0,5,14,60,10793,1005.0,2024,2024-11-02
11,3,0.1,5.7,10.4,18.1,55.0,85.0,100.0,5,17,158,10483,1009.5,2024,2024-11-03
11,4,0.0,3.5,9.9,19.8,44.0,81.0,100.0,6,16,325,10908,1008.3,2024,2024-11-04
11,5,0.0,3.4,9.7,18.8,40.0,78.0,99.0,5,15,11,10375,1008.2,2024,2024-11-05
11,6,0.0,3.7,9.2,17.9,43.0,80.0,98.0,5,14,333,9398,1010.7,2024,2024-11-06
11,7,0.1,3.1,8.9,17.1,41.0,81.0,100.0,6,16,107,10093,1012.2,2024,2024-11-07
11,8,0.1,2.8,8.3,16.3,49.0,83.0,100.0,5,13,321,9345,1010.7,2024,2024-11-08
11,9,0.0,2.6,8.2,15.6,54.0,84.0,100.0,5,13,341,8049,1008.2,2024,2024-11-09
11,10,0.0,0.9,8.6,19.0,28.0,70.0,98.0,5,19,119,10071,1005.2,2024,2024-11-10
11,11,0.0,0.1,5.7,14.4,43.0,77.0,98.0,6,20,149,9585,1007.3,2024,2024-11-11
11,12,0.0,-1.1,4.5,14.1,42.0,80.0,99.0,5,16,328,9815,1007.3,2024,2024-11-12
11,13,0.2,-1.4,4.7,12.6,48.0,78.0,100.0,4,16,98,9328,1006.9,2024,2024-11-13
11,14,0.0,-1.9,4.1,10.0,54.0,81.0,100.0,5,18,117,9108,1006.3,2024,2024-11-14
11,15,0.1,-2.6,3.6,12.8,43.0,81.0,100.0,5,14,29,9190,1007.3,2024,2024-11-15
11,16,0.1,-2.5,4.1,12.9,47.0,81.0,100.0,6,15,9,9233,1004.8,2024,2024-11-16
11,17,0.1,-1.6,4.6,12.3,65.0,88.0,100.0,6,15,5,8129,997.9,2024,2024-11-17
11,18,0.0,2.1,7.5,14.0,62.0,86.0,99.0,6,14,353,6767,995.6,2024,2024-11-18
11,19,0.0,2.4,7.6,12.3,72.0,91.0,100.0,4,11,166,5851,991.7,2024,2024-11-19
11,20,0.3,-0.3,7.1,12.5,22.0,75.0,100.0,7,46,11,4836,980.7,2024,2024-11-20
11,21,4.5,-2.8,3.1,8.9,44.0,74.0,99.0,6,25,353,6380,985.9,2024,2024-11-21
11,22,0.3,-2.9,2.4,8.0,76.0,94.0,100.0,7,26,212,5237,985.9,2024,2024-11-22
11,23,0.2,-4.1,1.5,9.3,49.0,81.0,100.0,6,18,152,8413,1009.8,2024,2024-11-23
11,24,0.0,-2.2,3.0,11.1,42.0,74.0,93.0,6,13,344,7230,1015.8,2024,2024-11-24
11,25,0.0,-1.7,3.3,10.8,52.0,80.0,97.0,6,15,317,7704,1010.6,2024,2024-11-25
11,26,0.0,2.5,7.2,9.2,79.0,86.0,94.0,6,14,347,1823,1006.0,2024,2024-11-26
11,27,2.4,3.5,8.2,11.1,83.0,94.0,100.0,5,14,330,1975,1006.2,2024,2024-11-27
11,28,1.6,1.6,6.2,8.5,100.0,100.0,100.0,4,13,292,1330,1005.3,2024,2024-11-28
11,29,0.2,1.2,5.8,13.4,45.0,81.0,100.0,9,18,227,-,1009.2,2024,2024-11-29
11,30,0.0,-1.9,4.0,11.0,44.0,72.0,93.0,8,19,326,8153,1013.1,2024,2024-11-30
12,1,0.0,-1.2,5.4,14.5,39.0,71.0,88.0,7,19,317,7751,1008.8,2024,2024-12-01
12,2,0.0,-0.1,4.7,12.9,50.0,79.0,97.0,8,18,7,7729,1004.3,2024,2024-12-02
12,3,0.0,-1.8,4.1,9.2,60.0,84.0,99.0,5,15,335,3446,1001.3,2024,2024-12-03
12,4,0.0,0.9,5.6,11.1,60.0,81.0,96.0,5,15,16,3911,1004.6,2024,2024-12-04
12,5,0.0,-1.8,2.6,9.5,48.0,79.0,94.0,6,15,116,7744,1008.3,2024,2024-12-05
12,6,0.0,-3.1,0.9,6.4,59.0,86.0,96.0,6,14,1,2942,1001.3,2024,2024-12-06
12,7,0.1,-3.1,2.6,8.4,62.0,81.0,95.0,7,23,4,6156,996.3,2024,2024-12-07
12,8,3.7,5.2,7.3,10.4,46.0,68.0,88.0,15,46,15,1391,986.0,2024,2024-12-08
12,9,0.0,0.0,5.9,9.1,57.0,71.0,88.0,5,30,7,4304,993.9,2024,2024-12-09
12,10,0.0,0.0,5.7,10.8,62.0,79.0,93.0,4,20,124,3760,1002.4,2024,2024-12-10
12,11,0.0,-2.1,2.3,9.6,58.0,85.0,97.0,6,16,339,5179,1008.0,2024,2024-12-11
12,12,0.2,-3.0,1.5,8.8,62.0,88.0,100.0,6,14,329,7241,1012.8,2024,2024-12-12
12,13,0.1,-3.0,1.4,8.4,57.0,84.0,99.0,5,14,0,7242,1013.5,2024,2024-12-13
12,14,0.0,-1.4,3.3,8.1,73.0,88.0,100.0,6,17,298,6326,1005.4,2024,2024-12-14
12,15,0.1,-2.5,1.8,10.1,68.0,92.0,100.0,6,14,193,7146,1009.8,2024,2024-12-15
12,16,0.1,-3.2,0.7,5.9,87.0,97.0,100.0,4,14,324,4806,1018.1,2024,2024-12-16
12,17,0.1,-2.8,2.4,9.4,77.0,96.0,100.0,6,18,0,5210,1015.1,2024,2024-12-17
12,18,0.1,-0.5,4.4,7.5,86.0,95.0,100.0,4,12,320,2040,1011.0,2024,2024-12-18
12,19,17.7,4.8,5.6,7.0,85.0,96.0,100.0,5,22,346,1359,997.9,2024,2024-12-19
12,20,24.8,-0.8,6.2,10.8,33.0,67.0,100.0,14,57,24,3277,993.9,2024,2024-12-20
12,21,0.0,-3.0,1.7,8.3,43.0,70.0,94.0,7,18,339,7307,1006.4,2024,2024-12-21
12,22,1.8,-1.9,2.0,5.7,63.0,87.0,98.0,6,19,18,2999,994.2,2024,2024-12-22
12,23,0.0,-1.6,3.3,10.2,25.0,75.0,96.0,6,20,327,5343,987.8,2024,2024-12-23
12,24,0.0,,3.2,11.7,26.0,53.0,72.0,9,22,340,7487,1000.5,2024,2024-12-24
12,25,0.0,-3.2,2.8,10.5,36.0,58.0,85.0,9,23,342,7680,1012.9,2024,2024-12-25
12,26,0.0,-4.7,1.5,10.4,33.0,65.0,84.0,8,17,322,7574,1016.8,2024,2024-12-26
12,27,0.0,-3.0,3.3,13.7,23.0,62.0,82.0,8,17,316,7448,1015.8,2024,2024-12-27
12,28,0.0,-1.2,6.5,17.0,24.0,63.0,86.0,8,19,327,7351,1011.0,2024,2024-12-28
12,29,0.0,0.3,6.5,15.5,38.0,68.0,89.0,7,21,326,7410,1010.4,2024,2024-12-29
12,30,0.0,-0.5,4.3,13.1,45.0,77.0,93.0,6,14,323,7421,1013.0,2024,2024-12-30
12,31,0.0,-2.7,2.8,11.8,51.0,82.0,97.0,5,15,328,7423,1015.2,2024,2024-12-31
1,1,0.0,-3.6,2.6,6.9,80,91,100,8,15,14,3339,1014.9,2025,2025-01-01
1,2,0.0,-1.3,2.8,5.2,80,91,99,6,16,330,2586,1005.2,2025,2025-01-02
1,3,0.0,-3.9,3.2,9.8,59,84,100,6,21,140,6591,999.5,2025,2025-01-03
1,4,0.1,-4.9,0.2,8.4,36,76,98,6,14,332,7331,1005.8,2025,2025-01-04
1,5,0.0,-3.9,1.1,3.1,68,82,94,4,13,335,1772,1002.7,2025,2025-01-05
1,6,0.5,2.4,4.6,7.2,85,95,100,5,14,0,1943,997.1,2025,2025-01-06
1,7,30.9,6.3,7.5,8.6,93,99,100,5,16,354,985,992.5,2025,2025-01-07
1,8,4.0,5.4,5.8,6.6,100,100,100,4,12,151,1743,998.0,2025,2025-01-08
1,9,24.2,5.8,7.5,9.1,100,100,100,4,13,4,1438,993.4,2025,2025-01-09
1,10,0.5,-1.1,5.6,11.1,25,76,100,10,45,20,7777,997.2,2025,2025-01-10
1,11,0.0,-4.6,0.9,8.2,34,71,90,7,18,347,6986,1002.8,2025,2025-01-11
1,12,0.0,-6.3,-0.7,6.4,35,70,93,8,19,168,8284,1010.0,2025,2025-01-12
1,13,0.0,-6.8,-1.0,6.0,37,70,94,8,17,319,8490,1017.2,2025,2025-01-13
1,14,0.0,-6.2,-1.0,7.1,37,72,91,6,14,354,8677,1017.2,2025,2025-01-14
1,15,0.0,-5.6,1.2,9.3,34,69,88,6,16,336,5037,1010.0,2025,2025-01-15
1,16,0.0,-2.5,2.7,9.9,53,74,91,8,17,132,8385,1017.8,2025,2025-01-16
1,17,0.0,-4.0,1.1,9.1,51,81,98,6,18,342,8720,1020.1,2025,2025-01-17
1,18,0.0,-2.9,4.3,14.7,29,62,94,6,20,19,8894,1012.8,2025,2025-01-18
1,19,0.7,0.3,6.1,11.6,45,71,96,6,29,192,3273,1008.7,2025,2025-01-19
1,20,0.6,4.1,7.7,12.9,67,85,98,6,22,323,4901,1005.6,2025,2025-01-20
1,21,1.3,1.8,6.3,10.1,83,95,100,4,12,307,3576,1001.6,2025,2025-01-21
1,22,0.6,4.5,5.0,5.8,100,100,100,4,11,15,1462,1001.3,2025,2025-01-22
1,23,3.9,4.6,6.5,8.5,100,100,100,4,10,34,1626,996.8,2025,2025-01-23
1,24,0.3,1.3,6.3,9.8,89,98,100,5,13,336,3290,1002.4,2025,2025-01-24
1,25,0.1,5.5,6.8,8.6,90,98,100,4,10,174,3001,1004.4,2025,2025-01-25
1,26,6.6,6.1,7.5,9.7,100,100,100,5,15,342,1402,999.4,2025,2025-01-26
1,27,40.8,5.5,7.1,8.7,96,99,100,8,21,7,1691,997.8,2025,2025-01-27
1,28,39.5,5.4,10.2,13.5,69,94,100,13,39,188,3185,986.1,2025,2025-01-28
1,29,0.0,2.5,7.1,13.3,67,90,100,8,20,116,7808,997.5,2025,2025-01-29
1,30,0.0,1.6,6.4,12.8,61,85,100,7,16,329,9402,1003.0,2025,2025-01-30
1,31,0.6,-0.3,5.1,9.5,85,97,100,5,16,12,3544,1009.6,2025,2025-01-31
2,1,3.8,1.6,6.9,11.9,73,93,100,6,17,357,4747,1010.4,2025,2025-02-01
2,2,0.1,-1.2,5.2,13.4,54,86,100,5,13,339,10453,1004.7,2025,2025-02-02
2,3,0.1,-1.8,3.9,11.7,53,83,100,5,15,139,10834,1007.1,2025,2025-02-03
2,4,0.1,-2.7,2.8,10.6,46,81,100,6,14,6,11117,1012.2,2025,2025-02-04
2,5,0.0,-2.0,4.6,14.2,33,73,97,7,16,315,11234,1015.6,2025,2025-02-05
2,6,0.0,-2.4,4.1,11.9,37,72,94,6,21,153,11309,1015.9,2025,2025-02-06
2,7,0.0,-2.7,2.4,9.3,47,77,96,6,15,8,10797,1014.8,2025,2025-02-07
2,8,0.0,-1.9,5.0,11.6,51,74,95,7,16,330,8633,1013.1,2025,2025-02-08
2,9,1.7,4.7,7.1,9.4,71,90,100,5,15,352,3006,1011.4,2025,2025-02-09
2,10,0.1,5.8,7.2,8.6,98,99,100,4,10,197,2007,1009.2,2025,2025-02-10
2,11,0.5,5.9,7.0,8.4,82,94,100,4,12,349,2891,1008.5,2025,2025-02-11
2,12,1.2,5.0,7.0,9.7,88,97,100,4,11,170,4217,1005.4,2025,2025-02-12
2,13,10.8,6.1,7.7,9.7,87,97,100,3,14,210,3193,1000.5,2025,2025-02-13
2,14,11.5,-0.7,4.5,7.6,84,96,100,5,30,41,2381,996.8,2025,2025-02-14
2,15,0.0,-4.3,1.6,8.0,52,77,97,6,22,124,12797,1002.5,2025,2025-02-15
2,16,0.0,-4.3,1.0,7.3,51,78,98,5,26,120,9235,1000.8,2025,2025-02-16
2,17,0.0,-3.8,0.5,6.9,52,75,92,6,19,136,12728,1004.3,2025,2025-02-17
2,18,0.1,-5.8,-0.3,7.2,46,75,96,6,23,96,13049,1008.3,2025,2025-02-18
2,19,0.0,-5.5,-0.2,6.6,39,70,92,4,13,113,13134,1013.7,2025,2025-02-19
2,20,0.0,-5.9,0.6,8.2,43,73,92,6,21,147,13475,1014.6,2025,2025-02-20
2,21,0.0,-3.8,2.7,11.5,39,73,95,5,12,127,13489,1014.1,2025,2025-02-21
2,22,0.0,-2.5,3.1,10.3,46,77,96,6,17,182,12364,1012.0,2025,2025-02-22
2,23,0.0,0.8,6.3,12.8,67,84,99,5,15,299,7577,1013.4,2025,2025-02-23
2,24,0.0,3.5,8.3,14.5,63,86,100,5,18,194,12309,1010.2,2025,2025-02-24
2,25,2.6,5.7,8.3,12.8,68,92,100,4,13,113,6905,1003.2,2025,2025-02-25
2,26,46.1,6.4,7.8,9.3,73,95,100,12,39,1,1714,998.1,2025,2025-02-26
2,27,0.0,5.5,9.3,13.9,56,78,95,6,24,237,12071,999.7,2025,2025-02-27
2,28,0.2,2.1,7.1,13.0,53,83,97,8,30,347,8551,1003.7,2025,2025-02-28
3,1,0.0,0.2,7.4,14.5,43,69,92,8,37,118,14062,1007.7,2025,2025-03-01
3,2,0.0,-1.4,5.3,12.5,46,73,97,7,18,230,16004,1012.2,2025,2025-03-02
3,3,0.0,-1.0,5.8,14.1,39,71,95,6,15,102,16099,1011.2,2025,2025-03-03
3,4,0.0,-0.3,7.9,17.2,25,64,92,6,20,137,16417,1008.7,2025,2025-03-04
3,5,0.0,1.5,8.8,17.9,32,63,89,7,17,322,16476,1010.1,2025,2025-03-05
3,6,0.0,2.1,8.9,17.7,35,65,94,7,17,315,16655,1009.5,2025,2025-03-06
3,7,0.0,0.7,8.5,17.8,24,62,90,7,16,133,16536,1004.5,2025,2025-03-07
3,8,0.0,1.1,7.9,17.3,33,65,88,6,18,221,13078,999.5,2025,2025-03-08
3,9,0.0,1.6,8.7,15.2,44,73,95,6,19,196,13777,995.8,2025,2025-03-09
3,10,24.6,7.3,9.3,12.3,87,97,100,8,21,17,3211,991.3,2025,2025-03-10
3,11,6.0,5.4,10.7,15.7,64,91,100,9,32,234,10209,988.5,2025,2025-03-11
3,12,32.4,7.1,9.8,13.3,81,95,100,9,31,344,7543,983.5,2025,2025-03-12
3,13,16.0,6.6,8.5,11.7,89,98,100,8,28,157,4577,981.2,2025,2025-03-13
3,14,22.1,7.2,9.1,12.4,75,94,100,8,40,0,6274,985.3,2025,2025-03-14
3,15,9.6,8.3,9.5,11.6,91,98,100,5,18,22,5788,990.5,2025,2025-03-15
3,16,14.1,5.0,8.3,10.1,92,98,100,5,20,36,4493,995.2,2025,2025-03-16
3,17,8.2,1.9,7.6,12.9,69,92,100,6,28,52,9226,1001.7,2025,2025-03-17
3,18,0.1,-0.7,3.8,8.5,51,75,99,8,20,225,18238,1013.2,2025,2025-03-18
3,19,0.0,-2.2,4.6,12.1,40,75,99,6,16,191,19282,1014.9,2025,2025-03-19
3,20,0.1,-1.5,5.6,12.4,51,81,100,6,21,229,18380,1014.1,2025,2025-03-20
3,21,0.0,2.0,7.3,11.2,64,83,100,4,15,17,10293,1008.9,2025,2025-03-21
3,22,13.8,7.0,8.5,9.9,78,96,100,6,19,19,3341,999.4,2025,2025-03-22
3,23,18.1,6.7,11.0,15.7,75,95,100,9,26,186,9756,993.2,2025,2025-03-23
3,24,8.5,7.5,11.8,17.2,61,88,100,6,25,167,16919,995.6,2025,2025-03-24
3,25,0.7,5.6,10.5,18.0,58,87,100,6,22,188,13967,999.6,2025,2025-03-25
3,26,0.0,4.3,12.5,18.8,45,72,100,7,28,142,18270,996.8,2025,2025-03-26
3,27,0.1,9.2,14.2,19.1,34,51,74,9,47,39,10203,993.0,2025,2025-03-27
3,28,2.5,9.2,12.5,14.9,45,74,100,8,24,13,6530,988.8,2025,2025-03-28
3,29,1.3,9.0,11.1,13.3,75,93,100,6,17,224,5748,988.6,2025,2025-03-29
3,30,0.0,7.3,12.6,18.9,47,77,96,9,30,212,17129,993.7,2025,2025-03-30
3,31,0.0,3.6,11.0,18.7,21,61,100,9,37,25,19827,996.0,2025,2025-03-31
4,1,0.0,2.3,11.9,18.1,32,47,73,13,48,24,16866,998.0,2025,2025-04-01
4,2,0.0,6.9,14.6,20.1,37,54,76,8,30,355,20558,999.8,2025,2025-04-02
4,3,0.0,6.9,13.2,19.7,44,68,97,8,26,232,20579,1003.7,2025,2025-04-03
4,4,0.0,6.8,13.7,20.5,36,67,94,9,27,240,20686,1000.9,2025,2025-04-04
4,5,0.0,4.2,12.8,20.4,47,74,99,6,22,192,21067,993.1,2025,2025-04-05
4,6,0.0,5.4,10.2,14.8,38,61,98,11,33,240,21850,995.7,2025,2025-04-06
4,7,0.0,2.3,6.8,11.9,44,62,95,8,30,220,21966,1005.5,2025,2025-04-07
4,8,0.0,1.9,8.5,15.4,41,69,97,7,31,213,20948,1007.9,2025,2025-04-08
4,9,0.0,1.8,8.9,15.4,38,71,95,7,22,163,18635,1004.9,2025,2025-04-09
4,10,0.0,3.0,10.1,17.7,44,73,94,7,22,199,18658,1004.0,2025,2025-04-10
4,11,0.0,3.2,11.4,19.6,50,77,99,7,26,181,21549,1000.5,2025,2025-04-11
4,12,0.0,7.5,14.2,21.6,35,70,99,8,28,162,21784,998.6,2025,2025-04-12
4,13,0.5,9.3,11.7,14.0,76,87,97,5,27,11,5529,998.5,2025,2025-04-13
4,14,36.2,8.0,12.0,16.5,69,95,100,6,24,120,7273,996.8,2025,2025-04-14
4,15,58.9,11.9,13.1,14.8,100,100,100,8,21,32,3262,992.0,2025,2025-04-15
4,16,10.9,12.6,14.4,17.8,71,93,100,8,26,341,5229,996.5,2025,2025-04-16
4,17,17.0,11.4,14.1,16.9,67,89,100,8,33,38,4130,991.9,2025,2025-04-17
4,18,8.0,10.3,11.9,16.5,65,95,100,6,22,333,8549,995.5,2025,2025-04-18
4,19,0.4,10.3,12.8,17.8,66,90,100,6,17,10,11513,997.3,2025,2025-04-19
4,20,1.0,7.9,14.0,19.0,64,86,100,6,19,166,16503,995.3,2025,2025-04-20
4,21,0.1,9.6,14.9,20.5,58,83,100,5,17,176,17443,994.7,2025,2025-04-21
4,22,0.0,9.1,17.2,25.1,43,75,100,6,19,7,16514,996.2,2025,2025-04-22
4,23,7.4,12.0,17.1,23.1,45,72,96,9,39,11,19975,995.2,2025,2025-04-23
4,24,26.2,12.2,15.8,22.5,53,78,100,10,35,19,15888,992.5,2025,2025-04-24
4,25,6.6,10.7,13.4,16.6,65,83,99,9,31,17,9283,994.4,2025,2025-04-25
4,26,1.6,9.8,14.7,20.2,60,86,100,6,22,184,17152,997.9,2025,2025-04-26
4,27,0.1,10.1,16.8,23.4,42,74,100,6,26,121,23883,1003.1,2025,2025-04-27
4,28,0.0,8.8,16.9,23.9,39,69,97,7,23,146,25493,1005.5,2025,2025-04-28
4,29,0.0,10.7,17.9,24.6,41,66,91,7,24,224,25578,1004.1,2025,2025-04-29
4,30,0.0,10.8,19.0,25.8,40,65,95,8,24,235,25499,1002.3,2025,2025-04-30
5,1,0.0,12.7,19.6,26.6,40,66,95,8,23,237,25392,1001.4,2025,2025-05-01
5,2,0.0,10.7,19.3,27.4,42,70,99,7,27,171,24315,1000.8,2025,2025-05-02
5,3,0.0,12.0,18.7,24.9,51,76,97,6,21,139,20514,996.4,2025,2025-05-03
5,4,1.0,13.5,18.0,24.1,57,77,97,9,31,179,17173,990.1,2025,2025-05-04
5,5,40.8,11.4,13.6,17.2,90,98,100,9,49,162,2894,988.1,2025,2025-05-05
5,6,36.7,10.9,12.7,17.6,76,95,100,6,20,345,8698,993.4,2025,2025-05-06
5,7,8.9,10.9,13.7,17.8,58,84,100,6,23,142,13757,994.9,2025,2025-05-07
5,8,9.6,10.3,13.3,17.5,58,84,100,5,19,25,14739,994.5,2025,2025-05-08
5,9,2.0,10.8,14.3,19.4,55,77,97,6,24,120,17489,998.5,2025,2025-05-09
5,10,0.0,9.9,14.9,20.5,46,74,99,6,20,175,23493,1000.7,2025,2025-05-10
5,11,0.0,8.4,15.5,22.8,47,75,99,7,26,324,24243,996.2,2025,2025-05-11
5,12,3.8,10.2,15.1,22.4,55,82,100,6,26,320,18668,994.3,2025,2025-05-12
5,13,0.0,11.8,16.3,21.8,46,75,100,5,19,169,21194,997.6,2025,2025-05-13
5,14,0.0,12.0,17.2,22.6,42,67,97,6,33,153,24230,997.7,2025,2025-05-14
5,15,3.8,10.8,15.5,21.4,56,83,99,7,27,157,17172,992.9,2025,2025-05-15
5,16,0.0,7.5,13.5,19.6,40,72,99,8,28,237,27004,995.2,2025,2025-05-16
5,17,0.0,7.5,13.5,19.6,51,76,97,6,23,180,20943,996.9,2025,2025-05-17
5,18,16.9,10.4,15.8,21.7,52,78,100,6,21,113,22867,997.2,2025,2025-05-18
5,19,0.0,11.3,17.7,22.7,54,79,99,5,17,212,22677,998.5,2025,2025-05-19
5,20,13.8,13.7,15.4,19.0,70,96,100,5,19,346,4933,999.3,2025,2025-05-20
5,21,0.3,13.3,17.4,22.8,55,85,100,6,23,234,16273,994.0,2025,2025-05-21
5,22,32.6,11.3,14.6,18.2,89,97,100,5,22,31,5145,990.8,2025,2025-05-22
5,23,4.1,10.2,13.2,16.9,59,83,99,6,23,24,12777,995.5,2025,2025-05-23
5,24,0.1,6.8,13.2,18.6,57,82,100,6,25,241,22422,999.5,2025,2025-05-24
5,25,0.1,7.6,14.5,19.8,52,76,99,6,21,197,19546,999.3,2025,2025-05-25
5,26,1.2,9.9,17.0,23.0,52,80,100,5,22,211,23995,998.4,2025,2025-05-26
5,27,0.2,12.1,17.2,22.4,51,80,100,7,20,6,12137,1000.7,2025,2025-05-27
5,28,0.2,9.8,17.9,24.2,48,76,100,5,20,27,21325,999.1,2025,2025-05-28
5,29,0.1,11.4,19.0,25.6,44,77,100,6,23,161,26568,999.4,2025,2025-05-29
5,30,0.0,14.5,19.5,25.2,52,74,96,7,24,254,24092,1003.6,2025,2025-05-30
5,31,0.0,13.2,21.1,27.8,51,75,100,6,22,155,28129,1002.2,2025,2025-05-31
6,1,0.0,15.0,21.9,28.4,46,72,99,7,27,162,25116,999.6,2025,2025-06-01
6,2,0.0,16.1,21.1,26.4,56,76,93,8,24,146,19271,999.4,2025,2025-06-02
6,3,28.1,17.0,19.4,24.5,74,89,100,7,30,29,10537,999.5,2025,2025-06-03
6,4,0.0,14.9,20.3,25.6,53,86,100,6,18,132,18344,999.3,2025,2025-06-04
6,5,1.5,16.7,19.9,23.9,73,89,100,6,24,135,14060,998.6,2025,2025-06-05
6,6,0.0,15.0,21.6,27.2,54,80,100,6,22,160,24602,998.4,2025,2025-06-06
6,7,0.0,17.7,21.8,27.5,57,83,100,8,30,152,20518,996.3,2025,2025-06-07
6,8,0.0,17.3,22.6,28.4,53,78,98,9,30,235,22138,994.2,2025,2025-06-08
6,9,0.0,14.1,20.8,25.1,48,67,92,8,37,109,27581,1001.8,2025,2025-06-09
6,10,0.0,12.6,21.0,28.0,36,69,99,5,18,113,27906,999.7,2025,2025-06-10
6,11,0.0,15.3,23.2,30.0,39,66,89,6,20,239,27183,997.1,2025,2025-06-11
6,12,0.0,16.1,23.4,30.1,42,68,93,5,18,135,26778,998.8,2025,2025-06-12
6,13,0.0,16.9,24.5,31.2,43,70,94,5,18,130,27299,1001.2,2025,2025-06-13
6,14,0.0,18.0,24.9,31.7,46,71,91,6,21,183,24991,1000.5,2025,2025-06-14
6,15,2.8,18.8,26.1,32.7,38,66,92,6,39,311,26981,998.1,2025,2025-06-15
6,16,3.7,18.0,21.8,30.7,43,81,100,9,58,355,18147,999.2,2025,2025-06-16
6,18,0.0,14.9,23.0,30.1,40,67,95,6,20,241,28347,1002.0,2025,2025-06-18
6,19,0.0,16.0,24.9,31.8,38,66,95,6,21,197,27144,999.7,2025,2025-06-19
6,20,0.0,20.2,25.6,31.4,45,65,89,7,25,3,25182,999.8,2025,2025-06-20
6,21,0.0,16.7,23.1,29.2,39,63,95,6,22,125,24342,1002.2,2025,2025-06-21
6,22,0.0,16.7,24.1,30.2,46,68,96,7,25,164,27255,1001.1,2025,2025-06-22
6,23,0.7,17.4,22.9,29.5,53,81,100,7,27,354,17936,997.7,2025,2025-06-23
6,24,0.0,18.1,24.9,31.3,50,76,99,6,23,158,27005,996.1,2025,2025-06-24
6,25,0.0,20.6,25.9,31.7,58,80,100,5,21,177,22109,996.5,2025,2025-06-25
6,26,18.7,19.5,25.7,32.0,57,80,100,6,36,145,18543,996.0,2025,2025-06-26
6,27,0.2,17.1,24.9,31.6,42,74,100,5,19,184,25456,999.9,2025,2025-06-27
6,28,0.0,20.4,26.7,32.2,47,71,95,7,24,247,27921,1001.9,2025,2025-06-28
6,29,0.0,20.1,26.6,32.5,48,73,100,6,23,213,27281,1001.1,2025,2025-06-29
6,30,1.8,20.2,25.8,32.7,54,78,98,8,61,324,17415,998.4,2025,2025-06-30
7,1,0.0,,25.8,33.0,41,68,88,7,21,340,20980,997.5,2025,2025-07-01
7,2,0.0,18.3,26.4,34.2,24,63,96,6,18,161,28618,997.6,2025,2025-07-02
7,3,0.0,18.1,27.2,34.2,34,56,85,8,28,345,26423,998.6,2025,2025-07-03
7,4,0.5,19.5,26.7,35.1,36,61,91,7,33,336,23541,999.2,2025,2025-07-04
7,5,1.3,18.6,24.3,30.9,40,73,98,6,30,243,21176,998.1,2025,2025-07-05
7,6,34.6,17.5,22.8,29.5,54,79,100,9,65,327,20026,991.8,2025,2025-07-06
7,7,36.7,16.5,21.2,27.3,53,84,100,9,40,348,21816,985.6,2025,2025-07-07
7,8,56.3,12.5,16.0,24.2,50,83,97,12,58,320,11932,989.1,2025,2025-07-08
7,9,0.1,10.4,17.8,24.9,41,76,100,6,21,239,26948,997.7,2025,2025-07-09
7,10,0.0,12.7,20.0,26.7,31,68,93,6,25,171,26789,998.8,2025,2025-07-10
7,11,3.9,12.2,18.3,26.2,48,79,100,7,29,20,19484,997.7,2025,2025-07-11
7,12,0.1,11.9,18.6,23.9,59,83,100,6,18,119,17105,996.7,2025,2025-07-12
7,13,0.2,16.9,21.7,27.6,53,80,99,7,27,171,22531,997.4,2025,2025-07-13
7,14,0.0,15.7,22.5,28.6,57,80,100,5,17,228,26708,998.4,2025,2025-07-14
7,15,1.2,16.5,24.0,30.3,51,78,99,6,22,238,25751,996.9,2025,2025-07-15
7,16,5.8,16.7,21.7,26.8,58,84,100,6,30,30,16257,994.6,2025,2025-07-16
7,17,0.1,15.5,21.9,28.1,40,73,100,6,19,325,27663,993.6,2025,2025-07-17
7,18,0.0,15.6,22.2,27.7,51,74,95,6,27,173,23522,995.3,2025,2025-07-18
7,19,0.0,17.1,23.4,29.1,44,76,100,5,25,166,24631,993.2,2025,2025-07-19
7,20,0.0,16.7,23.9,30.4,56,81,100,5,18,150,24243,990.6,2025,2025-07-20
8,1,6.3,15.2,19.5,27.1,57,89,100,5,26,283,14217,995.0,2025,2025-08-01
8,2,21.9,14.2,17.5,21.4,79,95,100,7,26,317,6402,993.3,2025,2025-08-02
8,3,1.2,14.9,19.7,27.5,42,77,98,8,29,1,22243,996.9,2025,2025-08-03
8,4,0.0,12.8,20.7,26.7,49,78,98,5,17,273,21315,1000.6,2025,2025-08-04
8,5,0.0,15.6,22.3,28.3,54,79,98,5,17,242,23357,1000.4,2025,2025-08-05
8,6,0.3,17.7,22.5,28.2,55,81,99,5,19,120,15332,1001.9,2025,2025-08-06
8,7,0.0,16.6,22.6,29.2,47,76,100,5,16,135,24256,1001.7,2025,2025-08-07
8,8,0.0,16.5,24.3,32.1,48,76,100,5,16,227,24582,1001.2,2025,2025-08-08
8,9,0.0,18.5,26.3,34.6,35,68,91,6,16,325,24925,1000.6,2025,2025-08-09
8,10,0.0,17.3,28.1,37.3,36,64,96,6,17,9,24378,999.5,2025,2025-08-10
8,11,0.0,19.8,26.8,34.0,41,68,93,5,27,120,23219,999.9,2025,2025-08-11
8,12,0.0,19.5,26.6,34.6,37,70,97,6,21,121,23464,998.4,2025,2025-08-12
8,13,0.0,19.9,27.3,35.8,39,70,91,6,17,338,22758,997.4,2025,2025-08-13
8,14,0.0,19.4,27.4,35.5,37,67,93,5,15,332,23138,997.2,2025,2025-08-14
8,15,0.0,20.7,28.0,35.2,33,60,83,8,23,116,23163,998.2,2025,2025-08-15
8,16,4.4,19.3,27.4,35.8,28,57,87,11,59,345,21975,995.6,2025,2025-08-16
8,17,0.0,20.0,24.6,32.5,37,69,94,7,22,3,19251,994.5,2025,2025-08-17
8,18,0.0,19.5,23.8,29.5,46,71,92,7,23,115,22127,997.1,2025,2025-08-18
8,19,0.0,17.0,23.6,29.7,46,72,94,6,21,180,21772,995.4,2025,2025-08-19
8,20,5.3,17.6,21.0,25.0,71,92,100,5,18,341,10101,992.0,2025,2025-08-20
8,21,24.1,17.0,20.7,26.9,56,90,100,7,28,15,12649,988.0,2025,2025-08-21
8,22,0.1,16.8,21.2,27.4,58,84,100,6,24,174,17315,992.7,2025,2025-08-22
8,23,0.2,16.7,20.7,25.6,52,79,97,5,17,131,17204,995.9,2025,2025-08-23
8,24,0.0,14.1,19.5,25.3,41,78,100,5,21,119,18345,999.6,2025,2025-08-24
8,25,0.0,13.0,19.3,26.4,48,79,100,6,18,348,21241,999.8,2025,2025-08-25
8,26,0.0,14.1,20.9,27.1,58,83,100,5,17,244,19938,997.8,2025,2025-08-26
8,27,3.1,18.6,21.5,27.7,68,92,100,5,23,217,9785,997.4,2025,2025-08-27
8,28,42.4,18.9,20.7,25.3,75,95,100,9,31,251,5870,993.5,2025,2025-08-28
8,29,1.1,15.8,21.7,28.2,61,85,99,8,23,157,17392,988.3,2025,2025-08-29
8,30,0.1,15.6,19.7,27.4,55,84,97,8,26,171,15961,990.3,2025,2025-08-30
8,31,0.0,13.5,20.0,26.6,55,83,99,6,22,246,20206,995.2,2025,2025-08-31
9,1,29.8,16.4,21.1,26.3,69,90,100,5,21,116,12598,994.6,2025,2025-09-01
9,5,19.2,15.3,20.6,28.9,49,76,99,10,84,304,16943,999.8,2025,2025-09-05
9,6,0.0,14.9,21.3,28.2,44,65,97,8,27,10,20052,1004.0,2025,2025-09-06
9,7,0.0,14.0,19.8,26.7,49,80,99,5,14,139,16986,1002.8,2025,2025-09-07
9,8,0.0,12.9,19.8,26.8,58,85,100,4,14,204,18402,999.3,2025,2025-09-08
9,9,1.4,15.5,19.5,22.6,78,93,100,4,17,346,6643,997.8,2025,2025-09-09
9,10,20.4,18.0,18.6,19.3,96,99,100,5,18,11,2464,993.3,2025,2025-09-10
9,11,17.4,17.2,20.3,25.4,64,91,100,6,21,10,14651,996.4,2025,2025-09-11
9,12,5.0,16.4,20.1,25.5,72,92,100,6,18,11,12049,1001.8,2025,2025-09-12
9,13,0.2,16.2,20.8,26.9,53,84,100,6,17,150,15961,1002.3,2025,2025-09-13
9,14,0.0,15.4,19.2,24.9,67,90,100,5,16,131,12112,1000.8,2025,2025-09-14
9,15,0.0,16.5,20.9,26.8,66,87,100,4,15,139,11676,1003.0,2025,2025-09-15
9,16,8.2,15.2,20.6,27.0,65,88,100,6,26,28,13839,1000.9,2025,2025-09-16
9,17,0.2,14.1,18.9,25.9,41,78,100,6,17,114,17837,1005.3,2025,2025-09-17
9,18,0.0,13.0,19.2,27.2,47,78,100,5,16,224,17553,1009.5,2025,2025-09-18
9,19,0.0,14.2,20.5,29.5,49,81,100,5,12,0,17617,1010.4,2025,2025-09-19
9,20,0.0,14.0,21.1,30.2,51,82,100,5,19,180,17142,1006.9,2025,2025-09-20
9,21,0.2,14.0,20.5,27.0,60,86,100,4,15,155,15623,1001.3,2025,2025-09-21
9,22,1.0,15.4,19.1,25.7,69,91,100,7,27,148,8339,998.0,2025,2025-09-22
9,23,21.8,15.0,17.7,23.3,76,96,100,7,45,167,4431,999.3,2025,2025-09-23
9,24,46.6,12.5,16.8,22.3,68,93,100,8,34,281,7228,997.8,2025,2025-09-24
9,25,0.0,11.5,16.2,22.6,47,84,100,6,17,146,15045,1001.2,2025,2025-09-25
9,26,0.7,12.9,16.3,21.6,57,85,96,6,15,7,7820,1004.4,2025,2025-09-26
9,27,12.8,13.4,16.8,23.4,51,83,96,7,28,335,11208,1004.1,2025,2025-09-27
9,28,0.1,10.8,16.0,23.8,47,82,100,5,21,119,15290,1002.1,2025,2025-09-28
9,29,0.3,8.8,15.9,22.5,56,84,100,5,18,225,15466,1002.5,2025,2025-09-29
9,30,10.5,11.9,13.3,16.7,73,95,100,4,15,103,4482,1005.6,2025,2025-09-30
10,1,0.1,6.3,12.9,20.8,34,77,100,6,31,106,15890,1006.5,2025,2025-10-01
10,2,0.0,4.4,11.6,19.5,36,74,99,6,20,160,16546,1007.9,2025,2025-10-02
10,3,0.1,3.6,10.0,17.8,42,79,100,6,19,185,16509,1006.0,2025,2025-10-03
10,4,3.2,4.1,10.5,15.7,59,87,100,4,17,15,8555,1000.3,2025,2025-10-04
10,5,35.0,5.8,9.6,13.5,73,93,100,8,37,42,8890,998.9,2025,2025-10-05
10,6,0.2,5.1,10.6,18.6,52,85,100,5,20,171,14330,1004.7,2025,2025-10-06
10,7,0.0,5.9,12.7,21.3,45,78,97,6,15,333,15121,1006.1,2025,2025-10-07
10,8,0.0,6.1,13.5,21.4,47,80,100,5,16,189,14724,1005.2,2025,2025-10-08
10,9,0.1,8.9,13.8,20.6,60,88,100,5,16,145,10078,1005.8,2025,2025-10-09
10,10,0.1,8.1,15.7,24.1,52,83,100,5,15,178,14638,1010.4,2025,2025-10-10
10,11,0.2,10.3,15.4,22.7,56,86,100,5,17,189,13311,1012.4,2025,2025-10-11
10,12,0.0,12.8,16.3,21.5,64,87,100,4,12,22,8054,1009.4,2025,2025-10-12
10,13,0.0,9.4,14.4,21.6,50,83,100,5,17,141,14079,1006.5,2025,2025-10-13
10,14,0.0,8.6,14.1,21.1,55,83,100,5,15,290,9547,1006.0,2025,2025-10-14
10,15,0.1,7.1,14.1,21.3,48,79,100,5,19,120,13332,1006.4,2025,2025-10-15
10,16,0.0,7.8,13.5,20.3,48,79,96,4,17,120,10014,1005.5,2025,2025-10-16
10,17,0.0,5.9,11.9,20.7,38,77,99,6,21,100,13625,1004.3,2025,2025-10-17
10,18,0.0,5.4,12.5,20.2,41,74,98,6,19,122,13301,1007.1,2025,2025-10-18
10,19,0.0,6.9,11.6,16.6,57,80,99,5,16,187,9424,1006.1,2025,2025-10-19
10,20,1.9,6.8,11.6,15.9,66,90,100,4,10,355,5893,998.7,2025,2025-10-20
10,21,28.5,11.5,12.9,14.0,100,100,100,5,16,8,2288,993.1,2025,2025-10-21
10,22,0.1,12.7,14.1,17.0,84,97,100,4,17,212,4641,992.5,2025,2025-10-22
10,23,72.9,9.2,13.1,16.6,89,99,100,6,66,167,1561,983.9,2025,2025-10-23
10,24,0.1,5.8,11.1,18.1,60,89,100,6,17,244,10886,990.9,2025,2025-10-24
10,25,0.2,6.8,11.4,18.2,61,88,100,7,17,180,10296,993.0,2025,2025-10-25
10,26,1.6,3.4,11.5,18.4,61,84,100,7,25,22,11333,989.8,2025,2025-10-26
10,27,0.1,3.1,8.2,15.2,53,85,100,6,15,1,7653,993.6,2025,2025-10-27
10,28,0.1,2.3,9.4,17.1,56,83,100,6,14,188,11642,1000.6,2025,2025-10-28
10,29,0.0,6.6,10.8,15.0,75,90,100,7,17,342,3115,1002.7,2025,2025-10-29
10,30,14.2,11.5,13.7,15.9,91,99,100,5,14,1,2651,999.6,2025,2025-10-30
10,31,9.2,12.0,14.3,16.3,100,100,100,5,19,350,2538,1004.0,2025,2025-10-31
11,1,0.1,12.5,15.4,18.2,92,98,100,5,16,176,3681,1004.2,2025,2025-11-01
11,2,30.7,11.9,14.9,16.5,83,99,100,6,46,22,2204,999.2,2025,2025-11-02
11,3,0.0,6.6,12.4,20.3,40,78,100,8,40,0,11091,1003.6,2025,2025-11-03
11,4,0.1,2.8,9.6,18.3,43,80,100,6,15,5,10737,1011.1,2025,2025-11-04
11,5,0.1,3.0,10.1,19.6,41,77,100,6,17,244,10796,1007.4,2025,2025-11-05
11,6,0.0,3.0,9.5,19.4,37,76,99,5,14,358,10732,1001.3,2025,2025-11-06
11,7,0.0,1.7,8.5,17.8,48,81,100,5,16,340,10135,999.4,2025,2025-11-07
11,8,0.1,1.5,8.4,16.2,50,82,100,5,13,122,9764,999.1,2025,2025-11-08
11,9,0.0,1.8,8.3,17.3,46,80,100,6,14,330,9757,1001.9,2025,2025-11-09
11,10,0.0,3.5,10.2,19.2,40,71,91,8,18,330,9844,1000.2,2025,2025-11-10
11,11,0.0,2.3,9.0,17.8,44,77,98,5,15,341,9638,1003.3,2025,2025-11-11
11,12,0.1,3.1,8.0,15.7,63,90,100,6,15,351,7852,1007.9,2025,2025-11-12
11,13,0.0,3.8,9.4,16.0,68,91,100,5,14,328,7444,1009.2,2025,2025-11-13
11,14,0.0,9.1,10.7,13.4,76,92,99,3,9,117,2841,1006.5,2025,2025-11-14
11,15,1.3,9.5,12.6,16.9,68,88,100,5,13,354,6582,1001.9,2025,2025-11-15
11,16,24.1,10.3,13.1,15.9,91,98,100,4,14,30,3161,996.8,2025,2025-11-16
11,17,26.5,6.5,11.1,12.9,80,99,100,6,30,218,2053,989.9,2025,2025-11-17
11,18,0.0,-0.8,5.2,11.7,54,80,99,5,22,124,9014,1001.6,2025,2025-11-18
11,19,0.2,-1.2,3.1,10.0,49,82,98,6,14,8,8693,999.4,2025,2025-11-19
11,20,1.6,3.5,5.9,8.1,84,93,100,5,21,27,2695,993.5,2025,2025-11-20
11,21,7.3,1.6,5.5,9.7,47,80,100,9,33,11,4336,996.6,2025,2025-11-21
11,22,0.0,-2.0,6.1,9.5,31,54,92,10,43,17,3374,1001.8,2025,2025-11-22
11,23,0.1,-3.8,0.6,7.2,51,80,95,6,14,205,8525,1004.1,2025,2025-11-23
11,24,13.2,0.0,4.1,6.5,70,94,100,6,20,22,1526,994.7,2025,2025-11-24
11,25,6.3,1.4,6.6,8.5,100,100,100,5,16,327,1434,985.5,2025,2025-11-25
11,26,0.0,0.2,4.8,10.6,69,91,100,6,15,335,-,993.3,2025,2025-11-26
11,27,0.0,-0.7,3.4,10.9,49,77,95,7,18,322,8122,1001.5,2025,2025-11-27
11,28,0.1,-2.2,2.7,11.1,41,79,96,7,15,326,8042,1002.1,2025,2025-11-28
11,29,0.0,-1.9,3.9,12.5,32,70,89,7,16,322,7983,998.5,2025,2025-11-29
11,30,0.0,-1.7,4.0,11.2,41,73,94,6,17,326,6620,998.9,2025,2025-11-30
12,1,0.7,1.7,6.9,10.5,63,79,97,6,15,310,2385,1003.0,2025,2025-12-01
12,2,0.9,5.9,8.7,14.1,67,85,97,6,14,4,3977,1000.4,2025,2025-12-02
12,3,2.2,7.1,8.5,9.9,91,97,100,6,17,353,1786,997.6,2025,2025-12-03
12,4,0.1,3.7,8.5,12.6,74,91,100,5,14,353,3109,991.6,2025,2025-12-04
12,5,0.1,2.2,7.5,13.9,62,88,100,5,15,349,7861,991.8,2025,2025-12-05
12,6,0.0,1.4,6.8,14.5,53,82,100,7,16,323,6835,996.4,2025,2025-12-06
12,7,0.0,2.1,7.6,14.5,55,79,92,7,19,318,5593,999.0,2025,2025-12-07
12,8,0.0,2.0,7.6,14.8,53,80,97,6,14,337,7010,1004.4,2025,2025-12-08
12,9,0.1,1.8,6.3,14.1,58,86,99,6,13,355,7287,1007.2,2025,2025-12-09
12,10,0.2,0.1,4.6,12.0,76,95,100,6,13,336,6651,1008.0,2025,2025-12-10
12,11,0.1,1.2,7.2,16.9,51,85,100,6,17,321,6883,1007.1,2025,2025-12-11
12,12,0.0,2.5,8.1,16.5,48,77,95,8,18,350,6907,1006.9,2025,2025-12-12
12,13,0.0,2.1,7.6,17.9,31,69,91,7,20,326,7307,1008.7,2025,2025-12-13
12,14,0.0,0.2,5.7,15.3,40,73,92,6,15,357,7236,1009.8,2025,2025-12-14
12,15,0.0,-0.6,4.6,11.6,57,85,100,6,16,3,6785,1009.5,2025,2025-12-15
12,16,0.0,3.8,8.6,12.1,62,78,92,7,17,335,2491,1005.6,2025,2025-12-16
12,17,5.2,5.1,9.0,11.6,82,95,100,5,18,334,2374,1005.8,2025,2025-12-17
12,18,0.6,7.8,9.5,11.8,95,99,100,3,13,171,2158,1011.4,2025,2025-12-18
12,19,0.2,2.4,7.6,11.8,83,98,100,5,15,171,3868,1009.6,2025,2025-12-19
12,20,0.1,1.4,6.2,12.3,73,92,100,6,15,322,5823,1002.8,2025,2025-12-20
12,21,0.0,1.0,5.6,13.9,57,85,99,6,15,329,6769,999.9,2025,2025-12-21
12,22,0.1,0.2,5.7,11.9,62,87,99,5,15,8,5542,998.9,2025,2025-12-22
12,23,2.4,1.7,7.7,12.6,70,89,100,5,14,341,3406,995.8,2025,2025-12-23
12,24,12.8,4.8,6.1,7.5,64,90,100,12,37,6,1325,997.2,2025,2025-12-24
12,25,0.0,0.2,5.5,11.6,56,74,91,5,31,4,4157,1006.8,2025,2025-12-25
12,26,0.0,-1.8,3.1,10.8,51,81,99,6,16,313,7036,1011.0,2025,2025-12-26
12,27,0.2,-2.3,3.5,13.6,50,83,99,6,14,6,7374,1008.8,2025,2025-12-27
12,28,0.0,-1.6,4.1,13.9,44,78,97,6,16,332,7357,1004.5,2025,2025-12-28
12,29,0.1,-3.0,2.3,10.4,56,85,100,5,14,317,7286,1002.4,2025,2025-12-29
12,30,0.0,-3.2,3.3,9.3,49,77,100,6,19,120,7008,999.7,2025,2025-12-30
12,31,0.0,-5.7,-0.9,6.4,47,78,96,6,14,315,7082,1004.7,2025,2025-12-31
1,1,0.0,-5.1,-0.5,4.0,69.0,85.0,95.0,6.0,13.0,346.0,2345,1001.0,2026,2026-01-01
1,2,0.0,-1.6,1.4,6.0,68.0,86.0,98.0,5.0,16.0,339.0,3401,988.7,2026,2026-01-02
1,3,0.0,-3.6,2.7,10.6,51.0,77.0,95.0,6.0,17.0,321.0,7095,987.7,2026,2026-01-03
1,4,0.0,-5.5,0.8,8.6,49.0,73.0,96.0,6.0,22.0,116.0,7308,993.2,2026,2026-01-04
1,5,0.0,-6.4,-0.5,5.0,43.0,73.0,88.0,6.0,16.0,121.0,3584,993.4,2026,2026-01-05
1,6,0.0,-2.2,-0.2,2.4,61.0,82.0,95.0,6.0,16.0,107.0,2061,994.0,2026,2026-01-06
1,7,0.0,-7.4,-1.4,5.5,39.0,72.0,92.0,7.0,18.0,256.0,6392,995.7,2026,2026-01-07
1,8,0.1,-9.0,-2.7,3.1,53.0,76.0,94.0,6.0,15.0,345.0,7500,997.4,2026,2026-01-08
1,9,0.0,-1.3,1.5,5.7,58.0,75.0,91.0,6.0,16.0,300.0,2843,988.3,2026,2026-01-09
1,10,0.0,-1.5,3.1,10.3,51.0,78.0,93.0,7.0,18.0,205.0,7192,986.5,2026,2026-01-10
1,11,0.0,-2.8,0.8,6.0,58.0,76.0,94.0,6.0,19.0,114.0,5328,1002.2,2026,2026-01-11
1,12,0.0,-2.1,1.3,7.6,59.0,80.0,93.0,7.0,18.0,341.0,4152,1006.8,2026,2026-01-12
1,13,0.0,-1.7,1.7,8.2,66.0,86.0,97.0,6.0,13.0,25.0,4577,1006.6,2026,2026-01-13
1,14,0.0,-0.6,3.7,9.7,65.0,87.0,100.0,5.0,17.0,117.0,6460,1007.0,2026,2026-01-14
1,15,0.0,1.6,5.4,11.0,75.0,90.0,100.0,4.0,14.0,124.0,4762,1005.8,2026,2026-01-15
1,16,0.0,0.5,6.2,12.3,71.0,92.0,100.0,6.0,15.0,128.0,6982,1005.4,2026,2026-01-16
1,17,0.0,3.2,8.7,16.5,54.0,83.0,100.0,5.0,15.0,348.0,6612,1006.1,2026,2026-01-17
1,18,0.0,3.6,6.6,9.7,62.0,76.0,95.0,3.0,15.0,119.0,3195,1009.0,2026,2026-01-18
1,19,0.0,-5.4,0.8,8.7,41.0,73.0,94.0,5.0,19.0,124.0,8381,1011.7,2026,2026-01-19
1,20,0.0,-6.5,-0.8,8.6,37.0,74.0,95.0,5.0,13.0,0.0,8552,1008.9,2026,2026-01-20
1,21,0.0,-7.5,-0.9,8.1,34.0,68.0,88.0,6.0,19.0,319.0,8969,995.3,2026,2026-01-21
1,22,0.0,-5.2,0.2,8.7,35.0,68.0,84.0,6.0,16.0,334.0,5302,986.2,2026,2026-01-22
1,23,0.2,-1.4,3.6,9.5,41.0,70.0,88.0,5.0,15.0,155.0,6483,987.0,2026,2026-01-23
1,24,17.6,3.7,5.7,7.7,84.0,98.0,100.0,7.0,21.0,12.0,1765,987.6,2026,2026-01-24
1,25,36.4,5.0,6.3,7.7,92.0,98.0,100.0,8.0,24.0,6.0,1433,982.6,2026,2026-01-25
1,26,0.6,0.9,5.6,10.6,74.0,93.0,100.0,6.0,15.0,261.0,8979,984.6,2026,2026-01-26
1,27,1.8,-1.8,4.3,10.0,71.0,92.0,100.0,5.0,16.0,162.0,8769,988.9,2026,2026-01-27
1,28,56.2,4.5,6.1,7.4,96.0,99.0,100.0,10.0,33.0,347.0,986,978.0,2026,2026-01-28
1,29,3.8,1.6,5.9,10.0,86.0,98.0,100.0,5.0,16.0,46.0,3580,979.5,2026,2026-01-29
1,30,0.0,1.2,6.0,10.9,73.0,94.0,100.0,5.0,13.0,143.0,7595,984.4,2026,2026-01-30
1,31,0.0,-0.8,4.9,12.4,55.0,85.0,100.0,6.0,14.0,332.0,9367,987.5,2026,2026-01-31
2,1,0.1,-1.4,4.6,10.8,54.0,82.0,100.0,6.0,15.0,128.0,9920,992.0,2026,2026-02-01
2,2,1.0,2.4,5.0,8.8,61.0,81.0,98.0,5.0,17.0,221.0,7341,992.0,2026,2026-02-02
2,3,20.4,3.4,5.4,8.9,90.0,98.0,100.0,8.0,22.0,24.0,-,991.5,2026,2026-02-03
2,4,45.8,4.5,6.6,7.6,90.0,95.0,100.0,13.0,43.0,355.0,918,983.1,2026,2026-02-04
2,5,12.2,5.5,7.3,9.5,91.0,96.0,100.0,8.0,36.0,1.0,3025,977.2,2026,2026-02-05
2,6,0.7,5.8,7.8,11.7,78.0,95.0,100.0,5.0,15.0,247.0,4277,978.1,2026,2026-02-06
2,7,1.8,3.4,7.5,12.4,78.0,96.0,100.0,5.0,14.0,326.0,5120,988.1,2026,2026-02-07
2,8,0.1,1.6,6.7,13.2,67.0,90.0,100.0,6.0,14.0,341.0,6315,990.5,2026,2026-02-08
2,9,0.0,5.8,8.7,14.2,56.0,84.0,97.0,6.0,15.0,156.0,6078,990.5,2026,2026-02-09
2,10,2.0,2.1,7.4,11.7,70.0,88.0,100.0,5.0,13.0,163.0,6591,987.9,2026,2026-02-10
2,11,8.2,6.5,7.8,9.7,94.0,99.0,100.0,4.0,15.0,23.0,2894,980.2,2026,2026-02-11
2,12,1.1,4.1,8.5,12.8,81.0,97.0,100.0,4.0,14.0,27.0,4588,971.9,2026,2026-02-12
2,13,0.2,1.9,8.1,15.5,63.0,90.0,100.0,5.0,16.0,131.0,11175,977.3,2026,2026-02-13
2,14,19.0,5.9,8.2,10.1,84.0,95.0,100.0,11.0,30.0,3.0,2235,980.7,2026,2026-02-14
2,15,1.0,3.9,9.8,15.8,29.0,63.0,97.0,8.0,32.0,120.0,11249,988.3,2026,2026-02-15
2,16,2.2,1.5,5.4,9.6,68.0,88.0,99.0,6.0,17.0,317.0,4423,985.6,2026,2026-02-16
2,17,0.0,0.3,6.0,13.8,32.0,76.0,98.0,7.0,20.0,321.0,12842,987.5,2026,2026-02-17
2,18,0.0,0.0,6.3,13.1,25.0,55.0,89.0,7.0,22.0,2.0,12596,995.4,2026,2026-02-18
2,19,60.3,4.3,6.2,10.7,60.0,91.0,100.0,10.0,40.0,159.0,545,986.6,2026,2026-02-19
2,20,0.1,2.8,7.0,12.5,73.0,92.0,100.0,7.0,22.0,233.0,8553,995.4,2026,2026-02-20
2,21,0.0,1.2,5.8,12.2,64.0,88.0,100.0,5.0,15.0,164.0,11728,1006.5,2026,2026-02-21
2,22,0.1,0.7,6.7,13.1,63.0,87.0,100.0,6.0,16.0,197.0,10657,1007.7,2026,2026-02-22
2,23,0.0,1.9,6.8,13.3,71.0,91.0,100.0,5.0,12.0,9.0,8547,1002.8,2026,2026-02-23
2,24,0.0,2.8,8.6,14.4,65.0,88.0,100.0,5.0,15.0,38.0,7865,1002.3,2026,2026-02-24
2,25,0.0,3.7,9.6,16.9,51.0,79.0,100.0,7.0,21.0,210.0,14035,1007.4,2026,2026-02-25
2,26,0.1,1.3,8.7,17.0,60.0,86.0,100.0,6.0,22.0,215.0,13922,1009.7,2026,2026-02-26
2,27,0.2,2.8,8.7,16.1,65.0,89.0,100.0,6.0,22.0,227.0,13838,1007.8,2026,2026-02-27
2,28,0.1,2.1,7.9,14.4,77.0,96.0,100.0,5.0,18.0,162.0,9374,1007.5,2026,2026-02-28
3,1,0.0,8.0,9.1,11.3,87.0,97.0,100.0,4.0,15.0,143.0,4175,1009.0,2026,2026-03-01
3,2,0.0,7.5,9.5,13.7,78.0,94.0,100.0,3.0,10.0,121.0,6104,1008.9,2026,2026-03-02
3,3,0.0,4.4,9.1,14.3,74.0,93.0,100.0,5.0,16.0,178.0,6857,1010.5,2026,2026-03-03
3,4,0.1,3.4,8.4,14.1,72.0,91.0,100.0,6.0,20.0,216.0,13541,1010.3,2026,2026-03-04
3,5,0.0,3.5,8.7,14.6,68.0,90.0,100.0,6.0,18.0,188.0,11976,1009.0,2026,2026-03-05
3,6,0.1,1.2,9.0,17.8,43.0,77.0,100.0,6.0,19.0,227.0,15764,1007.1,2026,2026-03-06
3,7,0.0,3.3,10.1,18.1,39.0,70.0,100.0,8.0,18.0,246.0,16319,1008.0,2026,2026-03-07
3,8,0.0,1.9,9.7,18.1,45.0,75.0,100.0,8.0,18.0,206.0,16211,1008.8,2026,2026-03-08
3,9,0.0,5.7,11.8,19.0,36.0,67.0,97.0,7.0,19.0,137.0,13373,1007.1,2026,2026-03-09
3,10,0.0,4.2,10.7,16.0,60.0,86.0,100.0,5.0,22.0,176.0,12848,1006.7,2026,2026-03-10
3,11,8.6,9.0,10.8,14.9,81.0,96.0,100.0,4.0,19.0,307.0,5774,1005.2,2026,2026-03-11
3,12,7.2,6.0,11.2,16.5,64.0,88.0,100.0,6.0,24.0,26.0,12762,1004.0,2026,2026-03-12
3,13,0.0,5.4,11.5,18.1,57.0,84.0,100.0,6.0,19.0,197.0,15269,999.3,2026,2026-03-13
3,14,11.4,8.8,10.8,15.3,70.0,94.0,100.0,6.0,27.0,169.0,7469,989.1,2026,2026-03-14
3,15,0.8,8.4,12.5,18.2,51.0,77.0,98.0,9.0,24.0,341.0,11461,991.5,2026,2026-03-15
3,16,12.0,6.3,12.0,18.9,42.0,73.0,94.0,8.0,45.0,1.0,15071,996.5,2026,2026-03-16
3,17,0.0,2.6,9.2,15.2,37.0,71.0,100.0,9.0,28.0,22.0,15987,1000.6,2026,2026-03-17
3,18,0.0,6.5,11.7,15.7,36.0,44.0,53.0,15.0,44.0,24.0,7182,1000.9,2026,2026-03-18
3,19,0.0,4.5,11.9,18.7,23.0,49.0,76.0,10.0,29.0,144.0,19393,1001.1,2026,2026-03-19
3,20,0.0,2.2,9.4,16.3,36.0,63.0,91.0,9.0,27.0,160.0,19545,999.4,2026,2026-03-20
3,21,0.0,4.0,9.9,15.3,36.0,65.0,91.0,6.0,19.0,120.0,14890,997.1,2026,2026-03-21
3,22,0.0,3.5,10.3,16.0,37.0,59.0,85.0,8.0,27.0,123.0,12786,997.3,2026,2026-03-22
3,23,0.0,2.5,9.8,17.6,31.0,63.0,88.0,8.0,21.0,162.0,20149,998.8,2026,2026-03-23
3,24,0.0,4.2,11.4,18.7,30.0,57.0,88.0,9.0,26.0,211.0,19746,1001.8,2026,2026-03-24
3,25,11.1,2.3,10.1,17.9,42.0,72.0,92.0,10.0,54.0,9.0,17298,990.5,2026,2026-03-25
3,26,0.9,6.5,10.3,12.9,25.0,43.0,86.0,23.0,71.0,31.0,5445,980.6,2026,2026-03-26
3,27,0.0,2.6,11.4,16.2,24.0,32.0,64.0,18.0,52.0,5.0,13202,989.2,2026,2026-03-27
3,28,0.0,0.9,9.8,17.3,28.0,50.0,81.0,10.0,29.0,219.0,21965,993.3,2026,2026-03-28
3,29,0.0,2.7,11.6,18.7,27.0,44.0,83.0,9.0,36.0,8.0,13982,997.6,2026,2026-03-29
3,30,0.0,2.3,8.7,15.4,32.0,62.0,84.0,8.0,31.0,134.0,15107,996.8,2026,2026-03-30
3,31,0.0,-0.8,9.5,16.4,22.0,39.0,81.0,14.0,50.0,30.0,20537,996.7,2026,2026-03-31
4,1,0.0,8.6,12.8,18.2,29.0,34.0,42.0,16.0,39.0,25.0,18706,996.1,2026,2026-04-01
4,2,0.0,5.0,13.7,20.7,28.0,42.0,64.0,9.0,40.0,28.0,18301,989.5,2026,2026-04-02
4,3,0.0,7.4,14.1,21.7,26.0,47.0,77.0,9.0,31.0,209.0,22882,994.7,2026,2026-04-03
4,4,0.0,5.2,12.4,20.2,36.0,61.0,88.0,8.0,27.0,198.0,19943,1003.6,2026,2026-04-04
4,5,0.0,4.5,13.6,22.8,37.0,67.0,96.0,6.0,25.0,179.0,22720,1005.6,2026,2026-04-05
4,6,0.0,7.7,14.7,23.0,42.0,69.0,93.0,6.0,19.0,175.0,21968,1004.6,2026,2026-04-06
4,7,0.0,7.6,15.6,23.6,41.0,69.0,95.0,6.0,21.0,168.0,23144,1002.5,2026,2026-04-07
4,8,0.0,8.3,14.3,21.3,38.0,62.0,97.0,8.0,24.0,246.0,23662,1002.3,2026,2026-04-08
4,9,0.0,5.1,11.4,17.9,36.0,59.0,89.0,6.0,26.0,188.0,21037,1000.6,2026,2026-04-09
4,10,0.0,4.7,12.5,19.4,40.0,66.0,90.0,6.0,19.0,140.0,19509,998.0,2026,2026-04-10
4,11,0.0,6.4,13.9,21.3,40.0,66.0,94.0,6.0,24.0,165.0,22416,997.9,2026,2026-04-11
4,12,-,6.9,14.9,20.8,42.0,63.0,92.0,6.0,21.0,154.0,16088,996.9,2026,2026-04-12
4,13,0.5,11.6,16.3,22.3,40.0,72.0,91.0,8.0,26.0,176.0,10635,992.1,2026,2026-04-13
4,14,15.8,11.5,13.4,15.4,70.0,93.0,100.0,6.0,23.0,333.0,5348,996.6,2026,2026-04-14
4,15,0.1,11.1,15.9,22.6,52.0,80.0,96.0,5.0,22.0,352.0,13257,1000.9,2026,2026-04-15
4,16,0.6,9.5,17.3,24.6,43.0,73.0,99.0,6.0,25.0,122.0,23174,1000.7,2026,2026-04-16
4,17,0.0,12.5,18.5,24.6,42.0,69.0,96.0,7.0,20.0,183.0,23899,1000.5,2026,2026-04-17
4,18,0.0,11.6,18.6,24.6,38.0,61.0,88.0,8.0,29.0,231.0,22958,1000.0,2026,2026-04-18
4,19,0.5,9.5,15.2,21.6,52.0,81.0,99.0,6.0,23.0,171.0,14306,998.0,2026,2026-04-19
4,20,3.5,8.1,13.7,20.2,56.0,85.0,100.0,7.0,26.0,145.0,13850,995.7,2026,2026-04-20
4,21,6.0,6.5,12.1,19.4,48.0,82.0,100.0,9.0,33.0,342.0,17056,997.6,2026,2026-04-21
4,22,0.0,5.2,12.1,18.6,36.0,67.0,99.0,8.0,28.0,179.0,26566,1002.5,2026,2026-04-22
4,23,0.0,3.2,13.1,21.4,35.0,66.0,97.0,8.0,25.0,182.0,27706,1003.2,2026,2026-04-23
4,24,0.0,6.8,14.8,23.1,40.0,67.0,94.0,7.0,26.0,161.0,27261,999.3,2026,2026-04-24
4,25,0.0,8.4,16.0,24.3,35.0,66.0,94.0,8.0,26.0,180.0,27137,997.4,2026,2026-04-25
4,26,0.0,7.8,17.6,26.2,31.0,62.0,95.0,6.0,25.0,171.0,27555,998.8,2026,2026-04-26
4,27,0.0,9.6,17.7,24.7,33.0,60.0,89.0,6.0,23.0,125.0,27065,999.7,2026,2026-04-27
4,28,0.0,12.3,18.1,24.9,37.0,65.0,88.0,7.0,27.0,4.0,16883,998.0,2026,2026-04-28
4,29,1.5,8.2,13.7,15.9,77.0,88.0,95.0,5.0,19.0,17.0,4929,1001.1,2026,2026-04-29
4,30,0.0,6.6,12.5,19.3,32.0,56.0,95.0,7.0,24.0,177.0,29238,1006.9,2026,2026-04-30
5,1,0.0,3.8,13.5,21.3,26.0,49.0,86.0,8.0,24.0,161.0,29268,1008.6,2026,2026-05-01
5,2,0.0,5.5,16.4,25.0,31.0,57.0,94.0,9.0,29.0,178.0,29095,1005.2,2026,2026-05-02
5,3,0.0,8.5,17.1,25.9,32.0,62.0,88.0,8.0,29.0,165.0,28656,1000.2,2026,2026-05-03
5,4,0.0,10.1,17.5,25.7,34.0,65.0,97.0,8.0,28.0,161.0,26452,998.8,2026,2026-05-04
5,5,11.3,10.8,13.6,16.7,75.0,92.0,100.0,5.0,17.0,15.0,4642,997.1,2026,2026-05-05
5,6,35.7,12.7,14.5,16.4,94.0,99.0,100.0,7.0,27.0,172.0,4273,994.0,2026,2026-05-06
5,7,7.9,10.5,15.3,22.4,53.0,88.0,100.0,6.0,30.0,181.0,18581,995.5,2026,2026-05-07
5,8,0.1,10.3,16.6,23.3,47.0,77.0,99.0,5.0,17.0,120.0,25077,997.6,2026,2026-05-08
5,9,0.0,10.4,17.6,25.3,38.0,71.0,95.0,8.0,25.0,312.0,26723,998.0,2026,2026-05-09
5,10,0.8,12.0,16.6,22.5,55.0,82.0,100.0,6.0,20.0,274.0,13751,995.6,2026,2026-05-10
5,11,7.7,11.3,14.5,17.6,81.0,96.0,100.0,6.0,26.0,149.0,7899,988.8,2026,2026-05-11
5,12,6.9,8.3,13.3,20.0,34.0,77.0,100.0,9.0,45.0,313.0,23072,988.5,2026,2026-05-12
5,13,0.2,7.2,12.9,19.1,47.0,71.0,97.0,6.0,28.0,164.0,27213,990.9,2026,2026-05-13
5,14,14.7,9.2,10.5,13.0,70.0,92.0,100.0,7.0,24.0,211.0,5409,985.0,2026,2026-05-14
5,15,9.8,8.7,10.6,13.2,81.0,96.0,100.0,4.0,19.0,24.0,8393,983.9,2026,2026-05-15
5,16,0.1,6.8,12.5,19.7,49.0,81.0,100.0,8.0,23.0,265.0,19463,986.0,2026,2026-05-16
5,17,0.0,4.6,14.5,21.5,33.0,66.0,94.0,7.0,28.0,174.0,30650,995.4,2026,2026-05-17
5,18,3.5,9.7,15.2,22.3,42.0,75.0,98.0,9.0,38.0,255.0,23695,997.3,2026,2026-05-18
5,19,0.0,10.6,17.3,24.2,42.0,71.0,100.0,6.0,23.0,211.0,31892,999.5,2026,2026-05-19
5,20,1.4,11.6,17.8,25.2,44.0,76.0,93.0,7.0,33.0,330.0,22550,1003.4,2026,2026-05-20
5,21,0.0,11.2,19.9,27.1,38.0,66.0,93.0,7.0,26.0,233.0,30698,1005.7,2026,2026-05-21
5,22,0.0,13.5,20.7,26.9,41.0,63.0,90.0,8.0,25.0,208.0,30968,1007.2,2026,2026-05-22
5,23,0.0,14.3,21.9,28.2,43.0,64.0,88.0,8.0,31.0,161.0,30995,1006.8,2026,2026-05-23
5,24,0.0,15.7,23.5,30.5,39.0,64.0,90.0,8.0,22.0,238.0,30643,1007.4,2026,2026-05-24
5,25,0.0,17.1,25.3,32.3,36.0,65.0,91.0,7.0,22.0,233.0,29376,1008.1,2026,2026-05-25
5,26,0.0,17.4,25.5,32.9,41.0,67.0,92.0,6.0,21.0,148.0,29241,1005.6,2026,2026-05-26
5,27,2.3,19.1,24.7,32.3,49.0,74.0,95.0,7.0,24.0,11.0,21930,999.3,2026,2026-05-27
5,28,0.0,18.1,24.5,32.1,39.0,65.0,85.0,8.0,26.0,164.0,27537,998.7,2026,2026-05-28
5,29,0.0,16.8,23.3,28.7,42.0,62.0,94.0,6.0,27.0,170.0,31034,1002.7,2026,2026-05-29
5,30,0.0,15.0,23.1,30.3,38.0,72.0,100.0,6.0,22.0,181.0,29218,999.5,2026,2026-05-30
5,31,27.6,17.5,22.1,30.0,50.0,80.0,99.0,6.0,47.0,285.0,21895,995.7,2026,2026-05-31
6,1,26.5,14.8,19.5,25.5,65.0,89.0,100.0,6.0,33.0,209.0,20752,995.7,2026,2026-06-01
6,2,3.0,14.1,20.5,26.4,49.0,83.0,100.0,5.0,20.0,170.0,18028,993.9,2026,2026-06-02
6,3,40.4,13.0,17.5,23.0,55.0,85.0,100.0,8.0,39.0,24.0,14463,990.7,2026,2026-06-03
6,4,0.1,12.7,19.0,25.1,53.0,77.0,100.0,6.0,23.0,166.0,23925,993.6,2026,2026-06-04
6,5,3.2,15.3,18.2,24.5,59.0,83.0,98.0,7.0,25.0,21.0,17414,994.6,2026,2026-06-05
6,6,0.4,15.3,19.8,25.7,53.0,80.0,99.0,5.0,19.0,117.0,24327,998.6,2026,2026-06-06
6,7,0.0,13.6,21.9,28.9,37.0,74.0,100.0,6.0,21.0,167.0,32150,1001.6,2026,2026-06-07
6,8,0.0,15.1,23.4,30.5,39.0,67.0,92.0,6.0,23.0,191.0,31475,998.7,2026,2026-06-08
6,9,2.9,18.1,22.5,28.9,54.0,78.0,95.0,6.0,22.0,351.0,23023,994.8,2026,2026-06-09
6,10,23.4,12.9,18.4,23.9,54.0,90.0,100.0,10.0,31.0,19.0,8301,993.4,2026,2026-06-10
6,11,0.0,13.5,19.2,25.1,36.0,60.0,97.0,8.0,30.0,26.0,31036,998.4,2026,2026-06-11
6,12,0.0,11.5,18.2,24.4,43.0,74.0,100.0,7.0,24.0,168.0,25999,1003.7,2026,2026-06-12
6,13,0.0,13.9,20.1,26.7,54.0,77.0,99.0,5.0,15.0,220.0,27553,1000.7,2026,2026-06-13
6,14,0.0,15.4,22.0,27.9,49.0,78.0,100.0,4.0,19.0,165.0,24758,993.7,2026,2026-06-14
6,15,0.0,16.9,21.6,27.3,51.0,77.0,98.0,7.0,28.0,23.0,25090,993.2,2026,2026-06-15
6,16,2.6,13.9,21.9,29.4,40.0,76.0,100.0,5.0,36.0,25.0,27831,998.5,2026,2026-06-16
6,17,0.1,16.6,23.0,29.4,60.0,82.0,100.0,5.0,18.0,123.0,26920,1000.3,2026,2026-06-17
6,18,0.0,18.8,25.3,32.9,43.0,74.0,99.0,6.0,14.0,337.0,27306,1000.6,2026,2026-06-18
6,19,0.0,19.3,26.1,32.7,50.0,73.0,96.0,6.0,15.0,149.0,27786,1000.1,2026,2026-06-19
6,20,10.0,20.8,26.3,33.8,50.0,74.0,97.0,8.0,41.0,300.0,27912,1001.4,2026,2026-06-20
6,21,1.8,19.7,27.1,34.2,40.0,69.0,97.0,7.0,61.0,7.0,29892,1003.2,2026,2026-06-21
6,22,13.6,19.8,26.9,35.0,41.0,69.0,98.0,8.0,84.0,29.0,30954,1001.9,2026,2026-06-22
6,23,0.0,18.7,26.2,33.6,44.0,76.0,99.0,6.0,24.0,349.0,27615,998.7,2026,2026-06-23
6,24,0.0,21.1,27.6,33.9,49.0,74.0,93.0,5.0,16.0,218.0,30398,997.6,2026,2026-06-24
6,25,0.0,22.6,28.4,34.2,46.0,73.0,94.0,6.0,20.0,172.0,30329,997.4,2026,2026-06-25
6,26,0.0,22.9,28.7,35.0,36.0,65.0,88.0,7.0,18.0,233.0,29037,1000.2,2026,2026-06-26
6,27,0.0,20.8,28.4,35.7,31.0,62.0,86.0,7.0,20.0,159.0,30837,1001.9,2026,2026-06-27
6,28,0.0,19.0,28.5,36.2,36.0,67.0,98.0,5.0,17.0,230.0,28700,1000.4,2026,2026-06-28
6,29,0.0,23.4,29.6,37.3,37.0,62.0,88.0,7.0,18.0,349.0,26384,998.9,2026,2026-06-29
6,30,0.6,20.8,29.0,36.8,32.0,60.0,93.0,8.0,36.0,357.0,31234,999.1,2026,2026-06-30
